{
"type": "FeatureCollection",
"name": "alpr_cones",
"crs": { "type": "name", "properties": { "name": "urn:ogc:def:crs:OGC:1.3:CRS84" } },
"features": [
{ "type": "Feature", "properties": { "id": 6440809350, "lat": 38.4562567, "lon": -121.405089, "direction": 350.0, "operator": "Unknown", "brand": "Unknown" }, "geometry": { "type": "Polygon", "coordinates": [ [ [ -121.405089, 38.4562567 ], [ -121.405060262875423, 38.456377922462309 ], [ -121.405073808561866, 38.456379430593358 ], [ -121.405087469864867, 38.456380004669143 ], [ -121.405101142813166, 38.456379640320584 ], [ -121.405114723346884, 38.456378340320548 ], [ -121.405128108109494, 38.456376114562914 ], [ -121.405141195234464, 38.456372979987059 ], [ -121.405153885120399, 38.456368960449147 ], [ -121.405166081189336, 38.45636408654039 ], [ -121.405177690621457, 38.456358395354279 ], [ -121.405089, 38.4562567 ] ] ] } },
{ "type": "Feature", "properties": { "id": 6440809353, "lat": 38.4559387, "lon": -121.4055508, "direction": 185.0, "operator": "Unknown", "brand": "Unknown" }, "geometry": { "type": "Polygon", "coordinates": [ [ [ -121.4055508, 38.4559387 ], [ -121.405618457553331, 38.45582745617471 ], [ -121.40560586989001, 38.455823242744088 ], [ -121.405592863113384, 38.455819908011769 ], [ -121.405579536212542, 38.45581747735698 ], [ -121.405565990612757, 38.455815969278362 ], [ -121.40555232940379, 38.455815395253275 ], [ -121.40553865655518, 38.455815759650392 ], [ -121.405525076125073, 38.455817059696443 ], [ -121.405511691468305, 38.455819285497284 ], [ -121.405498604449733, 38.455822420113364 ], [ -121.4055508, 38.4559387 ] ] ] } },
{ "type": "Feature", "properties": { "id": 6765453650, "lat": 38.6395922, "lon": -121.5028977, "direction": 170.0, "operator": "Sacramento Police Department", "brand": "Unknown" }, "geometry": { "type": "Polygon", "coordinates": [ [ [ -121.50289770000002, 38.6395922 ], [ -121.502926353484213, 38.639470985645346 ], [ -121.502912774477494, 38.639469488254782 ], [ -121.502899080745436, 38.639468924773325 ], [ -121.502885376505134, 38.639469299489384 ], [ -121.502871766053616, 38.639470609551168 ], [ -121.502858352974201, 38.639472844988369 ], [ -121.502845239348034, 38.639475988788007 ], [ -121.50283252497735, 38.639480017023949 ], [ -121.502820306625836, 38.639484899039054 ], [ -121.502808677282204, 38.639490597678353 ], [ -121.50289770000002, 38.6395922 ] ] ] } },
{ "type": "Feature", "properties": { "id": 7129724966, "lat": 38.618187, "lon": -121.4013185, "direction": 340.0, "operator": "Unknown", "brand": "Unknown" }, "geometry": { "type": "Polygon", "coordinates": [ [ [ -121.401318500000016, 38.618187 ], [ -121.401316960828922, 38.618310277686469 ], [ -121.401330661867775, 38.61830991382071 ], [ -121.401344270347025, 38.618308614505139 ], [ -121.401357682697494, 38.618306389628458 ], [ -121.401370796842613, 38.618303256123326 ], [ -121.401383512975428, 38.618299237837753 ], [ -121.401395734318143, 38.618294365353421 ], [ -121.401407367858653, 38.618288675752979 ], [ -121.401418325058501, 38.618282212337917 ], [ -121.401428522526643, 38.618275024298882 ], [ -121.401318500000016, 38.618187 ] ] ] } },
{ "type": "Feature", "properties": { "id": 7460813327, "lat": 38.5157749, "lon": -121.4381162, "direction": 75.0, "operator": "Sacramento Police Department", "brand": "Unknown" }, "geometry": { "type": "Polygon", "coordinates": [ [ [ -121.43811620000001, 38.515774900000011 ], [ -121.437959995050505, 38.515762995869878 ], [ -121.437959268892698, 38.515773737337483 ], [ -121.437959737075332, 38.515784487654244 ], [ -121.437961396035732, 38.515795165003723 ], [ -121.437964233148676, 38.515805688124793 ], [ -121.437968226822463, 38.515815976930114 ], [ -121.437973346663242, 38.515825953115531 ], [ -121.437979553706256, 38.515835540756179 ], [ -121.437986800712451, 38.515844666884142 ], [ -121.437995032528008, 38.515853262043933 ], [ -121.43811620000001, 38.515774900000011 ] ] ] } },
{ "type": "Feature", "properties": { "id": 9962851462, "lat": 38.6184482, "lon": -121.2684098, "direction": 235.0, "operator": "Unknown", "brand": "Unknown" }, "geometry": { "type": "Polygon", "coordinates": [ [ [ -121.268409799999986, 38.618448200000017 ], [ -121.268562030609047, 38.618417617583276 ], [ -121.268558053844743, 38.618407324939547 ], [ -121.268552948780894, 38.618397343380103 ], [ -121.268546754270517, 38.618387748870461 ], [ -121.26853951745781, 38.618378614430512 ], [ -121.268531293419528, 38.618370009578719 ], [ -121.268522144745717, 38.618361999803049 ], [ -121.268512141063354, 38.618354646062528 ], [ -121.26850135850647, 38.618348004323401 ], [ -121.268489879136709, 38.618342125133161 ], [ -121.268409799999986, 38.618448200000017 ] ] ] } },
{ "type": "Feature", "properties": { "id": 11990338852, "lat": 38.2910334, "lon": -121.3029494, "direction": 55.0, "operator": "Unknown", "brand": "Unknown" }, "geometry": { "type": "Polygon", "coordinates": [ [ [ -121.302949400000017, 38.291033400000018 ], [ -121.302797811918637, 38.291064036537584 ], [ -121.302801776697521, 38.291074332575192 ], [ -121.302806864980582, 38.291084317091538 ], [ -121.302813038043297, 38.291093914098319 ], [ -121.302820248905221, 38.291103050556409 ], [ -121.302828442687542, 38.291111656931641 ], [ -121.302837557030756, 38.291119667724146 ], [ -121.30284752256928, 38.291127021966837 ], [ -121.302858263459299, 38.291133663689251 ], [ -121.302869697956069, 38.291139542343736 ], [ -121.302949400000017, 38.291033400000018 ] ] ] } },
{ "type": "Feature", "properties": { "id": 12335897695, "lat": 38.7076523, "lon": -121.3036142, "direction": 335.0, "operator": "Flock Safety", "brand": "Unknown" }, "geometry": { "type": "Polygon", "coordinates": [ [ [ -121.3036142, 38.7076523 ], [ -121.303626223216114, 38.707775207755205 ], [ -121.303639848757854, 38.707773918978148 ], [ -121.303653279096167, 38.707771704605875 ], [ -121.303666412017606, 38.707768581491202 ], [ -121.303679147572325, 38.707764573403011 ], [ -121.303691388834665, 38.707759710845359 ], [ -121.303703042641004, 38.70775403082542 ], [ -121.303714020298571, 38.707747576571691 ], [ -121.303724238260628, 38.707740397205129 ], [ -121.303733618762294, 38.707732547365232 ], [ -121.3036142, 38.7076523 ] ] ] } },
{ "type": "Feature", "properties": { "id": 12335930477, "lat": 38.7070275, "lon": -121.3059933, "direction": 155.0, "operator": "Flock Safety", "brand": "Unknown" }, "geometry": { "type": "Polygon", "coordinates": [ [ [ -121.305993299999983, 38.7070275 ], [ -121.305981273204154, 38.706904592337658 ], [ -121.305967647851091, 38.706905881364989 ], [ -121.3059542177255, 38.706908095982214 ], [ -121.305941085038256, 38.706911219334884 ], [ -121.305928349736661, 38.706915227652431 ], [ -121.305916108743673, 38.706920090429314 ], [ -121.305904455220343, 38.706925770656959 ], [ -121.305893477856827, 38.70693222510554 ], [ -121.305883260197334, 38.706939404653049 ], [ -121.305873880004398, 38.706947254658886 ], [ -121.305993299999983, 38.7070275 ] ] ] } },
{ "type": "Feature", "properties": { "id": 12603022095, "lat": 38.6335354, "lon": -121.2179574, "direction": 45.0, "operator": "Unknown", "brand": "Unknown" }, "geometry": { "type": "Polygon", "coordinates": [ [ [ -121.2179574, 38.633535400000014 ], [ -121.217814191116631, 38.633586199024698 ], [ -121.2178203806467, 38.633595795784977 ], [ -121.21782761297915, 38.633604932896965 ], [ -121.217835833071831, 38.633613540821585 ], [ -121.217844978364951, 38.633621554047139 ], [ -121.217854979257424, 38.633628911588005 ], [ -121.217865759636325, 38.633635557448663 ], [ -121.21787723745642, 38.633641441049932 ], [ -121.217889325364297, 38.633646517613933 ], [ -121.217901931363443, 38.633650748504742 ], [ -121.2179574, 38.633535400000014 ] ] ] } },
{ "type": "Feature", "properties": { "id": 12603022096, "lat": 38.6336569, "lon": -121.2180539, "direction": 220.0, "operator": "Unknown", "brand": "Unknown" }, "geometry": { "type": "Polygon", "coordinates": [ [ [ -121.218053900000015, 38.633656899999984 ], [ -121.218190919280616, 38.633596503970423 ], [ -121.218183686906826, 38.633587366878835 ], [ -121.218175466778916, 38.633578758976228 ], [ -121.218166321457147, 38.633570745773788 ], [ -121.218156320543017, 38.633563388256619 ], [ -121.218145540149465, 38.633556742419756 ], [ -121.21813406232171, 38.633550858841815 ], [ -121.218121974412711, 38.633545782300239 ], [ -121.218109368418524, 38.633541551430454 ], [ -121.218096340278052, 38.633538198431786 ], [ -121.218053900000015, 38.633656899999984 ] ] ] } },
{ "type": "Feature", "properties": { "id": 12603026635, "lat": 38.6153179, "lon": -121.1485823, "direction": 230.0, "operator": "Unknown", "brand": "Unknown" }, "geometry": { "type": "Polygon", "coordinates": [ [ [ -121.1485823, 38.615317900000015 ], [ -121.148730609962769, 38.615277163448248 ], [ -121.148725520271711, 38.615267177078394 ], [ -121.14871934059002, 38.615257576740824 ], [ -121.148712117949074, 38.61524843549978 ], [ -121.148703907317753, 38.615239822925474 ], [ -121.148694771184083, 38.615231804564637 ], [ -121.148684779079545, 38.615224441441669 ], [ -121.148674007050118, 38.615217789594205 ], [ -121.148662537077314, 38.61521189964666 ], [ -121.148650456454376, 38.615206816424951 ], [ -121.1485823, 38.615317900000015 ] ] ] } },
{ "type": "Feature", "properties": { "id": 12603026636, "lat": 38.6157088, "lon": -121.1497323, "direction": 315.0, "operator": "Unknown", "brand": "Unknown" }, "geometry": { "type": "Polygon", "coordinates": [ [ [ -121.1497323, 38.615708799999979 ], [ -121.1497969526649, 38.615821165530861 ], [ -121.149809189129655, 38.615816317043517 ], [ -121.149820840419309, 38.615810650285617 ], [ -121.149831817860289, 38.615804208384816 ], [ -121.149842037907533, 38.615797040368001 ], [ -121.14985142278023, 38.615789200788235 ], [ -121.149859901053915, 38.615780749309685 ], [ -121.149867408203846, 38.615771750253373 ], [ -121.149873887096319, 38.615762272107666 ], [ -121.149879288423307, 38.615752387007113 ], [ -121.1497323, 38.615708799999979 ] ] ] } },
{ "type": "Feature", "properties": { "id": 12727107870, "lat": 38.5591425, "lon": -121.2433817, "direction": 160.0, "operator": "Unknown", "brand": "Unknown" }, "geometry": { "type": "Polygon", "coordinates": [ [ [ -121.243381700000015, 38.5591425 ], [ -121.243383484724632, 38.559019214400735 ], [ -121.243369793267519, 38.559019561403801 ], [ -121.243356192427385, 38.559020844042443 ], [ -121.243342785714404, 38.559023052555034 ], [ -121.243329675161277, 38.559026170133563 ], [ -121.243316960546849, 38.559030173051411 ], [ -121.243304738636652, 38.559035030844143 ], [ -121.243293102446486, 38.559040706541126 ], [ -121.243282140534632, 38.55904715694701 ], [ -121.243271936327659, 38.559054332970526 ], [ -121.243381700000015, 38.5591425 ] ] ] } },
{ "type": "Feature", "properties": { "id": 12727107871, "lat": 38.5592591, "lon": -121.242801, "direction": 75.0, "operator": "Unknown", "brand": "Unknown" }, "geometry": { "type": "Polygon", "coordinates": [ [ [ -121.242801, 38.5592591 ], [ -121.242644738743195, 38.559246958137194 ], [ -121.242643985606222, 38.55925769784578 ], [ -121.242644427443565, 38.559268448226192 ], [ -121.24264606089298, 38.559279127461515 ], [ -121.242648873523464, 38.559289654276277 ], [ -121.242652843929648, 38.559299948555015 ], [ -121.24265794189472, 38.559309931951923 ], [ -121.242664128620447, 38.559319528487251 ], [ -121.242671357022417, 38.559328665125392 ], [ -121.242679572088335, 38.559337272330872 ], [ -121.242801, 38.5592591 ] ] ] } },
{ "type": "Feature", "properties": { "id": 12727107872, "lat": 38.559658, "lon": -121.2431541, "direction": 330.0, "operator": "Unknown", "brand": "Unknown" }, "geometry": { "type": "Polygon", "coordinates": [ [ [ -121.2431541, 38.559658 ], [ -121.243179607467027, 38.55977965589269 ], [ -121.243193014313107, 38.559777447399462 ], [ -121.243206124996433, 38.559774329838106 ], [ -121.243218839736372, 38.559770326935293 ], [ -121.243231061765698, 38.559765469155622 ], [ -121.243242698067192, 38.559759793469873 ], [ -121.243253660081251, 38.559753343073567 ], [ -121.243263864380225, 38.559746167058329 ], [ -121.243273233303228, 38.559738320038107 ], [ -121.243281695547097, 38.559729861733636 ], [ -121.2431541, 38.559658 ] ] ] } },
{ "type": "Feature", "properties": { "id": 12727107873, "lat": 38.5595764, "lon": -121.2436878, "direction": 245.0, "operator": "Unknown", "brand": "Unknown" }, "geometry": { "type": "Polygon", "coordinates": [ [ [ -121.2436878, 38.5595764 ], [ -121.243844373043771, 38.559567050501599 ], [ -121.243842739426228, 38.559556371285744 ], [ -121.243839926627004, 38.55954584450101 ], [ -121.24383595605363, 38.559535550262538 ], [ -121.243830857924976, 38.559525566915589 ], [ -121.243824671041239, 38.559515970439335 ], [ -121.243817442488606, 38.559506833868639 ], [ -121.243809227280948, 38.559498226738164 ], [ -121.243800087941125, 38.5594902145532 ], [ -121.243790094025044, 38.559482858291133 ], [ -121.2436878, 38.5595764 ] ] ] } },
{ "type": "Feature", "properties": { "id": 12727107874, "lat": 38.6012914, "lon": -121.2664646, "direction": 359.0, "operator": "Unknown", "brand": "Unknown" }, "geometry": { "type": "Polygon", "coordinates": [ [ [ -121.26646460000002, 38.6012914 ], [ -121.266411799376357, 38.601407515408113 ], [ -121.266424896743956, 38.601410684752942 ], [ -121.266438296278665, 38.601412946267494 ], [ -121.266451896001485, 38.601414282740237 ], [ -121.266465592409872, 38.601414683999764 ], [ -121.26647928126539, 38.601414146992205 ], [ -121.266492858387068, 38.601412675804575 ], [ -121.266506220444384, 38.601410281633505 ], [ -121.266519265743554, 38.601406982700198 ], [ -121.266531895001592, 38.601402804111601 ], [ -121.26646460000002, 38.6012914 ] ] ] } },
{ "type": "Feature", "properties": { "id": 12727135142, "lat": 38.5619563, "lon": -121.3358896, "direction": 65.0, "operator": "Unknown", "brand": "Unknown" }, "geometry": { "type": "Polygon", "coordinates": [ [ [ -121.3358896, 38.561956300000013 ], [ -121.335733033185889, 38.561965762040998 ], [ -121.335734679286674, 38.561976440044887 ], [ -121.335737504428522, 38.561986964771378 ], [ -121.335741487110838, 38.561997256120911 ], [ -121.335746597023459, 38.562007235769983 ], [ -121.335752795277145, 38.562016827767337 ], [ -121.335760034699788, 38.562025959111928 ], [ -121.335768260195195, 38.562034560308568 ], [ -121.335777409162532, 38.562042565896789 ], [ -121.335787411972689, 38.562049914949064 ], [ -121.3358896, 38.561956300000013 ] ] ] } },
{ "type": "Feature", "properties": { "id": 12732106420, "lat": 38.5960141, "lon": -121.2886351, "direction": 40.0, "operator": "Unknown", "brand": "Unknown" }, "geometry": { "type": "Polygon", "coordinates": [ [ [ -121.2886351, 38.596014099999984 ], [ -121.288498199971755, 38.596074574457376 ], [ -121.288505437049309, 38.596083708049214 ], [ -121.288513660942812, 38.596092311881755 ], [ -121.288522809063622, 38.596100320474427 ], [ -121.288532811789068, 38.596107672876833 ], [ -121.288543592992312, 38.59611431313261 ], [ -121.288555070621769, 38.596120190705186 ], [ -121.288567157325602, 38.596125260862578 ], [ -121.288579761116367, 38.596129485017677 ], [ -121.288592786071277, 38.596132831021947 ], [ -121.2886351, 38.596014099999984 ] ] ] } },
{ "type": "Feature", "properties": { "id": 12732106421, "lat": 38.5960737, "lon": -121.2891966, "direction": 220.0, "operator": "Unknown", "brand": "Unknown" }, "geometry": { "type": "Polygon", "coordinates": [ [ [ -121.2891966, 38.5960737 ], [ -121.28933349949132, 38.596013224796039 ], [ -121.289326262324352, 38.596004091250109 ], [ -121.289318038351396, 38.595995487468713 ], [ -121.289308890162019, 38.595987478931704 ], [ -121.289298887379502, 38.595980126588685 ], [ -121.289288106131011, 38.59597348639528 ], [ -121.289276628468272, 38.595967608887193 ], [ -121.289264541743023, 38.595962538795646 ], [ -121.28925193794224, 38.595958314706991 ], [ -121.289238912988168, 38.595954968768957 ], [ -121.2891966, 38.5960737 ] ] ] } },
{ "type": "Feature", "properties": { "id": 12732106422, "lat": 38.5932231, "lon": -121.2880386, "direction": 165.0, "operator": "Unknown", "brand": "Unknown" }, "geometry": { "type": "Polygon", "coordinates": [ [ [ -121.2880386, 38.5932231 ], [ -121.288053999824939, 38.593100405986561 ], [ -121.288040315708287, 38.593099819511792 ], [ -121.288026618534118, 38.593100171274585 ], [ -121.288013012545704, 38.593101458597829 ], [ -121.28799960129237, 38.593103671684268 ], [ -121.287986486841419, 38.593106793691028 ], [ -121.287973769001312, 38.593110800857872 ], [ -121.287961544562151, 38.593115662687936 ], [ -121.287949906559021, 38.593121342179906 ], [ -121.287938943563887, 38.593127796109563 ], [ -121.2880386, 38.5932231 ] ] ] } },
{ "type": "Feature", "properties": { "id": 12895870938, "lat": 38.6178718, "lon": -121.4012147, "direction": 61.0, "operator": "Unknown", "brand": "Unknown" }, "geometry": { "type": "Polygon", "coordinates": [ [ [ -121.401214700000011, 38.617871799999989 ], [ -121.40105926002299, 38.617889892 ], [ -121.401061861376292, 38.617900451705232 ], [ -121.401065625925085, 38.617910793354149 ], [ -121.401070525019264, 38.617920838240451 ], [ -121.401076521374137, 38.617930509916398 ], [ -121.401083569354157, 38.617939734774566 ], [ -121.401091615320126, 38.617948442608082 ], [ -121.401100598037559, 38.617956567144859 ], [ -121.401110449142607, 38.617964046552103 ], [ -121.401121093662411, 38.617970823906894 ], [ -121.401214700000011, 38.617871799999989 ] ] ] } },
{ "type": "Feature", "properties": { "id": 12895911089, "lat": 38.5958881, "lon": -121.4012248, "direction": 80.0, "operator": "Unknown", "brand": "Unknown" }, "geometry": { "type": "Polygon", "coordinates": [ [ [ -121.4012248, 38.5958881 ], [ -121.40107036389341, 38.595865502965474 ], [ -121.401068441997026, 38.595876152125733 ], [ -121.401067710078934, 38.595886892217109 ], [ -121.401068173709945, 38.595897641501033 ], [ -121.401069829362029, 38.595908318168895 ], [ -121.401072664435148, 38.595918840964814 ], [ -121.401076657353116, 38.595929129803885 ], [ -121.401081777727811, 38.595939106381728 ], [ -121.401087986590483, 38.595948694770463 ], [ -121.401095236688207, 38.595957821996471 ], [ -121.4012248, 38.5958881 ] ] ] } },
{ "type": "Feature", "properties": { "id": 12895918329, "lat": 38.6181478, "lon": -121.4017147, "direction": 232.0, "operator": "Unknown", "brand": "Unknown" }, "geometry": { "type": "Polygon", "coordinates": [ [ [ -121.4017147, 38.61814780000001 ], [ -121.401864618941005, 38.618110852976116 ], [ -121.401859943932422, 38.618100742572373 ], [ -121.401854163531794, 38.618090990304367 ], [ -121.401847321731765, 38.618081670392577 ], [ -121.401839470602809, 38.618072853767082 ], [ -121.401830669896938, 38.618064607527472 ], [ -121.401820986592895, 38.618056994432528 ], [ -121.401810494386496, 38.618050072422285 ], [ -121.401799273129697, 38.618043894177248 ], [ -121.401787408222845, 38.618038506717468 ], [ -121.4017147, 38.61814780000001 ] ] ] } },
{ "type": "Feature", "properties": { "id": 12895952047, "lat": 38.5965851, "lon": -121.4013478, "direction": -15.0, "operator": "Unknown", "brand": "Unknown" }, "geometry": { "type": "Polygon", "coordinates": [ [ [ -121.4013478, 38.5965851 ], [ -121.401332575720048, 38.59670780697293 ], [ -121.401346261296183, 38.596708381340072 ], [ -121.401359958582859, 38.596708017460372 ], [ -121.401373563334943, 38.596706718103192 ], [ -121.401386972011565, 38.596704493157517 ], [ -121.401400082564223, 38.596701359556526 ], [ -121.401412795213218, 38.596697341148953 ], [ -121.401425013207259, 38.596692468517425 ], [ -121.401436643559805, 38.596686778745735 ], [ -121.401447597756601, 38.596680315136624 ], [ -121.4013478, 38.5965851 ] ] ] } },
{ "type": "Feature", "properties": { "id": 12913849948, "lat": 38.6408325, "lon": -121.5210532, "direction": 20.0, "operator": "Unknown", "brand": "Unknown" }, "geometry": { "type": "Polygon", "coordinates": [ [ [ -121.521053200000011, 38.640832500000023 ], [ -121.520951129765933, 38.640926252459074 ], [ -121.520961936645065, 38.640932872725486 ], [ -121.520973438096064, 38.64093872909411 ], [ -121.520985546585749, 38.640943776994305 ], [ -121.520998169960976, 38.640947978008391 ], [ -121.521011212149844, 38.640951300163927 ], [ -121.521024573893058, 38.640953718177258 ], [ -121.521038153499219, 38.640955213645718 ], [ -121.521051847618878, 38.640955775187898 ], [ -121.521065552031004, 38.640955398530068 ], [ -121.521053200000011, 38.640832500000023 ] ] ] } },
{ "type": "Feature", "properties": { "id": 12918213431, "lat": 38.6012652, "lon": -121.415021, "direction": 250.0, "operator": "Unknown", "brand": "Unknown" }, "geometry": { "type": "Polygon", "coordinates": [ [ [ -121.415021, 38.601265199999986 ], [ -121.415178100844344, 38.601266390660712 ], [ -121.415177635258928, 38.601255641506995 ], [ -121.415175977585037, 38.601244965099738 ], [ -121.41517314043908, 38.601234442692807 ], [ -121.415169145413856, 38.601224154367998 ], [ -121.41516402291434, 38.601214178425614 ], [ -121.415157811926193, 38.601204590788434 ], [ -121.415150559719066, 38.601195464424073 ], [ -121.415142321486854, 38.601186868789462 ], [ -121.41513315992762, 38.601178869302494 ], [ -121.415021, 38.601265199999986 ] ] ] } },
{ "type": "Feature", "properties": { "id": 12918255079, "lat": 38.6034742, "lon": -121.4121986, "direction": 75.0, "operator": "Unknown", "brand": "Unknown" }, "geometry": { "type": "Polygon", "coordinates": [ [ [ -121.412198600000011, 38.6034742 ], [ -121.412042225297554, 38.603462265646172 ], [ -121.412041494803304, 38.603473005688606 ], [ -121.412041959974388, 38.603483754821085 ], [ -121.412043617271109, 38.603494431236129 ], [ -121.41204645408088, 38.603504953679781 ], [ -121.412050448814298, 38.603515242069832 ], [ -121.412055571069473, 38.603525218105275 ], [ -121.412061781863244, 38.603534805862374 ], [ -121.412069033928091, 38.603543932372375 ], [ -121.412077272071542, 38.603552528176856 ], [ -121.412198600000011, 38.6034742 ] ] ] } },
{ "type": "Feature", "properties": { "id": 12918255799, "lat": 38.6034476, "lon": -121.4144727, "direction": 35.0, "operator": "Unknown", "brand": "Unknown" }, "geometry": { "type": "Polygon", "coordinates": [ [ [ -121.414472700000019, 38.6034476 ], [ -121.414343135982307, 38.603517334675104 ], [ -121.414351374370838, 38.603525930333639 ], [ -121.414360536123397, 38.603533929850848 ], [ -121.414370551513585, 38.603541272345332 ], [ -121.414381344318201, 38.603547901936189 ], [ -121.414392832397354, 38.603553768168005 ], [ -121.414404928319627, 38.60355882639508 ], [ -121.414417540027515, 38.603563038121123 ], [ -121.414430571537935, 38.603566371292182 ], [ -121.41444392367282, 38.603568800540785 ], [ -121.414472700000019, 38.6034476 ] ] ] } },
{ "type": "Feature", "properties": { "id": 12918273267, "lat": 38.6107112, "lon": -121.4151002, "direction": 75.0, "operator": "Unknown", "brand": "Unknown" }, "geometry": { "type": "Polygon", "coordinates": [ [ [ -121.415100199999983, 38.6107112 ], [ -121.414943810509413, 38.610699269306764 ], [ -121.414943080343264, 38.610710009259144 ], [ -121.414943545952497, 38.61072075827434 ], [ -121.414945203794076, 38.61073143454589 ], [ -121.414948041251293, 38.610741956820824 ], [ -121.414952036729773, 38.610752245018226 ], [ -121.414957159821995, 38.610762220838616 ], [ -121.41496337153842, 38.610771808359864 ], [ -121.414970624604464, 38.610780934614986 ], [ -121.414978863820124, 38.610789530147514 ], [ -121.415100199999983, 38.6107112 ] ] ] } },
{ "type": "Feature", "properties": { "id": 12918273325, "lat": 38.6021783, "lon": -121.4150558, "direction": 270.0, "operator": "Unknown", "brand": "Unknown" }, "geometry": { "type": "Polygon", "coordinates": [ [ [ -121.4150558, 38.602178300000013 ], [ -121.415202909315667, 38.602221583256551 ], [ -121.415207156852901, 38.602211357409544 ], [ -121.415210252471695, 38.602200879976138 ], [ -121.415212172612854, 38.602190230695975 ], [ -121.415212902663512, 38.602179490616564 ], [ -121.415212437067964, 38.602168741476419 ], [ -121.415210779370184, 38.602158065082975 ], [ -121.41520794218674, 38.602147542689977 ], [ -121.415203947110726, 38.602137254379116 ], [ -121.415198824547502, 38.60212727845061 ], [ -121.4150558, 38.602178300000013 ] ] ] } },
{ "type": "Feature", "properties": { "id": 12918277853, "lat": 38.6109555, "lon": -121.415191, "direction": 331.0, "operator": "Unknown", "brand": "Unknown" }, "geometry": { "type": "Polygon", "coordinates": [ [ [ -121.415191, 38.6109555 ], [ -121.415214080379698, 38.611077447545327 ], [ -121.415227538587814, 38.6110754051725 ], [ -121.415240718713918, 38.611072450247647 ], [ -121.415253520448928, 38.611068605259582 ], [ -121.415265846363525, 38.611063899471112 ], [ -121.415277602649752, 38.611058368696298 ], [ -121.415288699834946, 38.611052055027791 ], [ -121.415299053462704, 38.611045006516584 ], [ -121.41530858473557, 38.6110372768063 ], [ -121.41531722111479, 38.611028924724835 ], [ -121.415191, 38.6109555 ] ] ] } },
{ "type": "Feature", "properties": { "id": 12918278806, "lat": 38.5963231, "lon": -121.4170306, "direction": 0.0, "operator": "Unknown", "brand": "Unknown" }, "geometry": { "type": "Polygon", "coordinates": [ [ [ -121.4170306, 38.5963231 ], [ -121.416975448752709, 38.596438540348821 ], [ -121.416988479194231, 38.596441873292193 ], [ -121.417001830201954, 38.596444302297847 ], [ -121.417015400166207, 38.596445808879515 ], [ -121.417029085810924, 38.596446381571148 ], [ -121.417042782979607, 38.596446016014191 ], [ -121.417056387427991, 38.59644471499081 ], [ -121.417069795617607, 38.596442488402566 ], [ -121.417082905503534, 38.596439353195208 ], [ -121.417095617311233, 38.596435333229707 ], [ -121.4170306, 38.5963231 ] ] ] } },
{ "type": "Feature", "properties": { "id": 12918314126, "lat": 38.6001232, "lon": -121.4260642, "direction": 105.0, "operator": "Unknown", "brand": "Unknown" }, "geometry": { "type": "Polygon", "coordinates": [ [ [ -121.426064200000013, 38.6001232 ], [ -121.425936372813155, 38.600051524511485 ], [ -121.425928898684077, 38.60006053990471 ], [ -121.425922454277242, 38.600070032179133 ], [ -121.425917088638769, 38.600079929093035 ], [ -121.42591284260476, 38.600090155324942 ], [ -121.425909748490454, 38.600100633047255 ], [ -121.425907829844405, 38.600111282518192 ], [ -121.42590710126909, 38.600122022688907 ], [ -121.425907568309967, 38.60013277182027 ], [ -121.425909227413001, 38.600143448104838 ], [ -121.426064200000013, 38.6001232 ] ] ] } },
{ "type": "Feature", "properties": { "id": 12918317608, "lat": 38.598151, "lon": -121.4164766, "direction": 180.0, "operator": "Unknown", "brand": "Unknown" }, "geometry": { "type": "Polygon", "coordinates": [ [ [ -121.4164766, 38.598151 ], [ -121.416531753174638, 38.598035560136545 ], [ -121.416518722489158, 38.598032227153972 ], [ -121.416505371227544, 38.598029798103234 ], [ -121.416491801000532, 38.598028291470811 ], [ -121.416478115085269, 38.598027718722989 ], [ -121.416464417639318, 38.598028084218754 ], [ -121.416450812908082, 38.598029385176474 ], [ -121.416437404431278, 38.598031611695077 ], [ -121.416424294255066, 38.598034746829519 ], [ -121.416411582155376, 38.598038766719604 ], [ -121.4164766, 38.598151 ] ] ] } },
{ "type": "Feature", "properties": { "id": 12988788485, "lat": 38.6739598, "lon": -121.5791501, "direction": 50.0, "operator": "Unknown", "brand": "Unknown" }, "geometry": { "type": "Polygon", "coordinates": [ [ [ -121.579150100000021, 38.6739598 ], [ -121.579001903450433, 38.674001031086895 ], [ -121.579007051414905, 38.674010999461586 ], [ -121.5790132880676, 38.674020578177725 ], [ -121.579020565944091, 38.674029694335296 ], [ -121.579028829655627, 38.67403827855474 ], [ -121.57903801631042, 38.674046265504749 ], [ -121.579048055992573, 38.674053594399687 ], [ -121.579058872293999, 38.674060209462034 ], [ -121.57907038289602, 38.67406606034703 ], [ -121.579082500195781, 38.674071102525744 ], [ -121.579150100000021, 38.6739598 ] ] ] } },
{ "type": "Feature", "properties": { "id": 12988819392, "lat": 38.6740966, "lon": -121.5792609, "direction": 210.0, "operator": "Unknown", "brand": "Unknown" }, "geometry": { "type": "Polygon", "coordinates": [ [ [ -121.5792609, 38.6740966 ], [ -121.579382170203033, 38.674018121232159 ], [ -121.57937298351662, 38.674010134306478 ], [ -121.57936294380977, 38.674002805436558 ], [ -121.579352127490708, 38.673996190399308 ], [ -121.579340616877971, 38.67399033953906 ], [ -121.579328499574103, 38.673985297384149 ], [ -121.579315867798854, 38.673981102308382 ], [ -121.579302817687307, 38.673977786238602 ], [ -121.579289448558271, 38.67397537441208 ], [ -121.579275862158482, 38.673973885184125 ], [ -121.5792609, 38.6740966 ] ] ] } },
{ "type": "Feature", "properties": { "id": 13063727659, "lat": 38.4626463, "lon": -121.4178304, "direction": 90.0, "operator": "Unknown", "brand": "Unknown" }, "geometry": { "type": "Polygon", "coordinates": [ [ [ -121.417830399999986, 38.4626463 ], [ -121.417683549075591, 38.462603011619173 ], [ -121.417679309362768, 38.462613239472468 ], [ -121.417676219539487, 38.462623718936797 ], [ -121.417674303121615, 38.462634370257142 ], [ -121.417673574694689, 38.462645112370588 ], [ -121.417674039802975, 38.46265586352321 ], [ -121.417675694907231, 38.462666541892183 ], [ -121.417678527411525, 38.462677066208677 ], [ -121.417682515759282, 38.462687356376193 ], [ -121.417687629597154, 38.462697334080246 ], [ -121.417830399999986, 38.4626463 ] ] ] } },
{ "type": "Feature", "properties": { "id": 13095195384, "lat": 38.4963941, "lon": -121.452004, "direction": 160.0, "operator": "The Home Depot", "brand": "Unknown" }, "geometry": { "type": "Polygon", "coordinates": [ [ [ -121.452004, 38.4963941 ], [ -121.452005457680286, 38.496270801343087 ], [ -121.451991778045311, 38.496271170688928 ], [ -121.451978191426349, 38.496272475599682 ], [ -121.451964801225287, 38.49627470614422 ], [ -121.451951709349245, 38.496277845346853 ], [ -121.451939015434888, 38.496281869316377 ], [ -121.451926816090193, 38.496286747428158 ], [ -121.451915204159263, 38.496292442556921 ], [ -121.451904268015696, 38.496298911359446 ], [ -121.451894090890008, 38.496306104604415 ], [ -121.452004, 38.4963941 ] ] ] } },
{ "type": "Feature", "properties": { "id": 13095195385, "lat": 38.496272, "lon": -121.4518428, "direction": 300.0, "operator": "The Home Depot", "brand": "Unknown" }, "geometry": { "type": "Polygon", "coordinates": [ [ [ -121.4518428, 38.496272 ], [ -121.45194253187627, 38.496367188691892 ], [ -121.451952709005397, 38.496359995443655 ], [ -121.451962049657851, 38.496352132496554 ], [ -121.451970482745665, 38.496343659692506 ], [ -121.451977944088028, 38.496334641514828 ], [ -121.45198437689983, 38.496325146597499 ], [ -121.451989732223794, 38.496315247202659 ], [ -121.451993969302961, 38.496305018670839 ], [ -121.451997055891027, 38.496294538847422 ], [ -121.45199896849762, 38.496283887490279 ], [ -121.4518428, 38.496272 ] ] ] } },
{ "type": "Feature", "properties": { "id": 13095195386, "lat": 38.496267, "lon": -121.4518362, "direction": 240.0, "operator": "The Home Depot", "brand": "Unknown" }, "geometry": { "type": "Polygon", "coordinates": [ [ [ -121.4518362, 38.496267 ], [ -121.45199096213365, 38.496246717677728 ], [ -121.451988123854619, 38.496236194592186 ], [ -121.451984129344652, 38.49622590595483 ], [ -121.451979009004802, 38.496215930068324 ], [ -121.451972801804317, 38.496206342855075 ], [ -121.451965554984, 38.49619721727943 ], [ -121.45195732369676, 38.496188622792374 ], [ -121.451948170587769, 38.496180624802982 ], [ -121.451938165317785, 38.496173284180593 ], [ -121.451927384032928, 38.496166656791615 ], [ -121.4518362, 38.496267 ] ] ] } },
{ "type": "Feature", "properties": { "id": 13095195387, "lat": 38.4962907, "lon": -121.4534305, "direction": 70.0, "operator": "The Home Depot", "brand": "Unknown" }, "geometry": { "type": "Polygon", "coordinates": [ [ [ -121.4534305, 38.49629070000001 ], [ -121.45327360737727, 38.496289556092428 ], [ -121.45327407752859, 38.496300306633543 ], [ -121.453275738149799, 38.496310984062909 ], [ -121.453278576603083, 38.496321507118836 ], [ -121.453282571286451, 38.496331795714461 ], [ -121.453287691798423, 38.496341771547222 ], [ -121.45329389916914, 38.49635135869493 ], [ -121.453301146157045, 38.496360484193431 ], [ -121.453309377608406, 38.496369078592025 ], [ -121.453318530877041, 38.496377076481991 ], [ -121.4534305, 38.49629070000001 ] ] ] } },
{ "type": "Feature", "properties": { "id": 13095195388, "lat": 38.4968829, "lon": -121.4534275, "direction": 60.0, "operator": "The Home Depot", "brand": "Unknown" }, "geometry": { "type": "Polygon", "coordinates": [ [ [ -121.4534275, 38.496882900000017 ], [ -121.453272736988836, 38.496903184043212 ], [ -121.453275575462953, 38.496913707090876 ], [ -121.453279570175923, 38.496923995678443 ], [ -121.45328469072588, 38.496933971503452 ], [ -121.453290898142768, 38.496943558643714 ], [ -121.453298145184647, 38.496952684135152 ], [ -121.453306376697412, 38.496961278527152 ], [ -121.453315530034359, 38.496969276411015 ], [ -121.453325535533139, 38.496976616917841 ], [ -121.453336317045867, 38.496983244181791 ], [ -121.4534275, 38.496882900000017 ] ] ] } },
{ "type": "Feature", "properties": { "id": 13095212492, "lat": 38.4819759, "lon": -121.5028082, "direction": 180.0, "operator": "The Home Depot", "brand": "Unknown" }, "geometry": { "type": "Polygon", "coordinates": [ [ [ -121.5028082, 38.4819759 ], [ -121.502863145894608, 38.481860404891059 ], [ -121.502850130733137, 38.48185708017111 ], [ -121.502836796454929, 38.481854659740534 ], [ -121.502823244541418, 38.481853162020222 ], [ -121.502809578130382, 38.481852598408686 ], [ -121.502795901230996, 38.481852973195309 ], [ -121.50278231793223, 38.481854283527795 ], [ -121.502768931610731, 38.48185651943372 ], [ -121.502755844144019, 38.481859663896586 ], [ -121.502743155135249, 38.4818636929852 ], [ -121.5028082, 38.4819759 ] ] ] } },
{ "type": "Feature", "properties": { "id": 13095212493, "lat": 38.4820058, "lon": -121.5039288, "direction": 180.0, "operator": "The Home Depot", "brand": "Unknown" }, "geometry": { "type": "Polygon", "coordinates": [ [ [ -121.5039288, 38.482005800000017 ], [ -121.503983744277321, 38.481890304414179 ], [ -121.503970729063795, 38.481886979808408 ], [ -121.503957394746195, 38.48188455949478 ], [ -121.503943842806294, 38.481883061893285 ], [ -121.503930176382099, 38.481882498401525 ], [ -121.50391649948287, 38.481882873308003 ], [ -121.503902916197532, 38.481884183759462 ], [ -121.503889529902679, 38.481886419782597 ], [ -121.503876442475644, 38.48188956436001 ], [ -121.503863753519184, 38.481893593559668 ], [ -121.5039288, 38.482005800000017 ] ] ] } },
{ "type": "Feature", "properties": { "id": 13095212494, "lat": 38.4820229, "lon": -121.5016147, "direction": 240.0, "operator": "The Home Depot", "brand": "Unknown" }, "geometry": { "type": "Polygon", "coordinates": [ [ [ -121.5016147, 38.4820229 ], [ -121.501769421434744, 38.482002557062224 ], [ -121.501766577037799, 38.48199203488268 ], [ -121.501762576766239, 38.481981747605737 ], [ -121.501757451064918, 38.481971773523767 ], [ -121.501751238943925, 38.481962188545353 ], [ -121.501743987681536, 38.48195306561788 ], [ -121.501735752464398, 38.481944474172174 ], [ -121.501726595967654, 38.48193647959414 ], [ -121.501716587877809, 38.481929142727218 ], [ -121.501705804362487, 38.481922519409167 ], [ -121.5016147, 38.4820229 ] ] ] } },
{ "type": "Feature", "properties": { "id": 13095212495, "lat": 38.4823006, "lon": -121.504065, "direction": 40.0, "operator": "The Home Depot", "brand": "Unknown" }, "geometry": { "type": "Polygon", "coordinates": [ [ [ -121.504065, 38.4823006 ], [ -121.503928462249178, 38.482361313897727 ], [ -121.503935713801283, 38.482370436696378 ], [ -121.503943949302027, 38.482379027995528 ], [ -121.503953106074434, 38.48238702241008 ], [ -121.503963114429936, 38.482394359097505 ], [ -121.503973898198907, 38.482400982221044 ], [ -121.503985375310236, 38.482406841374527 ], [ -121.503997458415967, 38.482411891966152 ], [ -121.504010055556094, 38.482416095557653 ], [ -121.504023070858466, 38.482419420157093 ], [ -121.504065, 38.4823006 ] ] ] } },
{ "type": "Feature", "properties": { "id": 13095273437, "lat": 38.549548, "lon": -121.4102723, "direction": 190.0, "operator": "The Home Depot", "brand": "Unknown" }, "geometry": { "type": "Polygon", "coordinates": [ [ [ -121.4102723, 38.549548 ], [ -121.410352118499503, 38.549441826592648 ], [ -121.410340031130048, 38.549436767610047 ], [ -121.410327428287999, 38.549432555172068 ], [ -121.410314405888187, 38.549429221337796 ], [ -121.410301063038617, 38.549426791479611 ], [ -121.41028750128595, 38.549425284090141 ], [ -121.410273823842857, 38.549424710641489 ], [ -121.410260134802456, 38.549425075497908 ], [ -121.410246538346144, 38.549426375882625 ], [ -121.410233137950641, 38.54942860189901 ], [ -121.4102723, 38.549548 ] ] ] } },
{ "type": "Feature", "properties": { "id": 13095273438, "lat": 38.549542, "lon": -121.412625, "direction": 130.0, "operator": "The Home Depot", "brand": "Unknown" }, "geometry": { "type": "Polygon", "coordinates": [ [ [ -121.412625, 38.549542 ], [ -121.412547817681201, 38.549434631346394 ], [ -121.412536195092045, 38.549440322492913 ], [ -121.412525248359273, 38.549446787465882 ], [ -121.412515060793993, 38.549453977063145 ], [ -121.412505709929619, 38.549461836567673 ], [ -121.412497266931979, 38.549470306164075 ], [ -121.412489796057471, 38.549479321393775 ], [ -121.412483354164152, 38.549488813645567 ], [ -121.412477990279015, 38.549498710677845 ], [ -121.412473745224759, 38.549508937168341 ], [ -121.412625, 38.549542 ] ] ] } },
{ "type": "Feature", "properties": { "id": 13095273439, "lat": 38.5489786, "lon": -121.4101589, "direction": 260.0, "operator": "The Home Depot", "brand": "Unknown" }, "geometry": { "type": "Polygon", "coordinates": [ [ [ -121.4101589, 38.5489786 ], [ -121.410313246971796, 38.549001187516787 ], [ -121.410315166479549, 38.548990537538643 ], [ -121.410315896704475, 38.548979796709176 ], [ -121.410315432089661, 38.548969046772605 ], [ -121.41031377617152, 38.548958369542412 ], [ -121.410310941553121, 38.548947846278736 ], [ -121.410306949808046, 38.548937557069912 ], [ -121.410301831316303, 38.548927580222944 ], [ -121.410295625033044, 38.548917991667487 ], [ -121.410288378192092, 38.548908864378156 ], [ -121.4101589, 38.5489786 ] ] ] } },
{ "type": "Feature", "properties": { "id": 13095281636, "lat": 38.4538529, "lon": -121.4053113, "direction": 40.0, "operator": "Lowe's", "brand": "Unknown" }, "geometry": { "type": "Polygon", "coordinates": [ [ [ -121.4053113, 38.4538529 ], [ -121.405174735598749, 38.453913510715871 ], [ -121.405181973138937, 38.453922639454696 ], [ -121.405190194937234, 38.453931237434141 ], [ -121.4051993384209, 38.453939239218172 ], [ -121.405209334002578, 38.453946583908234 ], [ -121.405220105609814, 38.453953215606653 ], [ -121.405231571264054, 38.453959083841973 ], [ -121.40524364370458, 38.453964143953293 ], [ -121.405256231052519, 38.453968357429936 ], [ -121.40526923751024, 38.453971692204668 ], [ -121.4053113, 38.4538529 ] ] ] } },
{ "type": "Feature", "properties": { "id": 13095281637, "lat": 38.4555189, "lon": -121.4036781, "direction": 220.0, "operator": "Lowe's", "brand": "Unknown" }, "geometry": { "type": "Polygon", "coordinates": [ [ [ -121.4036781, 38.4555189 ], [ -121.403814668322696, 38.455458291011766 ], [ -121.403807430799816, 38.455449162214052 ], [ -121.403799208994059, 38.455440564162956 ], [ -121.403790065478461, 38.455432562294654 ], [ -121.403780069840749, 38.455425217508058 ], [ -121.403769298153719, 38.455418585701217 ], [ -121.403757832396323, 38.455412717346043 ], [ -121.40374575982969, 38.455407657104097 ], [ -121.403733172333048, 38.455403443486752 ], [ -121.403720165704542, 38.455400108562046 ], [ -121.4036781, 38.4555189 ] ] ] } },
{ "type": "Feature", "properties": { "id": 13095281638, "lat": 38.4551081, "lon": -121.4052327, "direction": 60.0, "operator": "Lowe's", "brand": "Unknown" }, "geometry": { "type": "Polygon", "coordinates": [ [ [ -121.405232699999985, 38.4551081 ], [ -121.405078006436838, 38.45512832684927 ], [ -121.405080836993562, 38.455138851549819 ], [ -121.405084823320806, 38.455149142212981 ], [ -121.405089935080582, 38.455159120520484 ], [ -121.405096133369739, 38.455168710531275 ], [ -121.405103371015784, 38.455177839259392 ], [ -121.405111592936095, 38.4551864372296 ], [ -121.405120736556995, 38.455194439005979 ], [ -121.405130732290104, 38.455201783689986 ], [ -121.405141504061817, 38.455208415384021 ], [ -121.405232699999985, 38.4551081 ] ] ] } },
{ "type": "Feature", "properties": { "id": 13095291592, "lat": 38.4258003, "lon": -121.4002007, "direction": 270.0, "operator": "The Home Depot", "brand": "Unknown" }, "geometry": { "type": "Polygon", "coordinates": [ [ [ -121.4002007, 38.4258003 ], [ -121.400347472999655, 38.42584361056538 ], [ -121.400351712982797, 38.425833382790827 ], [ -121.400354803664527, 38.425822903236721 ], [ -121.400356721523295, 38.425812251658847 ], [ -121.400357451963529, 38.425801509122152 ], [ -121.400356989426626, 38.425790757383922 ], [ -121.400355337433254, 38.425780078271316 ], [ -121.400352508556523, 38.425769553058799 ], [ -121.400348524326361, 38.425759261849542 ], [ -121.400343415065549, 38.425749282965747 ], [ -121.4002007, 38.4258003 ] ] ] } },
{ "type": "Feature", "properties": { "id": 13095291593, "lat": 38.4243628, "lon": -121.4011736, "direction": 330.0, "operator": "The Home Depot", "brand": "Unknown" }, "geometry": { "type": "Polygon", "coordinates": [ [ [ -121.4011736, 38.4243628 ], [ -121.401199306947845, 38.424484446222351 ], [ -121.401212686421886, 38.42448222078113 ], [ -121.401225768423302, 38.424479086474363 ], [ -121.401238453389794, 38.424475067156152 ], [ -121.401250644780703, 38.424470193416049 ], [ -121.40126224981195, 38.424464502346297 ], [ -121.401273180161965, 38.424458037259519 ], [ -121.401283352644114, 38.42445084735909 ], [ -121.401292689839593, 38.424442987364671 ], [ -121.401301120686711, 38.424434517095754 ], [ -121.4011736, 38.4243628 ] ] ] } },
{ "type": "Feature", "properties": { "id": 13095291594, "lat": 38.4243398, "lon": -121.4016011, "direction": 340.0, "operator": "The Home Depot", "brand": "Unknown" }, "geometry": { "type": "Polygon", "coordinates": [ [ [ -121.4016011, 38.4243398 ], [ -121.401599565043313, 38.424463109815008 ], [ -121.401613232488671, 38.424462745824172 ], [ -121.401626807598049, 38.424461446140022 ], [ -121.401640187056159, 38.424459220653965 ], [ -121.401653269036814, 38.424456086303323 ], [ -121.401665953977883, 38.424452066942578 ], [ -121.401678145338906, 38.424447193161527 ], [ -121.40168975033599, 38.424441502052765 ], [ -121.401700680647892, 38.424435036929225 ], [ -121.401710853088204, 38.42442784699454 ], [ -121.4016011, 38.4243398 ] ] ] } },
{ "type": "Feature", "properties": { "id": 13095299862, "lat": 38.6707263, "lon": -121.1572148, "direction": 350.0, "operator": "Lowe's", "brand": "Unknown" }, "geometry": { "type": "Polygon", "coordinates": [ [ [ -121.1572148, 38.670726299999977 ], [ -121.157185603557835, 38.670847431093719 ], [ -121.157199181321886, 38.670848965039369 ], [ -121.157212877954024, 38.670849565428639 ], [ -121.15722658921419, 38.670849227692187 ], [ -121.157240210750885, 38.670847954400394 ], [ -121.157253638895497, 38.670845755243832 ], [ -121.157266771451347, 38.670842646959464 ], [ -121.157279508471333, 38.670838653203305 ], [ -121.157291753018683, 38.670833804370389 ], [ -121.157303411904692, 38.670828137363372 ], [ -121.1572148, 38.670726299999977 ] ] ] } },
{ "type": "Feature", "properties": { "id": 13095299863, "lat": 38.6720749, "lon": -121.1585145, "direction": 100.0, "operator": "Lowe's", "brand": "Unknown" }, "geometry": { "type": "Polygon", "coordinates": [ [ [ -121.158514499999981, 38.672074899999984 ], [ -121.158379288356642, 38.672011963768433 ], [ -121.158372805862484, 38.672021441606589 ], [ -121.158367401744087, 38.672031326295617 ], [ -121.158363117130378, 38.672041542607154 ], [ -121.158359984630266, 38.672052012789045 ], [ -121.158358028084393, 38.672062657156907 ], [ -121.158357262383717, 38.67207339470076 ], [ -121.15835769335618, 38.672084143701419 ], [ -121.158359317722287, 38.672094822352491 ], [ -121.15836212312017, 38.672105349382939 ], [ -121.158514499999981, 38.672074899999984 ] ] ] } },
{ "type": "Feature", "properties": { "id": 13095299864, "lat": 38.6721571, "lon": -121.1564731, "direction": 300.0, "operator": "Lowe's", "brand": "Unknown" }, "geometry": { "type": "Polygon", "coordinates": [ [ [ -121.156473099999985, 38.672157100000014 ], [ -121.156572697308505, 38.672252495697869 ], [ -121.156582924063486, 38.672245327703187 ], [ -121.156592314988217, 38.672237488241954 ], [ -121.156600798612175, 38.672229036977427 ], [ -121.15660831036989, 38.672220038228957 ], [ -121.156614793092629, 38.672210560482633 ], [ -121.156620197443175, 38.672200675869931 ], [ -121.156624482291477, 38.672190459618896 ], [ -121.156627615027688, 38.672179989481442 ], [ -121.156629571810242, 38.672169345141725 ], [ -121.156473099999985, 38.672157100000014 ] ] ] } },
{ "type": "Feature", "properties": { "id": 13095299865, "lat": 38.6714351, "lon": -121.1564629, "direction": 270.0, "operator": "Lowe's", "brand": "Unknown" }, "geometry": { "type": "Polygon", "coordinates": [ [ [ -121.1564629, 38.6714351 ], [ -121.156609996089756, 38.671478675925457 ], [ -121.156614280900143, 38.671468459664467 ], [ -121.156617413609027, 38.671457989516767 ], [ -121.156619370375012, 38.671447345166477 ], [ -121.156620136306401, 38.671436607623654 ], [ -121.156619705574514, 38.671425858607464 ], [ -121.156618081457907, 38.671415179924409 ], [ -121.156615276317623, 38.671404652845673 ], [ -121.1566113115029, 38.671394357488623 ], [ -121.156606217188738, 38.671384372207044 ], [ -121.1564629, 38.6714351 ] ] ] } },
{ "type": "Feature", "properties": { "id": 13095308413, "lat": 38.5826283, "lon": -121.2828484, "direction": 300.0, "operator": "Lowe's", "brand": "Unknown" }, "geometry": { "type": "Polygon", "coordinates": [ [ [ -121.28284840000002, 38.5826283 ], [ -121.282948037024909, 38.582723609217723 ], [ -121.282958240683698, 38.582716430263289 ], [ -121.282967608385803, 38.582708580583905 ], [ -121.282976068837328, 38.582700119920538 ], [ -121.282983557649274, 38.582691112664129 ], [ -121.282990017827444, 38.582681627365496 ], [ -121.282995400206261, 38.582671736213612 ], [ -121.282999663822892, 38.582661514486219 ], [ -121.283002776229083, 38.582651039977002 ], [ -121.28300471373791, 38.582640392403313 ], [ -121.28284840000002, 38.5826283 ] ] ] } },
{ "type": "Feature", "properties": { "id": 13095308414, "lat": 38.584046, "lon": -121.2836629, "direction": 200.0, "operator": "Lowe's", "brand": "Unknown" }, "geometry": { "type": "Polygon", "coordinates": [ [ [ -121.2836629, 38.584046 ], [ -121.283765178348887, 38.583952429470514 ], [ -121.283754399209755, 38.583945788702195 ], [ -121.283742923709028, 38.583939910601643 ], [ -121.283730839181999, 38.583934839904607 ], [ -121.28371823759899, 38.583930615201993 ], [ -121.28370521486525, 38.583927268646235 ], [ -121.283691870091289, 38.583924825706497 ], [ -121.28367830483846, 38.583923304974988 ], [ -121.283664622346052, 38.583922718025342 ], [ -121.283650926745608, 38.583923069324591 ], [ -121.2836629, 38.584046 ] ] ] } },
{ "type": "Feature", "properties": { "id": 13095311889, "lat": 38.6019271, "lon": -121.2669179, "direction": 270.0, "operator": "Lowe's", "brand": "Unknown" }, "geometry": { "type": "Polygon", "coordinates": [ [ [ -121.2669179, 38.6019271 ], [ -121.267064927397954, 38.601970553353574 ], [ -121.267069194122072, 38.601960332426351 ], [ -121.267072309405137, 38.601949858580731 ], [ -121.267074249538382, 38.601939211529086 ], [ -121.267074999756673, 38.601928472301928 ], [ -121.267074554350913, 38.601917722631306 ], [ -121.267072916711342, 38.601907044328691 ], [ -121.267070099301904, 38.601896518662336 ], [ -121.267066123565257, 38.601886225738909 ], [ -121.267061019759481, 38.601876243893642 ], [ -121.2669179, 38.6019271 ] ] ] } },
{ "type": "Feature", "properties": { "id": 13095322837, "lat": 38.677283, "lon": -121.2720363, "direction": 320.0, "operator": "Lowe's", "brand": "Unknown" }, "geometry": { "type": "Polygon", "coordinates": [ [ [ -121.2720363, 38.677283 ], [ -121.272088445286712, 38.677399299279529 ], [ -121.272101177538417, 38.677395294156284 ], [ -121.272113416030777, 38.677390434405645 ], [ -121.272125067621204, 38.677384757013385 ], [ -121.272136043633793, 38.677378305188057 ], [ -121.27214626053437, 38.6773711280321 ], [ -121.272155640566083, 38.67736328016818 ], [ -121.272164112341258, 38.677354821323448 ], [ -121.272171611384692, 38.677345815874993 ], [ -121.272178080624315, 38.677336332359843 ], [ -121.2720363, 38.677283 ] ] ] } },
{ "type": "Feature", "properties": { "id": 13095322838, "lat": 38.6782038, "lon": -121.2728744, "direction": 160.0, "operator": "Lowe's", "brand": "Unknown" }, "geometry": { "type": "Polygon", "coordinates": [ [ [ -121.272874400000021, 38.6782038 ], [ -121.272876141282026, 38.678080534182257 ], [ -121.272862429268301, 38.678080884282238 ], [ -121.27284880835866, 38.678082169843684 ], [ -121.272835382215959, 38.678084381082719 ], [ -121.272822253020792, 38.678087501170552 ], [ -121.272809520693869, 38.678091506361525 ], [ -121.272797282135556, 38.678096366173854 ], [ -121.272785630488357, 38.678102043621571 ], [ -121.272774654428119, 38.678108495495984 ], [ -121.272764437489187, 38.678115672694638 ], [ -121.272874400000021, 38.6782038 ] ] ] } },
{ "type": "Feature", "properties": { "id": 13095322839, "lat": 38.6780392, "lon": -121.2743435, "direction": 200.0, "operator": "Lowe's", "brand": "Unknown" }, "geometry": { "type": "Polygon", "coordinates": [ [ [ -121.2743435, 38.6780392 ], [ -121.274445911415739, 38.677945649043949 ], [ -121.274435120204217, 38.677939008352269 ], [ -121.274423631710292, 38.677933130178815 ], [ -121.274411533368124, 38.677928059259862 ], [ -121.274398917253109, 38.677923834188036 ], [ -121.274385879381214, 38.677920487118556 ], [ -121.274372518978083, 38.677918043524549 ], [ -121.274358937724003, 38.677916522003159 ], [ -121.274345238980075, 38.67791593413402 ], [ -121.274331527001536, 38.677916284391173 ], [ -121.2743435, 38.6780392 ] ] ] } },
{ "type": "Feature", "properties": { "id": 13095324760, "lat": 38.7047957, "lon": -121.3279538, "direction": 270.0, "operator": "The Home Depot", "brand": "Unknown" }, "geometry": { "type": "Polygon", "coordinates": [ [ [ -121.327953800000017, 38.7047957 ], [ -121.328101053050972, 38.704839077099848 ], [ -121.328105317427088, 38.704828855599516 ], [ -121.328108428662631, 38.70481838176547 ], [ -121.328110363079645, 38.704807735309998 ], [ -121.328111105956566, 38.704796997259109 ], [ -121.328110651640102, 38.704786249335832 ], [ -121.328109003588395, 38.704775573338395 ], [ -121.328106174344555, 38.70476505051753 ], [ -121.328102185441281, 38.704754760958167 ], [ -121.328097067236968, 38.704744782970003 ], [ -121.327953800000017, 38.7047957 ] ] ] } },
{ "type": "Feature", "properties": { "id": 13095324761, "lat": 38.7059895, "lon": -121.3284989, "direction": 80.0, "operator": "The Home Depot", "brand": "Unknown" }, "geometry": { "type": "Polygon", "coordinates": [ [ [ -121.3284989, 38.7059895 ], [ -121.328344268925775, 38.705966818742461 ], [ -121.328342334511888, 38.705977465184148 ], [ -121.328341591655374, 38.705988203218595 ], [ -121.328342046010277, 38.705998951122908 ], [ -121.328343694119184, 38.706009627099021 ], [ -121.328346523439464, 38.706020149896275 ], [ -121.328350512438732, 38.706030439429775 ], [ -121.328355630758665, 38.706040417389815 ], [ -121.328361839446188, 38.706050007838051 ], [ -121.328369091249655, 38.706059137785168 ], [ -121.3284989, 38.7059895 ] ] ] } },
{ "type": "Feature", "properties": { "id": 13095324762, "lat": 38.7053867, "lon": -121.3277108, "direction": 360.0, "operator": "The Home Depot", "brand": "Unknown" }, "geometry": { "type": "Polygon", "coordinates": [ [ [ -121.3277108, 38.7053867 ], [ -121.327655441516868, 38.705502084402525 ], [ -121.327668486216197, 38.705505425926376 ], [ -121.327681852950448, 38.705507863873017 ], [ -121.327695439990237, 38.705509379688081 ], [ -121.327709143929496, 38.705509961835304 ], [ -121.327722860472534, 38.705509605884139 ], [ -121.327736485227675, 38.7055083145436 ], [ -121.327749914501794, 38.705506097641639 ], [ -121.327763046089586, 38.705502972050262 ], [ -121.327775780051354, 38.70549896155719 ], [ -121.3277108, 38.7053867 ] ] ] } },
{ "type": "Feature", "properties": { "id": 13157040470, "lat": 38.6453212, "lon": -121.1360873, "direction": 225.0, "operator": "Unknown", "brand": "Unknown" }, "geometry": { "type": "Polygon", "coordinates": [ [ [ -121.136087300000014, 38.645321199999984 ], [ -121.13623058282046, 38.645270493144949 ], [ -121.136224402308471, 38.645260892602025 ], [ -121.136217178367488, 38.645251751034927 ], [ -121.136208965976323, 38.64524313801634 ], [ -121.136199827636389, 38.645235119096363 ], [ -121.136189832895937, 38.645227755303672 ], [ -121.136179057821067, 38.645221102680985 ], [ -121.13616758441637, 38.645215211858599 ], [ -121.136155500001266, 38.645210127669095 ], [ -121.136142896545167, 38.645205888806089 ], [ -121.136087300000014, 38.645321199999984 ] ] ] } },
{ "type": "Feature", "properties": { "id": 13158439777, "lat": 38.4559017, "lon": -121.405078, "direction": 85.0, "operator": "Unknown", "brand": "Unknown" }, "geometry": { "type": "Polygon", "coordinates": [ [ [ -121.405078, 38.45590170000002 ], [ -121.404926927591205, 38.455868624106003 ], [ -121.404923836340828, 38.455879103355635 ], [ -121.404921918367933, 38.455889754579857 ], [ -121.404921188270009, 38.455900496716524 ], [ -121.404921651603971, 38.455911248011446 ], [ -121.404923304844061, 38.455921926640819 ], [ -121.404926135408601, 38.45593245133378 ], [ -121.404930121755712, 38.455942741990967 ], [ -121.404935233547292, 38.455952720294164 ], [ -121.404941431879891, 38.455962310302368 ], [ -121.405078, 38.45590170000002 ] ] ] } },
{ "type": "Feature", "properties": { "id": 13158439778, "lat": 38.4562699, "lon": -121.4056276, "direction": 280.0, "operator": "Unknown", "brand": "Unknown" }, "geometry": { "type": "Polygon", "coordinates": [ [ [ -121.4056276, 38.4562699 ], [ -121.405762639044468, 38.456332593674247 ], [ -121.405769074151976, 38.456323100577343 ], [ -121.405774432553585, 38.456313202592121 ], [ -121.405778673469001, 38.456302975048374 ], [ -121.405781764622631, 38.456292495783956 ], [ -121.4057836824894, 38.456281844552507 ], [ -121.40578441247365, 38.456271102416345 ], [ -121.405783949020218, 38.45626035112965 ], [ -121.405782295656778, 38.456249672516194 ], [ -121.405779464966869, 38.456239147846631 ], [ -121.4056276, 38.4562699 ] ] ] } },
{ "type": "Feature", "properties": { "id": 13158440851, "lat": 38.5107526, "lon": -121.3908828, "direction": 270.0, "operator": "Unknown", "brand": "Unknown" }, "geometry": { "type": "Polygon", "coordinates": [ [ [ -121.390882799999986, 38.510752600000018 ], [ -121.391029725756397, 38.510795916384403 ], [ -121.391033971506502, 38.510785690072083 ], [ -121.391037066748737, 38.510775211924759 ], [ -121.391038987926834, 38.510764561687566 ], [ -121.391039720419982, 38.51075382041526 ], [ -121.39103925865389, 38.510743069855408 ], [ -121.391037606143428, 38.510732391826309 ], [ -121.391034775465641, 38.510721867594121 ], [ -121.39103078816413, 38.510711577254554 ], [ -121.39102567458508, 38.510701599123209 ], [ -121.390882799999986, 38.510752600000018 ] ] ] } },
{ "type": "Feature", "properties": { "id": 13158455403, "lat": 38.4830736, "lon": -121.4086792, "direction": 355.0, "operator": "Unknown", "brand": "Unknown" }, "geometry": { "type": "Polygon", "coordinates": [ [ [ -121.4086792, 38.4830736 ], [ -121.408637127017627, 38.48319238870598 ], [ -121.408650458629936, 38.483194818953706 ], [ -121.408664008982456, 38.48319632665067 ], [ -121.408677674948351, 38.483196900322355 ], [ -121.408691352520847, 38.483196535602744 ], [ -121.408704937604867, 38.483195235267587 ], [ -121.408718326809293, 38.483193009213288 ], [ -121.408731418233728, 38.483189874381495 ], [ -121.408744112244122, 38.483185854630307 ], [ -121.408756312231034, 38.48318098055254 ], [ -121.4086792, 38.4830736 ] ] ] } },
{ "type": "Feature", "properties": { "id": 13163271009, "lat": 38.6478919, "lon": -121.1216551, "direction": 25.0, "operator": "Unknown", "brand": "Unknown" }, "geometry": { "type": "Polygon", "coordinates": [ [ [ -121.1216551, 38.647891900000012 ], [ -121.121542552688865, 38.647977967816658 ], [ -121.121552546409575, 38.64798533272343 ], [ -121.1215633206278, 38.647991986550217 ], [ -121.121574793345133, 38.647997878657186 ], [ -121.12158687724704, 38.64800296420173 ], [ -121.121599480367479, 38.648007204479612 ], [ -121.12161250678875, 38.648010567219636 ], [ -121.121625857371583, 38.648013026829219 ], [ -121.121639430509433, 38.648014564589182 ], [ -121.121653122902174, 38.648015168796206 ], [ -121.1216551, 38.647891900000012 ] ] ] } },
{ "type": "Feature", "properties": { "id": 13163271010, "lat": 38.6473361, "lon": -121.1198675, "direction": 265.0, "operator": "Unknown", "brand": "Unknown" }, "geometry": { "type": "Polygon", "coordinates": [ [ [ -121.1198675, 38.6473361 ], [ -121.120018819121299, 38.647369503986333 ], [ -121.120021955733151, 38.647359034383086 ], [ -121.120023916842612, 38.647348390235848 ], [ -121.120024687524875, 38.647337652553041 ], [ -121.120024261915077, 38.647326903054932 ], [ -121.120022643252895, 38.647316223551705 ], [ -121.120019843857762, 38.647305695320739 ], [ -121.12001588503523, 38.647295398488211 ], [ -121.120010796914727, 38.647285411419112 ], [ -121.12000461822025, 38.647275810120981 ], [ -121.1198675, 38.6473361 ] ] ] } },
{ "type": "Feature", "properties": { "id": 13171216089, "lat": 38.6837446, "lon": -121.2783233, "direction": 10.0, "operator": "Unknown", "brand": "Unknown" }, "geometry": { "type": "Polygon", "coordinates": [ [ [ -121.2783233, 38.683744599999983 ], [ -121.278243167629142, 38.683850671397821 ], [ -121.278255267127392, 38.683855741913348 ], [ -121.278267884399057, 38.683859966570793 ], [ -121.278280923418762, 38.683863313217813 ], [ -121.278294284951301, 38.683865756384343 ], [ -121.278307867306893, 38.683867277476288 ], [ -121.278321567115128, 38.683867864917218 ], [ -121.278335280111747, 38.683867514236312 ], [ -121.278348901932048, 38.683866228102481 ], [ -121.278362328905274, 38.683864016304014 ], [ -121.2783233, 38.683744599999983 ] ] ] } },
{ "type": "Feature", "properties": { "id": 13172454087, "lat": 38.6441871, "lon": -121.1913283, "direction": 195.0, "operator": "Unknown", "brand": "Unknown" }, "geometry": { "type": "Polygon", "coordinates": [ [ [ -121.1913283, 38.6441871 ], [ -121.191419986343035, 38.644086962991935 ], [ -121.191408508977133, 38.644081077106193 ], [ -121.191396421174915, 38.644075998117778 ], [ -121.19138381493164, 38.644071764680774 ], [ -121.191370786188045, 38.644068409014061 ], [ -121.191357434100382, 38.644065956656164 ], [ -121.191343860285627, 38.644064426270944 ], [ -121.191330168048253, 38.644063829505519 ], [ -121.191316461593985, 38.644064170901586 ], [ -121.191302845236706, 38.644065447860967 ], [ -121.1913283, 38.6441871 ] ] ] } },
{ "type": "Feature", "properties": { "id": 13172454088, "lat": 38.6441949, "lon": -121.19134, "direction": 220.0, "operator": "Unknown", "brand": "Unknown" }, "geometry": { "type": "Polygon", "coordinates": [ [ [ -121.19134, 38.6441949 ], [ -121.191477058058922, 38.644134533414359 ], [ -121.191469827814871, 38.644125394948539 ], [ -121.191461609505382, 38.644116785458067 ], [ -121.191452465676846, 38.644108770466211 ], [ -121.191442465919422, 38.644101410971729 ], [ -121.191431686337239, 38.644094762984643 ], [ -121.191420208969319, 38.644088877099996 ], [ -121.191408121165182, 38.644083798112753 ], [ -121.191395514920032, 38.644079564676943 ], [ -121.191382486174646, 38.644076209011438 ], [ -121.19134, 38.6441949 ] ] ] } },
{ "type": "Feature", "properties": { "id": 13172454089, "lat": 38.6442156, "lon": -121.1913674, "direction": 220.0, "operator": "Unknown", "brand": "Unknown" }, "geometry": { "type": "Polygon", "coordinates": [ [ [ -121.1913674, 38.644215600000017 ], [ -121.191504458073922, 38.644155233386797 ], [ -121.191497227824826, 38.644146094922782 ], [ -121.191489009510164, 38.644137485434314 ], [ -121.191479865676442, 38.644129470444639 ], [ -121.191469865913845, 38.644122110952509 ], [ -121.191459086326532, 38.644115462967918 ], [ -121.191447608953538, 38.644109577085892 ], [ -121.191435521144456, 38.644104498101385 ], [ -121.191422914894517, 38.644100264668396 ], [ -121.191409886144541, 38.644096909005789 ], [ -121.1913674, 38.644215600000017 ] ] ] } },
{ "type": "Feature", "properties": { "id": 13172454090, "lat": 38.6443917, "lon": -121.1907952, "direction": 30.0, "operator": "Unknown", "brand": "Unknown" }, "geometry": { "type": "Polygon", "coordinates": [ [ [ -121.1907952, 38.6443917 ], [ -121.190673589410153, 38.644469813879923 ], [ -121.190682733201356, 38.644477828923335 ], [ -121.190692732935631, 38.644485188473254 ], [ -121.190703512508861, 38.64449183651891 ], [ -121.19071498988194, 38.644497722464429 ], [ -121.190727077704906, 38.644502801514136 ], [ -121.190739683981832, 38.644507035013206 ], [ -121.190752712771072, 38.644510390742063 ], [ -121.190766064915195, 38.644512843161429 ], [ -121.190779638795959, 38.644514373606889 ], [ -121.1907952, 38.6443917 ] ] ] } },
{ "type": "Feature", "properties": { "id": 13172454091, "lat": 38.6443863, "lon": -121.1907873, "direction": 45.0, "operator": "Unknown", "brand": "Unknown" }, "geometry": { "type": "Polygon", "coordinates": [ [ [ -121.1907873, 38.644386300000015 ], [ -121.190644053900954, 38.644437067898707 ], [ -121.190650240975131, 38.644446665827004 ], [ -121.190657471153628, 38.644455804335017 ], [ -121.19066568941065, 38.64446441387301 ], [ -121.190674833200433, 38.644472428917062 ], [ -121.190684832933258, 38.644479788467642 ], [ -121.19069561250511, 38.644486436514001 ], [ -121.190707089876796, 38.644492322460309 ], [ -121.190719177698412, 38.644497401510783 ], [ -121.190731783974087, 38.64450163501067 ], [ -121.1907873, 38.644386300000015 ] ] ] } },
{ "type": "Feature", "properties": { "id": 13172454092, "lat": 38.6477866, "lon": -121.1154519, "direction": 150.0, "operator": "Unknown", "brand": "Unknown" }, "geometry": { "type": "Polygon", "coordinates": [ [ [ -121.115451900000011, 38.6477866 ], [ -121.115426561180357, 38.647664933432559 ], [ -121.115413135818841, 38.647667128279046 ], [ -121.115400005474825, 38.647670232376221 ], [ -121.115387270077747, 38.647674222100072 ], [ -121.115375026551305, 38.647679067086578 ], [ -121.115363368075805, 38.647684730462551 ], [ -121.115352383379118, 38.647691169126453 ], [ -121.115342156061274, 38.647698334076338 ], [ -121.11533276395825, 38.647706170782747 ], [ -121.115324278549679, 38.647714619603803 ], [ -121.115451900000011, 38.6477866 ] ] ] } },
{ "type": "Feature", "properties": { "id": 13172454093, "lat": 38.6478005, "lon": -121.115416, "direction": 150.0, "operator": "Unknown", "brand": "Unknown" }, "geometry": { "type": "Polygon", "coordinates": [ [ [ -121.115416, 38.647800500000024 ], [ -121.115390661231274, 38.647678833427818 ], [ -121.115377235866404, 38.647681028270505 ], [ -121.11536410551868, 38.647684132363942 ], [ -121.115351370117523, 38.647688122084162 ], [ -121.115339126586704, 38.647692967067137 ], [ -121.115327468106571, 38.64769863043972 ], [ -121.115316483405024, 38.647705069100432 ], [ -121.115306256082093, 38.647712234047319 ], [ -121.115296863973867, 38.647720070750935 ], [ -121.115288378559939, 38.647728519569455 ], [ -121.115416, 38.647800500000024 ] ] ] } },
{ "type": "Feature", "properties": { "id": 13172454094, "lat": 38.6478039, "lon": -121.1154072, "direction": 135.0, "operator": "Unknown", "brand": "Unknown" }, "geometry": { "type": "Polygon", "coordinates": [ [ [ -121.1154072, 38.6478039 ], [ -121.115342570127282, 38.647691522080223 ], [ -121.115330326595384, 38.647696367062331 ], [ -121.115318668114142, 38.647702030434104 ], [ -121.115307683411402, 38.647708469094013 ], [ -121.115297456087248, 38.647715634040161 ], [ -121.115288063977715, 38.647723470743117 ], [ -121.115279578562493, 38.647731919561004 ], [ -121.115272064420822, 38.64774091619342 ], [ -121.115265578740022, 38.647750392170671 ], [ -121.115260170880347, 38.647760275375042 ], [ -121.1154072, 38.6478039 ] ] ] } },
{ "type": "Feature", "properties": { "id": 13172454095, "lat": 38.6381927, "lon": -121.1141382, "direction": 355.0, "operator": "Unknown", "brand": "Unknown" }, "geometry": { "type": "Polygon", "coordinates": [ [ [ -121.1141382, 38.638192700000012 ], [ -121.114095600714322, 38.638311366313509 ], [ -121.114108949420057, 38.638313826739058 ], [ -121.114122520741361, 38.638315365315648 ], [ -121.114136211391866, 38.638315970333764 ], [ -121.114149917176974, 38.638315637188832 ], [ -121.114163533786837, 38.638314368416275 ], [ -121.114176957590402, 38.638312173672283 ], [ -121.114190086423989, 38.638309069660231 ], [ -121.114202820368789, 38.63830508000364 ], [ -121.114215062511491, 38.638300235066282 ], [ -121.1141382, 38.638192700000012 ] ] ] } },
{ "type": "Feature", "properties": { "id": 13172454096, "lat": 38.6381923, "lon": -121.1141453, "direction": 345.0, "operator": "Unknown", "brand": "Unknown" }, "geometry": { "type": "Polygon", "coordinates": [ [ [ -121.1141453, 38.638192299999986 ], [ -121.114129620752507, 38.638314965316575 ], [ -121.114143311402984, 38.638315570333937 ], [ -121.114157017187964, 38.638315237188223 ], [ -121.114170633797684, 38.638313968414927 ], [ -121.114184057600994, 38.638311773670161 ], [ -121.114197186434197, 38.638308669657384 ], [ -121.114209920378585, 38.638304680000097 ], [ -121.114222162520775, 38.638299835062064 ], [ -121.114233819690384, 38.638294171716367 ], [ -121.1142448031691, 38.638287733064637 ], [ -121.1141453, 38.638192299999986 ] ] ] } },
{ "type": "Feature", "properties": { "id": 13172454097, "lat": 38.6381918, "lon": -121.1141639, "direction": 335.0, "operator": "Unknown", "brand": "Unknown" }, "geometry": { "type": "Polygon", "coordinates": [ [ [ -121.1141639, 38.6381918 ], [ -121.114175617216901, 38.63831473718664 ], [ -121.114189233826238, 38.638313468411347 ], [ -121.114202657628937, 38.638311273664662 ], [ -121.114215786461358, 38.638308169649967 ], [ -121.114228520404694, 38.638304179990804 ], [ -121.114240762545663, 38.638299335051009 ], [ -121.114252419713878, 38.638293671703607 ], [ -121.114263403190989, 38.638287233050278 ], [ -121.114273629385991, 38.638280068093202 ], [ -121.114283020471305, 38.638272231362222 ], [ -121.1141639, 38.6381918 ] ] ] } },
{ "type": "Feature", "properties": { "id": 13172454098, "lat": 38.6467458, "lon": -121.1602332, "direction": 145.0, "operator": "Unknown", "brand": "Unknown" }, "geometry": { "type": "Polygon", "coordinates": [ [ [ -121.1602332, 38.6467458 ], [ -121.16019436846355, 38.646626341661928 ], [ -121.160181240057611, 38.646629450350687 ], [ -121.160168507096472, 38.646633444529321 ], [ -121.160156266485274, 38.646638293799896 ], [ -121.160144611382179, 38.64664396125665 ], [ -121.160133630489383, 38.646650403766955 ], [ -121.16012340737791, 38.646657572299624 ], [ -121.160114019851818, 38.646665412297907 ], [ -121.160105539355825, 38.6466738640949 ], [ -121.160098030431755, 38.64668286336746 ], [ -121.1602332, 38.6467458 ] ] ] } },
{ "type": "Feature", "properties": { "id": 13172454099, "lat": 38.6467545, "lon": -121.1602188, "direction": 145.0, "operator": "Unknown", "brand": "Unknown" }, "geometry": { "type": "Polygon", "coordinates": [ [ [ -121.1602188, 38.646754499999986 ], [ -121.160179968481074, 38.64663504165901 ], [ -121.160166840073131, 38.646638150346242 ], [ -121.160154107109861, 38.646642144523412 ], [ -121.160141866496417, 38.646646993792537 ], [ -121.160130211391007, 38.64665266124792 ], [ -121.160119230495823, 38.646659103756924 ], [ -121.160109007381934, 38.646666272288343 ], [ -121.160099619853341, 38.646674112285488 ], [ -121.160091139354876, 38.646682564081402 ], [ -121.160083630428346, 38.646691563353023 ], [ -121.1602188, 38.646754499999986 ] ] ] } },
{ "type": "Feature", "properties": { "id": 13172454100, "lat": 38.6467573, "lon": -121.1602147, "direction": 115.0, "operator": "Unknown", "brand": "Unknown" }, "geometry": { "type": "Polygon", "coordinates": [ [ [ -121.160214700000012, 38.6467573 ], [ -121.160104907382632, 38.646669072285199 ], [ -121.1600955198533, 38.646676912282025 ], [ -121.160087039354082, 38.646685364077634 ], [ -121.160079530426827, 38.646694363348985 ], [ -121.160073050219182, 38.646703841606289 ], [ -121.160067648049704, 38.646713726714466 ], [ -121.160063365032499, 38.646723943441977 ], [ -121.160060233764341, 38.64673441403346 ], [ -121.160058278076477, 38.646745058801478 ], [ -121.160057512853342, 38.646755796732961 ], [ -121.160214700000012, 38.6467573 ] ] ] } },
{ "type": "Feature", "properties": { "id": 13178981488, "lat": 38.6483024, "lon": -121.0868737, "direction": 200.0, "operator": "Unknown", "brand": "Unknown" }, "geometry": { "type": "Polygon", "coordinates": [ [ [ -121.086873700000012, 38.6483024 ], [ -121.086976295101863, 38.648208995069659 ], [ -121.086965523774154, 38.64820233833796 ], [ -121.086954053614747, 38.648196443135191 ], [ -121.086941971918264, 38.648191354327302 ], [ -121.08692937063347, 38.648187110643008 ], [ -121.086916345663369, 38.648183744379189 ], [ -121.086902996135493, 38.64818128115504 ], [ -121.086889423647378, 38.64817973971715 ], [ -121.086875731493336, 38.648179131796688 ], [ -121.086862023878496, 38.648179462020309 ], [ -121.086873700000012, 38.6483024 ] ] ] } },
{ "type": "Feature", "properties": { "id": 13182350247, "lat": 38.6566882, "lon": -121.126646, "direction": 185.0, "operator": "Unknown", "brand": "Unknown" }, "geometry": { "type": "Polygon", "coordinates": [ [ [ -121.126646, 38.656688199999977 ], [ -121.12671422314169, 38.656577134442863 ], [ -121.126701618375733, 38.656572894718266 ], [ -121.126688590322232, 38.656569532535364 ], [ -121.12667523813208, 38.656567073482279 ], [ -121.126661663423121, 38.65656553627381 ], [ -121.126647969506621, 38.656564932608987 ], [ -121.126634260601065, 38.656565267082058 ], [ -121.126620641038983, 38.656566537147505 ], [ -121.12660721447304, 38.656568733139366 ], [ -121.126594083087014, 38.656571838344917 ], [ -121.126646, 38.656688199999977 ] ] ] } },
{ "type": "Feature", "properties": { "id": 13184773087, "lat": 38.7068214, "lon": -121.2902151, "direction": 330.0, "operator": "Unknown", "brand": "Unknown" }, "geometry": { "type": "Polygon", "coordinates": [ [ [ -121.2902151, 38.7068214 ], [ -121.290240727796686, 38.70694302179794 ], [ -121.290254158369919, 38.706940808825891 ], [ -121.290267291684017, 38.706937687079311 ], [ -121.29028002778611, 38.706933680316688 ], [ -121.290292269746473, 38.706928819032015 ], [ -121.290303924396071, 38.706923140222706 ], [ -121.290314903035735, 38.706916687108126 ], [ -121.290325122111312, 38.706909508800493 ], [ -121.29033450384938, 38.706901659931283 ], [ -121.290342976849274, 38.706893200235271 ], [ -121.2902151, 38.7068214 ] ] ] } },
{ "type": "Feature", "properties": { "id": 13231923183, "lat": 38.6783605, "lon": -121.2254582, "direction": 45.0, "operator": "Unknown", "brand": "Unknown" }, "geometry": { "type": "Polygon", "coordinates": [ [ [ -121.22545820000002, 38.678360500000011 ], [ -121.22531491448342, 38.678411304247007 ], [ -121.225321108448128, 38.678420900048224 ], [ -121.22532834576468, 38.678430036168642 ], [ -121.225336571353012, 38.678438643076802 ], [ -121.225345722611493, 38.67844665526875 ], [ -121.225355729893664, 38.678454011766689 ], [ -121.225366517037955, 38.678460656583091 ], [ -121.225378001947604, 38.678466539146662 ], [ -121.225390097215339, 38.678471614687439 ], [ -121.225402710788558, 38.678475844577342 ], [ -121.22545820000002, 38.678360500000011 ] ] ] } },
{ "type": "Feature", "properties": { "id": 13231923184, "lat": 38.6786634, "lon": -121.2259804, "direction": 250.0, "operator": "Unknown", "brand": "Unknown" }, "geometry": { "type": "Polygon", "coordinates": [ [ [ -121.225980399999983, 38.6786634 ], [ -121.226137652023468, 38.678664822358584 ], [ -121.226137211768489, 38.678654073686765 ], [ -121.226135578081696, 38.678643395994399 ], [ -121.226132763396905, 38.678632870545094 ], [ -121.226128789135998, 38.678622577443825 ], [ -121.226123685545915, 38.678612595027225 ], [ -121.226117491468429, 38.678602999267369 ], [ -121.226110254044471, 38.67859386319369 ], [ -121.226102028355427, 38.678585256337023 ], [ -121.226092877003921, 38.678577244200596 ], [ -121.225980399999983, 38.6786634 ] ] ] } },
{ "type": "Feature", "properties": { "id": 13231923185, "lat": 38.6782872, "lon": -121.2258758, "direction": 150.0, "operator": "Unknown", "brand": "Unknown" }, "geometry": { "type": "Polygon", "coordinates": [ [ [ -121.2258758, 38.678287200000014 ], [ -121.225850280884885, 38.678165560491372 ], [ -121.22583685341047, 38.678167766809011 ], [ -121.225823722341772, 38.678170882084089 ], [ -121.225810987613741, 38.678174882607564 ], [ -121.225798746145017, 38.678179737933164 ], [ -121.225787091100244, 38.678185411109091 ], [ -121.225776111181162, 38.678191858959146 ], [ -121.225765889951433, 38.678199032411499 ], [ -121.225756505200735, 38.678206876872004 ], [ -121.22574802835274, 38.678215332639766 ], [ -121.2258758, 38.678287200000014 ] ] ] } },
{ "type": "Feature", "properties": { "id": 13231923252, "lat": 38.6638203, "lon": -121.2718635, "direction": 80.0, "operator": "Unknown", "brand": "Unknown" }, "geometry": { "type": "Polygon", "coordinates": [ [ [ -121.2718635, 38.663820300000019 ], [ -121.27170896799413, 38.6637975491373 ], [ -121.271707026964208, 38.663808195350299 ], [ -121.271706276788024, 38.663818933687544 ], [ -121.271706723175356, 38.663829682423817 ], [ -121.271708362729413, 38.663840359754758 ], [ -121.271711182972666, 38.663850884419332 ], [ -121.271715162441822, 38.663861176318491 ], [ -121.271720270851119, 38.663871157124532 ], [ -121.271726469322815, 38.663880750877375 ], [ -121.271733710683108, 38.663889884562657 ], [ -121.2718635, 38.663820300000019 ] ] ] } },
{ "type": "Feature", "properties": { "id": 13231942411, "lat": 38.6641283, "lon": -121.2255602, "direction": 350.0, "operator": "Unknown", "brand": "Unknown" }, "geometry": { "type": "Polygon", "coordinates": [ [ [ -121.225560200000018, 38.664128300000016 ], [ -121.225531111059524, 38.664249447740701 ], [ -121.225544689013944, 38.664250974462448 ], [ -121.22555838501691, 38.664251567556128 ], [ -121.225572094833041, 38.664251222507893 ], [ -121.225585714121891, 38.664249941943758 ], [ -121.22559913923196, 38.664247735609656 ], [ -121.225612267989632, 38.66424462029719 ], [ -121.225625000476725, 38.664240619715862 ], [ -121.225637239790942, 38.664235764312615 ], [ -121.22564889278344, 38.664230091040139 ], [ -121.225560200000018, 38.664128300000016 ] ] ] } },
{ "type": "Feature", "properties": { "id": 13231942412, "lat": 38.6637877, "lon": -121.2254904, "direction": 80.0, "operator": "Unknown", "brand": "Unknown" }, "geometry": { "type": "Polygon", "coordinates": [ [ [ -121.225490400000012, 38.6637877 ], [ -121.225335881461788, 38.663764893242735 ], [ -121.225333934168361, 38.663775538752979 ], [ -121.225333177673832, 38.663786276818215 ], [ -121.225333617736098, 38.66379702571529 ], [ -121.22533525100647, 38.663807703638618 ], [ -121.225338065055254, 38.663818229322693 ], [ -121.225342038466309, 38.66382852266063 ], [ -121.225347140999958, 38.663838505313841 ], [ -121.225353333823193, 38.663848101308162 ], [ -121.225360569805218, 38.663857237612142 ], [ -121.225490400000012, 38.6637877 ] ] ] } },
{ "type": "Feature", "properties": { "id": 13231942413, "lat": 38.6640781, "lon": -121.2260197, "direction": 250.0, "operator": "Unknown", "brand": "Unknown" }, "geometry": { "type": "Polygon", "coordinates": [ [ [ -121.226019699999981, 38.6640781 ], [ -121.226176922920715, 38.6640795223393 ], [ -121.226176482741877, 38.66406877344933 ], [ -121.22617484935212, 38.664058095540589 ], [ -121.226172035183012, 38.664047569878406 ], [ -121.226168061652515, 38.664037276569324 ], [ -121.226162959001996, 38.664027293951563 ], [ -121.226156766066097, 38.664017697998744 ], [ -121.22614952997705, 38.664008561741717 ], [ -121.226141305806081, 38.663999954712786 ], [ -121.226132156144288, 38.663991942416445 ], [ -121.226019699999981, 38.6640781 ] ] ] } },
{ "type": "Feature", "properties": { "id": 13231942414, "lat": 38.6637053, "lon": -121.2259375, "direction": 160.0, "operator": "Unknown", "brand": "Unknown" }, "geometry": { "type": "Polygon", "coordinates": [ [ [ -121.2259375, 38.6637053 ], [ -121.225939314377541, 38.663582032344898 ], [ -121.225925604679432, 38.663582377432725 ], [ -121.225911985511459, 38.663583658034163 ], [ -121.225898560523277, 38.663585864403039 ], [ -121.225885431886653, 38.663588979747686 ], [ -121.225872699518078, 38.663592980358516 ], [ -121.225860460318202, 38.663597835788579 ], [ -121.225848807434431, 38.66360350908527 ], [ -121.225837829552006, 38.663609957071522 ], [ -121.225827610219142, 38.663617130674417 ], [ -121.2259375, 38.6637053 ] ] ] } },
{ "type": "Feature", "properties": { "id": 13237628741, "lat": 38.6355025, "lon": -121.2243925, "direction": 45.0, "operator": "Unknown", "brand": "Unknown" }, "geometry": { "type": "Polygon", "coordinates": [ [ [ -121.2243925, 38.6355025 ], [ -121.2242492916901, 38.635553306077881 ], [ -121.224255482157886, 38.635562902501277 ], [ -121.224262715416586, 38.635572039225259 ], [ -121.224270936416929, 38.635580646713713 ], [ -121.224280082592287, 38.635588659458257 ], [ -121.224290084334783, 38.635596016476924 ], [ -121.224300865525109, 38.635602661778179 ], [ -121.22431234411178, 38.635608544787097 ], [ -121.2243244327356, 38.63561362073029 ], [ -121.224337039394598, 38.635617850976615 ], [ -121.2243925, 38.6355025 ] ] ] } },
{ "type": "Feature", "properties": { "id": 13237631209, "lat": 38.5936415, "lon": -121.287672, "direction": 50.0, "operator": "Unknown", "brand": "Unknown" }, "geometry": { "type": "Polygon", "coordinates": [ [ [ -121.287672, 38.5936415 ], [ -121.287523802606245, 38.593682398565932 ], [ -121.287528908471032, 38.593692379707591 ], [ -121.287535103350862, 38.593701973624228 ], [ -121.28754234009925, 38.593711107300138 ], [ -121.287550563640366, 38.593719711222434 ], [ -121.287559711388255, 38.593727719909872 ], [ -121.287569713723073, 38.593735072411349 ], [ -121.287580494520995, 38.593741712769734 ], [ -121.287591971733505, 38.593747590447698 ], [ -121.287604058011894, 38.593752660712447 ], [ -121.287672, 38.5936415 ] ] ] } },
{ "type": "Feature", "properties": { "id": 13237631210, "lat": 38.5938447, "lon": -121.2878183, "direction": 330.0, "operator": "Unknown", "brand": "Unknown" }, "geometry": { "type": "Polygon", "coordinates": [ [ [ -121.2878183, 38.5938447 ], [ -121.287843887395113, 38.593966341317433 ], [ -121.28785729879948, 38.59396412824993 ], [ -121.287870413398082, 38.593961006260038 ], [ -121.287883131380511, 38.593956999108144 ], [ -121.287895355954888, 38.593952137291147 ], [ -121.287906994084508, 38.593946457810574 ], [ -121.287917957196015, 38.593940003890893 ], [ -121.28792816185333, 38.593932824650423 ], [ -121.28793753039281, 38.593924974727742 ], [ -121.287945991514235, 38.593916513865658 ], [ -121.2878183, 38.5938447 ] ] ] } },
{ "type": "Feature", "properties": { "id": 13237631211, "lat": 38.5937605, "lon": -121.2880804, "direction": 240.0, "operator": "Unknown", "brand": "Unknown" }, "geometry": { "type": "Polygon", "coordinates": [ [ [ -121.2880804, 38.5937605 ], [ -121.288235395279571, 38.5937404184941 ], [ -121.288232575338156, 38.593729893175798 ], [ -121.288228597251887, 38.593719600794387 ], [ -121.288223491296804, 38.593709619680979 ], [ -121.288217296332675, 38.593700025797752 ], [ -121.288210059507136, 38.593690892159849 ], [ -121.288201835897098, 38.593682288279552 ], [ -121.288192688089282, 38.59367427963749 ], [ -121.288182685704101, 38.593666927184024 ], [ -121.28817190486572, 38.593660286875661 ], [ -121.2880804, 38.5937605 ] ] ] } },
{ "type": "Feature", "properties": { "id": 13237631212, "lat": 38.5935827, "lon": -121.287993, "direction": 160.0, "operator": "Unknown", "brand": "Unknown" }, "geometry": { "type": "Polygon", "coordinates": [ [ [ -121.287993, 38.59358269999997 ], [ -121.287994715787363, 38.593459419572987 ], [ -121.287981018550568, 38.593459771330728 ], [ -121.287967412499384, 38.593461058648508 ], [ -121.287954001183635, 38.593463271729078 ], [ -121.287940886671095, 38.593466393729642 ], [ -121.287928168770677, 38.593470400889991 ], [ -121.287915944272982, 38.593475262713298 ], [ -121.28790430621352, 38.593480942198354 ], [ -121.287893343164697, 38.593487396120921 ], [ -121.287883138561838, 38.593494575362989 ], [ -121.287993, 38.59358269999997 ] ] ] } },
{ "type": "Feature", "properties": { "id": 13241177077, "lat": 38.6463102, "lon": -121.1144484, "direction": 25.0, "operator": "Unknown", "brand": "Unknown" }, "geometry": { "type": "Polygon", "coordinates": [ [ [ -121.1144484, 38.6463102 ], [ -121.11433584707882, 38.646396261676927 ], [ -121.114345839925662, 38.646403627161718 ], [ -121.114356613319359, 38.646410281608837 ], [ -121.114368085267756, 38.646416174373762 ], [ -121.114380168462247, 38.646421260608832 ], [ -121.114392770942118, 38.646425501604597 ], [ -121.114405796794557, 38.646428865084381 ], [ -121.114419146884572, 38.646431325450003 ], [ -121.114432719609468, 38.646432863976472 ], [ -121.114446411672191, 38.646433468954655 ], [ -121.1144484, 38.6463102 ] ] ] } },
{ "type": "Feature", "properties": { "id": 13241177078, "lat": 38.6554232, "lon": -121.1275713, "direction": 335.0, "operator": "Unknown", "brand": "Unknown" }, "geometry": { "type": "Polygon", "coordinates": [ [ [ -121.1275713, 38.6554232 ], [ -121.12758304069034, 38.65554613302691 ], [ -121.127596660060576, 38.655544862857425 ], [ -121.127610086424568, 38.655542666758812 ], [ -121.12762321759908, 38.655539561444748 ], [ -121.12763595364757, 38.655535570548665 ], [ -121.127648197640696, 38.655530724443807 ], [ -121.127659856393919, 38.65552506001206 ], [ -121.127670841176908, 38.655518620363388 ], [ -121.127681068388739, 38.655511454507511 ], [ -121.127690460194003, 38.655503616981129 ], [ -121.1275713, 38.6554232 ] ] ] } },
{ "type": "Feature", "properties": { "id": 13241177079, "lat": 38.6557863, "lon": -121.12653, "direction": 335.0, "operator": "Unknown", "brand": "Unknown" }, "geometry": { "type": "Polygon", "coordinates": [ [ [ -121.12653, 38.6557863 ], [ -121.126541739120313, 38.655909233060342 ], [ -121.126555358570073, 38.655907963002115 ], [ -121.126568785024901, 38.655905767013685 ], [ -121.12658191630095, 38.655902661807836 ], [ -121.126594652460867, 38.655898671017233 ], [ -121.126606896574387, 38.655893825014267 ], [ -121.126618555456176, 38.655888160680085 ], [ -121.126629540374836, 38.65588172112389 ], [ -121.126639767728435, 38.655874555354693 ], [ -121.126649159680539, 38.655866717908545 ], [ -121.12653, 38.6557863 ] ] ] } },
{ "type": "Feature", "properties": { "id": 13241624068, "lat": 38.6784393, "lon": -121.2624167, "direction": 80.0, "operator": "Unknown", "brand": "Unknown" }, "geometry": { "type": "Polygon", "coordinates": [ [ [ -121.262416700000017, 38.6784393 ], [ -121.262262142051185, 38.678416538213945 ], [ -121.262260199384741, 38.678427184067196 ], [ -121.262259447781915, 38.678437922130527 ], [ -121.262259892963357, 38.678448670680886 ], [ -121.262261531541469, 38.678459347915243 ], [ -121.262264351046156, 38.67846987257338 ], [ -121.262268330019694, 38.67848016455622 ], [ -121.262273438180131, 38.67849014553547 ], [ -121.262279636651655, 38.678499739549743 ], [ -121.262286878260369, 38.678508873582629 ], [ -121.262416700000017, 38.6784393 ] ] ] } },
{ "type": "Feature", "properties": { "id": 13241624069, "lat": 38.6784095, "lon": -121.2623883, "direction": 170.0, "operator": "Unknown", "brand": "Unknown" }, "geometry": { "type": "Polygon", "coordinates": [ [ [ -121.262388300000012, 38.678409500000022 ], [ -121.26241733749734, 38.678288346293485 ], [ -121.262403756410407, 38.678286823506674 ], [ -121.262390057691391, 38.678286234360684 ], [ -121.262376345595356, 38.678286583339251 ], [ -121.262362724479132, 38.678287867786473 ], [ -121.262349298007152, 38.678290077926931 ], [ -121.26233616836258, 38.678293196940217 ], [ -121.262323435469455, 38.678297201088846 ], [ -121.262311196232474, 38.678302059898925 ], [ -121.262299543799358, 38.678307736392163 ], [ -121.262388300000012, 38.678409500000022 ] ] ] } },
{ "type": "Feature", "properties": { "id": 13241624070, "lat": 38.6787591, "lon": -121.2620774, "direction": 350.0, "operator": "Unknown", "brand": "Unknown" }, "geometry": { "type": "Polygon", "coordinates": [ [ [ -121.2620774, 38.6787591 ], [ -121.262048361806492, 38.678880253549991 ], [ -121.262061942988836, 38.678881776373188 ], [ -121.262075641808934, 38.67888236555374 ], [ -121.262089354009987, 38.678882016607616 ], [ -121.26210297523339, 38.678880732190507 ], [ -121.262116401812889, 38.678878522077646 ], [ -121.262129531563716, 38.678875403089414 ], [ -121.262142264560126, 38.678871398963274 ], [ -121.262154503895971, 38.678866540173154 ], [ -121.262166156422197, 38.678860863697544 ], [ -121.2620774, 38.6787591 ] ] ] } },
{ "type": "Feature", "properties": { "id": 13241633224, "lat": 38.7187279, "lon": -121.2716599, "direction": 350.0, "operator": "Unknown", "brand": "Unknown" }, "geometry": { "type": "Polygon", "coordinates": [ [ [ -121.271659900000017, 38.7187279 ], [ -121.271630861810422, 38.718849048934295 ], [ -121.271644450071051, 38.718850570657345 ], [ -121.271658155915503, 38.718851158781277 ], [ -121.271671875033547, 38.718850808830055 ], [ -121.271685503013941, 38.718849523467064 ], [ -121.27169893613906, 38.718847312474722 ], [ -121.271712072174211, 38.718844192680045 ], [ -121.271724811145873, 38.718840187826714 ], [ -121.271737056102396, 38.718835328394178 ], [ -121.27174871385202, 38.718829651365752 ], [ -121.271659900000017, 38.7187279 ] ] ] } },
{ "type": "Feature", "properties": { "id": 13241633225, "lat": 38.7184489, "lon": -121.2719129, "direction": 170.0, "operator": "Unknown", "brand": "Unknown" }, "geometry": { "type": "Polygon", "coordinates": [ [ [ -121.2719129, 38.7184489 ], [ -121.271941937608133, 38.718327750933646 ], [ -121.271928349431974, 38.718326229240979 ], [ -121.271914643676865, 38.718325641145462 ], [ -121.271900924651391, 38.718325991122917 ], [ -121.271887296765115, 38.718327276509733 ], [ -121.271873863733987, 38.71832948752342 ], [ -121.271860727791108, 38.718332607336897 ], [ -121.271847988908476, 38.718336612206592 ], [ -121.271835744036338, 38.718341471653133 ], [ -121.271824086365271, 38.718347148693375 ], [ -121.2719129, 38.7184489 ] ] ] } },
{ "type": "Feature", "properties": { "id": 13241636888, "lat": 38.7077376, "lon": -121.2720839, "direction": 270.0, "operator": "Unknown", "brand": "Unknown" }, "geometry": { "type": "Polygon", "coordinates": [ [ [ -121.272083900000013, 38.707737600000016 ], [ -121.272231127758261, 38.707781041047639 ], [ -121.272235399543789, 38.707770821448378 ], [ -121.272238518324883, 38.707760349014215 ], [ -121.27224046036612, 38.707749703446865 ], [ -121.272241210887898, 38.7077389657655 ], [ -121.272240764178761, 38.707728217690423 ], [ -121.272239123638954, 38.707717541020962 ], [ -121.272236301754418, 38.707707017012922 ], [ -121.272232320001848, 38.707696725760336 ], [ -121.272227208685194, 38.707686745585768 ], [ -121.272083900000013, 38.707737600000016 ] ] ] } },
{ "type": "Feature", "properties": { "id": 13241659043, "lat": 38.7059366, "lon": -121.2673051, "direction": 45.0, "operator": "Unknown", "brand": "Unknown" }, "geometry": { "type": "Polygon", "coordinates": [ [ [ -121.267305099999987, 38.7059366 ], [ -121.267161791321328, 38.705987449040528 ], [ -121.267167992552217, 38.705997042449411 ], [ -121.267175237255955, 38.706006175854824 ], [ -121.267183470296217, 38.706014779745971 ], [ -121.267192629014716, 38.706022788641789 ], [ -121.267202643708131, 38.70603014158965 ], [ -121.267213438158564, 38.706036782628942 ], [ -121.267224930213601, 38.706042661217225 ], [ -121.267237032411586, 38.706047732614728 ], [ -121.267249652647195, 38.706051958224926 ], [ -121.267305099999987, 38.7059366 ] ] ] } },
{ "type": "Feature", "properties": { "id": 13242755244, "lat": 38.5977688, "lon": -121.4197863, "direction": 325.0, "operator": "Unknown", "brand": "Unknown" }, "geometry": { "type": "Polygon", "coordinates": [ [ [ -121.4197863, 38.5977688 ], [ -121.419825500506718, 38.597888187323015 ], [ -121.419838610523371, 38.597885051839796 ], [ -121.419851322423611, 38.59788103160875 ], [ -121.419863539461844, 38.597876157226331 ], [ -121.419875168658749, 38.59787046578969 ], [ -121.419886121508881, 38.597864000614223 ], [ -121.419896314654309, 38.597856810904034 ], [ -121.419905670519, 38.597848951377273 ], [ -121.419914117899211, 38.597840481849879 ], [ -121.419921592505347, 38.597831466780242 ], [ -121.4197863, 38.5977688 ] ] ] } },
{ "type": "Feature", "properties": { "id": 13242765044, "lat": 38.5959392, "lon": -121.383319, "direction": 255.0, "operator": "Unknown", "brand": "Unknown" }, "geometry": { "type": "Polygon", "coordinates": [ [ [ -121.383319, 38.5959392 ], [ -121.383475355437142, 38.595951169540875 ], [ -121.383476089751042, 38.595940429551135 ], [ -121.383475628517019, 38.59592968020435 ], [ -121.383473975245849, 38.595919003309511 ], [ -121.383471142520364, 38.595908480124208 ], [ -121.383467151899779, 38.595898190736172 ], [ -121.383462033755563, 38.595888213453733 ], [ -121.383455827040194, 38.595878624209931 ], [ -121.383448578990823, 38.595869495984587 ], [ -121.383440344769681, 38.595860898248823 ], [ -121.383319, 38.5959392 ] ] ] } },
{ "type": "Feature", "properties": { "id": 13242776147, "lat": 38.6609161, "lon": -121.3642498, "direction": 60.0, "operator": "Unknown", "brand": "Unknown" }, "geometry": { "type": "Polygon", "coordinates": [ [ [ -121.3642498, 38.6609161 ], [ -121.364094692026583, 38.660936271621956 ], [ -121.364097524502213, 38.660946794292258 ], [ -121.364101515887683, 38.660957083360898 ], [ -121.364106635806536, 38.660967060521799 ], [ -121.364112845293462, 38.660976649842581 ], [ -121.36412009709079, 38.660985778342592 ], [ -121.364128336008193, 38.660994376548288 ], [ -121.364137499342661, 38.661002379021973 ], [ -121.364147517355732, 38.661009724859831 ], [ -121.364158313804268, 38.661016358155393 ], [ -121.3642498, 38.6609161 ] ] ] } },
{ "type": "Feature", "properties": { "id": 13242776148, "lat": 38.6612373, "lon": -121.3646959, "direction": 240.0, "operator": "Unknown", "brand": "Unknown" }, "geometry": { "type": "Polygon", "coordinates": [ [ [ -121.3646959, 38.6612373 ], [ -121.364851008411989, 38.6612171276591 ], [ -121.36484817582604, 38.661206605009383 ], [ -121.364844184330451, 38.661196315967558 ], [ -121.364839064303339, 38.661186338839308 ], [ -121.364832854711537, 38.661176749556475 ], [ -121.364825602814065, 38.661167621099224 ], [ -121.364817363802473, 38.661159022940389 ], [ -121.364808200380779, 38.661151020517039 ], [ -121.364798182288141, 38.661143674732259 ], [ -121.364787385768338, 38.661137041491749 ], [ -121.3646959, 38.6612373 ] ] ] } },
{ "type": "Feature", "properties": { "id": 13243083871, "lat": 38.6550559, "lon": -121.4777996, "direction": 90.0, "operator": "Sacramento Police Department", "brand": "Unknown" }, "geometry": { "type": "Polygon", "coordinates": [ [ [ -121.477799599999983, 38.6550559 ], [ -121.477652357731955, 38.655012691788336 ], [ -121.477648115451146, 38.655022918959524 ], [ -121.4776450260578, 38.655033397136783 ], [ -121.477643113064488, 38.655044046574929 ], [ -121.477642391030713, 38.655054786225314 ], [ -121.477642865452054, 38.655065534352829 ], [ -121.477644532718372, 38.655076209157606 ], [ -121.477647380141278, 38.655086729397958 ], [ -121.477651386050567, 38.655097015008451 ], [ -121.47765651995924, 38.655106987709225 ], [ -121.477799599999983, 38.6550559 ] ] ] } },
{ "type": "Feature", "properties": { "id": 13243109051, "lat": 38.6545208, "lon": -121.4288864, "direction": 90.0, "operator": "Sacramento Police Department", "brand": "Unknown" }, "geometry": { "type": "Polygon", "coordinates": [ [ [ -121.4288864, 38.6545208 ], [ -121.428739185563103, 38.654477535577961 ], [ -121.428734936964858, 38.654487761136785 ], [ -121.428731841090325, 38.65449823814177 ], [ -121.428729921501443, 38.654508886856597 ], [ -121.428729192807864, 38.654519626238198 ], [ -121.428729660555888, 38.654530374553417 ], [ -121.428731321186149, 38.654541050001043 ], [ -121.428734162060721, 38.654551571334466 ], [ -121.428738161559309, 38.654561858479909 ], [ -121.428743289243684, 38.654571833145859 ], [ -121.4288864, 38.6545208 ] ] ] } },
{ "type": "Feature", "properties": { "id": 13243121516, "lat": 38.6746473, "lon": -121.5909578, "direction": 0.0, "operator": "Unknown", "brand": "Unknown" }, "geometry": { "type": "Polygon", "coordinates": [ [ [ -121.5909578, 38.6746473 ], [ -121.590902848801193, 38.674762802574421 ], [ -121.590915899530842, 38.674766117459903 ], [ -121.590929269149811, 38.674768528071553 ], [ -121.590942855906789, 38.67477001606305 ], [ -121.590956556397842, 38.674770570109843 ], [ -121.590970266353523, 38.674770185995293 ], [ -121.590983881432294, 38.674768866642744 ], [ -121.590997298014685, 38.674766622093308 ], [ -121.591010413991981, 38.674763469429422 ], [ -121.591023129543245, 38.674759432644862 ], [ -121.5909578, 38.6746473 ] ] ] } },
{ "type": "Feature", "properties": { "id": 13243135838, "lat": 38.6298645, "lon": -121.4754684, "direction": 0.0, "operator": "Sacramento Police Department", "brand": "Unknown" }, "geometry": { "type": "Polygon", "coordinates": [ [ [ -121.475468400000011, 38.6298645 ], [ -121.475413310857192, 38.629979960172136 ], [ -121.475426349309743, 38.629983287016536 ], [ -121.475439707794848, 38.629985709818769 ], [ -121.475453284645965, 38.629987210139774 ], [ -121.475466976534591, 38.629987776561165 ], [ -121.475480679256705, 38.629987404772088 ], [ -121.475494288525823, 38.629986097602121 ], [ -121.475507700766727, 38.629983864999645 ], [ -121.475520813903714, 38.62998072395618 ], [ -121.475533528137461, 38.629976698377064 ], [ -121.475468400000011, 38.6298645 ] ] ] } },
{ "type": "Feature", "properties": { "id": 13243135839, "lat": 38.6298645, "lon": -121.475474, "direction": 350.0, "operator": "Unknown", "brand": "Unknown" }, "geometry": { "type": "Polygon", "coordinates": [ [ [ -121.475474, 38.629864499999982 ], [ -121.475445307803454, 38.629985709820019 ], [ -121.475458884654699, 38.629987210140442 ], [ -121.475472576543353, 38.629987776561215 ], [ -121.475486279265439, 38.629987404771562 ], [ -121.475499888534472, 38.629986097600984 ], [ -121.475513300775205, 38.629983864997939 ], [ -121.475526413911965, 38.629980723953885 ], [ -121.475539128145428, 38.629976698374215 ], [ -121.47555134671228, 38.629971818896131 ], [ -121.475562976621561, 38.629966122655532 ], [ -121.475474, 38.629864499999982 ] ] ] } },
{ "type": "Feature", "properties": { "id": 13243135840, "lat": 38.6298648, "lon": -121.4754807, "direction": 220.0, "operator": "Sacramento Police Department", "brand": "Unknown" }, "geometry": { "type": "Polygon", "coordinates": [ [ [ -121.4754807, 38.6298648 ], [ -121.475617515052079, 38.629804128608768 ], [ -121.475610253217866, 38.629795006027692 ], [ -121.475602005408106, 38.629786414620845 ], [ -121.475592834393666, 38.629778419773842 ], [ -121.47558280997157, 38.629771082332105 ], [ -121.475572008433716, 38.629764458137863 ], [ -121.475560511986174, 38.629758597605054 ], [ -121.475548408123686, 38.629753545335731 ], [ -121.475535788963668, 38.629749339780538 ], [ -121.47552275054521, 38.629746012946192 ], [ -121.4754807, 38.6298648 ] ] ] } },
{ "type": "Feature", "properties": { "id": 13243136564, "lat": 38.612656, "lon": -121.4975968, "direction": 90.0, "operator": "Sacramento Police Department", "brand": "Unknown" }, "geometry": { "type": "Polygon", "coordinates": [ [ [ -121.4975968, 38.612656 ], [ -121.497449626051079, 38.612612812001501 ], [ -121.497445388618644, 38.612623040426257 ], [ -121.497442303516777, 38.612633519693702 ], [ -121.49744039422545, 38.612644170050373 ], [ -121.497439675275984, 38.612654910440639 ], [ -121.49744015214047, 38.612665659123678 ], [ -121.497441821190193, 38.612676334295529 ], [ -121.497444669723166, 38.61268685471164 ], [ -121.497448676060742, 38.612697140305201 ], [ -121.497453809712695, 38.612707112796542 ], [ -121.4975968, 38.612656 ] ] ] } },
{ "type": "Feature", "properties": { "id": 13243136565, "lat": 38.6126666, "lon": -121.4976054, "direction": 75.0, "operator": "Sacramento Police Department", "brand": "Unknown" }, "geometry": { "type": "Polygon", "coordinates": [ [ [ -121.497605400000012, 38.612666599999983 ], [ -121.497448994203154, 38.612654770061013 ], [ -121.497448275254754, 38.612665510451187 ], [ -121.497448752120476, 38.612676259134062 ], [ -121.497450421171607, 38.612686934305636 ], [ -121.497453269706099, 38.612697454721392 ], [ -121.497457276045353, 38.612707740314526 ], [ -121.497462409699068, 38.612717712805377 ], [ -121.497468631597442, 38.612727296297194 ], [ -121.497475894388359, 38.612736417853583 ], [ -121.497484142797774, 38.612745008053921 ], [ -121.497605400000012, 38.612666599999983 ] ] ] } },
{ "type": "Feature", "properties": { "id": 13243136566, "lat": 38.6126808, "lon": -121.497605, "direction": 285.0, "operator": "Sacramento Police Department", "brand": "Unknown" }, "geometry": { "type": "Polygon", "coordinates": [ [ [ -121.497605, 38.6126808 ], [ -121.497732912757911, 38.612752402708431 ], [ -121.497740379879843, 38.612743383284709 ], [ -121.497746816676724, 38.61273388756446 ], [ -121.497752174160851, 38.612723987815983 ], [ -121.497756411558953, 38.612713759382515 ], [ -121.49775949662218, 38.61270328010864 ], [ -121.497761405871856, 38.612692629748103 ], [ -121.497762124777879, 38.612681889356573 ], [ -121.497761647869396, 38.612671140674969 ], [ -121.497759978776486, 38.612660465507204 ], [ -121.497605, 38.6126808 ] ] ] } },
{ "type": "Feature", "properties": { "id": 13248298474, "lat": 38.4746552, "lon": -121.4188293, "direction": 5.0, "operator": "Unknown", "brand": "Unknown" }, "geometry": { "type": "Polygon", "coordinates": [ [ [ -121.4188293, 38.4746552 ], [ -121.418761644924729, 38.474766448038771 ], [ -121.418774236307058, 38.474770660068074 ], [ -121.41878724675918, 38.474773993375379 ], [ -121.418800577263312, 38.474776422592136 ], [ -121.418814126365803, 38.474777929230441 ], [ -121.418827790949337, 38.474778501823849 ], [ -121.418841467017714, 38.474778136014535 ], [ -121.418855050487323, 38.474776834586542 ], [ -121.418868437979256, 38.474774607444566 ], [ -121.418881527606189, 38.474771471538567 ], [ -121.4188293, 38.4746552 ] ] ] } },
{ "type": "Feature", "properties": { "id": 13260777071, "lat": 38.5351594, "lon": -121.4938017, "direction": 195.0, "operator": "Sacramento PD", "brand": "Unknown" }, "geometry": { "type": "Polygon", "coordinates": [ [ [ -121.4938017, 38.535159399999984 ], [ -121.493892875608893, 38.535059032122547 ], [ -121.493881391592794, 38.535053172476758 ], [ -121.493869301078007, 38.535048121285662 ], [ -121.493856696080357, 38.535043916991754 ], [ -121.49384367253117, 38.535040591592143 ], [ -121.493830329547123, 38.535038170395012 ], [ -121.493816768675927, 38.535036671827044 ], [ -121.493803093123532, 38.535036107293195 ], [ -121.493789406968688, 38.535036481089932 ], [ -121.493775814370792, 38.535037790372407 ], [ -121.4938017, 38.535159399999984 ] ] ] } },
{ "type": "Feature", "properties": { "id": 13265949845, "lat": 38.7014425, "lon": -121.1471375, "direction": 285.0, "operator": "Unknown", "brand": "Unknown" }, "geometry": { "type": "Polygon", "coordinates": [ [ [ -121.147137500000014, 38.701442500000013 ], [ -121.147265237563133, 38.701514443330588 ], [ -121.147272753180161, 38.701505445497304 ], [ -121.14727923943633, 38.70149596861085 ], [ -121.147284646967634, 38.701486084796159 ], [ -121.147288934619795, 38.7014758692752 ], [ -121.147292069761619, 38.701465399794316 ], [ -121.147294028533196, 38.701454756032682 ], [ -121.147294796027552, 38.701444018995794 ], [ -121.147294366404111, 38.701433270398994 ], [ -121.147292742933018, 38.701422592045589 ], [ -121.147137500000014, 38.701442500000013 ] ] ] } },
{ "type": "Feature", "properties": { "id": 13270823308, "lat": 38.693904, "lon": -121.2905223, "direction": 170.0, "operator": "Unknown", "brand": "Unknown" }, "geometry": { "type": "Polygon", "coordinates": [ [ [ -121.2905223, 38.693904 ], [ -121.290551299939395, 38.693782842550192 ], [ -121.290537715637882, 38.693781322776033 ], [ -121.290524014014593, 38.693780736648279 ], [ -121.290510299346707, 38.693781088627667 ], [ -121.290496676010576, 38.693782376035443 ], [ -121.29048324768759, 38.693784589073694 ], [ -121.290470116574951, 38.693787710899933 ], [ -121.290457382607912, 38.693791717755268 ], [ -121.290445142699312, 38.693796579145214 ], [ -121.290433490002002, 38.693802258071841 ], [ -121.2905223, 38.693904 ] ] ] } },
{ "type": "Feature", "properties": { "id": 13271112689, "lat": 38.6786265, "lon": -121.2713841, "direction": 350.0, "operator": "Unknown", "brand": "Unknown" }, "geometry": { "type": "Polygon", "coordinates": [ [ [ -121.27138410000002, 38.678626500000014 ], [ -121.271355076165818, 38.678747655679409 ], [ -121.271368657505136, 38.678749177517197 ], [ -121.271382356371717, 38.678749765703614 ], [ -121.271396068508423, 38.678749415762233 ], [ -121.271409689557117, 38.678748130356318 ], [ -121.27142311585294, 38.678745919268593 ], [ -121.271436245213195, 38.678742799326876 ], [ -121.271448977715167, 38.678738794275894 ], [ -121.27146121645643, 38.678733934596593 ], [ -121.271472868292534, 38.678728257274244 ], [ -121.27138410000002, 38.678626500000014 ] ] ] } },
{ "type": "Feature", "properties": { "id": 13271112690, "lat": 38.6783124, "lon": -121.2713126, "direction": 80.0, "operator": "Unknown", "brand": "Unknown" }, "geometry": { "type": "Polygon", "coordinates": [ [ [ -121.2713126, 38.6783124 ], [ -121.271158039730821, 38.678289648932306 ], [ -121.271156098269444, 38.67830029492216 ], [ -121.27115534788021, 38.678311033039499 ], [ -121.271155794274478, 38.678321781560847 ], [ -121.271157434055439, 38.678332458683379 ], [ -121.271160254743819, 38.678342983147722 ], [ -121.271164234872955, 38.67835327485632 ], [ -121.271169344152028, 38.678363255482914 ], [ -121.271175543696714, 38.678372849068815 ], [ -121.271182786325028, 38.678381982600925 ], [ -121.2713126, 38.6783124 ] ] ] } },
{ "type": "Feature", "properties": { "id": 13271112691, "lat": 38.6782524, "lon": -121.2717435, "direction": 170.0, "operator": "Unknown", "brand": "Unknown" }, "geometry": { "type": "Polygon", "coordinates": [ [ [ -121.2717435, 38.6782524 ], [ -121.271772523054508, 38.678131244148986 ], [ -121.271758941813886, 38.678129722352693 ], [ -121.271745243052308, 38.678129134205975 ], [ -121.271731531025097, 38.678129484185 ], [ -121.271717910088611, 38.678130769626229 ], [ -121.271704483905879, 38.67813298074671 ], [ -121.271691354657833, 38.678136100718554 ], [ -121.271678622265583, 38.678140105796949 ], [ -121.271666383629963, 38.678144965501026 ], [ -121.271654731894088, 38.678150642845594 ], [ -121.2717435, 38.6782524 ] ] ] } },
{ "type": "Feature", "properties": { "id": 13271112692, "lat": 38.6785734, "lon": -121.271824, "direction": 260.0, "operator": "Unknown", "brand": "Unknown" }, "geometry": { "type": "Polygon", "coordinates": [ [ [ -121.271824, 38.6785734 ], [ -121.271978561018088, 38.678596150255977 ], [ -121.271980502375612, 38.678585504258074 ], [ -121.27198125265501, 38.678574766140002 ], [ -121.271980806146701, 38.678564017625348 ], [ -121.271979166249352, 38.678553340516793 ], [ -121.271976345444031, 38.678542816073531 ], [ -121.271972365199275, 38.678532524392871 ], [ -121.271967255807496, 38.678522543800639 ], [ -121.271961056154638, 38.678512950254991 ], [ -121.271953813424091, 38.678503816768519 ], [ -121.271824, 38.6785734 ] ] ] } },
{ "type": "Feature", "properties": { "id": 13271152312, "lat": 38.6785218, "lon": -121.2758938, "direction": 350.0, "operator": "Unknown", "brand": "Unknown" }, "geometry": { "type": "Polygon", "coordinates": [ [ [ -121.27589380000002, 38.6785218 ], [ -121.275864783138815, 38.678642956717688 ], [ -121.275878364547182, 38.678644478078063 ], [ -121.275892063429197, 38.678645065782803 ], [ -121.275905775527633, 38.678644715359134 ], [ -121.275919396484653, 38.678643429473986 ], [ -121.275932822636079, 38.678641217913771 ], [ -121.27594595180031, 38.678638097509854 ], [ -121.275958684056107, 38.678634092010505 ], [ -121.27597092250295, 38.678629231900118 ], [ -121.275982573998604, 38.678623554167153 ], [ -121.27589380000002, 38.6785218 ] ] ] } },
{ "type": "Feature", "properties": { "id": 13271152313, "lat": 38.6781644, "lon": -121.2761298, "direction": 170.0, "operator": "Unknown", "brand": "Unknown" }, "geometry": { "type": "Polygon", "coordinates": [ [ [ -121.2761298, 38.6781644 ], [ -121.276158816277459, 38.678043243141474 ], [ -121.276145234967302, 38.678041721809528 ], [ -121.276131536188302, 38.678041134131334 ], [ -121.276117824195921, 38.678041484579438 ], [ -121.276104203346193, 38.678042770486755 ], [ -121.276090777301562, 38.678044982066758 ], [ -121.276077648241895, 38.67804810248807 ], [ -121.27606491608681, 38.678052108002511 ], [ -121.276052677735422, 38.678056968125802 ], [ -121.276041026328613, 38.678062645869616 ], [ -121.2761298, 38.6781644 ] ] ] } },
{ "type": "Feature", "properties": { "id": 13271171250, "lat": 38.6784408, "lon": -121.2923281, "direction": 350.0, "operator": "Unknown", "brand": "Unknown" }, "geometry": { "type": "Polygon", "coordinates": [ [ [ -121.2923281, 38.6784408 ], [ -121.292299108439636, 38.678561960448604 ], [ -121.292312690151178, 38.678563480068497 ], [ -121.292326389141493, 38.678564066017657 ], [ -121.292340101152561, 38.678563713836596 ], [ -121.292353721827197, 38.678562426205637 ], [ -121.292367147503342, 38.678560212924474 ], [ -121.292380276003044, 38.678557090837614 ], [ -121.292393007410141, 38.678553083706085 ], [ -121.292405244830533, 38.678548222026684 ], [ -121.29241689512979, 38.678542542799896 ], [ -121.2923281, 38.6784408 ] ] ] } },
{ "type": "Feature", "properties": { "id": 13271171251, "lat": 38.6781835, "lon": -121.2922989, "direction": 75.0, "operator": "Unknown", "brand": "Unknown" }, "geometry": { "type": "Polygon", "coordinates": [ [ [ -121.2922989, 38.678183499999989 ], [ -121.292142395304694, 38.678171420533381 ], [ -121.292141647776788, 38.678182158775229 ], [ -121.292142097033164, 38.678192907225167 ], [ -121.292143739655259, 38.678203584081025 ], [ -121.29214656314214, 38.678214108085413 ], [ -121.292150546005843, 38.678224399144248 ], [ -121.292155657934799, 38.678234378936239 ], [ -121.292161860024436, 38.678243971509048 ], [ -121.292169105073427, 38.678253103857251 ], [ -121.292177337942832, 38.67826170647804 ], [ -121.2922989, 38.678183499999989 ] ] ] } },
{ "type": "Feature", "properties": { "id": 13271171252, "lat": 38.6783516, "lon": -121.2927402, "direction": 260.0, "operator": "Unknown", "brand": "Unknown" }, "geometry": { "type": "Polygon", "coordinates": [ [ [ -121.2927402, 38.6783516 ], [ -121.2928947666189, 38.678374325051614 ], [ -121.292896705144841, 38.67836367873398 ], [ -121.29289745257158, 38.678352940490448 ], [ -121.292897003211237, 38.678342192045527 ], [ -121.292895360484181, 38.678331515201386 ], [ -121.292892536893078, 38.678320991215223 ], [ -121.292888553927568, 38.678310700180823 ], [ -121.292883441900855, 38.678300720419116 ], [ -121.292877239718905, 38.678291127881963 ], [ -121.292869994584322, 38.678281995574267 ], [ -121.2927402, 38.6783516 ] ] ] } },
{ "type": "Feature", "properties": { "id": 13271171253, "lat": 38.678061, "lon": -121.2925833, "direction": 170.0, "operator": "Unknown", "brand": "Unknown" }, "geometry": { "type": "Polygon", "coordinates": [ [ [ -121.292583300000018, 38.678061 ], [ -121.292612290939061, 38.677939839402491 ], [ -121.292598709329241, 38.677938319813002 ], [ -121.292585010445663, 38.677937733892428 ], [ -121.29257129854463, 38.677938086099992 ], [ -121.292557677981478, 38.677939373755194 ], [ -121.292544252416505, 38.677941587058207 ], [ -121.292531124025828, 38.677944709164542 ], [ -121.292518392724077, 38.677948716313196 ], [ -121.292506155403785, 38.677953578007447 ], [ -121.292494505198036, 38.677959257247011 ], [ -121.292583300000018, 38.678061 ] ] ] } },
{ "type": "Feature", "properties": { "id": 13271171254, "lat": 38.6782935, "lon": -121.2878331, "direction": 270.0, "operator": "Unknown", "brand": "Unknown" }, "geometry": { "type": "Polygon", "coordinates": [ [ [ -121.287833099999986, 38.6782935 ], [ -121.287980281420914, 38.678336924761425 ], [ -121.287984549567241, 38.678326704216744 ], [ -121.287987665089446, 38.678316230968335 ], [ -121.287989604276987, 38.678305584724029 ], [ -121.287990352371949, 38.678294846508251 ], [ -121.287989903681336, 38.678284098045268 ], [ -121.287988261620441, 38.678273421137412 ], [ -121.287985438686846, 38.678262897042345 ], [ -121.287981456365188, 38.678252605854738 ], [ -121.287976344963781, 38.678242625896587 ], [ -121.287833099999986, 38.6782935 ] ] ] } },
{ "type": "Feature", "properties": { "id": 13271523407, "lat": 38.451789, "lon": -121.3349152, "direction": 180.0, "operator": "Unknown", "brand": "Unknown" }, "geometry": { "type": "Polygon", "coordinates": [ [ [ -121.3349152, 38.451789 ], [ -121.334970370162011, 38.451673572569042 ], [ -121.334957367051473, 38.451670230632075 ], [ -121.334944043025672, 38.451667792600482 ], [ -121.334930499488038, 38.451666277029055 ], [ -121.334916839512601, 38.451665695452164 ], [ -121.334903167059537, 38.451666052295955 ], [ -121.334889586183991, 38.451667344844665 ], [ -121.334876200244167, 38.451669563261206 ], [ -121.334863111114686, 38.4516726906622 ], [ -121.334850418411307, 38.451676703246299 ], [ -121.3349152, 38.451789 ] ] ] } },
{ "type": "Feature", "properties": { "id": 13272915618, "lat": 38.7040888, "lon": -121.2716334, "direction": 70.0, "operator": "Unknown", "brand": "Unknown" }, "geometry": { "type": "Polygon", "coordinates": [ [ [ -121.2716334, 38.704088799999987 ], [ -121.271476096412968, 38.704087433482137 ], [ -121.271476542997092, 38.704098181614803 ], [ -121.271478183358141, 38.704108858348278 ], [ -121.27148100501249, 38.704119382426128 ], [ -121.27148498648603, 38.704129673753705 ], [ -121.271490097477795, 38.704139654007669 ], [ -121.271496299090387, 38.704149247232181 ], [ -121.271503544126091, 38.70415838041685 ], [ -121.271511777445994, 38.704166984052485 ], [ -121.271520936389749, 38.704174992660036 ], [ -121.2716334, 38.704088799999987 ] ] ] } },
{ "type": "Feature", "properties": { "id": 13272946228, "lat": 38.7004534, "lon": -121.2716298, "direction": 100.0, "operator": "Unknown", "brand": "Unknown" }, "geometry": { "type": "Polygon", "coordinates": [ [ [ -121.2716298, 38.7004534 ], [ -121.271494449352701, 38.700390585582504 ], [ -121.271487978137344, 38.70040006875751 ], [ -121.271482586269812, 38.700409957815673 ], [ -121.271478314785782, 38.70042017749541 ], [ -121.27147519619426, 38.700430650018909 ], [ -121.271473254230074, 38.700441295683994 ], [ -121.271472503673124, 38.700452033470789 ], [ -121.271472950236159, 38.700462781658267 ], [ -121.271474590521038, 38.700473458446204 ], [ -121.271477412044646, 38.700483982577786 ], [ -121.2716298, 38.7004534 ] ] ] } },
{ "type": "Feature", "properties": { "id": 13272965144, "lat": 38.7006392, "lon": -121.2623566, "direction": 350.0, "operator": "Unknown", "brand": "Unknown" }, "geometry": { "type": "Polygon", "coordinates": [ [ [ -121.2623566, 38.7006392 ], [ -121.262327554169772, 38.700760349906595 ], [ -121.262341139130072, 38.700761872653629 ], [ -121.262354841757471, 38.70076246178634 ], [ -121.262368557766209, 38.70076211282101 ], [ -121.262382182768704, 38.70076082841355 ], [ -121.26239561306997, 38.700758618339087 ], [ -121.262408746456885, 38.70075549941766 ], [ -121.262421482976023, 38.700751495386321 ], [ -121.262433725694436, 38.700746636718215 ], [ -121.262445381437345, 38.700740960390888 ], [ -121.2623566, 38.7006392 ] ] ] } },
{ "type": "Feature", "properties": { "id": 13272965145, "lat": 38.6997253, "lon": -121.2626222, "direction": 170.0, "operator": "Unknown", "brand": "Unknown" }, "geometry": { "type": "Polygon", "coordinates": [ [ [ -121.2626222, 38.699725300000011 ], [ -121.262651244995368, 38.699604149850934 ], [ -121.262637660228734, 38.699602627134283 ], [ -121.262623957800997, 38.699602038030839 ], [ -121.262610241995404, 38.699602387024036 ], [ -121.262596617196991, 38.699603671457815 ], [ -121.262583187098286, 38.699605881556892 ], [ -121.262570053909968, 38.699609000501191 ], [ -121.262557317583116, 38.699613004553704 ], [ -121.262545075048521, 38.699617863241329 ], [ -121.262533419479013, 38.699623539586668 ], [ -121.2626222, 38.699725300000011 ] ] ] } },
{ "type": "Feature", "properties": { "id": 13274445287, "lat": 38.6794547, "lon": -121.1924198, "direction": 205.0, "operator": "Unknown", "brand": "Unknown" }, "geometry": { "type": "Polygon", "coordinates": [ [ [ -121.1924198, 38.679454699999987 ], [ -121.192532314824717, 38.67936857373779 ], [ -121.19252231049154, 38.679361214688051 ], [ -121.192511525994405, 38.679354567117429 ], [ -121.192500043409737, 38.67934868161781 ], [ -121.192487950126718, 38.679343602981184 ], [ -121.192475338182277, 38.679339369858951 ], [ -121.192462303560589, 38.679336014467602 ], [ -121.192448945462601, 38.679333562343551 ], [ -121.192435365551049, 38.679332032148913 ], [ -121.192421667176816, 38.679331435529313 ], [ -121.1924198, 38.679454699999987 ] ] ] } },
{ "type": "Feature", "properties": { "id": 13274519844, "lat": 38.6805492, "lon": -121.1938871, "direction": 100.0, "operator": "Unknown", "brand": "Unknown" }, "geometry": { "type": "Polygon", "coordinates": [ [ [ -121.1938871, 38.6805492 ], [ -121.193751845567576, 38.680486301816863 ], [ -121.193745366631617, 38.680495781330819 ], [ -121.193739966369961, 38.680505667393319 ], [ -121.193735685882217, 38.680515884765533 ], [ -121.193732557745875, 38.680526355687242 ], [ -121.19373060576838, 38.680537000468469 ], [ -121.193729844805944, 38.68054773809606 ], [ -121.193730280650428, 38.680558486850195 ], [ -121.19373190998526, 38.680569164926339 ], [ -121.193734720410703, 38.680579691057844 ], [ -121.1938871, 38.6805492 ] ] ] } },
{ "type": "Feature", "properties": { "id": 13274555426, "lat": 38.6996016, "lon": -121.1940216, "direction": 65.0, "operator": "Unknown", "brand": "Unknown" }, "geometry": { "type": "Polygon", "coordinates": [ [ [ -121.1940216, 38.6996016 ], [ -121.193864742735727, 38.699610886767211 ], [ -121.193866372482887, 38.699621564557148 ], [ -121.193869183606068, 38.699632090405252 ], [ -121.193873154711383, 38.699642384203464 ], [ -121.193878255576735, 38.699652367609573 ], [ -121.193884447381791, 38.699661964643781 ], [ -121.193891683003486, 38.699671102266684 ], [ -121.193899907374615, 38.699679710935321 ], [ -121.193909057902815, 38.699687725132357 ], [ -121.193919064947124, 38.699695083864754 ], [ -121.1940216, 38.6996016 ] ] ] } },
{ "type": "Feature", "properties": { "id": 13274565365, "lat": 38.6775984, "lon": -121.1955051, "direction": 65.0, "operator": "Unknown", "brand": "Unknown" }, "geometry": { "type": "Polygon", "coordinates": [ [ [ -121.1955051, 38.6775984 ], [ -121.195348286714022, 38.677607688867077 ], [ -121.195349916207121, 38.677618366966598 ], [ -121.195352726743479, 38.677628893105997 ], [ -121.195356696933658, 38.67763918717489 ], [ -121.195361796562537, 38.677649170829092 ], [ -121.195367986819193, 38.677658768086879 ], [ -121.195375220592325, 38.677667905907143 ], [ -121.195383442828813, 38.677676514745478 ], [ -121.195392590952565, 38.677684529083201 ], [ -121.195402595340909, 38.677691887926194 ], [ -121.1955051, 38.6775984 ] ] ] } },
{ "type": "Feature", "properties": { "id": 13274565366, "lat": 38.6776109, "lon": -121.1955116, "direction": 60.0, "operator": "Unknown", "brand": "Unknown" }, "geometry": { "type": "Polygon", "coordinates": [ [ [ -121.195511600000017, 38.677610899999976 ], [ -121.195356416184154, 38.67763086697412 ], [ -121.195359226721834, 38.67764139311317 ], [ -121.19536319691349, 38.677651687181672 ], [ -121.195368296544004, 38.677661670835441 ], [ -121.195374486802407, 38.677671268092759 ], [ -121.195381720577487, 38.677680405912511 ], [ -121.195389942815979, 38.677689014750257 ], [ -121.195399090941848, 38.67769702908739 ], [ -121.19540909533238, 38.677704387929758 ], [ -121.195419879848103, 38.677711035272004 ], [ -121.195511600000017, 38.677610899999976 ] ] ] } },
{ "type": "Feature", "properties": { "id": 13274565367, "lat": 38.6776424, "lon": -121.1960829, "direction": 225.0, "operator": "Unknown", "brand": "Unknown" }, "geometry": { "type": "Polygon", "coordinates": [ [ [ -121.1960829, 38.677642399999989 ], [ -121.196226202960517, 38.67759162836456 ], [ -121.196220012604599, 38.677582031147296 ], [ -121.196212778741355, 38.677572893373579 ], [ -121.196204556425087, 38.677564284587213 ], [ -121.196195408232697, 38.677556270306049 ], [ -121.196185403787524, 38.677548911523509 ], [ -121.196174619229396, 38.677542264244181 ], [ -121.196163136635235, 38.677536379057671 ], [ -121.196151043394281, 38.677531300753678 ], [ -121.196138431543119, 38.677527067981025 ], [ -121.1960829, 38.677642399999989 ] ] ] } },
{ "type": "Feature", "properties": { "id": 13274565368, "lat": 38.677623, "lon": -121.1960649, "direction": 225.0, "operator": "Unknown", "brand": "Unknown" }, "geometry": { "type": "Polygon", "coordinates": [ [ [ -121.19606490000001, 38.677623 ], [ -121.19620820293683, 38.677572228383312 ], [ -121.196202012584635, 38.677562631164932 ], [ -121.196194778725257, 38.677553493389944 ], [ -121.196186556412982, 38.67754488460217 ], [ -121.196177408224671, 38.677536870319521 ], [ -121.196167403783633, 38.677529511535383 ], [ -121.196156619229711, 38.677522864254328 ], [ -121.1961451366397, 38.677516979066077 ], [ -121.196133043402881, 38.677511900760237 ], [ -121.196120431555798, 38.677507667985708 ], [ -121.19606490000001, 38.677623 ] ] ] } },
{ "type": "Feature", "properties": { "id": 13284341360, "lat": 38.613326, "lon": -121.2695604, "direction": 5.0, "operator": "Unknown", "brand": "Unknown" }, "geometry": { "type": "Polygon", "coordinates": [ [ [ -121.269560399999989, 38.613326 ], [ -121.269492415527068, 38.613437148104268 ], [ -121.269505021062614, 38.613441374035986 ], [ -121.269518048067198, 38.613444721900493 ], [ -121.269531397396989, 38.613447166218421 ], [ -121.269544967455133, 38.613448688386924 ], [ -121.269558654964783, 38.61344927682137 ], [ -121.269572355755301, 38.613448927043386 ], [ -121.269585965554853, 38.613447641714998 ], [ -121.2695993807842, 38.613445430618398 ], [ -121.269612499344902, 38.61344231058137 ], [ -121.269560399999989, 38.613326 ] ] ] } },
{ "type": "Feature", "properties": { "id": 13288496298, "lat": 38.594094, "lon": -121.387552, "direction": 135.0, "operator": "Unknown", "brand": "Unknown" }, "geometry": { "type": "Polygon", "coordinates": [ [ [ -121.387552, 38.594094 ], [ -121.387487026653929, 38.593981751418816 ], [ -121.387474808218911, 38.593986622738811 ], [ -121.38746317725753, 38.59399231126369 ], [ -121.38745222228826, 38.593998773700498 ], [ -121.387442026684894, 38.594005960866355 ], [ -121.387432668042052, 38.594013818062741 ], [ -121.387424217584694, 38.594022285491825 ], [ -121.387416739626048, 38.594031298711535 ], [ -121.387410291078055, 38.594040789125998 ], [ -121.387404921018359, 38.594050684507522 ], [ -121.387552, 38.594094 ] ] ] } },
{ "type": "Feature", "properties": { "id": 13297326301, "lat": 38.5626044, "lon": -121.3359873, "direction": 0.0, "operator": "Unknown", "brand": "Unknown" }, "geometry": { "type": "Polygon", "coordinates": [ [ [ -121.335987300000014, 38.5626044 ], [ -121.335932053783722, 38.562719810718271 ], [ -121.335945075230882, 38.562723152058972 ], [ -121.335958418035503, 38.562725589623575 ], [ -121.335971980650299, 38.562727104860627 ], [ -121.33598565985514, 38.562727686238254 ], [ -121.335999351542526, 38.562727329331764 ], [ -121.33601295151, 38.56272603685747 ], [ -121.336026356253058, 38.562723818651918 ], [ -121.33603946375311, 38.562720691597036 ], [ -121.336052174253751, 38.562716679491722 ], [ -121.335987300000014, 38.5626044 ] ] ] } },
{ "type": "Feature", "properties": { "id": 13298368401, "lat": 38.5547926, "lon": -121.3361082, "direction": 0.0, "operator": "Unknown", "brand": "Unknown" }, "geometry": { "type": "Polygon", "coordinates": [ [ [ -121.336108200000012, 38.5547926 ], [ -121.336052959428358, 38.554908011993085 ], [ -121.336065979591879, 38.554911353356886 ], [ -121.336079321079637, 38.554913790934719 ], [ -121.33609288235445, 38.554915306175019 ], [ -121.336106560206318, 38.554915887545874 ], [ -121.336120250538059, 38.554915530622679 ], [ -121.336133849157505, 38.554914238121839 ], [ -121.336147252570484, 38.554912019880149 ], [ -121.336160358768467, 38.554908892779764 ], [ -121.336173068004982, 38.554904880619937 ], [ -121.336108200000012, 38.5547926 ] ] ] } },
{ "type": "Feature", "properties": { "id": 13298721701, "lat": 38.5253151, "lon": -121.2432339, "direction": 182.0, "operator": "Unknown", "brand": "Unknown" }, "geometry": { "type": "Polygon", "coordinates": [ [ [ -121.2432339, 38.525315099999986 ], [ -121.243294347534089, 38.52520131139314 ], [ -121.243281492996374, 38.525197605786808 ], [ -121.243268276248841, 38.525194794381186 ], [ -121.243254797878507, 38.525192898572669 ], [ -121.243241160463413, 38.525191932789454 ], [ -121.243227467792067, 38.525191904381707 ], [ -121.243213824073493, 38.52519281356561 ], [ -121.243200333144117, 38.525194653421771 ], [ -121.243187097677634, 38.525197409947815 ], [ -121.243174218403496, 38.525201062165024 ], [ -121.2432339, 38.525315099999986 ] ] ] } },
{ "type": "Feature", "properties": { "id": 13305267001, "lat": 38.6168352, "lon": -121.1411907, "direction": 74.0, "operator": "Unknown", "brand": "Unknown" }, "geometry": { "type": "Polygon", "coordinates": [ [ [ -121.14119070000001, 38.6168352 ], [ -121.141034091363096, 38.616825077872328 ], [ -121.141033562830003, 38.616835825006966 ], [ -121.141034230205719, 38.616846567385508 ], [ -121.141036088411525, 38.616857223251934 ], [ -121.141039123305859, 38.61686771150864 ], [ -121.141043311791805, 38.616877952333546 ], [ -121.141048621992823, 38.616887867787732 ], [ -121.141055013495418, 38.616897382408467 ], [ -121.141062437656686, 38.616906423783583 ], [ -121.141070837974482, 38.616914923102613 ], [ -121.14119070000001, 38.6168352 ] ] ] } },
{ "type": "Feature", "properties": { "id": 13305273801, "lat": 38.6322858, "lon": -121.0795531, "direction": 23.0, "operator": "Unknown", "brand": "Unknown" }, "geometry": { "type": "Polygon", "coordinates": [ [ [ -121.079553100000012, 38.6322858 ], [ -121.079444425447491, 38.632374861863809 ], [ -121.079454735013115, 38.632381952311476 ], [ -121.079465793198423, 38.632388310981376 ], [ -121.079477515843806, 38.632393889480042 ], [ -121.079489813732621, 38.632398645351543 ], [ -121.079502593270178, 38.632402542400719 ], [ -121.079515757196177, 38.632405550968556 ], [ -121.079529205324746, 38.632407648157923 ], [ -121.079542835307066, 38.632408818007946 ], [ -121.079556543410234, 38.632409051615227 ], [ -121.079553100000012, 38.6322858 ] ] ] } },
{ "type": "Feature", "properties": { "id": 13307235889, "lat": 38.6292114, "lon": -121.2161879, "direction": 225.0, "operator": "Unknown", "brand": "Unknown" }, "geometry": { "type": "Polygon", "coordinates": [ [ [ -121.21618789999998, 38.62921140000001 ], [ -121.21633110198519, 38.629160602486166 ], [ -121.216324912984561, 38.629151005595233 ], [ -121.216317681234798, 38.629141868342295 ], [ -121.216309461774046, 38.629133260267196 ], [ -121.216300317157547, 38.629125246882452 ], [ -121.216290316981414, 38.629117889174552 ], [ -121.216279537352975, 38.629111243139953 ], [ -121.216268060311577, 38.629105359358789 ], [ -121.216255973204284, 38.629100282610075 ], [ -121.216243368020983, 38.629096051530787 ], [ -121.21618789999998, 38.62921140000001 ] ] ] } },
{ "type": "Feature", "properties": { "id": 13307235890, "lat": 38.6292024, "lon": -121.2161815, "direction": 225.0, "operator": "Unknown", "brand": "Unknown" }, "geometry": { "type": "Polygon", "coordinates": [ [ [ -121.2161815, 38.6292024 ], [ -121.216324701972979, 38.629151602492684 ], [ -121.216318512973842, 38.629142005601317 ], [ -121.216311281225629, 38.629132868347902 ], [ -121.216303061766524, 38.629124260272285 ], [ -121.216293917151731, 38.629116246886987 ], [ -121.216283916977318, 38.629108889178504 ], [ -121.21627313735064, 38.629102243143258 ], [ -121.216261660311062, 38.629096359361483 ], [ -121.216249573205545, 38.629091282612094 ], [ -121.21623696802402, 38.629087051532125 ], [ -121.2161815, 38.6292024 ] ] ] } },
{ "type": "Feature", "properties": { "id": 13308832154, "lat": 38.4279014, "lon": -121.481095, "direction": 235.0, "operator": "Elk Grove Police Department", "brand": "Unknown" }, "geometry": { "type": "Polygon", "coordinates": [ [ [ -121.481095, 38.42790140000001 ], [ -121.481246781084863, 38.427870557045978 ], [ -121.481242786221458, 38.427860268390809 ], [ -121.481237666617446, 38.427850292772362 ], [ -121.481231461236433, 38.427840706111027 ], [ -121.481224217305368, 38.427831581366959 ], [ -121.481215989955217, 38.427822987984769 ], [ -121.481206841801153, 38.427814991365153 ], [ -121.481196842466261, 38.427807652367036 ], [ -121.481186068051443, 38.427801026844456 ], [ -121.481174600556415, 38.427795165221461 ], [ -121.481095, 38.42790140000001 ] ] ] } },
{ "type": "Feature", "properties": { "id": 13308866284, "lat": 38.4276912, "lon": -121.4805149, "direction": 50.0, "operator": "Elk Grove Police Department", "brand": "Unknown" }, "geometry": { "type": "Polygon", "coordinates": [ [ [ -121.4805149, 38.4276912 ], [ -121.4803671137159, 38.427732330776514 ], [ -121.480372233202445, 38.427742306431355 ], [ -121.480378438471561, 38.427751893135657 ], [ -121.480385682297722, 38.427761017928653 ], [ -121.480393909551182, 38.427769611364987 ], [ -121.480403057617778, 38.427777608043293 ], [ -121.480413056875193, 38.427784947103824 ], [ -121.48042383122305, 38.42779157269171 ], [ -121.480435298661916, 38.427797434382107 ], [ -121.480447371917464, 38.427802487563838 ], [ -121.4805149, 38.4276912 ] ] ] } },
{ "type": "Feature", "properties": { "id": 13312724701, "lat": 38.6904416, "lon": -121.3830571, "direction": 244.0, "operator": "Unknown", "brand": "Unknown" }, "geometry": { "type": "Polygon", "coordinates": [ [ [ -121.3830571, 38.6904416 ], [ -121.383213680587019, 38.690429938261374 ], [ -121.383211787897039, 38.69041928702503 ], [ -121.38320871793978, 38.690408805604406 ], [ -121.383204494079862, 38.690398573769379 ], [ -121.383199148463845, 38.690388669390259 ], [ -121.383192721775444, 38.690379167845251 ], [ -121.383185262925878, 38.690370141446728 ], [ -121.383176828681684, 38.690361658890829 ], [ -121.383167483232697, 38.690353784734796 ], [ -121.383157297703477, 38.690346578905533 ], [ -121.3830571, 38.6904416 ] ] ] } },
{ "type": "Feature", "properties": { "id": 13312909001, "lat": 38.6058749, "lon": -121.2688549, "direction": 48.0, "operator": "Unknown", "brand": "Unknown" }, "geometry": { "type": "Polygon", "coordinates": [ [ [ -121.2688549, 38.6058749 ], [ -121.268708578187358, 38.605919810441748 ], [ -121.26871412330641, 38.605929646306578 ], [ -121.268720739823323, 38.605939065519131 ], [ -121.268728377382686, 38.605947996393375 ], [ -121.268736977858211, 38.605956370959817 ], [ -121.268746475795226, 38.605964125482807 ], [ -121.268756798908697, 38.605971200945504 ], [ -121.268767868633446, 38.605977543499279 ], [ -121.268779600722013, 38.605983104873232 ], [ -121.268791905885905, 38.605987842741825 ], [ -121.2688549, 38.6058749 ] ] ] } },
{ "type": "Feature", "properties": { "id": 13312911601, "lat": 38.6055127, "lon": -121.2699773, "direction": 245.0, "operator": "Unknown", "brand": "Unknown" }, "geometry": { "type": "Polygon", "coordinates": [ [ [ -121.2699773, 38.6055127 ], [ -121.270133961108613, 38.60550331893586 ], [ -121.270132322980416, 38.605492640724826 ], [ -121.270129505034646, 38.60548211517753 ], [ -121.270125528717983, 38.605471822399629 ], [ -121.270120424293026, 38.605461840725319 ], [ -121.270114230607874, 38.60545224612104 ], [ -121.270106994800528, 38.605443111607364 ], [ -121.270098771940027, 38.60543450670334 ], [ -121.270089624607465, 38.605426496897309 ], [ -121.270079622419615, 38.605419143148552 ], [ -121.2699773, 38.6055127 ] ] ] } },
{ "type": "Feature", "properties": { "id": 13315312201, "lat": 38.4270579, "lon": -121.3528468, "direction": 0.0, "operator": "Unknown", "brand": "Unknown" }, "geometry": { "type": "Polygon", "coordinates": [ [ [ -121.3528468, 38.4270579 ], [ -121.352791673111298, 38.427173338889553 ], [ -121.352804672946831, 38.427176679120059 ], [ -121.35281799339613, 38.427179115368503 ], [ -121.352831533082067, 38.427180629093485 ], [ -121.352845188959023, 38.427181208774613 ], [ -121.352858857097033, 38.427180850000092 ], [ -121.352872433472825, 38.427179555500473 ], [ -121.352885814761507, 38.427177335127709 ], [ -121.352898899122948, 38.42717420578024 ], [ -121.352911586976887, 38.427170191274392 ], [ -121.3528468, 38.4270579 ] ] ] } },
{ "type": "Feature", "properties": { "id": 13315355702, "lat": 38.4523618, "lon": -121.3879965, "direction": 89.0, "operator": "Unknown", "brand": "Unknown" }, "geometry": { "type": "Polygon", "coordinates": [ [ [ -121.387996500000014, 38.45236179999997 ], [ -121.387848745378435, 38.452320498243239 ], [ -121.387844729979463, 38.45233078191913 ], [ -121.38784186964061, 38.452341301661804 ], [ -121.387840186131271, 38.452351977409734 ], [ -121.387839692264379, 38.452362727914071 ], [ -121.387840391799116, 38.452373471356992 ], [ -121.387842279412027, 38.452384125974397 ], [ -121.387845340737741, 38.452394610678169 ], [ -121.38784955247813, 38.452404845673328 ], [ -121.387854882579717, 38.452414753065256 ], [ -121.387996500000014, 38.45236179999997 ] ] ] } },
{ "type": "Feature", "properties": { "id": 13315357101, "lat": 38.4270579, "lon": -121.3528468, "direction": 0.0, "operator": "Unknown", "brand": "Unknown" }, "geometry": { "type": "Polygon", "coordinates": [ [ [ -121.3528468, 38.4270579 ], [ -121.352791673111298, 38.427173338889553 ], [ -121.352804672946831, 38.427176679120059 ], [ -121.35281799339613, 38.427179115368503 ], [ -121.352831533082067, 38.427180629093485 ], [ -121.352845188959023, 38.427181208774613 ], [ -121.352858857097033, 38.427180850000092 ], [ -121.352872433472825, 38.427179555500473 ], [ -121.352885814761507, 38.427177335127709 ], [ -121.352898899122948, 38.42717420578024 ], [ -121.352911586976887, 38.427170191274392 ], [ -121.3528468, 38.4270579 ] ] ] } },
{ "type": "Feature", "properties": { "id": 13315358701, "lat": 38.4092296, "lon": -121.3345949, "direction": 0.0, "operator": "Unknown", "brand": "Unknown" }, "geometry": { "type": "Polygon", "coordinates": [ [ [ -121.334594900000013, 38.409229599999989 ], [ -121.334539758898075, 38.409345033711446 ], [ -121.334552755032121, 38.409348375876903 ], [ -121.334566071916257, 38.409350814084988 ], [ -121.334579608200528, 38.40935232977936 ], [ -121.334593260865176, 38.409352911424634 ], [ -121.334606926004682, 38.409352554594122 ], [ -121.33462049961858, 38.409351262003547 ], [ -121.334633878403054, 38.409349043490337 ], [ -121.334646960537015, 38.409345915938758 ], [ -121.334659646457084, 38.409341903151507 ], [ -121.334594900000013, 38.409229599999989 ] ] ] } },
{ "type": "Feature", "properties": { "id": 13315358702, "lat": 38.4349085, "lon": -121.3719779, "direction": 182.0, "operator": "Unknown", "brand": "Unknown" }, "geometry": { "type": "Polygon", "coordinates": [ [ [ -121.371977900000019, 38.4349085 ], [ -121.372038093044537, 38.434794636967283 ], [ -121.372025247182407, 38.434790943853393 ], [ -121.372012040981218, 38.434788145411559 ], [ -121.371998574947725, 38.434786262939539 ], [ -121.37198495156612, 38.434785310763978 ], [ -121.371971274518089, 38.434785296131537 ], [ -121.371957647893751, 38.434786219153544 ], [ -121.371944175399463, 38.434788072805262 ], [ -121.371930959568573, 38.434790842979353 ], [ -121.371918100981119, 38.4347945085932 ], [ -121.371977900000019, 38.4349085 ] ] ] } },
{ "type": "Feature", "properties": { "id": 13315359301, "lat": 38.3933234, "lon": -121.3531005, "direction": 0.0, "operator": "Unknown", "brand": "Unknown" }, "geometry": { "type": "Polygon", "coordinates": [ [ [ -121.3531005, 38.3933234 ], [ -121.353045396990211, 38.393438844094725 ], [ -121.35305839129272, 38.393442184446862 ], [ -121.353071706069358, 38.393444620776421 ], [ -121.3530852399862, 38.393446134541328 ], [ -121.353098890041508, 38.393446714220907 ], [ -121.353112552349629, 38.393446355403434 ], [ -121.35312612293167, 38.393445060819708 ], [ -121.353139498506806, 38.393442840322372 ], [ -121.353152577278436, 38.393439710810767 ], [ -121.353165259708788, 38.393435696102522 ], [ -121.3531005, 38.3933234 ] ] ] } },
{ "type": "Feature", "properties": { "id": 13315361601, "lat": 38.4527987, "lon": -121.3714531, "direction": 266.0, "operator": "Unknown", "brand": "Unknown" }, "geometry": { "type": "Polygon", "coordinates": [ [ [ -121.3714531, 38.45279870000001 ], [ -121.371603394554228, 38.452833883561937 ], [ -121.37160672219089, 38.452823449155133 ], [ -121.37160888066883, 38.452812826392815 ], [ -121.371609853561196, 38.452802096120706 ], [ -121.371609633464132, 38.452791340002619 ], [ -121.371608222053226, 38.452780639899117 ], [ -121.371605630070647, 38.452770077244452 ], [ -121.371601877243393, 38.452759732426685 ], [ -121.371596992133149, 38.452749684176069 ], [ -121.371591011918895, 38.452740008965741 ], [ -121.3714531, 38.45279870000001 ] ] ] } },
{ "type": "Feature", "properties": { "id": 13315361801, "lat": 38.4527987, "lon": -121.3714531, "direction": 330.0, "operator": "Unknown", "brand": "Unknown" }, "geometry": { "type": "Polygon", "coordinates": [ [ [ -121.3714531, 38.45279870000001 ], [ -121.371478770456477, 38.452920347638653 ], [ -121.371492155579944, 38.452918125392856 ], [ -121.371505243465506, 38.452914994246427 ], [ -121.371517934506102, 38.452910978029387 ], [ -121.371530132114842, 38.452906107307712 ], [ -121.371541743460298, 38.452900419150659 ], [ -121.371552680172883, 38.452893956848683 ], [ -121.371562859017487, 38.452886769583998 ], [ -121.371572202526949, 38.45287891205615 ], [ -121.371580639591471, 38.45287044406588 ], [ -121.3714531, 38.45279870000001 ] ] ] } },
{ "type": "Feature", "properties": { "id": 13315363301, "lat": 38.4476727, "lon": -121.3719086, "direction": 185.0, "operator": "Unknown", "brand": "Unknown" }, "geometry": { "type": "Polygon", "coordinates": [ [ [ -121.371908600000012, 38.44767270000002 ], [ -121.371976297819643, 38.44756147277154 ], [ -121.371963713266538, 38.447557255982325 ], [ -121.371950709270038, 38.44755391779065 ], [ -121.371937384797988, 38.447551483602062 ], [ -121.371923841257257, 38.447549971942131 ], [ -121.371910181721915, 38.44754939431548 ], [ -121.371896510148758, 38.447549755118146 ], [ -121.371882930586224, 38.447551051604229 ], [ -121.371869546382541, 38.447553273906713 ], [ -121.371856459399126, 38.447556405112628 ], [ -121.371908600000012, 38.44767270000002 ] ] ] } },
{ "type": "Feature", "properties": { "id": 13315490301, "lat": 38.5817145, "lon": -121.2844314, "direction": 59.0, "operator": "Unknown", "brand": "Unknown" }, "geometry": { "type": "Polygon", "coordinates": [ [ [ -121.284431399999988, 38.5817145 ], [ -121.284276897377197, 38.581736697155691 ], [ -121.284279949959668, 38.581747182512864 ], [ -121.284284155169829, 38.581757419136807 ], [ -121.284289481003881, 38.581767329120538 ], [ -121.284295886929357, 38.581776837042995 ], [ -121.284303324193559, 38.581785870542959 ], [ -121.284311736194638, 38.581794360869928 ], [ -121.284321058912269, 38.581802243407203 ], [ -121.284331221394993, 38.581809458163754 ], [ -121.284342146300148, 38.581815950230762 ], [ -121.284431399999988, 38.5817145 ] ] ] } },
{ "type": "Feature", "properties": { "id": 13315490401, "lat": 38.5816024, "lon": -121.2847067, "direction": 150.0, "operator": "Unknown", "brand": "Unknown" }, "geometry": { "type": "Polygon", "coordinates": [ [ [ -121.2847067, 38.5816024 ], [ -121.284681121451342, 38.581480756002229 ], [ -121.284667712079823, 38.581482968774878 ], [ -121.284654599428606, 38.58148609049001 ], [ -121.284641883292437, 38.581490097389555 ], [ -121.284629660448431, 38.58149495897873 ], [ -121.284618023919577, 38.581500638258063 ], [ -121.284607062266616, 38.581507092004912 ], [ -121.284596858914227, 38.581514271102577 ], [ -121.284587491516035, 38.581522120913917 ], [ -121.284579031363606, 38.581530581697315 ], [ -121.2847067, 38.5816024 ] ] ] } },
{ "type": "Feature", "properties": { "id": 13315493301, "lat": 38.5818262, "lon": -121.2849133, "direction": 247.0, "operator": "Unknown", "brand": "Unknown" }, "geometry": { "type": "Polygon", "coordinates": [ [ [ -121.2849133, 38.581826200000016 ], [ -121.285070234820722, 38.581821096318215 ], [ -121.285069070937425, 38.581810379540812 ], [ -121.285066721543942, 38.581799783167185 ], [ -121.285063204521052, 38.581789387842107 ], [ -121.285058546635838, 38.581779272680166 ], [ -121.285052783337989, 38.581769514663769 ], [ -121.285045958489988, 38.581760188057132 ], [ -121.285038124033321, 38.581751363841278 ], [ -121.285029339593066, 38.581743109173622 ], [ -121.285019672024248, 38.581735486877029 ], [ -121.2849133, 38.581826200000016 ] ] ] } },
{ "type": "Feature", "properties": { "id": 13315493601, "lat": 38.5878173, "lon": -121.28665, "direction": 82.0, "operator": "Unknown", "brand": "Unknown" }, "geometry": { "type": "Polygon", "coordinates": [ [ [ -121.28665, 38.5878173 ], [ -121.286496717598453, 38.587790349507806 ], [ -121.286494308168841, 38.587800937511211 ], [ -121.286493083647358, 38.587811650043534 ], [ -121.286493053353794, 38.58782240557602 ], [ -121.28649421751922, 38.587833122252576 ], [ -121.28649656728409, 38.587843718512779 ], [ -121.286500084765748, 38.587854113712602 ], [ -121.286504743194442, 38.587864228738262 ], [ -121.286510507117114, 38.58787398660818 ], [ -121.286517332667117, 38.587883313058924 ], [ -121.28665, 38.5878173 ] ] ] } },
{ "type": "Feature", "properties": { "id": 13315494901, "lat": 38.587875, "lon": -121.2869412, "direction": 258.0, "operator": "Unknown", "brand": "Unknown" }, "geometry": { "type": "Polygon", "coordinates": [ [ [ -121.2869412, 38.587875 ], [ -121.287096504534887, 38.587893492104563 ], [ -121.287097966993414, 38.587882797971467 ], [ -121.28709823636008, 38.587872044491675 ], [ -121.287097310585366, 38.587861313505648 ], [ -121.28709519671547, 38.58785068668265 ], [ -121.287091910838654, 38.587840244899169 ], [ -121.287087477962885, 38.587830067623429 ], [ -121.287081931825369, 38.587820232310499 ], [ -121.287075314635914, 38.587810813812958 ], [ -121.287067676755598, 38.587801883811103 ], [ -121.2869412, 38.587875 ] ] ] } },
{ "type": "Feature", "properties": { "id": 13315499301, "lat": 38.5877689, "lon": -121.2869476, "direction": 169.0, "operator": "Unknown", "brand": "Unknown" }, "geometry": { "type": "Polygon", "coordinates": [ [ [ -121.286947600000019, 38.5877689 ], [ -121.286973867573522, 38.587647347255242 ], [ -121.286960269876502, 38.58764601293624 ], [ -121.286946575754541, 38.587645613860637 ], [ -121.286932889427661, 38.587646153065613 ], [ -121.286919315056579, 38.587647626447506 ], [ -121.286905955950019, 38.587650022793028 ], [ -121.286892913778416, 38.587653323864629 ], [ -121.286880287800145, 38.58765750453928 ], [ -121.286868174106175, 38.58766253299958 ], [ -121.286856664888802, 38.587668370976125 ], [ -121.286947600000019, 38.5877689 ] ] ] } },
{ "type": "Feature", "properties": { "id": 13315522102, "lat": 38.4810808, "lon": -121.4090448, "direction": 175.0, "operator": "Unknown", "brand": "Unknown" }, "geometry": { "type": "Polygon", "coordinates": [ [ [ -121.4090448, 38.4810808 ], [ -121.409086871245051, 38.480962010825884 ], [ -121.409073539996029, 38.480959580616435 ], [ -121.409059990019301, 38.480958072958387 ], [ -121.409046324437867, 38.480957499325839 ], [ -121.409032647254634, 38.480957864084502 ], [ -121.409019062560688, 38.480959164458341 ], [ -121.40900567374328, 38.480961390550739 ], [ -121.408992582698957, 38.480964525419914 ], [ -121.408979889058102, 38.480968545207681 ], [ -121.408967689426589, 38.480973419321145 ], [ -121.4090448, 38.4810808 ] ] ] } },
{ "type": "Feature", "properties": { "id": 13317188106, "lat": 38.640288, "lon": -121.1147222, "direction": 160.0, "operator": "Unknown", "brand": "Unknown" }, "geometry": { "type": "Polygon", "coordinates": [ [ [ -121.114722200000017, 38.640288 ], [ -121.114724187741572, 38.64016472999311 ], [ -121.114710481637445, 38.640165063198609 ], [ -121.114696864716734, 38.640166332026041 ], [ -121.114683440611898, 38.640168526818869 ], [ -121.114670311488098, 38.640171630873482 ], [ -121.114657577265447, 38.640175620566247 ], [ -121.114645334858736, 38.640180465533291 ], [ -121.11463367743977, 38.640186128901668 ], [ -121.114622693728322, 38.640192567569841 ], [ -121.11461246731696, 38.640199732535812 ], [ -121.114722200000017, 38.640288 ] ] ] } },
{ "type": "Feature", "properties": { "id": 13317199103, "lat": 38.6231846, "lon": -121.1141935, "direction": 171.0, "operator": "Unknown", "brand": "Unknown" }, "geometry": { "type": "Polygon", "coordinates": [ [ [ -121.1141935, 38.623184600000016 ], [ -121.114225435148768, 38.623063889556491 ], [ -121.114211902746149, 38.623062165422112 ], [ -121.114198230288196, 38.623061373087403 ], [ -121.11418452183004, 38.623061518582546 ], [ -121.114170881700872, 38.623062600800225 ], [ -121.114157413709805, 38.623064611504105 ], [ -121.114144220355954, 38.623067535391634 ], [ -121.114131402048287, 38.623071350210346 ], [ -121.114119056341494, 38.623076026927222 ], [ -121.114107277193568, 38.623081529949808 ], [ -121.1141935, 38.623184600000016 ] ] ] } },
{ "type": "Feature", "properties": { "id": 13317224801, "lat": 38.6231846, "lon": -121.1141935, "direction": 171.0, "operator": "Unknown", "brand": "Unknown" }, "geometry": { "type": "Polygon", "coordinates": [ [ [ -121.1141935, 38.623184600000016 ], [ -121.114225435148768, 38.623063889556491 ], [ -121.114211902746149, 38.623062165422112 ], [ -121.114198230288196, 38.623061373087403 ], [ -121.11418452183004, 38.623061518582546 ], [ -121.114170881700872, 38.623062600800225 ], [ -121.114157413709805, 38.623064611504105 ], [ -121.114144220355954, 38.623067535391634 ], [ -121.114131402048287, 38.623071350210346 ], [ -121.114119056341494, 38.623076026927222 ], [ -121.114107277193568, 38.623081529949808 ], [ -121.1141935, 38.623184600000016 ] ] ] } },
{ "type": "Feature", "properties": { "id": 13317311401, "lat": 38.592005, "lon": -121.2405561, "direction": 77.0, "operator": "Unknown", "brand": "Unknown" }, "geometry": { "type": "Polygon", "coordinates": [ [ [ -121.2405561, 38.592005 ], [ -121.240400409481012, 38.591988581570575 ], [ -121.240399178635414, 38.591999293599784 ], [ -121.240399142055878, 38.592010049058707 ], [ -121.240400300021307, 38.592020766091821 ], [ -121.240402643719364, 38.592031363136002 ], [ -121.240406155313551, 38.592041759541274 ], [ -121.240410808078934, 38.592051876184634 ], [ -121.240416566605518, 38.592061636072209 ], [ -121.240423387067764, 38.592070964925249 ], [ -121.240431217558097, 38.592079791745398 ], [ -121.2405561, 38.592005 ] ] ] } },
{ "type": "Feature", "properties": { "id": 13320030501, "lat": 38.4742729, "lon": -121.4175051, "direction": 92.0, "operator": "Unknown", "brand": "Unknown" }, "geometry": { "type": "Polygon", "coordinates": [ [ [ -121.417505100000014, 38.4742729 ], [ -121.41736023887421, 38.474225608804247 ], [ -121.41735554702602, 38.474235713922745 ], [ -121.417351993364647, 38.474246102050131 ], [ -121.417349604936035, 38.474256694126602 ], [ -121.417348399918041, 38.474267409540076 ], [ -121.417348387482036, 38.47427816673985 ], [ -121.417349567723164, 38.474288883857142 ], [ -121.41735193165951, 38.474299479328138 ], [ -121.41735546130063, 38.474309872514901 ], [ -121.417360129784186, 38.474319984318896 ], [ -121.417505100000014, 38.4742729 ] ] ] } },
{ "type": "Feature", "properties": { "id": 13320161701, "lat": 38.5390651, "lon": -121.2881047, "direction": 45.0, "operator": "Unknown", "brand": "Unknown" }, "geometry": { "type": "Polygon", "coordinates": [ [ [ -121.2881047, 38.5390651 ], [ -121.287961707673716, 38.539115983963889 ], [ -121.28796789832343, 38.539125578570982 ], [ -121.287975130118909, 38.539134712899724 ], [ -121.287983348021996, 38.539143317432213 ], [ -121.287992489489639, 38.539151326682614 ], [ -121.288002484949828, 38.539158679695497 ], [ -121.288013258331063, 38.539165320509824 ], [ -121.288024727641201, 38.539171198584853 ], [ -121.28803680559173, 38.539176269184736 ], [ -121.288049400261926, 38.539180493718938 ], [ -121.2881047, 38.5390651 ] ] ] } },
{ "type": "Feature", "properties": { "id": 13320354001, "lat": 38.5103508, "lon": -121.4089712, "direction": 180.0, "operator": "Unknown", "brand": "Unknown" }, "geometry": { "type": "Polygon", "coordinates": [ [ [ -121.4089712, 38.5103508 ], [ -121.409026302828977, 38.510235349637504 ], [ -121.409013286947328, 38.51023201549485 ], [ -121.40899995076002, 38.510229585372755 ], [ -121.40898639576308, 38.510228077765845 ], [ -121.408972725117749, 38.510227504147856 ], [ -121.408959042865391, 38.510227868884392 ], [ -121.408945453135743, 38.510229169199576 ], [ -121.408932059354399, 38.510231395197238 ], [ -121.408918963455633, 38.510234529936298 ], [ -121.408906265106765, 38.510238549559553 ], [ -121.4089712, 38.5103508 ] ] ] } },
{ "type": "Feature", "properties": { "id": 13320355401, "lat": 38.495904, "lon": -121.4091016, "direction": 166.0, "operator": "Unknown", "brand": "Unknown" }, "geometry": { "type": "Polygon", "coordinates": [ [ [ -121.4091016, 38.495904 ], [ -121.409119515853789, 38.495781502446761 ], [ -121.409105862527781, 38.495780741452663 ], [ -121.409092176761547, 38.495780918529171 ], [ -121.4090785627115, 38.495782032328606 ], [ -121.409065123988327, 38.495784074374335 ], [ -121.409051962868347, 38.495787029125189 ], [ -121.409039179515261, 38.495790874093856 ], [ -121.409026871217691, 38.495795580017912 ], [ -121.409015131648957, 38.495801111082542 ], [ -121.409004050154024, 38.495807425193163 ], [ -121.4091016, 38.495904 ] ] ] } },
{ "type": "Feature", "properties": { "id": 13320355402, "lat": 38.481496, "lon": -121.4085065, "direction": 81.0, "operator": "Unknown", "brand": "Unknown" }, "geometry": { "type": "Polygon", "coordinates": [ [ [ -121.408506500000016, 38.481496 ], [ -121.408352810513676, 38.481471296132746 ], [ -121.408350656192908, 38.481481919110877 ], [ -121.40834968793699, 38.481492649253646 ], [ -121.408349913115416, 38.481503404898184 ], [ -121.408351330014909, 38.481514104187518 ], [ -121.408353927852488, 38.481524665693613 ], [ -121.408357686857528, 38.481535009036932 ], [ -121.408362578422071, 38.481545055498323 ], [ -121.408368565318781, 38.481554728617994 ], [ -121.408375601984034, 38.481563954777549 ], [ -121.408506500000016, 38.481496 ] ] ] } },
{ "type": "Feature", "properties": { "id": 13320480101, "lat": 38.5859544, "lon": -121.5050275, "direction": 281.0, "operator": "Unknown", "brand": "Unknown" }, "geometry": { "type": "Polygon", "coordinates": [ [ [ -121.5050275, 38.5859544 ], [ -121.505161427850993, 38.586018822120913 ], [ -121.505168071751783, 38.586009415257436 ], [ -121.505173645814452, 38.585999589694801 ], [ -121.505178107617283, 38.585989420211611 ], [ -121.505181423203723, 38.585978984203877 ], [ -121.505183567340538, 38.585968361096036 ], [ -121.505184523710014, 38.585957631736328 ], [ -121.505184285034105, 38.585946877781744 ], [ -121.505182853129753, 38.585936181076363 ], [ -121.505180238895093, 38.585925623028501 ], [ -121.5050275, 38.5859544 ] ] ] } },
{ "type": "Feature", "properties": { "id": 13324231002, "lat": 38.7250724, "lon": -121.3926148, "direction": 180.0, "operator": "Unknown", "brand": "Unknown" }, "geometry": { "type": "Polygon", "coordinates": [ [ [ -121.3926148, 38.7250724 ], [ -121.392670077043221, 38.724956990765527 ], [ -121.392657026365754, 38.724953655943573 ], [ -121.392643654321617, 38.724951224834335 ], [ -121.392630062679672, 38.72494971593995 ], [ -121.392616354880076, 38.724949140743959 ], [ -121.392602635246931, 38.724949503623975 ], [ -121.392589008194491, 38.72495080181826 ], [ -121.392575577432353, 38.724953025446752 ], [ -121.392562445176296, 38.724956157586448 ], [ -121.392549711370279, 38.724960174399904 ], [ -121.3926148, 38.7250724 ] ] ] } },
{ "type": "Feature", "properties": { "id": 13325116701, "lat": 38.3734353, "lon": -121.364947, "direction": 310.0, "operator": "Unknown", "brand": "Unknown" }, "geometry": { "type": "Polygon", "coordinates": [ [ [ -121.364947, 38.3734353 ], [ -121.365023946018965, 38.373542722391079 ], [ -121.365035546185879, 38.373537034233941 ], [ -121.365046472460264, 38.373530571817113 ], [ -121.365056641686422, 38.373523384323619 ], [ -121.365065976470376, 38.373515526454803 ], [ -121.365074405768794, 38.373507058013999 ], [ -121.365081865429772, 38.373498043451285 ], [ -121.365088298680959, 38.373488551373093 ], [ -121.365093656561669, 38.373478654019998 ], [ -121.365097898295573, 38.37346842671699 ], [ -121.364947, 38.3734353 ] ] ] } },
{ "type": "Feature", "properties": { "id": 13325116801, "lat": 38.3734353, "lon": -121.364947, "direction": 310.0, "operator": "Unknown", "brand": "Unknown" }, "geometry": { "type": "Polygon", "coordinates": [ [ [ -121.364947, 38.3734353 ], [ -121.365023946018965, 38.373542722391079 ], [ -121.365035546185879, 38.373537034233941 ], [ -121.365046472460264, 38.373530571817113 ], [ -121.365056641686422, 38.373523384323619 ], [ -121.365065976470376, 38.373515526454803 ], [ -121.365074405768794, 38.373507058013999 ], [ -121.365081865429772, 38.373498043451285 ], [ -121.365088298680959, 38.373488551373093 ], [ -121.365093656561669, 38.373478654019998 ], [ -121.365097898295573, 38.37346842671699 ], [ -121.364947, 38.3734353 ] ] ] } },
{ "type": "Feature", "properties": { "id": 13331227302, "lat": 38.6318641, "lon": -121.0800894, "direction": 205.0, "operator": "Unknown", "brand": "Unknown" }, "geometry": { "type": "Polygon", "coordinates": [ [ [ -121.0800894, 38.6318641 ], [ -121.080201969551439, 38.631778066673135 ], [ -121.080191981748627, 38.631770698377863 ], [ -121.080181213239499, 38.631764040924793 ], [ -121.08016974597885, 38.631758144980985 ], [ -121.080157667239234, 38.631753055417967 ], [ -121.080145068946905, 38.631748810970265 ], [ -121.080132046982129, 38.631745443940545 ], [ -121.080118700449518, 38.631742979953849 ], [ -121.080105130923855, 38.631741437762521 ], [ -121.080091441676885, 38.631740829103521 ], [ -121.0800894, 38.6318641 ] ] ] } },
{ "type": "Feature", "properties": { "id": 13332850397, "lat": 38.6438155, "lon": -121.1344867, "direction": 320.0, "operator": "Unknown", "brand": "Unknown" }, "geometry": { "type": "Polygon", "coordinates": [ [ [ -121.134486700000011, 38.6438155 ], [ -121.134538620162061, 38.643931860514918 ], [ -121.134551353985032, 38.643927868867578 ], [ -121.134563595750052, 38.643923022024261 ], [ -121.134575252289608, 38.643917356872493 ], [ -121.134586234890136, 38.643910916527645 ], [ -121.134596459967312, 38.643903750004839 ], [ -121.134605849702098, 38.643895911845746 ], [ -121.134614332632893, 38.64388746170372 ], [ -121.134621844199671, 38.643878463889564 ], [ -121.134628327235006, 38.643868986882261 ], [ -121.134486700000011, 38.6438155 ] ] ] } },
{ "type": "Feature", "properties": { "id": 13341885438, "lat": 38.574241, "lon": -121.4006185, "direction": 90.0, "operator": "Unknown", "brand": "Unknown" }, "geometry": { "type": "Polygon", "coordinates": [ [ [ -121.4006185, 38.574241 ], [ -121.400471450851853, 38.574197698339908 ], [ -121.400467202912921, 38.574207924089364 ], [ -121.400464106434725, 38.574218401566888 ], [ -121.40046218498378, 38.574229051032667 ], [ -121.400461453183951, 38.574239791437819 ], [ -121.400461916605167, 38.574250541041458 ], [ -121.400463571721019, 38.574261218032582 ], [ -121.400466405935504, 38.574271741152771 ], [ -121.400470397679001, 38.574282030314691 ], [ -121.400475516572357, 38.574292007211476 ], [ -121.4006185, 38.574241 ] ] ] } },
{ "type": "Feature", "properties": { "id": 13356534101, "lat": 38.6108749, "lon": -121.2916635, "direction": 228.0, "operator": "Unknown", "brand": "Unknown" }, "geometry": { "type": "Polygon", "coordinates": [ [ [ -121.291663500000013, 38.6108749 ], [ -121.291809817930471, 38.610829963644839 ], [ -121.291804269586692, 38.610820128846157 ], [ -121.2917976499036, 38.610810710889197 ], [ -121.291790009261206, 38.610801781450192 ], [ -121.29178140580963, 38.610793408487382 ], [ -121.291771905026422, 38.610785655723902 ], [ -121.291761579218274, 38.610778582162787 ], [ -121.291750506970814, 38.61077224163796 ], [ -121.291738772550332, 38.610766682404474 ], [ -121.291726465262656, 38.610761946771277 ], [ -121.291663500000013, 38.6108749 ] ] ] } },
{ "type": "Feature", "properties": { "id": 13356534801, "lat": 38.6110707, "lon": -121.2907616, "direction": 33.0, "operator": "Unknown", "brand": "Unknown" }, "geometry": { "type": "Polygon", "coordinates": [ [ [ -121.29076160000001, 38.6110707 ], [ -121.290635089353998, 38.611143817507241 ], [ -121.290643692722128, 38.611152190543002 ], [ -121.290653193438558, 38.611159943386262 ], [ -121.290663519197224, 38.611167017033004 ], [ -121.290674591412724, 38.611173357648354 ], [ -121.290686325818697, 38.611178916976208 ], [ -121.290698633108974, 38.611183652706622 ], [ -121.290711419617395, 38.611187528797622 ], [ -121.290724588030514, 38.611190515749783 ], [ -121.290738038128339, 38.611192590830463 ], [ -121.29076160000001, 38.6110707 ] ] ] } },
{ "type": "Feature", "properties": { "id": 13358186901, "lat": 38.1104844, "lon": -121.6967701, "direction": 267.0, "operator": "Unknown", "brand": "Unknown" }, "geometry": { "type": "Polygon", "coordinates": [ [ [ -121.696770099999981, 38.1104844 ], [ -121.696919098155035, 38.110521276166104 ], [ -121.696922598939082, 38.110510875502925 ], [ -121.696924939112947, 38.110500273345664 ], [ -121.696926100866989, 38.110489550383221 ], [ -121.696926075360011, 38.110478788223837 ], [ -121.696924862786588, 38.110468068774026 ], [ -121.696922472375661, 38.110457473615277 ], [ -121.696918922320108, 38.110447083383058 ], [ -121.696914239638431, 38.110436977153235 ], [ -121.696908459969038, 38.110427231840212 ], [ -121.696770099999981, 38.1104844 ] ] ] } },
{ "type": "Feature", "properties": { "id": 13358529301, "lat": 38.6000221, "lon": -121.4012878, "direction": 330.0, "operator": "Unknown", "brand": "Unknown" }, "geometry": { "type": "Polygon", "coordinates": [ [ [ -121.40128780000002, 38.600022100000011 ], [ -121.40131356436504, 38.600143717543084 ], [ -121.401326973627619, 38.600141492614135 ], [ -121.401340084753883, 38.600138359034027 ], [ -121.401352797959888, 38.600134340651323 ], [ -121.401365016490018, 38.600129468048443 ], [ -121.401376647353658, 38.600123778308962 ], [ -121.401387602032685, 38.600117314735385 ], [ -121.401397797155226, 38.60011012651961 ], [ -121.401407155130201, 38.600102268368424 ], [ -121.401415604737821, 38.600093800087301 ], [ -121.40128780000002, 38.600022100000011 ] ] ] } },
{ "type": "Feature", "properties": { "id": 13358529401, "lat": 38.599686, "lon": -121.4016616, "direction": 150.0, "operator": "Unknown", "brand": "Unknown" }, "geometry": { "type": "Polygon", "coordinates": [ [ [ -121.4016616, 38.599686 ], [ -121.401635835247859, 38.599564382450708 ], [ -121.401622426092104, 38.599566607413735 ], [ -121.401609315072093, 38.599569741025199 ], [ -121.401596601970184, 38.599573759436453 ], [ -121.401584383540396, 38.599578632065132 ], [ -121.40157275277214, 38.599584321827734 ], [ -121.4015617981823, 38.59959078542186 ], [ -121.401551603141826, 38.599597973655811 ], [ -121.40154224524106, 38.599605831822963 ], [ -121.401533795699322, 38.599614300118105 ], [ -121.4016616, 38.599686 ] ] ] } },
{ "type": "Feature", "properties": { "id": 13362579207, "lat": 38.5599761, "lon": -121.3800934, "direction": 320.0, "operator": "Unknown", "brand": "Unknown" }, "geometry": { "type": "Polygon", "coordinates": [ [ [ -121.3800934, 38.5599761 ], [ -121.380145627000275, 38.560092374029175 ], [ -121.380158334834235, 38.56008835753093 ], [ -121.380170548472833, 38.560083486684036 ], [ -121.380182174962556, 38.560077798558709 ], [ -121.380193125818607, 38.560071336445212 ], [ -121.380203317698218, 38.560064149524244 ], [ -121.38021267303499, 38.560056292492796 ], [ -121.380221120629173, 38.560047825147834 ], [ -121.380228596189625, 38.560038811931072 ], [ -121.380235042822989, 38.560029321438734 ], [ -121.3800934, 38.5599761 ] ] ] } },
{ "type": "Feature", "properties": { "id": 13362579208, "lat": 38.5599528, "lon": -121.3801432, "direction": 315.0, "operator": "Unknown", "brand": "Unknown" }, "geometry": { "type": "Polygon", "coordinates": [ [ [ -121.3801432, 38.5599528 ], [ -121.380208134885919, 38.560065057509192 ], [ -121.38022034851781, 38.560060186657381 ], [ -121.380231975000513, 38.560054498527386 ], [ -121.380242925849231, 38.560048036409405 ], [ -121.380253117721324, 38.560040849484231 ], [ -121.380262473050365, 38.560032992448917 ], [ -121.380270920636718, 38.560024525100388 ], [ -121.380278396189269, 38.560015511880451 ], [ -121.380284842814731, 38.560006021385291 ], [ -121.380290211450685, 38.559996125843469 ], [ -121.3801432, 38.5599528 ] ] ] } },
{ "type": "Feature", "properties": { "id": 13362653738, "lat": 38.552195, "lon": -121.3772475, "direction": 215.0, "operator": "Sacramento Police Department", "brand": "Unknown" }, "geometry": { "type": "Polygon", "coordinates": [ [ [ -121.3772475, 38.552195 ], [ -121.377377012537892, 38.552125297977319 ], [ -121.377368783541712, 38.552116699339315 ], [ -121.377359631507275, 38.552108696616415 ], [ -121.377349626087138, 38.552101350713947 ], [ -121.377338843428589, 38.552094717538573 ], [ -121.377327365594027, 38.552088847572534 ], [ -121.377315279936525, 38.5520837854897 ], [ -121.37730267843493, 38.552079569815426 ], [ -121.377289656993995, 38.552076232633404 ], [ -121.377276314714308, 38.552073799341521 ], [ -121.3772475, 38.552195 ] ] ] } },
{ "type": "Feature", "properties": { "id": 13370108701, "lat": 38.5592422, "lon": -121.1875055, "direction": 235.0, "operator": "Unknown", "brand": "Unknown" }, "geometry": { "type": "Polygon", "coordinates": [ [ [ -121.187505499999986, 38.5592422 ], [ -121.187657647710054, 38.559211711255131 ], [ -121.187653684482029, 38.559201415271048 ], [ -121.187648593482407, 38.559191429683736 ], [ -121.187642413457027, 38.559181830489429 ], [ -121.187635191439981, 38.559172690743665 ], [ -121.187626982395372, 38.559164080005232 ], [ -121.187617848799121, 38.559156063806952 ], [ -121.187607860163453, 38.559148703156708 ], [ -121.187597092507886, 38.559142054073334 ], [ -121.187585627780692, 38.559136167160219 ], [ -121.187505499999986, 38.5592422 ] ] ] } },
{ "type": "Feature", "properties": { "id": 13372195501, "lat": 38.6173896, "lon": -121.4016083, "direction": 144.0, "operator": "Unknown", "brand": "Unknown" }, "geometry": { "type": "Polygon", "coordinates": [ [ [ -121.4016083, 38.6173896 ], [ -121.401566467498071, 38.617270764978095 ], [ -121.401553425235718, 38.617274077589919 ], [ -121.401540800601637, 38.617278269395911 ], [ -121.401528689676553, 38.617283308493967 ], [ -121.401517184631686, 38.617289156533694 ], [ -121.401506373027118, 38.617295769008145 ], [ -121.401496337145602, 38.617303095592511 ], [ -121.401487153366233, 38.617311080527266 ], [ -121.40147889158311, 38.617319663042387 ], [ -121.401471614673611, 38.617328777819957 ], [ -121.4016083, 38.6173896 ] ] ] } },
{ "type": "Feature", "properties": { "id": 13379090801, "lat": 38.5768031, "lon": -121.2910343, "direction": 315.0, "operator": "Kaiser Permanente", "brand": "Unknown" }, "geometry": { "type": "Polygon", "coordinates": [ [ [ -121.2910343, 38.576803099999985 ], [ -121.291099121955426, 38.576915400091913 ], [ -121.291111343691384, 38.576910537854893 ], [ -121.291122979075951, 38.576904857950012 ], [ -121.291133939556573, 38.576898403604929 ], [ -121.291144141717282, 38.57689122394126 ], [ -121.291153507913407, 38.576883373600758 ], [ -121.29116196686256, 38.576874912329437 ], [ -121.291169454187155, 38.576865904522847 ], [ -121.291175912904336, 38.576856418735971 ], [ -121.291181293859609, 38.576846527161528 ], [ -121.2910343, 38.576803099999985 ] ] ] } },
{ "type": "Feature", "properties": { "id": 13382177301, "lat": 38.5745757, "lon": -121.3036515, "direction": 98.0, "operator": "Unknown", "brand": "Unknown" }, "geometry": { "type": "Polygon", "coordinates": [ [ [ -121.303651500000015, 38.574575700000011 ], [ -121.30351363061564, 38.574516649653972 ], [ -121.303507599244611, 38.574526307216352 ], [ -121.303502663043133, 38.574536340687914 ], [ -121.303498859579108, 38.574546673707971 ], [ -121.303496217799562, 38.574557227636085 ], [ -121.303494757810498, 38.574567922150599 ], [ -121.303494490723779, 38.574578675859811 ], [ -121.303495418572609, 38.574589406921497 ], [ -121.303497534295957, 38.574600033665774 ], [ -121.303500821792369, 38.574610475216659 ], [ -121.303651500000015, 38.574575700000011 ] ] ] } },
{ "type": "Feature", "properties": { "id": 13384245646, "lat": 38.6401898, "lon": -121.1560956, "direction": 145.0, "operator": "Unknown", "brand": "Unknown" }, "geometry": { "type": "Polygon", "coordinates": [ [ [ -121.156095600000015, 38.6401898 ], [ -121.156056777962633, 38.640070339325085 ], [ -121.15604365048533, 38.640073447618207 ], [ -121.15603091837346, 38.640077441422044 ], [ -121.156018678525726, 38.640082290341432 ], [ -121.156007024094436, 38.640087957473341 ], [ -121.155996043776682, 38.640094399687612 ], [ -121.155985821139168, 38.64010156795527 ], [ -121.155976433982275, 38.64010940772161 ], [ -121.155967953747947, 38.640117859321471 ], [ -121.155960444976031, 38.640126858433241 ], [ -121.156095600000015, 38.6401898 ] ] ] } },
{ "type": "Feature", "properties": { "id": 13387039701, "lat": 38.5748953, "lon": -121.3036688, "direction": 19.0, "operator": "Unknown", "brand": "Unknown" }, "geometry": { "type": "Polygon", "coordinates": [ [ [ -121.3036688, 38.5748953 ], [ -121.303568653205218, 38.574990274093786 ], [ -121.30357957874881, 38.574996764579787 ], [ -121.303591183322609, 38.575002482858281 ], [ -121.303603378608585, 38.57500738540962 ], [ -121.303616071792959, 38.57501143492226 ], [ -121.303629166272614, 38.575014600576864 ], [ -121.303642562390223, 38.575016858280776 ], [ -121.303656158192794, 38.575018190851445 ], [ -121.303669850207598, 38.575018588147138 ], [ -121.303683534229677, 38.575018047144226 ], [ -121.3036688, 38.5748953 ] ] ] } },
{ "type": "Feature", "properties": { "id": 13387224801, "lat": 38.6021965, "lon": -121.3924689, "direction": 190.0, "operator": "Kaiser Permanente", "brand": "Unknown" }, "geometry": { "type": "Polygon", "coordinates": [ [ [ -121.3924689, 38.6021965 ], [ -121.392548795736062, 38.6020903453066 ], [ -121.392536701440832, 38.6020852850056 ], [ -121.392524091137886, 38.602081071116885 ], [ -121.39251106079891, 38.602077735710495 ], [ -121.392497709592234, 38.602075304170825 ], [ -121.392484139128186, 38.602073795003271 ], [ -121.392470452685671, 38.602073219693466 ], [ -121.392456754426377, 38.602073582619845 ], [ -121.392443148601799, 38.602074881020336 ], [ -121.392429738759972, 38.602077105013365 ], [ -121.3924689, 38.6021965 ] ] ] } },
{ "type": "Feature", "properties": { "id": 13387225301, "lat": 38.6012401, "lon": -121.3923585, "direction": 240.0, "operator": "Kaiser Permanente", "brand": "Unknown" }, "geometry": { "type": "Polygon", "coordinates": [ [ [ -121.3923585, 38.6012401 ], [ -121.392513483345553, 38.601219892518749 ], [ -121.392510649223766, 38.601209369609784 ], [ -121.392506657155849, 38.60119908057807 ], [ -121.392501537524296, 38.601189103729304 ], [ -121.392495329292899, 38.601179514993163 ], [ -121.392488079710375, 38.601170387345633 ], [ -121.392479843950611, 38.601161790253428 ], [ -121.392470684692839, 38.601153789145464 ], [ -121.392460671644642, 38.601146444914832 ], [ -121.392449881011274, 38.601139813455383 ], [ -121.3923585, 38.6012401 ] ] ] } },
{ "type": "Feature", "properties": { "id": 13387811501, "lat": 38.69841, "lon": -121.32624, "direction": 64.0, "operator": "Unknown", "brand": "Unknown" }, "geometry": { "type": "Polygon", "coordinates": [ [ [ -121.32624, 38.69841 ], [ -121.326083395140685, 38.698421592049534 ], [ -121.32608528029786, 38.698432244007918 ], [ -121.326088342966372, 38.698442726676461 ], [ -121.326092559837932, 38.698452960275688 ], [ -121.326097898819967, 38.698462866921588 ], [ -121.326104319279949, 38.698472371218486 ], [ -121.326111772354608, 38.698481400832875 ], [ -121.326120201321714, 38.698489887043678 ], [ -121.326129542031879, 38.698497765265614 ], [ -121.326139723396665, 38.698504975540452 ], [ -121.32624, 38.69841 ] ] ] } },
{ "type": "Feature", "properties": { "id": 13395496401, "lat": 38.5252269, "lon": -121.4090131, "direction": 180.0, "operator": "Unknown", "brand": "Unknown" }, "geometry": { "type": "Polygon", "coordinates": [ [ [ -121.4090131, 38.525226899999979 ], [ -121.4090682131487, 38.525111451925952 ], [ -121.409055194813178, 38.525108117854145 ], [ -121.409041856112154, 38.525105687784972 ], [ -121.409028298560727, 38.525104180212622 ], [ -121.409014625339637, 38.525103606610593 ], [ -121.409000940509841, 38.525103971344294 ], [ -121.408987348220677, 38.525105271637955 ], [ -121.408973951917176, 38.525107497595528 ], [ -121.408960853552898, 38.52511063227626 ], [ -121.408948152813892, 38.52511465182338 ], [ -121.4090131, 38.525226899999979 ] ] ] } },
{ "type": "Feature", "properties": { "id": 13395500801, "lat": 38.5396024, "lon": -121.4093052, "direction": 147.0, "operator": "Unknown", "brand": "Unknown" }, "geometry": { "type": "Polygon", "coordinates": [ [ [ -121.4093052, 38.5396024 ], [ -121.409271373749064, 38.539481999470304 ], [ -121.409258141703859, 38.539484773117252 ], [ -121.409245267799108, 38.539488441974612 ], [ -121.409232850012629, 38.539492978120229 ], [ -121.409220982850968, 38.539498347031468 ], [ -121.409209756630105, 38.539504507847809 ], [ -121.409199256788227, 38.539511413681879 ], [ -121.409189563235401, 38.539519011976267 ], [ -121.409180749745374, 38.539527244903546 ], [ -121.409172883394262, 38.53953604980633 ], [ -121.4093052, 38.5396024 ] ] ] } },
{ "type": "Feature", "properties": { "id": 13396891401, "lat": 38.5797536, "lon": -121.3091289, "direction": 304.0, "operator": "Unknown", "brand": "Unknown" }, "geometry": { "type": "Polygon", "coordinates": [ [ [ -121.3091289, 38.5797536 ], [ -121.309219854364542, 38.579854114292168 ], [ -121.309230668568546, 38.579847509269662 ], [ -121.309240708249519, 38.579840189540363 ], [ -121.309249896999418, 38.579832210811965 ], [ -121.309258164886316, 38.579823633807599 ], [ -121.309265448986793, 38.579814523803648 ], [ -121.309271693864616, 38.579804950132825 ], [ -121.30927685199282, 38.579794985656733 ], [ -121.309280884115239, 38.57978470621115 ], [ -121.309283759545394, 38.579774190028942 ], [ -121.3091289, 38.5797536 ] ] ] } },
{ "type": "Feature", "properties": { "id": 13399328392, "lat": 38.6340659, "lon": -121.2215789, "direction": 5.0, "operator": "Unknown", "brand": "Unknown" }, "geometry": { "type": "Polygon", "coordinates": [ [ [ -121.2215789, 38.6340659 ], [ -121.221510830010359, 38.634177019456267 ], [ -121.221523436288678, 38.634181249987748 ], [ -121.221536464681165, 38.63418460263501 ], [ -121.22154981603353, 38.63418705188235 ], [ -121.221563388733443, 38.634188579089354 ], [ -121.221577079483993, 38.634189172633072 ], [ -121.221590784089855, 38.634188827996205 ], [ -121.221604398250179, 38.634187547801723 ], [ -121.221617818352541, 38.634185341792673 ], [ -121.221630942261413, 38.63418222675817 ], [ -121.2215789, 38.6340659 ] ] ] } },
{ "type": "Feature", "properties": { "id": 13401768389, "lat": 38.7050265, "lon": -121.1690082, "direction": 90.0, "operator": "Unknown", "brand": "Unknown" }, "geometry": { "type": "Polygon", "coordinates": [ [ [ -121.1690082, 38.70502650000001 ], [ -121.168861034400436, 38.704982940341139 ], [ -121.168856749355356, 38.704993156532709 ], [ -121.168853616939629, 38.705003626488576 ], [ -121.168851660993312, 38.705014270526213 ], [ -121.16885089640283, 38.705025007638064 ], [ -121.168851328987628, 38.705035756108288 ], [ -121.168852955455961, 38.705046434134466 ], [ -121.168855763429917, 38.705056960450378 ], [ -121.168859731539541, 38.705067254944318 ], [ -121.168864829585559, 38.705077239268867 ], [ -121.1690082, 38.70502650000001 ] ] ] } },
{ "type": "Feature", "properties": { "id": 13402092307, "lat": 38.6430154, "lon": -121.1890916, "direction": 50.0, "operator": "Unknown", "brand": "Unknown" }, "geometry": { "type": "Polygon", "coordinates": [ [ [ -121.1890916, 38.6430154 ], [ -121.188943258720684, 38.643056181711032 ], [ -121.188948355300028, 38.643066166099814 ], [ -121.188954542060159, 38.643075764128199 ], [ -121.188961771916325, 38.643084902749173 ], [ -121.188969989845248, 38.643093512412229 ], [ -121.18897913330359, 38.643101527592442 ], [ -121.188989132704236, 38.643108887289287 ], [ -121.188999911945615, 38.643115535490857 ], [ -121.189011388991105, 38.643121421600185 ], [ -121.189023476493247, 38.643126500820209 ], [ -121.1890916, 38.6430154 ] ] ] } },
{ "type": "Feature", "properties": { "id": 13402092308, "lat": 38.6448425, "lon": -121.1869013, "direction": 185.0, "operator": "Unknown", "brand": "Unknown" }, "geometry": { "type": "Polygon", "coordinates": [ [ [ -121.1869013, 38.6448425 ], [ -121.1869694279806, 38.644731400571558 ], [ -121.186956821870254, 38.644727166702971 ], [ -121.186943793206822, 38.644723810589298 ], [ -121.186930441145876, 38.644721357772447 ], [ -121.18691686730422, 38.644719826919761 ], [ -121.186903174986554, 38.64471922968194 ], [ -121.186889468399144, 38.644719570604295 ], [ -121.186875851856939, 38.644720847092195 ], [ -121.186862428989599, 38.644723049430851 ], [ -121.186849301952776, 38.644726160859186 ], [ -121.1869013, 38.6448425 ] ] ] } },
{ "type": "Feature", "properties": { "id": 13414650255, "lat": 38.4087061, "lon": -121.4775025, "direction": 265.0, "operator": "Elk Grove Police Department", "brand": "Unknown" }, "geometry": { "type": "Polygon", "coordinates": [ [ [ -121.477502500000014, 38.408706099999989 ], [ -121.477653512633893, 38.408739092161795 ], [ -121.477656592403946, 38.408728610506159 ], [ -121.477658499436757, 38.408717957532481 ], [ -121.47765921921912, 38.408707214316401 ], [ -121.477658746273576, 38.408696462620242 ], [ -121.477657084199961, 38.408685784270958 ], [ -121.477654245648139, 38.408675260537152 ], [ -121.477650252221679, 38.408664971510717 ], [ -121.47764513431332, 38.408654995497322 ], [ -121.477638930873823, 38.408645408420263 ], [ -121.477502500000014, 38.408706099999989 ] ] ] } },
{ "type": "Feature", "properties": { "id": 13414704922, "lat": 38.4081044, "lon": -121.4601599, "direction": 215.0, "operator": "Elk Grove Police Department", "brand": "Unknown" }, "geometry": { "type": "Polygon", "coordinates": [ [ [ -121.4601599, 38.4081044 ], [ -121.46028910343955, 38.408034600727341 ], [ -121.46028088042361, 38.408026005774353 ], [ -121.460271736676333, 38.40801800744854 ], [ -121.460261741787193, 38.408010666621834 ], [ -121.460250971823314, 38.408004039162158 ], [ -121.460239508750519, 38.407998175508347 ], [ -121.460227439809472, 38.407993120286179 ], [ -121.460214856851877, 38.407988911968793 ], [ -121.460201855641245, 38.407985582583933 ], [ -121.460188535124331, 38.407983157470085 ], [ -121.4601599, 38.4081044 ] ] ] } },
{ "type": "Feature", "properties": { "id": 13416380301, "lat": 38.5847338, "lon": -121.2656016, "direction": 257.0, "operator": "Unknown", "brand": "Unknown" }, "geometry": { "type": "Polygon", "coordinates": [ [ [ -121.265601600000011, 38.584733800000016 ], [ -121.265757281442177, 38.584750187956303 ], [ -121.265758508731665, 38.584739475577699 ], [ -121.265758541850673, 38.584728720005081 ], [ -121.265757380547669, 38.584718003094864 ], [ -121.265755033661378, 38.584707406409159 ], [ -121.265751519053424, 38.5846970105951 ], [ -121.265746863472543, 38.584686894771032 ], [ -121.265741102350873, 38.584677135924366 ], [ -121.265734279534385, 38.58466780832569 ], [ -121.265726446949031, 38.584658982963518 ], [ -121.265601600000011, 38.584733800000016 ] ] ] } },
{ "type": "Feature", "properties": { "id": 13417197501, "lat": 38.4088706, "lon": -121.3843867, "direction": 87.0, "operator": "Unknown", "brand": "Unknown" }, "geometry": { "type": "Polygon", "coordinates": [ [ [ -121.3843867, 38.4088706 ], [ -121.384237286281646, 38.40883337197856 ], [ -121.384233731208937, 38.408843760080728 ], [ -121.384231340319928, 38.408854352451371 ], [ -121.384230131811151, 38.408865068476231 ], [ -121.384230114880609, 38.408875826599868 ], [ -121.384231289657592, 38.408886544946526 ], [ -121.38423364720181, 38.408897141943058 ], [ -121.384237169571449, 38.408907536939857 ], [ -121.384241829959521, 38.40891765082462 ], [ -121.384247592898021, 38.408927406624507 ], [ -121.3843867, 38.4088706 ] ] ] } },
{ "type": "Feature", "properties": { "id": 13423921301, "lat": 38.452478, "lon": -121.3693544, "direction": 90.0, "operator": "Unknown", "brand": "Unknown" }, "geometry": { "type": "Polygon", "coordinates": [ [ [ -121.36935440000002, 38.452478 ], [ -121.369207594532952, 38.452434655357528 ], [ -121.369203349093311, 38.452444881739638 ], [ -121.369200253240848, 38.452455360172166 ], [ -121.369198330537301, 38.452466010907948 ], [ -121.369197595616058, 38.452476752888529 ], [ -121.369198054070793, 38.45248750436096 ], [ -121.369199702412899, 38.452498183500033 ], [ -121.369202528097929, 38.452508709030994 ], [ -121.369206509621193, 38.452519000848163 ], [ -121.369211616681298, 38.452528980624464 ], [ -121.36935440000002, 38.452478 ] ] ] } },
{ "type": "Feature", "properties": { "id": 13427786701, "lat": 38.6780219, "lon": -121.3194958, "direction": 92.0, "operator": "Unknown", "brand": "Unknown" }, "geometry": { "type": "Polygon", "coordinates": [ [ [ -121.319495800000013, 38.6780219 ], [ -121.319350623210411, 38.677974510939066 ], [ -121.319345906667436, 38.677984609654075 ], [ -121.319342330901577, 38.677994992171541 ], [ -121.31933992312706, 38.678005579474288 ], [ -121.319338701668926, 38.678016290986641 ], [ -121.319338675823687, 38.678027045187513 ], [ -121.319339845788534, 38.678037760230985 ], [ -121.31934220265984, 38.67804835456905 ], [ -121.319345728500792, 38.678058747572379 ], [ -121.319350396478086, 38.67806886014381 ], [ -121.319495800000013, 38.6780219 ] ] ] } },
{ "type": "Feature", "properties": { "id": 13431262901, "lat": 38.6527845, "lon": -121.5482846, "direction": 223.0, "operator": "Unknown", "brand": "Unknown" }, "geometry": { "type": "Polygon", "coordinates": [ [ [ -121.548284599999988, 38.6527845 ], [ -121.548425265662658, 38.652729450226545 ], [ -121.548418611820836, 38.652720046104207 ], [ -121.548410938070631, 38.652711132514995 ], [ -121.548402302814083, 38.652702777296469 ], [ -121.548392771770835, 38.652695044036818 ], [ -121.548382417477882, 38.652687991590582 ], [ -121.548371318737622, 38.652681673630987 ], [ -121.548359560017971, 38.652676138241354 ], [ -121.548347230809654, 38.652671427549208 ], [ -121.548334424945111, 38.652667577405602 ], [ -121.548284599999988, 38.6527845 ] ] ] } },
{ "type": "Feature", "properties": { "id": 13431265201, "lat": 38.6525541, "lon": -121.548012, "direction": 66.0, "operator": "Unknown", "brand": "Unknown" }, "geometry": { "type": "Polygon", "coordinates": [ [ [ -121.548012, 38.65255410000001 ], [ -121.5478550865828, 38.652561673956029 ], [ -121.547856525487774, 38.652572369203078 ], [ -121.547859147648495, 38.652582925410961 ], [ -121.547862933109187, 38.652593262240558 ], [ -121.547867853060595, 38.652603301022204 ], [ -121.54787387005932, 38.652612965354614 ], [ -121.547880938312616, 38.652622181686269 ], [ -121.547889004027084, 38.65263087987519 ], [ -121.547898005817927, 38.652638993722675 ], [ -121.547907875176094, 38.65264646147731 ], [ -121.548012, 38.65255410000001 ] ] ] } },
{ "type": "Feature", "properties": { "id": 13433006002, "lat": 38.5746134, "lon": -121.4083781, "direction": 157.0, "operator": "Unknown", "brand": "Unknown" }, "geometry": { "type": "Polygon", "coordinates": [ [ [ -121.4083781, 38.5746134 ], [ -121.408371405965752, 38.574490221067926 ], [ -121.408357755644502, 38.57449114779785 ], [ -121.408344260155374, 38.574493004939498 ], [ -121.40833102220671, 38.574495778358973 ], [ -121.408318142546889, 38.574499446948941 ], [ -121.408305719197529, 38.574503982789345 ], [ -121.408293846707465, 38.574509351359808 ], [ -121.408282615433322, 38.574515511802424 ], [ -121.408272110851684, 38.574522417232664 ], [ -121.40826241290867, 38.574530015096236 ], [ -121.4083781, 38.5746134 ] ] ] } },
{ "type": "Feature", "properties": { "id": 13433010401, "lat": 38.5745726, "lon": -121.4082549, "direction": 324.0, "operator": "Unknown", "brand": "Unknown" }, "geometry": { "type": "Polygon", "coordinates": [ [ [ -121.4082549, 38.57457260000001 ], [ -121.408296719938306, 38.574691439779819 ], [ -121.408309754878985, 38.574688126288507 ], [ -121.4083223723391, 38.574683933571265 ], [ -121.408334476291813, 38.574678893537282 ], [ -121.408345974618442, 38.574673044544426 ], [ -121.408356779809608, 38.574666431107197 ], [ -121.408366809631147, 38.57465910355802 ], [ -121.408375987750006, 38.574651117664146 ], [ -121.408384244315258, 38.574642534203228 ], [ -121.408391516489516, 38.574633418500746 ], [ -121.4082549, 38.57457260000001 ] ] ] } },
{ "type": "Feature", "properties": { "id": 13433020101, "lat": 38.5744689, "lon": -121.4104019, "direction": 228.0, "operator": "Unknown", "brand": "Unknown" }, "geometry": { "type": "Polygon", "coordinates": [ [ [ -121.4104019, 38.574468900000014 ], [ -121.41054808269665, 38.574423825817924 ], [ -121.410542522116785, 38.57441399567935 ], [ -121.410535891319924, 38.574404583396046 ], [ -121.410528240770716, 38.574395660600928 ], [ -121.410519628694615, 38.574387295201753 ], [ -121.410510120634839, 38.574379550864087 ], [ -121.410499788953473, 38.574372486526826 ], [ -121.410488712280795, 38.574366155953697 ], [ -121.410476974916804, 38.574360607324031 ], [ -121.410464666189725, 38.574355882866058 ], [ -121.4104019, 38.574468900000014 ] ] ] } },
{ "type": "Feature", "properties": { "id": 13433022001, "lat": 38.5742288, "lon": -121.4100179, "direction": 63.0, "operator": "Unknown", "brand": "Unknown" }, "geometry": { "type": "Polygon", "coordinates": [ [ [ -121.4100179, 38.5742288 ], [ -121.409861837822717, 38.574242636577431 ], [ -121.409863967860261, 38.57425326156325 ], [ -121.409867269415415, 38.574263700382303 ], [ -121.409871717361796, 38.574273873588773 ], [ -121.409877277848224, 38.574283703758347 ], [ -121.409883908556367, 38.574293116077321 ], [ -121.409891559022768, 38.57430203891218 ], [ -121.409900171022969, 38.574310404354563 ], [ -121.409909679014561, 38.57431814873825 ], [ -121.409920010635972, 38.574325213123643 ], [ -121.4100179, 38.5742288 ] ] ] } },
{ "type": "Feature", "properties": { "id": 13433022801, "lat": 38.5744517, "lon": -121.4070067, "direction": 218.0, "operator": "Unknown", "brand": "Unknown" }, "geometry": { "type": "Polygon", "coordinates": [ [ [ -121.407006700000011, 38.5744517 ], [ -121.407140694058043, 38.574387386947464 ], [ -121.407133043894419, 38.574378463949316 ], [ -121.407124432180169, 38.574370098321587 ], [ -121.407114924455669, 38.574362353731608 ], [ -121.407104593080533, 38.574355289120248 ], [ -121.40709351668265, 38.574348958253253 ], [ -121.407081779559974, 38.574343409312242 ], [ -121.407069471038866, 38.574338684527781 ], [ -121.407056684794284, 38.574334819858244 ], [ -121.407043518136931, 38.574331844715964 ], [ -121.407006700000011, 38.5744517 ] ] ] } },
{ "type": "Feature", "properties": { "id": 13433371501, "lat": 38.6110969, "lon": -121.4752325, "direction": 177.0, "operator": "Unknown", "brand": "Unknown" }, "geometry": { "type": "Polygon", "coordinates": [ [ [ -121.475232500000018, 38.611096899999986 ], [ -121.475279799047257, 38.610979333516319 ], [ -121.475266559691121, 38.610976546406668 ], [ -121.475253061121393, 38.610974675259243 ], [ -121.475239406069818, 38.610973734314541 ], [ -121.475225698459127, 38.610973730733683 ], [ -121.475212042612029, 38.610974664543924 ], [ -121.475198542457292, 38.61097652863846 ], [ -121.475185300738772, 38.610979308830444 ], [ -121.475172418233527, 38.61098298396103 ], [ -121.475159992984814, 38.61098752606037 ], [ -121.475232500000018, 38.611096899999986 ] ] ] } },
{ "type": "Feature", "properties": { "id": 13433425501, "lat": 38.5835723, "lon": -121.3099279, "direction": 157.0, "operator": "Unknown", "brand": "Unknown" }, "geometry": { "type": "Polygon", "coordinates": [ [ [ -121.3099279, 38.583572299999986 ], [ -121.30992135891232, 38.58344911748393 ], [ -121.309907705891263, 38.583450033706796 ], [ -121.309894206558837, 38.583451880448649 ], [ -121.309880963652674, 38.583454643654697 ], [ -121.309868077958853, 38.583458302295355 ], [ -121.30985564754495, 38.583462828526287 ], [ -121.309843767013533, 38.583468187900252 ], [ -121.309832526782458, 38.583474339629362 ], [ -121.309822012396424, 38.583481236895359 ], [ -121.309812303876228, 38.583488827206075 ], [ -121.3099279, 38.583572299999986 ] ] ] } },
{ "type": "Feature", "properties": { "id": 13433426101, "lat": 38.5856915, "lon": -121.3101162, "direction": 213.0, "operator": "Unknown", "brand": "Unknown" }, "geometry": { "type": "Polygon", "coordinates": [ [ [ -121.31011620000001, 38.585691499999989 ], [ -121.310242651774331, 38.585618360707969 ], [ -121.310234049110761, 38.585609988695929 ], [ -121.310224549547087, 38.585602237033847 ], [ -121.310214225380733, 38.585595164716366 ], [ -121.310203155184752, 38.585588825567953 ], [ -121.310191423209872, 38.585583267833179 ], [ -121.310179118743321, 38.58557853380961 ], [ -121.310166335429187, 38.585574659525911 ], [ -121.31015317055585, 38.585571674467545 ], [ -121.310139724315562, 38.585569601352582 ], [ -121.31011620000001, 38.585691499999989 ] ] ] } },
{ "type": "Feature", "properties": { "id": 13433429601, "lat": 38.5858401, "lon": -121.3092884, "direction": 23.0, "operator": "Unknown", "brand": "Unknown" }, "geometry": { "type": "Polygon", "coordinates": [ [ [ -121.309288400000014, 38.585840100000013 ], [ -121.309180049067081, 38.585929362145151 ], [ -121.309190373184464, 38.585936434542766 ], [ -121.30920144334786, 38.585942773775727 ], [ -121.309213175306425, 38.585948331598459 ], [ -121.309225479772707, 38.585953065712452 ], [ -121.309238263101946, 38.585956940088067 ], [ -121.309251428004956, 38.58595992523891 ], [ -121.309264874288459, 38.585961998446052 ], [ -121.309278499617648, 38.585963143931039 ], [ -121.309292200295062, 38.585963352976073 ], [ -121.309288400000014, 38.585840100000013 ] ] ] } },
{ "type": "Feature", "properties": { "id": 13433443301, "lat": 38.5802116, "lon": -121.3184576, "direction": 117.0, "operator": "Unknown", "brand": "Unknown" }, "geometry": { "type": "Polygon", "coordinates": [ [ [ -121.3184576, 38.5802116 ], [ -121.318351707062448, 38.58012054353128 ], [ -121.318341999776365, 38.580128134523399 ], [ -121.318333172275004, 38.580136360737889 ], [ -121.318325291741033, 38.580145159568424 ], [ -121.318318418150298, 38.580154464050779 ], [ -121.318312603815173, 38.580164203372341 ], [ -121.318307892986581, 38.580174303411155 ], [ -121.318304321517132, 38.580184687299926 ], [ -121.318301916588311, 38.580195276011068 ], [ -121.318300696503542, 38.580205988958177 ], [ -121.3184576, 38.5802116 ] ] ] } },
{ "type": "Feature", "properties": { "id": 13433445801, "lat": 38.5700532, "lon": -121.3366287, "direction": 154.0, "operator": "Unknown", "brand": "Unknown" }, "geometry": { "type": "Polygon", "coordinates": [ [ [ -121.33662870000002, 38.5700532 ], [ -121.33661391545219, 38.56993045582427 ], [ -121.336600345057846, 38.569931934507558 ], [ -121.336586990460759, 38.569934336093134 ], [ -121.33657395329702, 38.569937642303586 ], [ -121.3365613327869, 38.569941827976713 ], [ -121.336549224979791, 38.569946861257172 ], [ -121.336537722023138, 38.56995270383878 ], [ -121.336526911461192, 38.569959311256149 ], [ -121.336516875568734, 38.569966633222968 ], [ -121.336507690724915, 38.569974614014839 ], [ -121.33662870000002, 38.5700532 ] ] ] } },
{ "type": "Feature", "properties": { "id": 13433456101, "lat": 38.5945498, "lon": -121.3831861, "direction": 224.0, "operator": "Unknown", "brand": "Unknown" }, "geometry": { "type": "Polygon", "coordinates": [ [ [ -121.3831861, 38.5945498 ], [ -121.383327975694087, 38.594496862226997 ], [ -121.383321556802841, 38.594487359428214 ], [ -121.383314107005972, 38.594478331839987 ], [ -121.383305683001169, 38.594469848167492 ], [ -121.383296348900245, 38.594461972976468 ], [ -121.383286175741418, 38.594454766201729 ], [ -121.383275240948521, 38.594448282690969 ], [ -121.383263627741783, 38.594442571787475 ], [ -121.383251424504522, 38.594437676954534 ], [ -121.383238724110456, 38.594433635444595 ], [ -121.3831861, 38.5945498 ] ] ] } },
{ "type": "Feature", "properties": { "id": 13433456102, "lat": 38.5959976, "lon": -121.3828182, "direction": 334.0, "operator": "Unknown", "brand": "Unknown" }, "geometry": { "type": "Polygon", "coordinates": [ [ [ -121.3828182, 38.5959976 ], [ -121.382833061323808, 38.596120334463599 ], [ -121.382846635355193, 38.596118850933287 ], [ -121.382859992975426, 38.596116444608853 ], [ -121.382873032524401, 38.596113133803932 ], [ -121.382885654762944, 38.596108943715862 ], [ -121.382897763627838, 38.596103906233857 ], [ -121.382909266963026, 38.596098059696338 ], [ -121.382920077221016, 38.59609144859914 ], [ -121.382930112129074, 38.596084123256865 ], [ -121.382939295315467, 38.596076139420013 ], [ -121.3828182, 38.5959976 ] ] ] } },
{ "type": "Feature", "properties": { "id": 13433463201, "lat": 38.600015, "lon": -121.3943736, "direction": 344.0, "operator": "Kaiser Permanente", "brand": "Unknown" }, "geometry": { "type": "Polygon", "coordinates": [ [ [ -121.3943736, 38.600015 ], [ -121.394361095482026, 38.60013789554143 ], [ -121.394374792308383, 38.600138283124473 ], [ -121.394388480060485, 38.600137732447124 ], [ -121.39440205456583, 38.600136247700355 ], [ -121.394415412513723, 38.600133840184064 ], [ -121.394428452241726, 38.600130528220987 ], [ -121.394441074509231, 38.600126337017215 ], [ -121.394453183252807, 38.600121298470526 ], [ -121.39446468631732, 38.600115450927404 ], [ -121.394475496157312, 38.600108838891309 ], [ -121.3943736, 38.600015 ] ] ] } },
{ "type": "Feature", "properties": { "id": 13433468702, "lat": 38.6031128, "lon": -121.3913095, "direction": 154.0, "operator": "Kaiser Permanente", "brand": "Unknown" }, "geometry": { "type": "Polygon", "coordinates": [ [ [ -121.3913095, 38.6031128 ], [ -121.391294624169205, 38.602990067695465 ], [ -121.391281049114255, 38.602991552107099 ], [ -121.391267690586716, 38.602993959287097 ], [ -121.39125465025262, 38.602997270915424 ], [ -121.391242027356384, 38.603001461788715 ], [ -121.391229917965561, 38.603006500011958 ], [ -121.391218414239603, 38.603012347241446 ], [ -121.39120760372866, 38.603018958976335 ], [ -121.391197568707099, 38.603026284897531 ], [ -121.391188385547466, 38.6030342692505 ], [ -121.3913095, 38.6031128 ] ] ] } },
{ "type": "Feature", "properties": { "id": 13433470101, "lat": 38.6031985, "lon": -121.3917848, "direction": 15.0, "operator": "Kaiser Permanente", "brand": "Unknown" }, "geometry": { "type": "Polygon", "coordinates": [ [ [ -121.3917848, 38.6031985 ], [ -121.391693415758013, 38.60329878578726 ], [ -121.391704902113247, 38.60330465405567 ], [ -121.391716996542058, 38.603309714426729 ], [ -121.391729606998297, 38.603313928387834 ], [ -121.391742637508472, 38.603317263868057 ], [ -121.391755988902077, 38.603319695482298 ], [ -121.391769559566598, 38.603321204724402 ], [ -121.391783246220513, 38.603321780108111 ], [ -121.391796944699678, 38.603321417254385 ], [ -121.391810550749923, 38.603320118924742 ], [ -121.3917848, 38.6031985 ] ] ] } },
{ "type": "Feature", "properties": { "id": 13436467701, "lat": 38.7058843, "lon": -121.3129481, "direction": 0.0, "operator": "Unknown", "brand": "Unknown" }, "geometry": { "type": "Polygon", "coordinates": [ [ [ -121.312948100000014, 38.7058843 ], [ -121.31289271954067, 38.705999677949933 ], [ -121.31290576369598, 38.706003020972638 ], [ -121.312919130057566, 38.70600546045582 ], [ -121.312932716898942, 38.706006977833418 ], [ -121.312946420815535, 38.7060075615573 ], [ -121.31296013751178, 38.706007207184918 ], [ -121.312973762594893, 38.706005917413272 ], [ -121.312987192369221, 38.706003702058325 ], [ -121.31300032462569, 38.706000577980362 ], [ -121.313013059419475, 38.705996568955598 ], [ -121.312948100000014, 38.7058843 ] ] ] } },
{ "type": "Feature", "properties": { "id": 13440381901, "lat": 38.6296841, "lon": -121.5223625, "direction": 235.0, "operator": "Unknown", "brand": "Unknown" }, "geometry": { "type": "Polygon", "coordinates": [ [ [ -121.522362500000014, 38.6296841 ], [ -121.522514653316307, 38.62965321642249 ], [ -121.522510642847479, 38.629642931853098 ], [ -121.522505504923899, 38.629632960598521 ], [ -121.522499278648638, 38.629623378545922 ], [ -121.522492011407635, 38.629614258620343 ], [ -121.522483758509239, 38.629605670229758 ], [ -121.522474582763124, 38.629597678736893 ], [ -121.522464554002298, 38.629590344961606 ], [ -121.522453748551641, 38.629583724718216 ], [ -121.522442248647067, 38.629577868390633 ], [ -121.522362500000014, 38.6296841 ] ] ] } },
{ "type": "Feature", "properties": { "id": 13440385801, "lat": 38.4817908, "lon": -121.4099815, "direction": 264.0, "operator": "Unknown", "brand": "Unknown" }, "geometry": { "type": "Polygon", "coordinates": [ [ [ -121.4099815, 38.4817908 ], [ -121.410133335295498, 38.481821790585187 ], [ -121.410136193733649, 38.481811270755415 ], [ -121.410137874858165, 38.481800595131354 ], [ -121.410138365875156, 38.481789844960993 ], [ -121.410137663048133, 38.481779102059647 ], [ -121.410135771726559, 38.481768448187232 ], [ -121.410132706305006, 38.481757964426095 ], [ -121.410128490113578, 38.481747730563981 ], [ -121.41012315524047, 38.481737824486615 ], [ -121.410116742287599, 38.481728321585095 ], [ -121.4099815, 38.4817908 ] ] ] } },
{ "type": "Feature", "properties": { "id": 13448385401, "lat": 38.6305606, "lon": -121.5228043, "direction": 217.0, "operator": "Unknown", "brand": "Unknown" }, "geometry": { "type": "Polygon", "coordinates": [ [ [ -121.5228043, 38.630560599999988 ], [ -121.522936840955182, 38.630494346231266 ], [ -121.52292897505572, 38.630485537182899 ], [ -121.522920160306569, 38.630477299407744 ], [ -121.522910463793266, 38.630469695600084 ], [ -121.522899959312198, 38.630462783629305 ], [ -121.522888726808716, 38.630456616099487 ], [ -121.522876851768771, 38.630451239949146 ], [ -121.522864424568354, 38.630446696093841 ], [ -121.52285153978562, 38.630443019114935 ], [ -121.522838295481208, 38.630440236996385 ], [ -121.5228043, 38.630560599999988 ] ] ] } },
{ "type": "Feature", "properties": { "id": 13449357505, "lat": 38.5664968, "lon": -121.2548371, "direction": 185.0, "operator": "Unknown", "brand": "Unknown" }, "geometry": { "type": "Polygon", "coordinates": [ [ [ -121.2548371, 38.566496799999989 ], [ -121.254905064675327, 38.566385652546352 ], [ -121.254892467438324, 38.566381424906361 ], [ -121.25487944882353, 38.566378075339358 ], [ -121.254866107910075, 38.56637562933745 ], [ -121.254852546229927, 38.566374105516154 ], [ -121.254838866995172, 38.566373515472591 ], [ -121.2548251743126, 38.566373863697336 ], [ -121.254811572391276, 38.566375147540207 ], [ -121.254798164749587, 38.566377357230422 ], [ -121.254785053427298, 38.566380475950957 ], [ -121.2548371, 38.566496799999989 ] ] ] } },
{ "type": "Feature", "properties": { "id": 13450894604, "lat": 38.6799355, "lon": -121.5278018, "direction": 53.0, "operator": "Unknown", "brand": "Unknown" }, "geometry": { "type": "Polygon", "coordinates": [ [ [ -121.5278018, 38.6799355 ], [ -121.527651019610232, 38.679970533815421 ], [ -121.527655488726239, 38.679980701442055 ], [ -121.527661071361251, 38.67999052505872 ], [ -121.527667725028437, 38.679999929901633 ], [ -121.527675399089631, 38.680008844394152 ], [ -121.527684035140723, 38.680017200691402 ], [ -121.527693567456311, 38.680024935196776 ], [ -121.527703923489696, 38.680031989045851 ], [ -121.527715024425149, 38.680038308554387 ], [ -121.527726785777702, 38.680043845626969 ], [ -121.5278018, 38.6799355 ] ] ] } },
{ "type": "Feature", "properties": { "id": 13450909203, "lat": 38.6799493, "lon": -121.5281063, "direction": 136.0, "operator": "Unknown", "brand": "Unknown" }, "geometry": { "type": "Polygon", "coordinates": [ [ [ -121.5281063, 38.6799493 ], [ -121.528043562950003, 38.679836260663414 ], [ -121.528031233020059, 38.679840976850755 ], [ -121.528019474392806, 38.679846517441725 ], [ -121.528008376558276, 38.679852840269248 ], [ -121.527998023977503, 38.679859897212907 ], [ -121.527988495439899, 38.679867634565333 ], [ -121.527979863463315, 38.679875993440731 ], [ -121.527972193742443, 38.679884910223187 ], [ -121.527965544648652, 38.679894317050767 ], [ -121.527959966785872, 38.679904142331964 ], [ -121.5281063, 38.6799493 ] ] ] } },
{ "type": "Feature", "properties": { "id": 13450914901, "lat": 38.6800746, "lon": -121.5277573, "direction": 246.0, "operator": "Unknown", "brand": "Unknown" }, "geometry": { "type": "Polygon", "coordinates": [ [ [ -121.5277573, 38.680074599999983 ], [ -121.527914270137629, 38.680067050935094 ], [ -121.527912833437497, 38.680056355873383 ], [ -121.527910213034801, 38.680045799661023 ], [ -121.527906428872825, 38.680035462637079 ], [ -121.527901509751786, 38.680025423472472 ], [ -121.527895493109526, 38.680015758571209 ], [ -121.527888424736588, 38.680006541488886 ], [ -121.527880358427808, 38.679997842372863 ], [ -121.527871355572842, 38.679989727428548 ], [ -121.527861484688884, 38.679982258415443 ], [ -121.5277573, 38.680074599999983 ] ] ] } },
{ "type": "Feature", "properties": { "id": 13450926101, "lat": 38.6778942, "lon": -121.5281539, "direction": 64.0, "operator": "Unknown", "brand": "Unknown" }, "geometry": { "type": "Polygon", "coordinates": [ [ [ -121.5281539, 38.6778942 ], [ -121.527997365939569, 38.677906038887514 ], [ -121.527999277899468, 38.677916688162234 ], [ -121.528002366627916, 38.677927166288946 ], [ -121.528006608618242, 38.677937393522747 ], [ -121.528011971586807, 38.677947292028087 ], [ -121.528018414718431, 38.677956786471213 ], [ -121.528025888977325, 38.677965804593605 ], [ -121.528034337480037, 38.677974277761692 ], [ -121.528043695928488, 38.67798214148943 ], [ -121.528053893099283, 38.677989335928878 ], [ -121.5281539, 38.6778942 ] ] ] } },
{ "type": "Feature", "properties": { "id": 13456982401, "lat": 38.4306001, "lon": -121.300327, "direction": 82.0, "operator": "Unknown", "brand": "Unknown" }, "geometry": { "type": "Polygon", "coordinates": [ [ [ -121.300327, 38.4306001 ], [ -121.300174017757527, 38.430573160202144 ], [ -121.300171614951338, 38.430583750694041 ], [ -121.300170394718464, 38.430594465614561 ], [ -121.30017036634608, 38.430605223416713 ], [ -121.300171530050605, 38.430615942227149 ], [ -121.300173876976032, 38.43062654046922 ], [ -121.300177389261322, 38.430636937483861 ], [ -121.300182040176225, 38.430647054143407 ], [ -121.300187794324899, 38.430656813453837 ], [ -121.300194607915074, 38.430666141140804 ], [ -121.300327, 38.4306001 ] ] ] } },
{ "type": "Feature", "properties": { "id": 13457083101, "lat": 38.4238041, "lon": -121.3929387, "direction": 68.0, "operator": "Unknown", "brand": "Unknown" }, "geometry": { "type": "Polygon", "coordinates": [ [ [ -121.3929387, 38.423804100000034 ], [ -121.392781993547743, 38.423807185965984 ], [ -121.392782931746439, 38.423817918539726 ], [ -121.392785055436207, 38.423828545946613 ], [ -121.392788348454943, 38.423838987305601 ], [ -121.39279278574125, 38.423849163151516 ], [ -121.392798333525079, 38.423858996039975 ], [ -121.392804949584757, 38.42386841113661 ], [ -121.392812583568301, 38.423877336786688 ], [ -121.392821177376732, 38.423885705060513 ], [ -121.392830665606027, 38.423893452270264 ], [ -121.3929387, 38.423804100000034 ] ] ] } },
{ "type": "Feature", "properties": { "id": 13457351301, "lat": 38.4236233, "lon": -121.3984082, "direction": 232.0, "operator": "Unknown", "brand": "Unknown" }, "geometry": { "type": "Polygon", "coordinates": [ [ [ -121.39840820000002, 38.4236233 ], [ -121.398557751635067, 38.423586347185697 ], [ -121.398553088551509, 38.423576234017673 ], [ -121.398547322780558, 38.423566479050493 ], [ -121.398540498203516, 38.423557156525206 ], [ -121.398532666759806, 38.423548337391715 ], [ -121.398523888051542, 38.423540088768782 ], [ -121.39851422889015, 38.423532473433262 ], [ -121.398503762787655, 38.423525549342251 ], [ -121.398492569397348, 38.423519369192128 ], [ -121.398480733907491, 38.423513980017383 ], [ -121.39840820000002, 38.4236233 ] ] ] } },
{ "type": "Feature", "properties": { "id": 13458370901, "lat": 38.5105831, "lon": -121.4090073, "direction": 359.0, "operator": "Sacramento Police Department", "brand": "Unknown" }, "geometry": { "type": "Polygon", "coordinates": [ [ [ -121.409007299999985, 38.5105831 ], [ -121.408954769670885, 38.510699288331317 ], [ -121.408967857702635, 38.510702443485883 ], [ -121.408981245915442, 38.510704690363177 ], [ -121.408994832416468, 38.510706011863057 ], [ -121.409008513803769, 38.510706397928089 ], [ -121.409022185953276, 38.510705845620059 ], [ -121.409035744811135, 38.510704359142345 ], [ -121.409049087185807, 38.510701949808038 ], [ -121.409062111533359, 38.510698635953695 ], [ -121.409074718730196, 38.510694442799803 ], [ -121.409007299999985, 38.5105831 ] ] ] } },
{ "type": "Feature", "properties": { "id": 13458371901, "lat": 38.5105479, "lon": -121.408977, "direction": 249.0, "operator": "Sacramento Police Department", "brand": "Unknown" }, "geometry": { "type": "Polygon", "coordinates": [ [ [ -121.408977, 38.5105479 ], [ -121.409133923003239, 38.510546946229816 ], [ -121.409133220056944, 38.51053620373569 ], [ -121.409131328182227, 38.510525550257739 ], [ -121.409128261777838, 38.510515066875335 ], [ -121.409124044181439, 38.510504833373275 ], [ -121.409118707491828, 38.510494927634568 ], [ -121.409112292324835, 38.510485425047797 ], [ -121.409104847503983, 38.510476397933189 ], [ -121.409096429689058, 38.510467914992368 ], [ -121.409087102944838, 38.51046004078556 ], [ -121.408977, 38.5105479 ] ] ] } },
{ "type": "Feature", "properties": { "id": 13458375901, "lat": 38.5251433, "lon": -121.4090128, "direction": 243.0, "operator": "Unknown", "brand": "Unknown" }, "geometry": { "type": "Polygon", "coordinates": [ [ [ -121.4090128, 38.525143300000011 ], [ -121.409168765282118, 38.525129463538171 ], [ -121.409166636663301, 38.525118837834455 ], [ -121.409163337255663, 38.525108398303075 ], [ -121.409158892170154, 38.525098224395116 ], [ -121.409153335236923, 38.525088393540038 ], [ -121.409146708747869, 38.525078980556458 ], [ -121.409139063134916, 38.525070057082722 ], [ -121.409130456585899, 38.525061691031695 ], [ -121.409120954602002, 38.525053946073903 ], [ -121.409110629499068, 38.52504688115301 ], [ -121.4090128, 38.525143300000011 ] ] ] } },
{ "type": "Feature", "properties": { "id": 13458394001, "lat": 38.5448347, "lon": -121.4090994, "direction": 155.0, "operator": "Unknown", "brand": "Unknown" }, "geometry": { "type": "Polygon", "coordinates": [ [ [ -121.4090994, 38.54483470000001 ], [ -121.409087237355237, 38.544711774602881 ], [ -121.409073641691393, 38.544713074871318 ], [ -121.409060242062907, 38.54471530077906 ], [ -121.409047140448635, 38.544718435385739 ], [ -121.409034436559352, 38.544722454835153 ], [ -121.409022227078992, 38.544727328537 ], [ -121.409010604928739, 38.544733019399608 ], [ -121.408999658559992, 38.54473948411222 ], [ -121.408989471281103, 38.544746673474641 ], [ -121.40898012062334, 38.544754532771634 ], [ -121.4090994, 38.54483470000001 ] ] ] } },
{ "type": "Feature", "properties": { "id": 13458402001, "lat": 38.5574906, "lon": -121.4079471, "direction": 85.0, "operator": "Sacramento Police Department", "brand": "Unknown" }, "geometry": { "type": "Polygon", "coordinates": [ [ [ -121.4079471, 38.557490600000023 ], [ -121.407795831951873, 38.557457531996569 ], [ -121.407792737103748, 38.557468009889725 ], [ -121.407790817049474, 38.557478659707748 ], [ -121.407790086402287, 38.55748940039917 ], [ -121.40779055072332, 38.557500150220875 ], [ -121.4077922064793, 38.557510827360169 ], [ -121.40779504106942, 38.557521350557565 ], [ -121.407799032921162, 38.557531639725113 ], [ -121.407804151654517, 38.557541616555909 ], [ -121.407810358313228, 38.557551205120163 ], [ -121.4079471, 38.557490600000023 ] ] ] } },
{ "type": "Feature", "properties": { "id": 13461638601, "lat": 38.5813056, "lon": -121.318995, "direction": 61.0, "operator": "Unknown", "brand": "Unknown" }, "geometry": { "type": "Polygon", "coordinates": [ [ [ -121.318995, 38.581305599999986 ], [ -121.318839613261346, 38.581323593144376 ], [ -121.318842202403616, 38.581334155044253 ], [ -121.318845954429094, 38.581344499623469 ], [ -121.318850840783057, 38.581354548153421 ], [ -121.318856824277731, 38.581364224158627 ], [ -121.318863859375412, 38.581373453998751 ], [ -121.318871892535014, 38.581382167428941 ], [ -121.318880862619466, 38.581390298134586 ], [ -121.318890701361113, 38.581397784235911 ], [ -121.318901333881129, 38.581404568759034 ], [ -121.318995, 38.581305599999986 ] ] ] } },
{ "type": "Feature", "properties": { "id": 13461638801, "lat": 38.5811925, "lon": -121.3187352, "direction": 250.0, "operator": "Unknown", "brand": "Unknown" }, "geometry": { "type": "Polygon", "coordinates": [ [ [ -121.31873520000002, 38.5811925 ], [ -121.318892259351344, 38.581193808787596 ], [ -121.3188918070027, 38.581183058993943 ], [ -121.318890162780633, 38.581172381052632 ], [ -121.318887339199122, 38.581161856229159 ], [ -121.318883357747794, 38.581151564623745 ], [ -121.318878248728282, 38.581141584561635 ], [ -121.318872051023689, 38.581131991996969 ], [ -121.318864811802555, 38.581122859934865 ], [ -121.318856586159953, 38.58111425787564 ], [ -121.318847436698121, 38.581106251286016 ], [ -121.31873520000002, 38.5811925 ] ] ] } },
{ "type": "Feature", "properties": { "id": 13462633302, "lat": 38.6654902, "lon": -121.5092673, "direction": 54.0, "operator": "Unknown", "brand": "Unknown" }, "geometry": { "type": "Polygon", "coordinates": [ [ [ -121.5092673, 38.6654902 ], [ -121.509115782581091, 38.665523144538561 ], [ -121.509120021452588, 38.665533372573634 ], [ -121.509125381204612, 38.665543272039656 ], [ -121.509131821046523, 38.665552767595628 ], [ -121.509139291967543, 38.665561786974486 ], [ -121.509147737109643, 38.665570261533176 ], [ -121.509157092200283, 38.665578126774975 ], [ -121.509167286041617, 38.665585322840499 ], [ -121.509178241052311, 38.665591794963191 ], [ -121.509189873858006, 38.665597493886118 ], [ -121.5092673, 38.6654902 ] ] ] } },
{ "type": "Feature", "properties": { "id": 13462651801, "lat": 38.6654899, "lon": -121.5083194, "direction": 261.0, "operator": "Unknown", "brand": "Unknown" }, "geometry": { "type": "Polygon", "coordinates": [ [ [ -121.5083194, 38.665489900000011 ], [ -121.508473479568664, 38.66551447755392 ], [ -121.508475625425589, 38.665503855554917 ], [ -121.508476582312085, 38.665493127346274 ], [ -121.508476342946139, 38.665482374576136 ], [ -121.508474909149925, 38.665471679079566 ], [ -121.508472291836, 38.665461122255742 ], [ -121.508468510924175, 38.66545078444841 ], [ -121.508463595189852, 38.665440744334397 ], [ -121.508457582045125, 38.665431078324943 ], [ -121.508450517253948, 38.665421859984072 ], [ -121.5083194, 38.665489900000011 ] ] ] } },
{ "type": "Feature", "properties": { "id": 13462717701, "lat": 38.676955, "lon": -121.5086752, "direction": 252.0, "operator": "Unknown", "brand": "Unknown" }, "geometry": { "type": "Polygon", "coordinates": [ [ [ -121.5086752, 38.676955 ], [ -121.508832309414245, 38.676960377050484 ], [ -121.508832309396027, 38.67694962281454 ], [ -121.508831113680671, 38.676938909502766 ], [ -121.50882873136878, 38.676928318649921 ], [ -121.508825180591643, 38.67691793085875 ], [ -121.508820488373274, 38.676907825186539 ], [ -121.508814690424629, 38.676898078543395 ], [ -121.508807830871888, 38.67688876510708 ], [ -121.508799961920701, 38.676879955758274 ], [ -121.508791143458666, 38.676871717541331 ], [ -121.5086752, 38.676955 ] ] ] } },
{ "type": "Feature", "properties": { "id": 13462824101, "lat": 38.5725266, "lon": -121.3366006, "direction": 250.0, "operator": "Unknown", "brand": "Unknown" }, "geometry": { "type": "Polygon", "coordinates": [ [ [ -121.336600599999983, 38.5725266 ], [ -121.336757642396719, 38.572527886891052 ], [ -121.336757187663935, 38.57251713703382 ], [ -121.336755541204923, 38.572506459196021 ], [ -121.336752715550674, 38.572495934642433 ], [ -121.336748732206559, 38.57248564347119 ], [ -121.336743621488679, 38.572475664004187 ], [ -121.336737422293041, 38.572466072191148 ], [ -121.336730181799496, 38.572456941031362 ], [ -121.336721955112836, 38.572448340018354 ], [ -121.336712804843216, 38.572440334610825 ], [ -121.336600599999983, 38.5725266 ] ] ] } },
{ "type": "Feature", "properties": { "id": 13463051701, "lat": 38.676061, "lon": -121.5267686, "direction": 34.0, "operator": "Unknown", "brand": "Unknown" }, "geometry": { "type": "Polygon", "coordinates": [ [ [ -121.5267686, 38.676061 ], [ -121.526640590696687, 38.676132603393668 ], [ -121.526649038853861, 38.676141076674689 ], [ -121.526658396946345, 38.676148940523625 ], [ -121.526668593753399, 38.676156135091617 ], [ -121.526679551671123, 38.676162605623539 ], [ -121.526691187303015, 38.676168302874586 ], [ -121.526703412094662, 38.676173183485012 ], [ -121.526716133007753, 38.676177210310357 ], [ -121.526729253228126, 38.676180352703881 ], [ -121.526742672902515, 38.676182586750031 ], [ -121.5267686, 38.676061 ] ] ] } },
{ "type": "Feature", "properties": { "id": 13463057801, "lat": 38.6763012, "lon": -121.5266683, "direction": 217.0, "operator": "Unknown", "brand": "Unknown" }, "geometry": { "type": "Polygon", "coordinates": [ [ [ -121.5266683, 38.6763012 ], [ -121.526800914644241, 38.6762349464369 ], [ -121.526793043746807, 38.676226138184404 ], [ -121.526784223476866, 38.676217901197496 ], [ -121.52677452096205, 38.676210298164449 ], [ -121.526764010044374, 38.676203386948757 ], [ -121.526752770718147, 38.676197220148786 ], [ -121.526740888521317, 38.676191844697442 ], [ -121.526728453884303, 38.676187301505024 ], [ -121.526715561441875, 38.676183625147821 ], [ -121.526702309312952, 38.676180843605039 ], [ -121.5266683, 38.6763012 ] ] ] } },
{ "type": "Feature", "properties": { "id": 13463067601, "lat": 38.666296, "lon": -121.5235755, "direction": 74.0, "operator": "Unknown", "brand": "Unknown" }, "geometry": { "type": "Polygon", "coordinates": [ [ [ -121.5235755, 38.666296 ], [ -121.523418745096279, 38.666286346016037 ], [ -121.523418268379302, 38.666297093915254 ], [ -121.523418988289947, 38.666307833489675 ], [ -121.52342089934973, 38.666318483004666 ], [ -121.523423987014809, 38.66632896141089 ], [ -121.523428227786667, 38.666339188961331 ], [ -121.523433589390805, 38.66634908781802 ], [ -121.52344003102256, 38.666358582644555 ], [ -121.523447503657465, 38.666367601179438 ], [ -121.523455950424491, 38.666376074786065 ], [ -121.5235755, 38.666296 ] ] ] } },
{ "type": "Feature", "properties": { "id": 13463070101, "lat": 38.6665583, "lon": -121.5238966, "direction": 339.0, "operator": "Unknown", "brand": "Unknown" }, "geometry": { "type": "Polygon", "coordinates": [ [ [ -121.5238966, 38.6665583 ], [ -121.523897995921217, 38.666681570494852 ], [ -121.523911694314364, 38.666681006028909 ], [ -121.523925277830131, 38.66667950769461 ], [ -121.523938643089281, 38.666677086895234 ], [ -121.5239516883737, 38.666673762054657 ], [ -121.523964314400473, 38.666669558476954 ], [ -121.52397642507762, 38.666664508154028 ], [ -121.523987928235272, 38.666658649522049 ], [ -121.523998736327243, 38.666652027168901 ], [ -121.524008767097342, 38.666644691494824 ], [ -121.5238966, 38.6665583 ] ] ] } },
{ "type": "Feature", "properties": { "id": 13463072802, "lat": 38.6678768, "lon": -121.5173885, "direction": 27.0, "operator": "Unknown", "brand": "Unknown" }, "geometry": { "type": "Polygon", "coordinates": [ [ [ -121.5173885, 38.667876800000016 ], [ -121.51727257886202, 38.667960091275496 ], [ -121.517282279444231, 38.667967695114861 ], [ -121.517292788431831, 38.667974607187013 ], [ -121.517304025844936, 38.667980774886757 ], [ -121.517315906159894, 38.667986151274022 ], [ -121.517328338960127, 38.667990695431094 ], [ -121.517341229624179, 38.667994372774068 ], [ -121.517354480045924, 38.667997155316016 ], [ -121.517367989381242, 38.667999021880057 ], [ -121.517381654815495, 38.667999958260431 ], [ -121.5173885, 38.667876800000016 ] ] ] } },
{ "type": "Feature", "properties": { "id": 13463074601, "lat": 38.6677406, "lon": -121.51719, "direction": 196.0, "operator": "Unknown", "brand": "Unknown" }, "geometry": { "type": "Polygon", "coordinates": [ [ [ -121.51719, 38.6677406 ], [ -121.517283519551441, 38.667641498181332 ], [ -121.517272146600746, 38.667635485171864 ], [ -121.517260148467301, 38.667630272148848 ], [ -121.517247616463919, 38.66762589878639 ], [ -121.517234645966326, 38.66762239836833 ], [ -121.517221335687523, 38.667619797534812 ], [ -121.517207786926321, 38.667618116079701 ], [ -121.517194102796495, 38.667617366799803 ], [ -121.517180387442039, 38.667617555397591 ], [ -121.517166745244609, 38.667618680437727 ], [ -121.51719, 38.6677406 ] ] ] } },
{ "type": "Feature", "properties": { "id": 13463084401, "lat": 38.670569, "lon": -121.531595, "direction": 87.0, "operator": "Unknown", "brand": "Unknown" }, "geometry": { "type": "Polygon", "coordinates": [ [ [ -121.531595, 38.670569 ], [ -121.531445020806814, 38.670531957283011 ], [ -121.531441473332734, 38.670542345799703 ], [ -121.531439094288089, 38.67055293717145 ], [ -121.531437901779341, 38.670563650791557 ], [ -121.531437904882665, 38.67057440512292 ], [ -121.531439103574925, 38.670585118318598 ], [ -121.531441488733847, 38.670595708844665 ], [ -121.531445042207366, 38.670606096100805 ], [ -121.53144973695187, 38.670616201033603 ], [ -121.531455537237846, 38.670625946738326 ], [ -121.531595, 38.670569 ] ] ] } },
{ "type": "Feature", "properties": { "id": 13463096901, "lat": 38.6769059, "lon": -121.5317576, "direction": 183.0, "operator": "Unknown", "brand": "Unknown" }, "geometry": { "type": "Polygon", "coordinates": [ [ [ -121.5317576, 38.6769059 ], [ -121.531820273697846, 38.676792839417331 ], [ -121.531807464720785, 38.676788987751877 ], [ -121.531794276244781, 38.67678602585805 ], [ -121.53178080864167, 38.676783976277513 ], [ -121.531767164407611, 38.67678285460881 ], [ -121.531753447382968, 38.676782669388452 ], [ -121.5317397619621, 38.67678342202607 ], [ -121.53172621229885, 38.676785106793666 ], [ -121.531712901513842, 38.676787710869171 ], [ -121.531699930909809, 38.676791214434132 ], [ -121.5317576, 38.6769059 ] ] ] } },
{ "type": "Feature", "properties": { "id": 13463097801, "lat": 38.6754546, "lon": -121.5333984, "direction": 99.0, "operator": "Unknown", "brand": "Unknown" }, "geometry": { "type": "Polygon", "coordinates": [ [ [ -121.5333984, 38.6754546 ], [ -121.533261512350691, 38.675393923349311 ], [ -121.533255287124206, 38.67540350665714 ], [ -121.533250151071002, 38.675413478816388 ], [ -121.533246143279925, 38.675423763933026 ], [ -121.533243294253055, 38.675434283731214 ], [ -121.533241625673639, 38.675444958149001 ], [ -121.533241150241096, 38.675455705947634 ], [ -121.533241871574234, 38.675466445329896 ], [ -121.533243784183711, 38.67547709456263 ], [ -121.533246873513932, 38.675487572598641 ], [ -121.5333984, 38.6754546 ] ] ] } },
{ "type": "Feature", "properties": { "id": 13463097802, "lat": 38.6775443, "lon": -121.5326372, "direction": 287.0, "operator": "Unknown", "brand": "Unknown" }, "geometry": { "type": "Polygon", "coordinates": [ [ [ -121.532637199999982, 38.6775443 ], [ -121.532761985864951, 38.677619320780188 ], [ -121.53276985218632, 38.67761050995724 ], [ -121.532776708941924, 38.677601195236562 ], [ -121.532782503947956, 38.677591447508917 ], [ -121.5327871931012, 38.677581340960536 ], [ -121.532790740714788, 38.677570952508518 ], [ -121.532793119789631, 38.677560361215249 ], [ -121.532794312219991, 38.67754964768698 ], [ -121.532794308931273, 38.677538893460159 ], [ -121.532793109948969, 38.677528180380939 ], [ -121.532637199999982, 38.6775443 ] ] ] } },
{ "type": "Feature", "properties": { "id": 13463111401, "lat": 38.6726771, "lon": -121.5237531, "direction": 211.0, "operator": "Unknown", "brand": "Unknown" }, "geometry": { "type": "Polygon", "coordinates": [ [ [ -121.5237531, 38.672677100000023 ], [ -121.523876150775649, 38.672600345424051 ], [ -121.523867149178244, 38.672592230114951 ], [ -121.523857279600477, 38.672584760716568 ], [ -121.523846617155868, 38.672577994075361 ], [ -121.523835242991879, 38.67257198168938 ], [ -121.523823243672652, 38.672566769316397 ], [ -121.523810710519939, 38.672562396625501 ], [ -121.52379773891829, 38.672558896895431 ], [ -121.523784427589064, 38.672556296761151 ], [ -121.523770877839041, 38.672554616011126 ], [ -121.5237531, 38.672677100000023 ] ] ] } },
{ "type": "Feature", "properties": { "id": 13463111901, "lat": 38.6722267, "lon": -121.5254586, "direction": 18.0, "operator": "Unknown", "brand": "Unknown" }, "geometry": { "type": "Polygon", "coordinates": [ [ [ -121.5254586, 38.67222670000001 ], [ -121.525360730195587, 38.67232318829415 ], [ -121.525371829857136, 38.672329508073446 ], [ -121.525383589894432, 38.672335045420425 ], [ -121.525395920806261, 38.672339758192408 ], [ -121.525408728746655, 38.672343610522191 ], [ -121.525421916239111, 38.672346573091133 ], [ -121.525435382918388, 38.672348623352192 ], [ -121.52544902629451, 38.672349745701567 ], [ -121.525462742532625, 38.672349931597488 ], [ -121.525476427243419, 38.672349179625158 ], [ -121.5254586, 38.67222670000001 ] ] ] } },
{ "type": "Feature", "properties": { "id": 13463111902, "lat": 38.6712605, "lon": -121.5298525, "direction": 111.0, "operator": "Unknown", "brand": "Unknown" }, "geometry": { "type": "Polygon", "coordinates": [ [ [ -121.529852500000018, 38.67126050000001 ], [ -121.529734706619806, 38.671178835180584 ], [ -121.52972607578026, 38.671187194274729 ], [ -121.529718407102678, 38.671196111269623 ], [ -121.529711758950526, 38.671205518301676 ], [ -121.529706181920503, 38.671215343777803 ], [ -121.529701718457517, 38.671225512920373 ], [ -121.529698402531565, 38.671235948336154 ], [ -121.529696259379321, 38.671246570605398 ], [ -121.529695305311918, 38.671257298886289 ], [ -121.529695547590848, 38.671268051530177 ], [ -121.529852500000018, 38.67126050000001 ] ] ] } },
{ "type": "Feature", "properties": { "id": 13463111903, "lat": 38.6678125, "lon": -121.5302437, "direction": 315.0, "operator": "Unknown", "brand": "Unknown" }, "geometry": { "type": "Polygon", "coordinates": [ [ [ -121.5302437, 38.6678125 ], [ -121.530308937472398, 38.667924664625289 ], [ -121.530321158529986, 38.667919780182338 ], [ -121.530332790079001, 38.667914079271512 ], [ -121.530343743596106, 38.667907605280355 ], [ -121.530353935718296, 38.667900407479983 ], [ -121.530363288877268, 38.667892540650186 ], [ -121.530371731889943, 38.667884064662466 ], [ -121.530379200499979, 38.667875044024342 ], [ -121.530385637866928, 38.66786554738853 ], [ -121.530390994998839, 38.667855647030223 ], [ -121.5302437, 38.6678125 ] ] ] } },
{ "type": "Feature", "properties": { "id": 13463119301, "lat": 38.6589592, "lon": -121.5254987, "direction": 325.0, "operator": "Unknown", "brand": "Unknown" }, "geometry": { "type": "Polygon", "coordinates": [ [ [ -121.525498699999986, 38.6589592 ], [ -121.525538091038484, 38.65907854483612 ], [ -121.525551207020712, 38.659075398800006 ], [ -121.525563923391061, 38.659071368419731 ], [ -121.525576143369875, 38.659066484368985 ], [ -121.525587773955522, 38.659060783818482 ], [ -121.525598726631941, 38.65905431015306 ], [ -121.525608918042536, 38.659047112641332 ], [ -121.52561827062452, 38.6590392460609 ], [ -121.525626713199031, 38.659030770281355 ], [ -121.525634181513198, 38.659021749808659 ], [ -121.525498699999986, 38.6589592 ] ] ] } },
{ "type": "Feature", "properties": { "id": 13463361401, "lat": 38.4719736, "lon": -121.4236189, "direction": 306.0, "operator": "Unknown", "brand": "Unknown" }, "geometry": { "type": "Polygon", "coordinates": [ [ [ -121.4236189, 38.4719736 ], [ -121.423705361291923, 38.47207648230912 ], [ -121.423716438284032, 38.472070166725182 ], [ -121.4237267729482, 38.472063116209547 ], [ -121.423736286631325, 38.472055384421047 ], [ -121.423744906928519, 38.472047030203406 ], [ -121.423752568234235, 38.472038117137458 ], [ -121.423759212241521, 38.47202871305722 ], [ -121.423764788385668, 38.472018889533523 ], [ -121.423769254229214, 38.472008721329388 ], [ -121.423772575784781, 38.471998285831184 ], [ -121.4236189, 38.4719736 ] ] ] } },
{ "type": "Feature", "properties": { "id": 13463361402, "lat": 38.4721359, "lon": -121.4230353, "direction": 330.0, "operator": "Unknown", "brand": "Unknown" }, "geometry": { "type": "Polygon", "coordinates": [ [ [ -121.4230353, 38.4721359 ], [ -121.423061056140526, 38.472257534146571 ], [ -121.423074443087117, 38.472255306556768 ], [ -121.423087532129799, 38.472252170209721 ], [ -121.42310022365271, 38.472248148974991 ], [ -121.423112421065312, 38.472243273456726 ], [ -121.42312403153764, 38.472237580760741 ], [ -121.423134966706797, 38.472231114211986 ], [ -121.423145143349402, 38.472223923024991 ], [ -121.423154484015015, 38.472216061929203 ], [ -121.423162917615528, 38.472207590752504 ], [ -121.4230353, 38.4721359 ] ] ] } },
{ "type": "Feature", "properties": { "id": 13463362801, "lat": 38.4722314, "lon": -121.4246946, "direction": 45.0, "operator": "Unknown", "brand": "Unknown" }, "geometry": { "type": "Polygon", "coordinates": [ [ [ -121.4246946, 38.472231400000013 ], [ -121.424551816712821, 38.472282441096631 ], [ -121.424558018706819, 38.472292029945891 ], [ -121.424565260169317, 38.472301157364747 ], [ -121.424573485988617, 38.472309753887885 ], [ -121.424582633561414, 38.472317754090419 ], [ -121.424592633269199, 38.472325097085779 ], [ -121.424603409008142, 38.472331726989196 ], [ -121.424614878768224, 38.472337593342914 ], [ -121.424626955257466, 38.472342651500298 ], [ -121.424639546566183, 38.47234686296558 ], [ -121.4246946, 38.472231400000013 ] ] ] } },
{ "type": "Feature", "properties": { "id": 13464395601, "lat": 38.4464802, "lon": -121.3536946, "direction": 149.0, "operator": "Unknown", "brand": "Unknown" }, "geometry": { "type": "Polygon", "coordinates": [ [ [ -121.3536946, 38.4464802 ], [ -121.353666263203209, 38.44635891820878 ], [ -121.353652930003037, 38.446361321972347 ], [ -121.353639913935282, 38.446364630468238 ], [ -121.353627314059679, 38.446368818516888 ], [ -121.353615226268531, 38.446373854244861 ], [ -121.353603742556984, 38.446379699327366 ], [ -121.353592950322835, 38.446386309279923 ], [ -121.353582931701325, 38.446393633797037 ], [ -121.353573762940229, 38.446401617134796 ], [ -121.353565513819362, 38.446410198535403 ], [ -121.3536946, 38.4464802 ] ] ] } },
{ "type": "Feature", "properties": { "id": 13464475602, "lat": 38.4814944, "lon": -121.422069, "direction": 92.0, "operator": "Unknown", "brand": "Unknown" }, "geometry": { "type": "Polygon", "coordinates": [ [ [ -121.422069, 38.4814944 ], [ -121.421924122902539, 38.481447114429074 ], [ -121.421919431209204, 38.481457219617958 ], [ -121.421915877823082, 38.481467607772395 ], [ -121.421913489788025, 38.481478199832367 ], [ -121.421912285278836, 38.481488915185913 ], [ -121.42191227346305, 38.48149967228278 ], [ -121.421913454431106, 38.481510389254964 ], [ -121.421915819195547, 38.481520984539827 ], [ -121.421919349759577, 38.481531377500744 ], [ -121.421924019253908, 38.481541489040964 ], [ -121.422069, 38.4814944 ] ] ] } },
{ "type": "Feature", "properties": { "id": 13464487901, "lat": 38.4818536, "lon": -121.4223812, "direction": 341.0, "operator": "Unknown", "brand": "Unknown" }, "geometry": { "type": "Polygon", "coordinates": [ [ [ -121.4223812, 38.4818536 ], [ -121.422376958934038, 38.481976861278213 ], [ -121.422390642279296, 38.48197668277696 ], [ -121.422404253762764, 38.48197556754004 ], [ -121.422417689792354, 38.481973524055157 ], [ -121.422430848111333, 38.481970567874534 ], [ -121.422443628576559, 38.481966721496548 ], [ -121.42245593392056, 38.481962014194622 ], [ -121.422467670491983, 38.481956481794263 ], [ -121.422478748968175, 38.48195016640053 ], [ -121.42248908503511, 38.481943116077566 ], [ -121.4223812, 38.4818536 ] ] ] } },
{ "type": "Feature", "properties": { "id": 13464489201, "lat": 38.5724227, "lon": -121.3361907, "direction": 45.0, "operator": "Unknown", "brand": "Unknown" }, "geometry": { "type": "Polygon", "coordinates": [ [ [ -121.336190699999989, 38.5724227 ], [ -121.336047678250367, 38.572473635381861 ], [ -121.336053877362772, 38.572483227228219 ], [ -121.336061117780474, 38.572492358425919 ], [ -121.336069344399704, 38.572500959480891 ], [ -121.336078494611087, 38.572508964933725 ], [ -121.336088498775993, 38.57251631385796 ], [ -121.336099280756699, 38.572522950323624 ], [ -121.336110758495707, 38.572528823823099 ], [ -121.336122844640258, 38.572533889655325 ], [ -121.336135447207255, 38.572538109266112 ], [ -121.336190699999989, 38.5724227 ] ] ] } },
{ "type": "Feature", "properties": { "id": 13464672101, "lat": 38.4810017, "lon": -121.4222163, "direction": 163.0, "operator": "Unknown", "brand": "Unknown" }, "geometry": { "type": "Polygon", "coordinates": [ [ [ -121.4222163, 38.4810017 ], [ -121.42222601132039, 38.480878630003687 ], [ -121.422212328575924, 38.480878433012869 ], [ -121.422198676056283, 38.480879174156854 ], [ -121.422185157664842, 38.48088084779512 ], [ -121.422171876284281, 38.480883441190329 ], [ -121.42215893299354, 38.480886934605252 ], [ -121.42214642629844, 38.480891301453021 ], [ -121.422134451382178, 38.480896508499399 ], [ -121.42212309938084, 38.480902516115748 ], [ -121.422112456689831, 38.480909278580661 ], [ -121.4222163, 38.4810017 ] ] ] } },
{ "type": "Feature", "properties": { "id": 13475051101, "lat": 38.4382219, "lon": -121.3592336, "direction": 248.0, "operator": "Unknown", "brand": "Unknown" }, "geometry": { "type": "Polygon", "coordinates": [ [ [ -121.3592336, 38.4382219 ], [ -121.35939033632512, 38.438218855236784 ], [ -121.359389402488716, 38.438208122621703 ], [ -121.359387282901949, 38.438197494861328 ], [ -121.359383993696568, 38.438187052839289 ], [ -121.359379559905832, 38.438176876025629 ], [ -121.359374015273971, 38.438167041871893 ], [ -121.359367401999336, 38.438157625221834 ], [ -121.359359770413164, 38.438148697741696 ], [ -121.359351178596611, 38.438140327374825 ], [ -121.359341691938695, 38.438132577824597 ], [ -121.3592336, 38.4382219 ] ] ] } },
{ "type": "Feature", "properties": { "id": 13475052401, "lat": 38.4378183, "lon": -121.4088836, "direction": 162.0, "operator": "Unknown", "brand": "Unknown" }, "geometry": { "type": "Polygon", "coordinates": [ [ [ -121.4088836, 38.437818299999989 ], [ -121.408890594319033, 38.437695109207915 ], [ -121.408876916761727, 38.437695098525303 ], [ -121.408863290067643, 38.437696025478935 ], [ -121.40884981794369, 38.437697883014138 ], [ -121.408836602920402, 38.437700656994039 ], [ -121.408823745571723, 38.437704326307021 ], [ -121.408811343749377, 38.437708863027517 ], [ -121.408799491838465, 38.437714232628515 ], [ -121.408788280038934, 38.437720394244209 ], [ -121.40877779367915, 38.43772730098118 ], [ -121.4088836, 38.437818299999989 ] ] ] } },
{ "type": "Feature", "properties": { "id": 13477605965, "lat": 38.4365293, "lon": -121.3975423, "direction": 0.0, "operator": "Unknown", "brand": "Unknown" }, "geometry": { "type": "Polygon", "coordinates": [ [ [ -121.3975423, 38.436529300000011 ], [ -121.397487231773582, 38.436644756722231 ], [ -121.397500235053514, 38.436648092363718 ], [ -121.397513558474586, 38.436650523922324 ], [ -121.397527100636992, 38.436652032892376 ], [ -121.397540758476268, 38.436652607789654 ], [ -121.397554428047528, 38.436652244238793 ], [ -121.3975680053166, 38.436650945006683 ], [ -121.397581386951785, 38.436648719981292 ], [ -121.397594471110338, 38.436645586096446 ], [ -121.397607158213475, 38.436641567203047 ], [ -121.3975423, 38.436529300000011 ] ] ] } },
{ "type": "Feature", "properties": { "id": 13477606224, "lat": 38.4381239, "lon": -121.4037678, "direction": 245.0, "operator": "Unknown", "brand": "Unknown" }, "geometry": { "type": "Polygon", "coordinates": [ [ [ -121.4037678, 38.4381239 ], [ -121.40392411335813, 38.438114353175628 ], [ -121.403922460625395, 38.438103674282281 ], [ -121.403919630832817, 38.438093149319364 ], [ -121.403915645517273, 38.438082858388142 ], [ -121.403910535009828, 38.43807287980875 ], [ -121.403904338204867, 38.438063289524045 ], [ -121.403897102264096, 38.438054160521787 ], [ -121.403888882257604, 38.438045562278994 ], [ -121.403879740744799, 38.438037560233347 ], [ -121.403869747298074, 38.438030215285075 ], [ -121.4037678, 38.4381239 ] ] ] } },
{ "type": "Feature", "properties": { "id": 13477644852, "lat": 38.429381, "lon": -121.4122966, "direction": 270.0, "operator": "Unknown", "brand": "Unknown" }, "geometry": { "type": "Polygon", "coordinates": [ [ [ -121.412296600000019, 38.429381 ], [ -121.412443386271065, 38.429424296467275 ], [ -121.412447624881523, 38.429414068339561 ], [ -121.412450714100018, 38.429403588542257 ], [ -121.412452630416169, 38.429392936833018 ], [ -121.412453359246072, 38.429382194277821 ], [ -121.41245289504343, 38.429371442634029 ], [ -121.412451241341529, 38.429360763728141 ], [ -121.412448410726597, 38.429350238833024 ], [ -121.412444424741679, 38.429339948049403 ], [ -121.41243931372297, 38.42932996969629 ], [ -121.412296600000019, 38.429381 ] ] ] } },
{ "type": "Feature", "properties": { "id": 13478054601, "lat": 38.616226, "lon": -121.2690689, "direction": 176.0, "operator": "Unknown", "brand": "Unknown" }, "geometry": { "type": "Polygon", "coordinates": [ [ [ -121.2690689, 38.616226 ], [ -121.269113888588222, 38.616107876714423 ], [ -121.269100595228466, 38.616105249943104 ], [ -121.269087060649937, 38.616103542151293 ], [ -121.269073387858583, 38.616102766336326 ], [ -121.269059680912065, 38.616102928402576 ], [ -121.269046044128046, 38.616104027116585 ], [ -121.26903258129019, 38.616106054116599 ], [ -121.269019394858404, 38.616108993975871 ], [ -121.269006585188961, 38.616112824320474 ], [ -121.268994249770827, 38.616117515999264 ], [ -121.2690689, 38.616226 ] ] ] } },
{ "type": "Feature", "properties": { "id": 13478085401, "lat": 38.4381727, "lon": -121.3714823, "direction": 333.0, "operator": "Unknown", "brand": "Unknown" }, "geometry": { "type": "Polygon", "coordinates": [ [ [ -121.371482300000011, 38.438172700000024 ], [ -121.371499835815328, 38.438295239747589 ], [ -121.371513347996057, 38.438293571373627 ], [ -121.371526623881692, 38.438290983094234 ], [ -121.371539562434322, 38.438287494607842 ], [ -121.371552065183366, 38.438283132464029 ], [ -121.37156403697503, 38.438277929861506 ], [ -121.371575386696449, 38.438271926395331 ], [ -121.371586027969258, 38.438265167755688 ], [ -121.371595879806819, 38.438257705380053 ], [ -121.371604867230715, 38.438249596061823 ], [ -121.371482300000011, 38.438172700000024 ] ] ] } },
{ "type": "Feature", "properties": { "id": 13478087801, "lat": 38.4538084, "lon": -121.3164281, "direction": 253.0, "operator": "Unknown", "brand": "Unknown" }, "geometry": { "type": "Polygon", "coordinates": [ [ [ -121.31642810000001, 38.453808400000014 ], [ -121.316584603969787, 38.453816163275306 ], [ -121.316584868867167, 38.453805407796168 ], [ -121.316583940658958, 38.453794675090073 ], [ -121.316581826409831, 38.453784046839402 ], [ -121.316578542211005, 38.453773603931481 ], [ -121.316574113057598, 38.453763425843064 ], [ -121.316568572658539, 38.453753590035447 ], [ -121.316561963179964, 38.45374417136496 ], [ -121.316554334924263, 38.453735241513215 ], [ -121.316545745947181, 38.453726868441599 ], [ -121.31642810000001, 38.453808400000014 ] ] ] } },
{ "type": "Feature", "properties": { "id": 13478089501, "lat": 38.4521169, "lon": -121.277192, "direction": 3.0, "operator": "Unknown", "brand": "Unknown" }, "geometry": { "type": "Polygon", "coordinates": [ [ [ -121.277192, 38.452116900000014 ], [ -121.277129140353253, 38.452229870229765 ], [ -121.277141900479762, 38.452233748505705 ], [ -121.277155041895568, 38.452236737492775 ], [ -121.277168464586182, 38.452238814442879 ], [ -121.277182066396279, 38.452239963549125 ], [ -121.277195743807482, 38.452240176066063 ], [ -121.277209392725908, 38.452239450376325 ], [ -121.277222909274556, 38.452237792002876 ], [ -121.277236190583906, 38.452235213566972 ], [ -121.277249135574706, 38.452231734692155 ], [ -121.277192, 38.452116900000014 ] ] ] } },
{ "type": "Feature", "properties": { "id": 13478313201, "lat": 38.520795, "lon": -121.2024095, "direction": 195.0, "operator": "Unknown", "brand": "Unknown" }, "geometry": { "type": "Polygon", "coordinates": [ [ [ -121.202409500000016, 38.520795 ], [ -121.202501029009341, 38.520694838211917 ], [ -121.202489568753194, 38.520688952328108 ], [ -121.202477499127923, 38.520683873530231 ], [ -121.202464911990404, 38.520679640470888 ], [ -121.202451903136051, 38.520676285366079 ], [ -121.202438571569658, 38.520673833750074 ], [ -121.202425018752081, 38.520672304281057 ], [ -121.20241134782799, 38.520671708599195 ], [ -121.20239766284088, 38.520672051237952 ], [ -121.202384067941281, 38.520673329589656 ], [ -121.202409500000016, 38.520795 ] ] ] } },
{ "type": "Feature", "properties": { "id": 13479451401, "lat": 38.4088442, "lon": -121.3904664, "direction": 77.0, "operator": "Unknown", "brand": "Unknown" }, "geometry": { "type": "Polygon", "coordinates": [ [ [ -121.3904664, 38.4088442 ], [ -121.390311039123134, 38.408827959844643 ], [ -121.390309831438501, 38.408838675927363 ], [ -121.390309815334916, 38.408849434052165 ], [ -121.390310990935433, 38.408860152343252 ], [ -121.390313349293478, 38.408870749227937 ], [ -121.390316872460971, 38.408881144057425 ], [ -121.390321533624913, 38.408891257720754 ], [ -121.39032729731143, 38.408901013246684 ], [ -121.390334119655648, 38.408910336389695 ], [ -121.390341948735696, 38.408919156194827 ], [ -121.3904664, 38.4088442 ] ] ] } },
{ "type": "Feature", "properties": { "id": 13479459202, "lat": 38.4236801, "lon": -121.3737414, "direction": 228.0, "operator": "Unknown", "brand": "Unknown" }, "geometry": { "type": "Polygon", "coordinates": [ [ [ -121.373741400000014, 38.4236801 ], [ -121.37388732480126, 38.423635058595394 ], [ -121.373881779384831, 38.423625224883139 ], [ -121.373875165598747, 38.423615808803852 ], [ -121.373867533778153, 38.423606882019421 ], [ -121.373858942006024, 38.423598512467912 ], [ -121.373849455670978, 38.423590763846519 ], [ -121.373839146969843, 38.423583695126737 ], [ -121.373828094357947, 38.423577360105618 ], [ -121.373816381952238, 38.423571806996357 ], [ -121.373804098890915, 38.423567078061289 ], [ -121.373741400000014, 38.4236801 ] ] ] } },
{ "type": "Feature", "properties": { "id": 13479657601, "lat": 38.4378924, "lon": -121.3995307, "direction": 288.0, "operator": "Unknown", "brand": "Unknown" }, "geometry": { "type": "Polygon", "coordinates": [ [ [ -121.399530699999985, 38.437892400000024 ], [ -121.399653294072536, 38.437969269187207 ], [ -121.399661345569541, 38.437960572872683 ], [ -121.399668402772306, 38.437951357721396 ], [ -121.399674411971489, 38.437941693866378 ], [ -121.399679327433731, 38.437931654855561 ], [ -121.399683111749809, 38.437921317091948 ], [ -121.399685736119153, 38.437910759252276 ], [ -121.399687180569217, 38.437900061688154 ], [ -121.399687434107278, 38.437889305814515 ], [ -121.399686494804328, 38.437878573490082 ], [ -121.399530699999985, 38.437892400000024 ] ] ] } },
{ "type": "Feature", "properties": { "id": 13484042801, "lat": 38.4528891, "lon": -121.3326109, "direction": 307.0, "operator": "Unknown", "brand": "Unknown" }, "geometry": { "type": "Polygon", "coordinates": [ [ [ -121.3326109, 38.4528891 ], [ -121.332694923976149, 38.452993215398365 ], [ -121.332706143870482, 38.452987060584164 ], [ -121.332716638898773, 38.452980160230098 ], [ -121.332726329187409, 38.452972566852196 ], [ -121.332735140987481, 38.452964338240861 ], [ -121.332743007235905, 38.452955537020884 ], [ -121.332749868065974, 38.452946230175115 ], [ -121.332755671262873, 38.452936488534341 ], [ -121.332760372661042, 38.452926386238509 ], [ -121.332763936480433, 38.452916000172266 ], [ -121.3326109, 38.4528891 ] ] ] } },
{ "type": "Feature", "properties": { "id": 13484044601, "lat": 38.4541595, "lon": -121.3344957, "direction": 53.0, "operator": "Unknown", "brand": "Unknown" }, "geometry": { "type": "Polygon", "coordinates": [ [ [ -121.3344957, 38.4541595 ], [ -121.334345264944574, 38.454194317137208 ], [ -121.334349696410442, 38.454204494603879 ], [ -121.334355239053679, 38.454214329634809 ], [ -121.334361850691735, 38.454223747379274 ], [ -121.334369481006362, 38.45423267616242 ], [ -121.33437807192638, 38.454241048030674 ], [ -121.334387558069849, 38.454248799268903 ], [ -121.334397867241478, 38.454255870885326 ], [ -121.334408920982185, 38.454262209060524 ], [ -121.334420635166168, 38.454267765556942 ], [ -121.3344957, 38.4541595 ] ] ] } },
{ "type": "Feature", "properties": { "id": 13505583701, "lat": 38.4088527, "lon": -121.3708662, "direction": 93.0, "operator": "Unknown", "brand": "Unknown" }, "geometry": { "type": "Polygon", "coordinates": [ [ [ -121.3708662, 38.408852699999976 ], [ -121.370722558847262, 38.408803371856898 ], [ -121.370717641519931, 38.408813410137391 ], [ -121.370713854810631, 38.40882374743785 ], [ -121.370711227538962, 38.408834305085243 ], [ -121.370709779700476, 38.408845002729578 ], [ -121.37070952231457, 38.408855758955355 ], [ -121.370710457340579, 38.408866491901229 ], [ -121.3707125776629, 38.408877119882924 ], [ -121.370715867145037, 38.408887562015124 ], [ -121.370720300752495, 38.408897738826717 ], [ -121.3708662, 38.408852699999976 ] ] ] } },
{ "type": "Feature", "properties": { "id": 13505587501, "lat": 38.4092422, "lon": -121.3903642, "direction": 249.0, "operator": "Unknown", "brand": "Unknown" }, "geometry": { "type": "Polygon", "coordinates": [ [ [ -121.3903642, 38.409242200000016 ], [ -121.390520922210897, 38.40924126893627 ], [ -121.390520222693539, 38.409230524898604 ], [ -121.390518335749803, 38.40921986971609 ], [ -121.390515275740924, 38.409209384481017 ], [ -121.390511065955863, 38.409199148992272 ], [ -121.39050573843403, 38.409189241148056 ], [ -121.390499333721394, 38.409179736352918 ], [ -121.390491900561983, 38.409170706943897 ], [ -121.390483495526809, 38.409162221640109 ], [ -121.390474182583404, 38.409154345019715 ], [ -121.3903642, 38.409242200000016 ] ] ] } },
{ "type": "Feature", "properties": { "id": 13512297801, "lat": 38.4245607, "lon": -121.4071425, "direction": 45.0, "operator": "Unknown", "brand": "Unknown" }, "geometry": { "type": "Polygon", "coordinates": [ [ [ -121.40714250000002, 38.424560699999986 ], [ -121.406999791466646, 38.424611724707717 ], [ -121.407005987592882, 38.424621315011997 ], [ -121.407013222663338, 38.424630443999526 ], [ -121.407021441614958, 38.42463904219305 ], [ -121.407030581896748, 38.424647044154987 ], [ -121.40704057394565, 38.424654388985374 ], [ -121.407051341716127, 38.424661020785457 ], [ -121.407062803258825, 38.42466688908307 ], [ -121.407074871344264, 38.424671949216766 ], [ -121.407087454126781, 38.424676162675716 ], [ -121.40714250000002, 38.424560699999986 ] ] ] } },
{ "type": "Feature", "properties": { "id": 13512300001, "lat": 38.4255926, "lon": -121.4079937, "direction": 77.0, "operator": "Unknown", "brand": "Unknown" }, "geometry": { "type": "Polygon", "coordinates": [ [ [ -121.40799370000002, 38.4255926 ], [ -121.40783830261887, 38.425576381516862 ], [ -121.407837097053758, 38.425587097529863 ], [ -121.407837083331373, 38.425597855420556 ], [ -121.407838261556662, 38.425608573314896 ], [ -121.407840622763047, 38.425619169643213 ], [ -121.407844148980828, 38.425629563760992 ], [ -121.407848813373747, 38.425639676562625 ], [ -121.407854580443356, 38.425649431083457 ], [ -121.407861406299062, 38.425658753085642 ], [ -121.40786923899222, 38.425667571622895 ], [ -121.40799370000002, 38.4255926 ] ] ] } },
{ "type": "Feature", "properties": { "id": 13513765601, "lat": 38.6921818, "lon": -121.2625057, "direction": 204.0, "operator": "Unknown", "brand": "Unknown" }, "geometry": { "type": "Polygon", "coordinates": [ [ [ -121.2625057, 38.6921818 ], [ -121.26261621997368, 38.692094088766304 ], [ -121.26260604525369, 38.69208687338589 ], [ -121.262595106848465, 38.692080380453739 ], [ -121.262583488005788, 38.692074659384836 ], [ -121.262571277151807, 38.692069753719785 ], [ -121.262558567218235, 38.692065700793549 ], [ -121.262545454934994, 38.692062531451185 ], [ -121.262532040094044, 38.692060269813261 ], [ -121.262518424790017, 38.692058933092092 ], [ -121.262504712643093, 38.692058531460923 ], [ -121.2625057, 38.6921818 ] ] ] } },
{ "type": "Feature", "properties": { "id": 13515780001, "lat": 38.4087097, "lon": -121.4813656, "direction": 62.0, "operator": "Unknown", "brand": "Unknown" }, "geometry": { "type": "Polygon", "coordinates": [ [ [ -121.481365600000018, 38.408709700000017 ], [ -121.481210209597208, 38.408725762921499 ], [ -121.481212580129295, 38.408736358125601 ], [ -121.48121611523618, 38.408746750445779 ], [ -121.481220788013957, 38.408756860790049 ], [ -121.481226562900389, 38.408766612212553 ], [ -121.481233395945338, 38.408775930498905 ], [ -121.481241235145504, 38.408784744731179 ], [ -121.481250020840022, 38.408792987827582 ], [ -121.481259686164464, 38.408800597053016 ], [ -121.481270157559962, 38.408807514496502 ], [ -121.481365600000018, 38.408709700000017 ] ] ] } },
{ "type": "Feature", "properties": { "id": 13515796301, "lat": 38.4086817, "lon": -121.4814114, "direction": 62.0, "operator": "Unknown", "brand": "Unknown" }, "geometry": { "type": "Polygon", "coordinates": [ [ [ -121.4814114, 38.4086817 ], [ -121.481256009661507, 38.408697762977795 ], [ -121.481258380198895, 38.40870835818145 ], [ -121.48126191531054, 38.408718750500711 ], [ -121.481266588092524, 38.408728860843688 ], [ -121.481272362982523, 38.408738612264457 ], [ -121.481279196030485, 38.408747930548714 ], [ -121.481287035232995, 38.408756744778479 ], [ -121.481295820929134, 38.408764987872047 ], [ -121.481305486254598, 38.408772597094298 ], [ -121.481315957650366, 38.408779514534295 ], [ -121.4814114, 38.4086817 ] ] ] } },
{ "type": "Feature", "properties": { "id": 13520361742, "lat": 38.6728339, "lon": -121.3098174, "direction": 130.0, "operator": "Unknown", "brand": "Unknown" }, "geometry": { "type": "Polygon", "coordinates": [ [ [ -121.309817399999986, 38.6728339 ], [ -121.309740237027782, 38.672726487594737 ], [ -121.309728588837132, 38.672732168441378 ], [ -121.309717616550486, 38.672738623525859 ], [ -121.309707403673372, 38.672745803721241 ], [ -121.30969802793193, 38.672753654382063 ], [ -121.309689560681207, 38.672762115760214 ], [ -121.309682066362271, 38.672771123459725 ], [ -121.309675602011566, 38.672780608926622 ], [ -121.309670216826987, 38.672790499971022 ], [ -121.309665951793392, 38.672800721316136 ], [ -121.309817399999986, 38.6728339 ] ] ] } },
{ "type": "Feature", "properties": { "id": 13520361743, "lat": 38.6720613, "lon": -121.3090904, "direction": 300.0, "operator": "Unknown", "brand": "Unknown" }, "geometry": { "type": "Polygon", "coordinates": [ [ [ -121.309090399999988, 38.6720613 ], [ -121.309190181833443, 38.672156577052142 ], [ -121.309200394681312, 38.67214939689206 ], [ -121.309209770400429, 38.672141546261017 ], [ -121.309218237635974, 38.672133084907216 ], [ -121.309225731947251, 38.672124077226833 ], [ -121.309232196298268, 38.672114591773912 ], [ -121.309237581491629, 38.672104700738615 ], [ -121.309241846543117, 38.672094479397835 ], [ -121.309244958993517, 38.672084005542224 ], [ -121.309246895155653, 38.672073358884226 ], [ -121.309090399999988, 38.6720613 ] ] ] } },
{ "type": "Feature", "properties": { "id": 13520389446, "lat": 38.6800741, "lon": -121.3222664, "direction": 100.0, "operator": "Unknown", "brand": "Unknown" }, "geometry": { "type": "Polygon", "coordinates": [ [ [ -121.3222664, 38.6800741 ], [ -121.322131044008657, 38.680011337233196 ], [ -121.322124580562686, 38.680020823231956 ], [ -121.322119196446081, 38.680030714699278 ], [ -121.322114932635571, 38.680040936355248 ], [ -121.322111821581714, 38.680051410407017 ], [ -121.322109886961897, 38.680062057140802 ], [ -121.322109143500299, 38.680072795528545 ], [ -121.322109596855569, 38.680083543844688 ], [ -121.322111243577851, 38.680094220288041 ], [ -121.32211407113509, 38.680104743604353 ], [ -121.3222664, 38.6800741 ] ] ] } },
{ "type": "Feature", "properties": { "id": 13523415908, "lat": 38.7132138, "lon": -121.364176, "direction": 70.0, "operator": "Unknown", "brand": "Unknown" }, "geometry": { "type": "Polygon", "coordinates": [ [ [ -121.364176, 38.713213799999977 ], [ -121.364018676647504, 38.713212546981488 ], [ -121.36401913591304, 38.713223294649715 ], [ -121.364020789009416, 38.71323397005844 ], [ -121.364023623356061, 38.713244491961369 ], [ -121.364027617382334, 38.71325478028038 ], [ -121.36403274069167, 38.713264756715091 ], [ -121.364038954292965, 38.713274345338661 ], [ -121.364046210897243, 38.713283473175736 ], [ -121.364054455277554, 38.713292070757824 ], [ -121.364063624689351, 38.713300072651947 ], [ -121.364176, 38.713213799999977 ] ] ] } },
{ "type": "Feature", "properties": { "id": 13525359084, "lat": 38.6175171, "lon": -121.4697888, "direction": 105.0, "operator": "Sacramento Police Department", "brand": "Unknown" }, "geometry": { "type": "Polygon", "coordinates": [ [ [ -121.469788800000018, 38.6175171 ], [ -121.469660904890972, 38.617445469862872 ], [ -121.469653434112587, 38.61745448759136 ], [ -121.469646993547883, 38.617463981838128 ], [ -121.469641632213751, 38.617473880346424 ], [ -121.469637390913491, 38.61748410778268 ], [ -121.469634301926348, 38.617494586310073 ], [ -121.469632388761838, 38.617505236180754 ], [ -121.469631665980771, 38.617515976342816 ], [ -121.46963213908441, 38.617526725057139 ], [ -121.469633804472636, 38.617537400519559 ], [ -121.469788800000018, 38.6175171 ] ] ] } },
{ "type": "Feature", "properties": { "id": 13525359087, "lat": 38.6347628, "lon": -121.4406032, "direction": 270.0, "operator": "Sacramento Police Department", "brand": "Unknown" }, "geometry": { "type": "Polygon", "coordinates": [ [ [ -121.4406032, 38.6347628 ], [ -121.440750384133878, 38.634806051976753 ], [ -121.440754630113005, 38.634795825741257 ], [ -121.440757723616102, 38.634785348160342 ], [ -121.440759641100186, 38.634774698974823 ], [ -121.440760367972473, 38.634763959231464 ], [ -121.440759898701558, 38.634753210666247 ], [ -121.44075823685931, 38.634742535082204 ], [ -121.440755395093888, 38.634732013726932 ], [ -121.440751395033232, 38.634721726674236 ], [ -121.440746267120673, 38.634711752214713 ], [ -121.4406032, 38.6347628 ] ] ] } },
{ "type": "Feature", "properties": { "id": 13525363902, "lat": 38.406153, "lon": -121.3714079, "direction": 0.0, "operator": "Unknown", "brand": "Unknown" }, "geometry": { "type": "Polygon", "coordinates": [ [ [ -121.3714079, 38.406153 ], [ -121.371352814773928, 38.406268450058143 ], [ -121.371365811957119, 38.406271788491708 ], [ -121.37137912945721, 38.406274222871915 ], [ -121.371392665919515, 38.406275734671539 ], [ -121.371406318322883, 38.406276312384826 ], [ -121.37141998276384, 38.406275951615036 ], [ -121.371433555247236, 38.406274655107829 ], [ -121.371446932477824, 38.406272432730468 ], [ -121.371460012646324, 38.406269301396662 ], [ -121.371472696204393, 38.406265284937831 ], [ -121.3714079, 38.406153 ] ] ] } },
{ "type": "Feature", "properties": { "id": 13525378501, "lat": 38.4080097, "lon": -121.3849354, "direction": 204.0, "operator": "Unknown", "brand": "Unknown" }, "geometry": { "type": "Polygon", "coordinates": [ [ [ -121.384935399999989, 38.4080097 ], [ -121.385045386899705, 38.407921849552032 ], [ -121.385035237578109, 38.407914641117706 ], [ -121.385024328435037, 38.407908156138312 ], [ -121.385012742495462, 38.407902443968233 ], [ -121.385000567935194, 38.407897548080427 ], [ -121.384987897409687, 38.407893505735387 ], [ -121.384974827348941, 38.407890347697702 ], [ -121.384961457223639, 38.407888098001848 ], [ -121.384947888788048, 38.407886773769306 ], [ -121.384934225305656, 38.407886385078193 ], [ -121.384935399999989, 38.4080097 ] ] ] } },
{ "type": "Feature", "properties": { "id": 13525378601, "lat": 38.4070648, "lon": -121.3857868, "direction": 214.0, "operator": "Unknown", "brand": "Unknown" }, "geometry": { "type": "Polygon", "coordinates": [ [ [ -121.38578680000002, 38.4070648 ], [ -121.385914501183905, 38.406993311316079 ], [ -121.385906096871224, 38.406984825686983 ], [ -121.385896784640053, 38.406976948710451 ], [ -121.385886635362127, 38.406969740334866 ], [ -121.385875726279565, 38.406963255420166 ], [ -121.385864140416928, 38.406957543320239 ], [ -121.385851965949399, 38.406952647507531 ], [ -121.385839295531767, 38.406948605241944 ], [ -121.385826225593178, 38.40694544728747 ], [ -121.385812855603362, 38.406943197677947 ], [ -121.38578680000002, 38.4070648 ] ] ] } },
{ "type": "Feature", "properties": { "id": 13525383986, "lat": 38.6365847, "lon": -121.4299716, "direction": 260.0, "operator": "Sacramento Police Department", "brand": "Unknown" }, "geometry": { "type": "Polygon", "coordinates": [ [ [ -121.4299716, 38.6365847 ], [ -121.430126124145517, 38.636607260922837 ], [ -121.430128043109946, 38.636596611923238 ], [ -121.430128771447301, 38.636585872267268 ], [ -121.430128303615007, 38.636575123690207 ], [ -121.430126643174006, 38.636564447995205 ], [ -121.430123802761727, 38.636553926430715 ], [ -121.430119803995893, 38.636543639072109 ], [ -121.43011467730993, 38.636533664212337 ], [ -121.430108461721346, 38.636524077765927 ], [ -121.430101204534822, 38.636514952691442 ], [ -121.4299716, 38.6365847 ] ] ] } },
{ "type": "Feature", "properties": { "id": 13525383987, "lat": 38.6365209, "lon": -121.4383247, "direction": 90.0, "operator": "Sacramento Police Department", "brand": "Unknown" }, "geometry": { "type": "Polygon", "coordinates": [ [ [ -121.4383247, 38.636520899999987 ], [ -121.43817751399547, 38.636477645339752 ], [ -121.438173267591466, 38.636487871466137 ], [ -121.438170173678103, 38.636498348960011 ], [ -121.438168255802353, 38.636508998081432 ], [ -121.438167528560868, 38.636519737784198 ], [ -121.438167997488875, 38.636530486332688 ], [ -121.438169659018044, 38.636541161923965 ], [ -121.438172500503612, 38.63655168331028 ], [ -121.438176500320608, 38.636561970417489 ], [ -121.438181628028389, 38.636571944954341 ], [ -121.4383247, 38.636520899999987 ] ] ] } },
{ "type": "Feature", "properties": { "id": 13525383988, "lat": 38.6441707, "lon": -121.4568134, "direction": 0.0, "operator": "Sacramento Police Department", "brand": "Unknown" }, "geometry": { "type": "Polygon", "coordinates": [ [ [ -121.456813400000016, 38.6441707 ], [ -121.456758273537758, 38.644286149868833 ], [ -121.456771313568979, 38.64428947854551 ], [ -121.456784673904821, 38.644291903244508 ], [ -121.456798252864587, 38.644293405512286 ], [ -121.456811947103731, 38.64429397391568 ], [ -121.456825652400354, 38.644293604128777 ], [ -121.456839264448391, 38.644292298965816 ], [ -121.456852679651433, 38.644290068360007 ], [ -121.456865795911241, 38.644286929287645 ], [ -121.456878513404774, 38.644282905639024 ], [ -121.456813400000016, 38.6441707 ] ] ] } },
{ "type": "Feature", "properties": { "id": 13525393292, "lat": 38.6381349, "lon": -121.3802622, "direction": 40.0, "operator": "Sacramento Police Department", "brand": "Unknown" }, "geometry": { "type": "Polygon", "coordinates": [ [ [ -121.3802622, 38.6381349 ], [ -121.38012529716957, 38.638195468859287 ], [ -121.380132548725399, 38.638204596741488 ], [ -121.380140787008301, 38.638213194189362 ], [ -121.38014994932017, 38.638221195770967 ], [ -121.380159965930261, 38.638228540589239 ], [ -121.380170760606106, 38.638235172745553 ], [ -121.380182251193602, 38.638241041764978 ], [ -121.380194350242263, 38.638246102980624 ], [ -121.380206965670709, 38.638250317873407 ], [ -121.380220001467592, 38.638253654365322 ], [ -121.3802622, 38.6381349 ] ] ] } },
{ "type": "Feature", "properties": { "id": 13525393293, "lat": 38.6582596, "lon": -121.4268683, "direction": 270.0, "operator": "Sacramento Police Department", "brand": "Unknown" }, "geometry": { "type": "Polygon", "coordinates": [ [ [ -121.42686830000001, 38.6582596 ], [ -121.427015520474214, 38.658302866343568 ], [ -121.427019769501186, 38.658292640895866 ], [ -121.427022865752335, 38.658282163987387 ], [ -121.427024785663761, 38.658271515353867 ], [ -121.427025514624276, 38.658260776037849 ], [ -121.427025047086531, 38.658250027772091 ], [ -121.427023386609235, 38.658239352357285 ], [ -121.427020545830104, 38.658228831039786 ], [ -121.427016546369615, 38.658218543893099 ], [ -121.427011418666538, 38.658208569208568 ], [ -121.42686830000001, 38.6582596 ] ] ] } },
{ "type": "Feature", "properties": { "id": 13525393294, "lat": 38.6575507, "lon": -121.4234123, "direction": 170.0, "operator": "Sacramento Police Department", "brand": "Unknown" }, "geometry": { "type": "Polygon", "coordinates": [ [ [ -121.42341230000001, 38.6575507 ], [ -121.423441082245347, 38.65742950646861 ], [ -121.423427501658963, 38.657428000694267 ], [ -121.423413805379312, 38.657427428734358 ], [ -121.423400097642869, 38.657427794941846 ], [ -121.423386482773267, 38.657429096529654 ], [ -121.423373064387491, 38.657431323591972 ], [ -121.423359944607029, 38.657434459179569 ], [ -121.42334722328097, 38.657438479428812 ], [ -121.423334997225936, 38.657443353743339 ], [ -121.423323359489274, 38.657449045026794 ], [ -121.42341230000001, 38.6575507 ] ] ] } },
{ "type": "Feature", "properties": { "id": 13525393295, "lat": 38.6166743, "lon": -121.4460989, "direction": 0.0, "operator": "Sacramento Police Department", "brand": "Unknown" }, "geometry": { "type": "Polygon", "coordinates": [ [ [ -121.4460989, 38.6166743 ], [ -121.446043777073072, 38.616789749637988 ], [ -121.446056812105198, 38.616793079531028 ], [ -121.446070167453058, 38.616795505438887 ], [ -121.44608374147397, 38.616797008898843 ], [ -121.446097430860931, 38.616797578468621 ], [ -121.446111131429006, 38.616797209813413 ], [ -121.446124738908054, 38.616795905738947 ], [ -121.446138149736541, 38.616793676170076 ], [ -121.446151261849465, 38.616790538075165 ], [ -121.446163975455335, 38.616786515337196 ], [ -121.4460989, 38.6166743 ] ] ] } },
{ "type": "Feature", "properties": { "id": 13525425099, "lat": 38.6288737, "lon": -121.4315831, "direction": 5.0, "operator": "Sacramento Police Department", "brand": "Unknown" }, "geometry": { "type": "Polygon", "coordinates": [ [ [ -121.4315831, 38.6288737 ], [ -121.431515330602522, 38.628984931558293 ], [ -121.431527947291016, 38.6289891414525 ], [ -121.431540983726777, 38.628992472766406 ], [ -121.431554340694234, 38.628994900146616 ], [ -121.431567916538398, 38.628996405119196 ], [ -121.431581607938412, 38.628996976230368 ], [ -121.431595310693965, 38.628996609133594 ], [ -121.431608920518329, 38.628995306622734 ], [ -121.431622333832038, 38.628993078610733 ], [ -121.431635448551262, 38.628989942054119 ], [ -121.4315831, 38.6288737 ] ] ] } },
{ "type": "Feature", "properties": { "id": 13525447408, "lat": 38.5411103, "lon": -121.4724055, "direction": 75.0, "operator": "Sacramento Police Department", "brand": "Unknown" }, "geometry": { "type": "Polygon", "coordinates": [ [ [ -121.472405499999979, 38.541110299999986 ], [ -121.472249239759719, 38.541098438140274 ], [ -121.472248518034277, 38.541109179435466 ], [ -121.472248991036324, 38.541119929259409 ], [ -121.472250655166548, 38.541130605799424 ], [ -121.47225349776032, 38.541141127800586 ], [ -121.472257497184302, 38.541151415183997 ], [ -121.472262623000802, 38.541161389656402 ], [ -121.472268836199675, 38.541170975305917 ], [ -121.472276089494954, 38.541180099179797 ], [ -121.472284327684946, 38.541188691839743 ], [ -121.472405499999979, 38.541110299999986 ] ] ] } },
{ "type": "Feature", "properties": { "id": 13525447409, "lat": 38.6206275, "lon": -121.4207004, "direction": 300.0, "operator": "Sacramento Police Department", "brand": "Unknown" }, "geometry": { "type": "Polygon", "coordinates": [ [ [ -121.420700400000015, 38.6206275 ], [ -121.420800251548002, 38.620722696915372 ], [ -121.420810447564804, 38.62071550735795 ], [ -121.420819806050403, 38.620707648010992 ], [ -121.420828255781089, 38.620699178689016 ], [ -121.420835732449433, 38.620690163848856 ], [ -121.420842179153681, 38.62068067209902 ], [ -121.420847546830771, 38.62067077567761 ], [ -121.420851794629797, 38.620660549902517 ], [ -121.420854890222827, 38.620650072598103 ], [ -121.420856810050978, 38.620639423503121 ], [ -121.420700400000015, 38.6206275 ] ] ] } },
{ "type": "Feature", "properties": { "id": 13525447410, "lat": 38.5988094, "lon": -121.4201254, "direction": 270.0, "operator": "Sacramento Police Department", "brand": "Unknown" }, "geometry": { "type": "Polygon", "coordinates": [ [ [ -121.4201254, 38.5988094 ], [ -121.420272505814381, 38.598852677633985 ], [ -121.420276752513004, 38.598842451571713 ], [ -121.420279847326185, 38.598831973967442 ], [ -121.420281766700938, 38.598821324562159 ], [ -121.420282496030154, 38.598810584404319 ], [ -121.420282029763655, 38.598799835233024 ], [ -121.420280371450517, 38.598789158855929 ], [ -121.420277533711968, 38.598778636526689 ], [ -121.420273538145366, 38.598768348326495 ], [ -121.420268415159782, 38.598758372554705 ], [ -121.4201254, 38.5988094 ] ] ] } },
{ "type": "Feature", "properties": { "id": 13525447413, "lat": 38.5974081, "lon": -121.5020937, "direction": 215.0, "operator": "Sacramento Police Department", "brand": "Unknown" }, "geometry": { "type": "Polygon", "coordinates": [ [ [ -121.502093700000017, 38.5974081 ], [ -121.502223176358612, 38.597338276011108 ], [ -121.502214929044172, 38.597329685934433 ], [ -121.502205759106232, 38.597321692635944 ], [ -121.502195736333633, 38.597314356949283 ], [ -121.502184937005666, 38.597307734703278 ], [ -121.502173443311676, 38.597301876297081 ], [ -121.502161342725344, 38.597296826316487 ], [ -121.502148727339232, 38.597292623194818 ], [ -121.502135693163666, 38.597289298920202 ], [ -121.502122339396195, 38.597286878792303 ], [ -121.502093700000017, 38.5974081 ] ] ] } },
{ "type": "Feature", "properties": { "id": 13525494878, "lat": 38.5248024, "lon": -121.4719158, "direction": 180.0, "operator": "Sacramento Police Department", "brand": "Unknown" }, "geometry": { "type": "Polygon", "coordinates": [ [ [ -121.4719158, 38.5248024 ], [ -121.471970820874148, 38.524686924789052 ], [ -121.471957799955177, 38.524683597115825 ], [ -121.47194445939266, 38.524681173603014 ], [ -121.471930900715833, 38.524679672694958 ], [ -121.471917227113963, 38.524679105814478 ], [ -121.471903542650992, 38.524679477275768 ], [ -121.471889951473386, 38.524680784251849 ], [ -121.471876557017751, 38.524683016795876 ], [ -121.471863461223592, 38.524686157916918 ], [ -121.471850763757345, 38.524690183709225 ], [ -121.4719158, 38.5248024 ] ] ] } },
{ "type": "Feature", "properties": { "id": 13525494879, "lat": 38.5109905, "lon": -121.4829433, "direction": 345.0, "operator": "Sacramento Police Department", "brand": "Unknown" }, "geometry": { "type": "Polygon", "coordinates": [ [ [ -121.4829433, 38.5109905 ], [ -121.482928219014696, 38.511113230860317 ], [ -121.482941890346794, 38.511113796574456 ], [ -121.482955572407235, 38.511113423925842 ], [ -121.482969161066833, 38.511112115750556 ], [ -121.482982552907174, 38.511109882004646 ], [ -121.482995646007836, 38.511106739688309 ], [ -121.483008340722023, 38.511102712716614 ], [ -121.48302054043495, 38.511097831737331 ], [ -121.483032152299117, 38.511092133897819 ], [ -121.483043087941041, 38.511085662562209 ], [ -121.4829433, 38.5109905 ] ] ] } },
{ "type": "Feature", "properties": { "id": 13525494880, "lat": 38.5147834, "lon": -121.5276153, "direction": 220.0, "operator": "Sacramento Police Department", "brand": "Unknown" }, "geometry": { "type": "Polygon", "coordinates": [ [ [ -121.5276153, 38.5147834 ], [ -121.527751875591036, 38.514722663445696 ], [ -121.527744618317499, 38.514713542392322 ], [ -121.527736376856069, 38.514704952997462 ], [ -121.527727213929396, 38.514696960631461 ], [ -121.527717199272956, 38.514689626120855 ], [ -121.527706409104255, 38.514683005285498 ], [ -121.527694925542903, 38.514677148513861 ], [ -121.527682835985502, 38.514672100379279 ], [ -121.527670232440684, 38.514667899300996 ], [ -121.527657210828636, 38.514664577251672 ], [ -121.5276153, 38.5147834 ] ] ] } },
{ "type": "Feature", "properties": { "id": 13525494881, "lat": 38.4961381, "lon": -121.5237414, "direction": 270.0, "operator": "Sacramento Police Department", "brand": "Unknown" }, "geometry": { "type": "Polygon", "coordinates": [ [ [ -121.5237414, 38.4961381 ], [ -121.523888371299634, 38.496181264604147 ], [ -121.523892599060773, 38.496171033691319 ], [ -121.523895676104331, 38.496160552133631 ], [ -121.523897579012583, 38.496149899702182 ], [ -121.523898293303716, 38.496139157468448 ], [ -121.523897813542007, 38.496128407187264 ], [ -121.523896143379261, 38.496117730674818 ], [ -121.523893295526861, 38.49610720918578 ], [ -121.523889291659131, 38.496096922794905 ], [ -121.523884162248351, 38.496086949787824 ], [ -121.5237414, 38.4961381 ] ] ] } },
{ "type": "Feature", "properties": { "id": 13525494882, "lat": 38.5132673, "lon": -121.5012194, "direction": 245.0, "operator": "Sacramento Police Department", "brand": "Unknown" }, "geometry": { "type": "Polygon", "coordinates": [ [ [ -121.5012194, 38.513267299999981 ], [ -121.501375850226864, 38.51325763495133 ], [ -121.501374182746517, 38.513246958389928 ], [ -121.501371337276936, 38.51323643664098 ], [ -121.501367335474285, 38.513226149781246 ], [ -121.501362207795125, 38.51321617609991 ], [ -121.501355993264497, 38.513206591502559 ], [ -121.501348739179036, 38.513197468933619 ], [ -121.501340500746934, 38.513188877821221 ], [ -121.501331340667761, 38.513180883548721 ], [ -121.501321328655322, 38.513173546957219 ], [ -121.5012194, 38.513267299999981 ] ] ] } },
{ "type": "Feature", "properties": { "id": 13525494883, "lat": 38.4805491, "lon": -121.5165378, "direction": 225.0, "operator": "Sacramento Police Department", "brand": "Unknown" }, "geometry": { "type": "Polygon", "coordinates": [ [ [ -121.5165378, 38.480549100000012 ], [ -121.516680538744211, 38.480497956765234 ], [ -121.516674324928829, 38.480488372493063 ], [ -121.516667072078675, 38.480479250394026 ], [ -121.516658835392576, 38.480470659892568 ], [ -121.516649677556771, 38.480462666367508 ], [ -121.516639668267985, 38.480455330654159 ], [ -121.51662888370295, 38.480448708581619 ], [ -121.516617405938547, 38.480442850547647 ], [ -121.516605322327351, 38.480437801135295 ], [ -121.51659272483262, 38.48043359877348 ], [ -121.5165378, 38.480549100000012 ] ] ] } },
{ "type": "Feature", "properties": { "id": 13525494884, "lat": 38.4882541, "lon": -121.5170848, "direction": 0.0, "operator": "Sacramento Police Department", "brand": "Unknown" }, "geometry": { "type": "Polygon", "coordinates": [ [ [ -121.5170848, 38.488254100000013 ], [ -121.517029870449804, 38.488369600234471 ], [ -121.517042887280752, 38.488372923482366 ], [ -121.517056223094244, 38.488375342410606 ], [ -121.517069776396227, 38.488376838609533 ], [ -121.517083444037453, 38.488377400692173 ], [ -121.517097121998418, 38.488377024380746 ], [ -121.5171107061811, 38.488375712539131 ], [ -121.51712409320119, 38.488373475151342 ], [ -121.517137181174931, 38.488370329245328 ], [ -121.517149870494563, 38.48836629876341 ], [ -121.5170848, 38.488254100000013 ] ] ] } },
{ "type": "Feature", "properties": { "id": 13525494885, "lat": 38.5080148, "lon": -121.5238822, "direction": 245.0, "operator": "Sacramento Police Department", "brand": "Unknown" }, "geometry": { "type": "Polygon", "coordinates": [ [ [ -121.5238822, 38.508014800000012 ], [ -121.524038637045066, 38.508005107169076 ], [ -121.524036966612115, 38.507994430828141 ], [ -121.524034118312741, 38.507983909509413 ], [ -121.524030113824608, 38.507973623286411 ], [ -121.524024983624713, 38.507963650443436 ], [ -121.524018766757322, 38.507954066879698 ], [ -121.524011510536823, 38.507944945531804 ], [ -121.524003270187691, 38.507936355818515 ], [ -121.523994108424048, 38.50792836311259 ], [ -121.523984094972505, 38.507921028243196 ], [ -121.5238822, 38.508014800000012 ] ] ] } },
{ "type": "Feature", "properties": { "id": 13525505837, "lat": 38.5754189, "lon": -121.4879934, "direction": 180.0, "operator": "Sacramento Police Department", "brand": "Unknown" }, "geometry": { "type": "Polygon", "coordinates": [ [ [ -121.4879934, 38.575418899999981 ], [ -121.48804843263963, 38.575303425787659 ], [ -121.488035402690585, 38.575300099978378 ], [ -121.488022053077117, 38.575297678307756 ], [ -121.488008485397458, 38.575296179206084 ], [ -121.487994802909327, 38.575295614082393 ], [ -121.487981109744283, 38.575295987237595 ], [ -121.48796751011507, 38.57529729583176 ], [ -121.487954107522597, 38.575299529905735 ], [ -121.487941003968245, 38.575302672456949 ], [ -121.487928299177582, 38.575306699568763 ], [ -121.4879934, 38.575418899999981 ] ] ] } },
{ "type": "Feature", "properties": { "id": 13525505838, "lat": 38.5800794, "lon": -121.5058276, "direction": 45.0, "operator": "Sacramento Police Department", "brand": "Unknown" }, "geometry": { "type": "Polygon", "coordinates": [ [ [ -121.5058276, 38.58007940000001 ], [ -121.505684674084193, 38.580130524261762 ], [ -121.505690894411515, 38.580140107781496 ], [ -121.505698155153297, 38.580149229278462 ], [ -121.505706401051143, 38.580157819332392 ], [ -121.505715569348908, 38.580165812567621 ], [ -121.505725590270359, 38.580173148150656 ], [ -121.505736387550215, 38.580179770253103 ], [ -121.505747879014535, 38.580185628476592 ], [ -121.505759977206139, 38.580190678236363 ], [ -121.505772590050199, 38.580194881100503 ], [ -121.5058276, 38.58007940000001 ] ] ] } },
{ "type": "Feature", "properties": { "id": 13525505840, "lat": 38.5821339, "lon": -121.4998959, "direction": 120.0, "operator": "Sacramento Police Department", "brand": "Unknown" }, "geometry": { "type": "Polygon", "coordinates": [ [ [ -121.4998959, 38.5821339 ], [ -121.499796001881577, 38.582038759725606 ], [ -121.49978581806397, 38.582045955947521 ], [ -121.499776472033574, 38.582053821476343 ], [ -121.499768034919384, 38.582062296450829 ], [ -121.49976057093302, 38.582071316371476 ], [ -121.4997541368801, 38.582080812591386 ], [ -121.499748781727973, 38.582090712838763 ], [ -121.499744546232861, 38.582100941766825 ], [ -121.499741462629885, 38.582111421527379 ], [ -121.49973955438756, 38.582122072363212 ], [ -121.4998959, 38.5821339 ] ] ] } },
{ "type": "Feature", "properties": { "id": 13525505841, "lat": 38.5803921, "lon": -121.4933446, "direction": 0.0, "operator": "Sacramento Police Department", "brand": "Unknown" }, "geometry": { "type": "Polygon", "coordinates": [ [ [ -121.4933446, 38.5803921 ], [ -121.493289571562215, 38.580507575687896 ], [ -121.493302602592706, 38.580510900938918 ], [ -121.49331595325026, 38.580513322041803 ], [ -121.49332952192789, 38.580514820570428 ], [ -121.493343205359267, 38.58051538512008 ], [ -121.493356899404745, 38.580515011394098 ], [ -121.493370499843905, 38.58051370223685 ], [ -121.49338390316872, 38.580511467611807 ], [ -121.4933970073713, 38.580508324525894 ], [ -121.493409712720421, 38.58050429690001 ], [ -121.4933446, 38.5803921 ] ] ] } },
{ "type": "Feature", "properties": { "id": 13525505842, "lat": 38.5784936, "lon": -121.4912018, "direction": 0.0, "operator": "Sacramento Police Department", "brand": "Unknown" }, "geometry": { "type": "Polygon", "coordinates": [ [ [ -121.4912018, 38.5784936 ], [ -121.491146769750259, 38.578609075065835 ], [ -121.491159800376892, 38.578612400543513 ], [ -121.491173150647441, 38.578614821876059 ], [ -121.491186718957906, 38.578616320635625 ], [ -121.491200402044697, 38.578616885415705 ], [ -121.491214095770843, 38.578616511917922 ], [ -121.491227695918312, 38.578615202984849 ], [ -121.491241098981305, 38.578612968578305 ], [ -121.49125420295394, 38.578609825703559 ], [ -121.491266908106724, 38.57860579827986 ], [ -121.4912018, 38.5784936 ] ] ] } },
{ "type": "Feature", "properties": { "id": 13525505843, "lat": 38.5803118, "lon": -121.5069292, "direction": 270.0, "operator": "Sacramento Police Department", "brand": "Unknown" }, "geometry": { "type": "Polygon", "coordinates": [ [ [ -121.506929200000016, 38.5803118 ], [ -121.507076318884998, 38.580354979016668 ], [ -121.50708055333584, 38.580344749821784 ], [ -121.507083635894958, 38.580334269859293 ], [ -121.50708554310269, 38.580323618888087 ], [ -121.507086260444453, 38.580312877968595 ], [ -121.507085782461331, 38.580302128845638 ], [ -121.507084112791603, 38.580291453326616 ], [ -121.507081264142883, 38.580280932658574 ], [ -121.507077258195594, 38.58027064691008 ], [ -121.507072125437773, 38.580260674361789 ], [ -121.506929200000016, 38.5803118 ] ] ] } },
{ "type": "Feature", "properties": { "id": 13525510822, "lat": 38.5839127, "lon": -121.4935339, "direction": 180.0, "operator": "Sacramento Police Department", "brand": "Unknown" }, "geometry": { "type": "Polygon", "coordinates": [ [ [ -121.4935339, 38.5839127 ], [ -121.493588930455161, 38.583797224743314 ], [ -121.493575898869807, 38.583793899536346 ], [ -121.493562547649162, 38.583791478471376 ], [ -121.493548978403609, 38.583789979974135 ], [ -121.493535294402804, 38.583789415449004 ], [ -121.493521599789844, 38.583789789192366 ], [ -121.493507998788473, 38.58379109835986 ], [ -121.493494594910004, 38.583793332987881 ], [ -121.493481490165692, 38.583796476069701 ], [ -121.493468784290101, 38.583800503684614 ], [ -121.4935339, 38.5839127 ] ] ] } },
{ "type": "Feature", "properties": { "id": 13525510823, "lat": 38.563887, "lon": -121.4912992, "direction": 0.0, "operator": "Sacramento Police Department", "brand": "Unknown" }, "geometry": { "type": "Polygon", "coordinates": [ [ [ -121.491299199999986, 38.563887 ], [ -121.491244180078027, 38.564002477401921 ], [ -121.491257208297, 38.564005802935739 ], [ -121.491270556099607, 38.564008224306271 ], [ -121.49128412190062, 38.56400972308527 ], [ -121.491297802455591, 38.564010287866154 ], [ -121.491311493646791, 38.564009914350549 ], [ -121.491325091275456, 38.564008605381105 ], [ -121.491338491854975, 38.564006370920005 ], [ -121.491351593398406, 38.564003227972826 ], [ -121.491364296194675, 38.563999200459456 ], [ -121.491299199999986, 38.563887 ] ] ] } },
{ "type": "Feature", "properties": { "id": 13525510824, "lat": 38.5872197, "lon": -121.4876498, "direction": 180.0, "operator": "Sacramento Police Department", "brand": "Unknown" }, "geometry": { "type": "Polygon", "coordinates": [ [ [ -121.4876498, 38.5872197 ], [ -121.487704841374196, 38.587104227793198 ], [ -121.487691809490642, 38.587100902002476 ], [ -121.487678457890922, 38.58709848033498 ], [ -121.487664888188363, 38.58709698122103 ], [ -121.487651203656128, 38.587096416069713 ], [ -121.487637508441253, 38.587096789182169 ], [ -121.487623906772129, 38.587098097718766 ], [ -121.487610502165197, 38.587100331720833 ], [ -121.48759739663717, 38.587103474186343 ], [ -121.48758468992861, 38.587107501199263 ], [ -121.4876498, 38.5872197 ] ] ] } },
{ "type": "Feature", "properties": { "id": 13525510825, "lat": 38.5619388, "lon": -121.4849248, "direction": 30.0, "operator": "Sacramento Police Department", "brand": "Unknown" }, "geometry": { "type": "Polygon", "coordinates": [ [ [ -121.484924800000016, 38.561938800000014 ], [ -121.484803608142172, 38.562017201481282 ], [ -121.484812772215207, 38.562025196410168 ], [ -121.484822788890114, 38.562032533809848 ], [ -121.484833581933927, 38.562039157838058 ], [ -121.484845069204951, 38.562045018081825 ], [ -121.484857163277923, 38.562050069940945 ], [ -121.484869772109334, 38.562054274967629 ], [ -121.484882799738045, 38.562057601158912 ], [ -121.48489614701559, 38.562060023200424 ], [ -121.484909712360633, 38.562061522658858 ], [ -121.484924800000016, 38.561938800000014 ] ] ] } },
{ "type": "Feature", "properties": { "id": 13525510826, "lat": 38.5848376, "lon": -121.4643454, "direction": 70.0, "operator": "Sacramento Police Department", "brand": "Unknown" }, "geometry": { "type": "Polygon", "coordinates": [ [ [ -121.4643454, 38.584837600000021 ], [ -121.464188331146346, 38.584836469616214 ], [ -121.464188803312382, 38.584847218831797 ], [ -121.464190467274193, 38.584857894842841 ], [ -121.464193310368543, 38.5848684163984 ], [ -121.464197310958127, 38.584878703423001 ], [ -121.46420243859653, 38.584888677626076 ], [ -121.464208654259636, 38.584898263097834 ], [ -121.464215910642778, 38.58490738688689 ], [ -121.464224152520742, 38.584915979555504 ], [ -121.464233317167967, 38.584923975708186 ], [ -121.4643454, 38.584837600000021 ] ] ] } },
{ "type": "Feature", "properties": { "id": 13525510827, "lat": 38.5756763, "lon": -121.4804282, "direction": 270.0, "operator": "Sacramento Police Department", "brand": "Unknown" }, "geometry": { "type": "Polygon", "coordinates": [ [ [ -121.4804282, 38.5756763 ], [ -121.480575295735136, 38.575719509734476 ], [ -121.480579533372605, 38.575709281351685 ], [ -121.480582619270294, 38.575698801961323 ], [ -121.480584529943101, 38.575688151317934 ], [ -121.480585250850112, 38.575677410479436 ], [ -121.480584776505268, 38.575666661190077 ], [ -121.48058311051912, 38.575655985258436 ], [ -121.480580265571277, 38.575645463934791 ], [ -121.480576263313992, 38.575635177292661 ], [ -121.480571134207239, 38.575625203619509 ], [ -121.4804282, 38.5756763 ] ] ] } },
{ "type": "Feature", "properties": { "id": 13525510828, "lat": 38.5737426, "lon": -121.4691476, "direction": 90.0, "operator": "Sacramento Police Department", "brand": "Unknown" }, "geometry": { "type": "Polygon", "coordinates": [ [ [ -121.4691476, 38.5737426 ], [ -121.469000514208815, 38.573699377021654 ], [ -121.468996275178384, 38.573709605049167 ], [ -121.468993187819777, 38.573720084188622 ], [ -121.468991275630103, 38.573730734687501 ], [ -121.46899055316274, 38.573741475489129 ], [ -121.468991025916566, 38.573752224849514 ], [ -121.468992690294144, 38.573762900959579 ], [ -121.468995533629055, 38.573773422567577 ], [ -121.468999534282204, 38.57378370959767 ], [ -121.469004661806622, 38.573793683759291 ], [ -121.4691476, 38.5737426 ] ] ] } },
{ "type": "Feature", "properties": { "id": 13525525320, "lat": 38.5577977, "lon": -121.5104716, "direction": 300.0, "operator": "Sacramento Police Department", "brand": "Unknown" }, "geometry": { "type": "Polygon", "coordinates": [ [ [ -121.510471600000017, 38.5577977 ], [ -121.510571480304179, 38.55789283508161 ], [ -121.510581660021742, 38.557885637765636 ], [ -121.510591002113301, 38.557877771189737 ], [ -121.510599435479918, 38.557869295223497 ], [ -121.510606895938693, 38.557860274374292 ], [ -121.510613326711265, 38.557850777296387 ], [ -121.510618678855778, 38.557840876268386 ], [ -121.510622911639587, 38.557830646643275 ], [ -121.510625992849, 38.55782016627473 ], [ -121.510627899034603, 38.557809514924784 ], [ -121.510471600000017, 38.5577977 ] ] ] } },
{ "type": "Feature", "properties": { "id": 13525576438, "lat": 38.4848398, "lon": -121.5337897, "direction": 180.0, "operator": "Sacramento Police Department", "brand": "Unknown" }, "geometry": { "type": "Polygon", "coordinates": [ [ [ -121.5337897, 38.4848398 ], [ -121.533844602594002, 38.484724292025184 ], [ -121.533831585657651, 38.484720970471287 ], [ -121.533818249947558, 38.484718553280608 ], [ -121.533804696956139, 38.484717058849334 ], [ -121.533791029829374, 38.484716498550966 ], [ -121.533777352581836, 38.484716876649706 ], [ -121.533763769305182, 38.484718190267984 ], [ -121.533750383375832, 38.484720429408434 ], [ -121.53373729666842, 38.484723577029904 ], [ -121.533724608780219, 38.484727609177156 ], [ -121.5337897, 38.4848398 ] ] ] } },
{ "type": "Feature", "properties": { "id": 13525576440, "lat": 38.4712274, "lon": -121.5032751, "direction": 240.0, "operator": "Sacramento Police Department", "brand": "Unknown" }, "geometry": { "type": "Polygon", "coordinates": [ [ [ -121.5032751, 38.4712274 ], [ -121.503429799869977, 38.471207054761258 ], [ -121.503426955640506, 38.471196532467587 ], [ -121.503422955699293, 38.47118624509492 ], [ -121.503417830488672, 38.471176270936297 ], [ -121.50341161901494, 38.47116668590094 ], [ -121.503404368551486, 38.471157562936675 ], [ -121.503396134278887, 38.471148971474548 ], [ -121.503386978865066, 38.471140976900656 ], [ -121.503376971988345, 38.471133640058333 ], [ -121.503366189807011, 38.471127016785225 ], [ -121.5032751, 38.4712274 ] ] ] } },
{ "type": "Feature", "properties": { "id": 13525576442, "lat": 38.4814185, "lon": -121.5014504, "direction": 240.0, "operator": "Sacramento Police Department", "brand": "Unknown" }, "geometry": { "type": "Polygon", "coordinates": [ [ [ -121.5014504, 38.4814185 ], [ -121.501605120293505, 38.481398157244641 ], [ -121.501602275940158, 38.48138763505299 ], [ -121.501598275720582, 38.481377347762617 ], [ -121.501593150079245, 38.481367373666025 ], [ -121.50158693802571, 38.481357788671929 ], [ -121.501579686837744, 38.481348665727793 ], [ -121.501571451701466, 38.481340074264594 ], [ -121.501562295291393, 38.481332079668356 ], [ -121.501552287293379, 38.481324742782661 ], [ -121.501541503874293, 38.481318119445433 ], [ -121.5014504, 38.4814185 ] ] ] } },
{ "type": "Feature", "properties": { "id": 13525576443, "lat": 38.4816641, "lon": -121.4683267, "direction": 220.0, "operator": "Sacramento Police Department", "brand": "Unknown" }, "geometry": { "type": "Polygon", "coordinates": [ [ [ -121.4683267, 38.4816641 ], [ -121.468463263894904, 38.481603424062214 ], [ -121.468456016509421, 38.481594299243305 ], [ -121.468447784949817, 38.481585705650261 ], [ -121.46843863186335, 38.481577708685307 ], [ -121.468428626910622, 38.481570369210047 ], [ -121.468417846235326, 38.481563743082148 ], [ -121.468406371884768, 38.481557880730257 ], [ -121.46839429118549, 38.481552826770269 ], [ -121.468381696078652, 38.481548619665716 ], [ -121.468368682420262, 38.481545291435125 ], [ -121.4683267, 38.4816641 ] ] ] } },
{ "type": "Feature", "properties": { "id": 13525576444, "lat": 38.4920474, "lon": -121.4824391, "direction": 225.0, "operator": "Sacramento Police Department", "brand": "Unknown" }, "geometry": { "type": "Polygon", "coordinates": [ [ [ -121.4824391, 38.4920474 ], [ -121.482581881586427, 38.491996295613461 ], [ -121.482575671003815, 38.491986709831814 ], [ -121.482568421035808, 38.491977585939097 ], [ -121.482560186859217, 38.491968993373483 ], [ -121.482551031141256, 38.491960997529411 ], [ -121.482541023562518, 38.491953659259941 ], [ -121.482530240286664, 38.491947034413528 ], [ -121.482518763380838, 38.491941173409138 ], [ -121.482506680191051, 38.491936120852344 ], [ -121.482494082677334, 38.491931915196034 ], [ -121.4824391, 38.4920474 ] ] ] } },
{ "type": "Feature", "properties": { "id": 13525576448, "lat": 38.474124, "lon": -121.450008, "direction": 90.0, "operator": "Sacramento Police Department", "brand": "Unknown" }, "geometry": { "type": "Polygon", "coordinates": [ [ [ -121.450008, 38.474124 ], [ -121.449861110125298, 38.474080749241892 ], [ -121.449856873961735, 38.474090978005975 ], [ -121.449853787957139, 38.474101458087809 ], [ -121.449851875598313, 38.474112109727706 ], [ -121.449851151439901, 38.474122851860329 ], [ -121.449851620993684, 38.474133602731555 ], [ -121.449853280686582, 38.474144280520754 ], [ -121.449856117887762, 38.474154803963486 ], [ -121.449860111004909, 38.474165092969905 ], [ -121.44986522964831, 38.474175069234342 ], [ -121.450008, 38.474124 ] ] ] } },
{ "type": "Feature", "properties": { "id": 13525584696, "lat": 38.5253847, "lon": -121.5206015, "direction": 90.0, "operator": "Sacramento Police Department", "brand": "Unknown" }, "geometry": { "type": "Polygon", "coordinates": [ [ [ -121.5206015, 38.5253847 ], [ -121.520454476142078, 38.525341533309181 ], [ -121.52045024637367, 38.525351763708244 ], [ -121.52044716773527, 38.525362244772822 ], [ -121.520445263657578, 38.525372896735732 ], [ -121.520444548632241, 38.525383638529149 ], [ -121.520445028101577, 38.525394388401615 ], [ -121.520446698416933, 38.525405064540024 ], [ -121.520449546866757, 38.525415585692535 ], [ -121.520453551773016, 38.525425871786716 ], [ -121.520458682656368, 38.525435844539089 ], [ -121.5206015, 38.5253847 ] ] ] } },
{ "type": "Feature", "properties": { "id": 13525584698, "lat": 38.4451832, "lon": -121.4291817, "direction": 180.0, "operator": "Sacramento Police Department", "brand": "Unknown" }, "geometry": { "type": "Polygon", "coordinates": [ [ [ -121.4291817, 38.445183200000017 ], [ -121.429236727881175, 38.445067730926006 ], [ -121.429223721877761, 38.445064398550841 ], [ -121.429210396063894, 38.445061970325227 ], [ -121.429196851856673, 38.445060464729288 ], [ -121.429183192335216, 38.445059893221512 ], [ -121.429169521456245, 38.445060260151394 ], [ -121.429155943262899, 38.445061562726401 ], [ -121.429142561092974, 38.445063791033121 ], [ -121.429129476792411, 38.445066928112958 ], [ -121.429116789940238, 38.445070950090887 ], [ -121.4291817, 38.445183200000017 ] ] ] } },
{ "type": "Feature", "properties": { "id": 13525584699, "lat": 38.4785152, "lon": -121.4304824, "direction": 200.0, "operator": "Sacramento Police Department", "brand": "Unknown" }, "geometry": { "type": "Polygon", "coordinates": [ [ [ -121.430482399999988, 38.4785152 ], [ -121.430584367734639, 38.478421498988467 ], [ -121.430573590663386, 38.478414869642791 ], [ -121.430562119578738, 38.478409003870993 ], [ -121.430550041782396, 38.478403946314977 ], [ -121.430537449193437, 38.478399735465665 ], [ -121.430524437648685, 38.478396403370056 ], [ -121.430511106173498, 38.478393975387242 ], [ -121.430497556228005, 38.478392469995647 ], [ -121.430483890934966, 38.478391898652106 ], [ -121.430470214295099, 38.478392265704898 ], [ -121.430482399999988, 38.4785152 ] ] ] } },
{ "type": "Feature", "properties": { "id": 13525680072, "lat": 38.5252544, "lon": -121.4273597, "direction": 349.0, "operator": "Sacramento Police Department", "brand": "Unknown" }, "geometry": { "type": "Polygon", "coordinates": [ [ [ -121.427359700000011, 38.5252544 ], [ -121.427333669334615, 38.525375991702887 ], [ -121.427347258666927, 38.525377311227672 ], [ -121.427360942685738, 38.525377695322412 ], [ -121.42737461724694, 38.525377141063935 ], [ -121.427388178278321, 38.525375652670469 ], [ -121.427401522571827, 38.525373241469644 ], [ -121.427414548568905, 38.52536992581225 ], [ -121.42742715713338, 38.525365730932499 ], [ -121.427439252306201, 38.525360688756123 ], [ -121.427450742035489, 38.52535483765724 ], [ -121.427359700000011, 38.5252544 ] ] ] } },
{ "type": "Feature", "properties": { "id": 13525680074, "lat": 38.5828406, "lon": -121.4521605, "direction": 330.0, "operator": "Sacramento Police Department", "brand": "Unknown" }, "geometry": { "type": "Polygon", "coordinates": [ [ [ -121.4521605, 38.5828406 ], [ -121.452186337170517, 38.582962210150392 ], [ -121.452199742076601, 38.582959979843672 ], [ -121.452212848325431, 38.582956840983009 ], [ -121.452225556170134, 38.582952817457112 ], [ -121.452237768896012, 38.582947939887561 ], [ -121.452249393556528, 38.582942245395721 ], [ -121.452260341680784, 38.582935777320287 ], [ -121.452270529946844, 38.582928584887391 ], [ -121.452279880815752, 38.582920722835958 ], [ -121.452288323121834, 38.582912251001119 ], [ -121.4521605, 38.5828406 ] ] ] } },
{ "type": "Feature", "properties": { "id": 13525680075, "lat": 38.5693109, "lon": -121.4665563, "direction": 120.0, "operator": "Sacramento Police Department", "brand": "Unknown" }, "geometry": { "type": "Polygon", "coordinates": [ [ [ -121.4665563, 38.5693109 ], [ -121.466456458316003, 38.569215732060897 ], [ -121.466446273113462, 38.569222925756677 ], [ -121.466436925279183, 38.569230788989124 ], [ -121.466428485955859, 38.569239261914518 ], [ -121.466421019371936, 38.569248280048889 ], [ -121.466414582352812, 38.569257774758952 ], [ -121.466409223888405, 38.56926767378441 ], [ -121.466404984760189, 38.569277901787778 ], [ -121.466401897230853, 38.569288380927922 ], [ -121.466399984798826, 38.569299031452296 ], [ -121.4665563, 38.5693109 ] ] ] } },
{ "type": "Feature", "properties": { "id": 13525680076, "lat": 38.5679004, "lon": -121.4290834, "direction": 330.0, "operator": "Sacramento Police Department", "brand": "Unknown" }, "geometry": { "type": "Polygon", "coordinates": [ [ [ -121.42908340000001, 38.5679004 ], [ -121.42910919671499, 38.568022017277038 ], [ -121.429122599735109, 38.568019789340731 ], [ -121.42913570442019, 38.568016652778162 ], [ -121.429148411035314, 38.568012631460626 ], [ -121.429160622875088, 38.568007755992838 ], [ -121.429172246999784, 38.568002063480208 ], [ -121.429183194942539, 38.567995597246352 ], [ -121.429193383382781, 38.567988406503368 ], [ -121.42920273478029, 38.567980545977342 ], [ -121.4292111779653, 38.567972075491788 ], [ -121.42908340000001, 38.5679004 ] ] ] } },
{ "type": "Feature", "properties": { "id": 13526744937, "lat": 38.5476007, "lon": -121.3923079, "direction": 340.0, "operator": "Sacramento Police Department", "brand": "Unknown" }, "geometry": { "type": "Polygon", "coordinates": [ [ [ -121.3923079, 38.5476007 ], [ -121.392306348131925, 38.547723989446901 ], [ -121.392320036960101, 38.54772362650975 ], [ -121.392333633418247, 38.547722328026261 ], [ -121.392347034028631, 38.54772010387871 ], [ -121.392360136804101, 38.547716970994294 ], [ -121.392372842024159, 38.547712953216255 ], [ -121.392385052994115, 38.547708081122359 ], [ -121.392396676780834, 38.547702391792406 ], [ -121.392407624920025, 38.547695928525762 ], [ -121.392417814089612, 38.547688740511916 ], [ -121.3923079, 38.5476007 ] ] ] } },
{ "type": "Feature", "properties": { "id": 13526744938, "lat": 38.564043, "lon": -121.3840084, "direction": 240.0, "operator": "Sacramento Police Department", "brand": "Unknown" }, "geometry": { "type": "Polygon", "coordinates": [ [ [ -121.3840084, 38.564043 ], [ -121.38416331243279, 38.564022801597318 ], [ -121.384160480760272, 38.564012277969773 ], [ -121.384156491662736, 38.564001988155866 ], [ -121.384151375499954, 38.563992010467231 ], [ -121.384145171209397, 38.563982420839942 ], [ -121.384137926009743, 38.563973292256769 ], [ -121.384129695041551, 38.563964694191554 ], [ -121.384120540947578, 38.563956692080588 ], [ -121.384110533396097, 38.563949346824636 ], [ -121.384099748550554, 38.563942714325322 ], [ -121.3840084, 38.564043 ] ] ] } },
{ "type": "Feature", "properties": { "id": 13526744939, "lat": 38.5472553, "lon": -121.3991835, "direction": 240.0, "operator": "Sacramento Police Department", "brand": "Unknown" }, "geometry": { "type": "Polygon", "coordinates": [ [ [ -121.399183500000021, 38.54725530000001 ], [ -121.399338375602341, 38.547235082775508 ], [ -121.399335542508993, 38.547224559244334 ], [ -121.39933155228168, 38.547214269669283 ], [ -121.39932643528887, 38.547204292360227 ], [ -121.399320230474302, 38.547194703250312 ], [ -121.399312985060661, 38.54718557531838 ], [ -121.399304754190126, 38.547176978033278 ], [ -121.399295600504715, 38.547168976825454 ], [ -121.399285593669589, 38.547161632588725 ], [ -121.399274809842737, 38.547155001216971 ], [ -121.399183500000021, 38.54725530000001 ] ] ] } },
{ "type": "Feature", "properties": { "id": 13526881760, "lat": 38.6412295, "lon": -121.4293357, "direction": 180.0, "operator": "Sacramento Police Department", "brand": "Unknown" }, "geometry": { "type": "Polygon", "coordinates": [ [ [ -121.42933570000001, 38.6412295 ], [ -121.429390864482556, 38.641114061442039 ], [ -121.429377826133191, 38.641110729965156 ], [ -121.429364467179923, 38.641108302398671 ], [ -121.429350889292081, 38.641106797217844 ], [ -121.429337195805104, 38.641106225877863 ], [ -121.429323490934166, 38.641106592727027 ], [ -121.429309878981186, 38.641107894973395 ], [ -121.429296463540823, 38.641110122706088 ], [ -121.429283346712253, 38.641113258970812 ], [ -121.429270628322087, 38.641117279898786 ], [ -121.42933570000001, 38.6412295 ] ] ] } },
{ "type": "Feature", "properties": { "id": 13527307601, "lat": 38.4070441, "lon": -121.4157658, "direction": 319.0, "operator": "Unknown", "brand": "Unknown" }, "geometry": { "type": "Polygon", "coordinates": [ [ [ -121.415765800000017, 38.4070441 ], [ -121.415820549649283, 38.407159648897775 ], [ -121.415833139982695, 38.407155454502863 ], [ -121.415845217816027, 38.407150412631957 ], [ -121.415856691229394, 38.407144561656835 ], [ -121.415867472903017, 38.407137946107127 ], [ -121.41587748078166, 38.407130616331308 ], [ -121.415886638699376, 38.407122628113591 ], [ -121.415894876958902, 38.407114042249297 ], [ -121.415902132862215, 38.407104924082176 ], [ -121.415908351187724, 38.407095343007164 ], [ -121.415765800000017, 38.4070441 ] ] ] } },
{ "type": "Feature", "properties": { "id": 13531390502, "lat": 38.4067555, "lon": -121.4158304, "direction": 151.0, "operator": "Unknown", "brand": "Unknown" }, "geometry": { "type": "Polygon", "coordinates": [ [ [ -121.4158304, 38.4067555 ], [ -121.415807378301622, 38.406633519169574 ], [ -121.415793954900337, 38.406635562162997 ], [ -121.415780808867027, 38.406638517954455 ], [ -121.415768040250498, 38.406642364048771 ], [ -121.415755746227276, 38.406647071174895 ], [ -121.415744020362027, 38.40665260350891 ], [ -121.415732951895436, 38.406658918946576 ], [ -121.415722625065001, 38.406665969423742 ], [ -121.415713118464154, 38.406673701282187 ], [ -121.415704504443852, 38.40668205567799 ], [ -121.4158304, 38.4067555 ] ] ] } },
{ "type": "Feature", "properties": { "id": 13531402301, "lat": 38.4080394, "lon": -121.4172166, "direction": 107.0, "operator": "Unknown", "brand": "Unknown" }, "geometry": { "type": "Polygon", "coordinates": [ [ [ -121.4172166, 38.408039399999986 ], [ -121.417092349258468, 38.407964239457797 ], [ -121.417084496874494, 38.407973046386424 ], [ -121.417077649872553, 38.4079823583061 ], [ -121.417071860362711, 38.407992104347692 ], [ -121.417067172406917, 38.408002210338033 ], [ -121.417063621683752, 38.408012599364575 ], [ -121.417061235216735, 38.408023192360616 ], [ -121.41706003116883, 38.408033908707104 ], [ -121.417060018704007, 38.40804466684623 ], [ -121.417061197917633, 38.408055384902042 ], [ -121.4172166, 38.408039399999986 ] ] ] } },
{ "type": "Feature", "properties": { "id": 13531405301, "lat": 38.4066929, "lon": -121.4169372, "direction": 65.0, "operator": "Unknown", "brand": "Unknown" }, "geometry": { "type": "Polygon", "coordinates": [ [ [ -121.4169372, 38.406692900000024 ], [ -121.416780950314163, 38.406702463135169 ], [ -121.41678260412688, 38.406713142302223 ], [ -121.416785434508441, 38.406723667413686 ], [ -121.416789419918388, 38.406733958367013 ], [ -121.416794530025726, 38.406743936841707 ], [ -121.416800725939822, 38.406753526895471 ], [ -121.41680796050629, 38.40676265554206 ], [ -121.41681617866594, 38.406771253306815 ], [ -121.416825317873759, 38.406779254755342 ], [ -121.416835308574875, 38.406786598991701 ], [ -121.4169372, 38.406692900000024 ] ] ] } },
{ "type": "Feature", "properties": { "id": 13531409601, "lat": 38.4074364, "lon": -121.4140504, "direction": 118.0, "operator": "Unknown", "brand": "Unknown" }, "geometry": { "type": "Polygon", "coordinates": [ [ [ -121.4140504, 38.4074364 ], [ -121.4139466628245, 38.407343962978331 ], [ -121.413936818834514, 38.407351428920954 ], [ -121.413927839262968, 38.407359541544437 ], [ -121.41391979244996, 38.407368239106994 ], [ -121.4139127396367, 38.40737745541508 ], [ -121.413906734499562, 38.407387120327165 ], [ -121.413901822741622, 38.407397160287609 ], [ -121.413898041744645, 38.407407498886329 ], [ -121.413895420284717, 38.407418057440417 ], [ -121.413893978313183, 38.407428755593031 ], [ -121.4140504, 38.4074364 ] ] ] } },
{ "type": "Feature", "properties": { "id": 13536056001, "lat": 38.3871133, "lon": -121.3715295, "direction": 161.0, "operator": "Unknown", "brand": "Unknown" }, "geometry": { "type": "Polygon", "coordinates": [ [ [ -121.37152949999998, 38.387113299999989 ], [ -121.371533815210299, 38.386990025032105 ], [ -121.371520148181546, 38.386990198113175 ], [ -121.371506552325442, 38.386991308072545 ], [ -121.371493131114178, 38.386993346462802 ], [ -121.371479986690858, 38.386996297770622 ], [ -121.37146721909204, 38.387000139534862 ], [ -121.371454925486503, 38.387004842517491 ], [ -121.371443199435731, 38.38701037092612 ], [ -121.371432130181802, 38.387016682686358 ], [ -121.371421801968268, 38.387023729762085 ], [ -121.37152949999998, 38.387113299999989 ] ] ] } },
{ "type": "Feature", "properties": { "id": 13539175871, "lat": 38.7135317, "lon": -121.364771, "direction": 250.0, "operator": "Unknown", "brand": "Unknown" }, "geometry": { "type": "Polygon", "coordinates": [ [ [ -121.364771, 38.713531700000011 ], [ -121.364928324002037, 38.713532952095385 ], [ -121.364927864610635, 38.713522204435115 ], [ -121.364926211385239, 38.713511529042378 ], [ -121.364923376908379, 38.713501007163345 ], [ -121.364919382752603, 38.713490718875761 ], [ -121.364914259316251, 38.713480742479646 ], [ -121.364908045592102, 38.713471153901246 ], [ -121.364900788870656, 38.713462026115344 ], [ -121.36489254438014, 38.713453428589695 ], [ -121.364883374866253, 38.713445426756543 ], [ -121.364771, 38.713531700000011 ] ] ] } },
{ "type": "Feature", "properties": { "id": 13544790301, "lat": 38.4080794, "lon": -121.384621, "direction": 0.0, "operator": "Unknown", "brand": "Unknown" }, "geometry": { "type": "Polygon", "coordinates": [ [ [ -121.384621, 38.4080794 ], [ -121.384565932719866, 38.408194855464089 ], [ -121.38457893077728, 38.408198192544866 ], [ -121.384592249008293, 38.408200625541404 ], [ -121.384605786052745, 38.408202135937067 ], [ -121.384619438885053, 38.408202712236758 ], [ -121.384633103598432, 38.408202350054502 ], [ -121.384646676195672, 38.408201052146701 ], [ -121.384660053380685, 38.408198828391292 ], [ -121.384673133344563, 38.408195695712429 ], [ -121.384685816540426, 38.40819167795182 ], [ -121.384621, 38.4080794 ] ] ] } },
{ "type": "Feature", "properties": { "id": 13564524001, "lat": 38.3939895, "lon": -121.4411316, "direction": 119.0, "operator": "Unknown", "brand": "Unknown" }, "geometry": { "type": "Polygon", "coordinates": [ [ [ -121.4411316, 38.3939895 ], [ -121.441029914027709, 38.393895672393413 ], [ -121.44101991015431, 38.393903004266186 ], [ -121.441010756305275, 38.393910994423329 ], [ -121.441002522146974, 38.393919582055098 ], [ -121.440995270346505, 38.39392870180459 ], [ -121.440989056094622, 38.393938284265175 ], [ -121.440983926685846, 38.393948256508637 ], [ -121.440979921158387, 38.393958542640348 ], [ -121.440977069997132, 38.393969064376712 ], [ -121.440975394901628, 38.393979741641033 ], [ -121.4411316, 38.3939895 ] ] ] } },
{ "type": "Feature", "properties": { "id": 13564635001, "lat": 38.6430708, "lon": -121.5408186, "direction": 108.0, "operator": "Unknown", "brand": "Unknown" }, "geometry": { "type": "Polygon", "coordinates": [ [ [ -121.54081859999998, 38.6430708 ], [ -121.540695549518958, 38.642994087552353 ], [ -121.540687492645546, 38.643002790333874 ], [ -121.540680433575673, 38.643012010709988 ], [ -121.540674426033377, 38.643021678508241 ], [ -121.540669515739992, 38.643031720150951 ], [ -121.540665740066132, 38.643042059215297 ], [ -121.540663127747408, 38.643052617014824 ], [ -121.540661698665588, 38.643063313198375 ], [ -121.540661463697361, 38.643074066361578 ], [ -121.540662424631364, 38.643084794666365 ], [ -121.54081859999998, 38.6430708 ] ] ] } },
{ "type": "Feature", "properties": { "id": 13564646001, "lat": 38.6491202, "lon": -121.5407862, "direction": 278.0, "operator": "Unknown", "brand": "Unknown" }, "geometry": { "type": "Polygon", "coordinates": [ [ [ -121.5407862, 38.649120200000013 ], [ -121.540924377209748, 38.649178988678941 ], [ -121.540930385190677, 38.649169320951387 ], [ -121.540935295833165, 38.64915927938398 ], [ -121.540939071764654, 38.649148940399243 ], [ -121.540941684248452, 38.649138382683198 ], [ -121.540943113402406, 38.649127686586453 ], [ -121.540943348350311, 38.649116933512843 ], [ -121.540942387304497, 38.649106205299752 ], [ -121.540940237579619, 38.649095583595319 ], [ -121.540936915536875, 38.649085149237081 ], [ -121.5407862, 38.649120200000013 ] ] ] } },
{ "type": "Feature", "properties": { "id": 13564648901, "lat": 38.6491101, "lon": -121.5411947, "direction": 116.0, "operator": "Unknown", "brand": "Unknown" }, "geometry": { "type": "Polygon", "coordinates": [ [ [ -121.5411947, 38.6491101 ], [ -121.541086451495431, 38.649020704432601 ], [ -121.541076927970678, 38.649028443089257 ], [ -121.541068300759378, 38.649036803204019 ], [ -121.541060635519955, 38.649045721151566 ], [ -121.541053990589702, 38.64905512906104 ], [ -121.541048416540747, 38.649064955332719 ], [ -121.541043955795388, 38.649075125182883 ], [ -121.541040642302875, 38.649085561212942 ], [ -121.541038501281406, 38.649096183998502 ], [ -121.541037549025845, 38.649106912693775 ], [ -121.5411947, 38.6491101 ] ] ] } },
{ "type": "Feature", "properties": { "id": 13567931201, "lat": 38.7053812, "lon": -121.2812886, "direction": 176.0, "operator": "Unknown", "brand": "Unknown" }, "geometry": { "type": "Polygon", "coordinates": [ [ [ -121.281288600000011, 38.705381200000019 ], [ -121.281333621185453, 38.705263087051613 ], [ -121.281320312371804, 38.705260461873316 ], [ -121.28130676220897, 38.705258755583749 ], [ -121.281293073821416, 38.705257981168756 ], [ -121.281279351385521, 38.705258144522098 ], [ -121.281265699336856, 38.705259244400573 ], [ -121.281252221575258, 38.705261272433425 ], [ -121.281239020674136, 38.705264213186197 ], [ -121.281226197099997, 38.705268044278093 ], [ -121.281213848447535, 38.70527273655226 ], [ -121.281288600000011, 38.705381200000019 ] ] ] } },
{ "type": "Feature", "properties": { "id": 13567936701, "lat": 38.6645198, "lon": -121.2844928, "direction": 0.0, "operator": "Unknown", "brand": "Unknown" }, "geometry": { "type": "Polygon", "coordinates": [ [ [ -121.2844928, 38.6645198 ], [ -121.284437406949536, 38.66463517232684 ], [ -121.284450443050346, 38.664638518436192 ], [ -121.28446380151459, 38.664640961025334 ], [ -121.284477380675838, 38.6646424815046 ], [ -121.284491077188008, 38.664643068302155 ], [ -121.284504786811866, 38.66464271695213 ], [ -121.284518405208402, 38.664641430128498 ], [ -121.284531828732952, 38.66463921762481 ], [ -121.284544955223936, 38.664636096279622 ], [ -121.284557684780438, 38.664632089848375 ], [ -121.2844928, 38.6645198 ] ] ] } },
{ "type": "Feature", "properties": { "id": 13568056901, "lat": 38.6815145, "lon": -121.2848651, "direction": 176.0, "operator": "Unknown", "brand": "Unknown" }, "geometry": { "type": "Polygon", "coordinates": [ [ [ -121.2848651, 38.6815145 ], [ -121.284910102185691, 38.681396381851272 ], [ -121.28489679728446, 38.681393756956361 ], [ -121.284883251148841, 38.681392050987583 ], [ -121.284869566872686, 38.681391276928402 ], [ -121.284855848601069, 38.681391440669785 ], [ -121.284842200737884, 38.681392540965625 ], [ -121.28482872715108, 38.681394569442027 ], [ -121.284815530382375, 38.681397510661085 ], [ -121.284802710866686, 38.681401342238466 ], [ -121.284790366167968, 38.681406035013666 ], [ -121.2848651, 38.6815145 ] ] ] } },
{ "type": "Feature", "properties": { "id": 13568088501, "lat": 38.6812333, "lon": -121.2809348, "direction": 15.0, "operator": "Unknown", "brand": "Unknown" }, "geometry": { "type": "Polygon", "coordinates": [ [ [ -121.2809348, 38.6812333 ], [ -121.280843184230406, 38.681333495831069 ], [ -121.280854673699096, 38.681339373401471 ], [ -121.280866772979749, 38.681344443688381 ], [ -121.280879389989281, 38.681348668103688 ], [ -121.280892428704291, 38.681352014496909 ], [ -121.280905789891932, 38.681354457399912 ], [ -121.280919371864996, 38.681355978220608 ], [ -121.280933071256044, 38.681356565384618 ], [ -121.280946783803955, 38.681356214423218 ], [ -121.280960405147439, 38.68135492800748 ], [ -121.2809348, 38.6812333 ] ] ] } },
{ "type": "Feature", "properties": { "id": 13568099501, "lat": 38.6784618, "lon": -121.2819782, "direction": 245.0, "operator": "Unknown", "brand": "Unknown" }, "geometry": { "type": "Polygon", "coordinates": [ [ [ -121.2819782, 38.6784618 ], [ -121.282135004714632, 38.678452405207004 ], [ -121.282133363443634, 38.678441728226694 ], [ -121.282130541286023, 38.678431204005228 ], [ -121.282126559720595, 38.678420912638195 ], [ -121.282121449049853, 38.678410932449026 ], [ -121.282115248169475, 38.678401339392884 ], [ -121.282108004272146, 38.678392206478577 ], [ -121.282099772488564, 38.678383603212914 ], [ -121.282090615467638, 38.678375595071813 ], [ -121.282080602899953, 38.678368243001884 ], [ -121.2819782, 38.6784618 ] ] ] } },
{ "type": "Feature", "properties": { "id": 13583892501, "lat": 38.5972121, "lon": -121.4163877, "direction": 181.0, "operator": "Unknown", "brand": "Unknown" }, "geometry": { "type": "Polygon", "coordinates": [ [ [ -121.4163877, 38.597212099999979 ], [ -121.416445411506345, 38.597097432984441 ], [ -121.416432457086259, 38.597093922028833 ], [ -121.416419162039233, 38.597091310477737 ], [ -121.416405627548215, 38.59708961820651 ], [ -121.416391956618341, 38.597088858094345 ], [ -121.416378253293175, 38.597089035926096 ], [ -121.41636462186284, 38.597090150348393 ], [ -121.416351166070228, 38.597092192879828 ], [ -121.416337988321644, 38.597095147975587 ], [ -121.416325188907237, 38.59709899314565 ], [ -121.4163877, 38.597212099999979 ] ] ] } },
{ "type": "Feature", "properties": { "id": 13591156001, "lat": 38.4553382, "lon": -121.4022697, "direction": 214.0, "operator": "Lowe's", "brand": "Unknown" }, "geometry": { "type": "Polygon", "coordinates": [ [ [ -121.4022697, 38.455338200000014 ], [ -121.402397464265988, 38.455266699379308 ], [ -121.402389053051124, 38.455258215373412 ], [ -121.40237973349025, 38.45525034009853 ], [ -121.402369576510864, 38.455243133490178 ], [ -121.40235865941365, 38.45523665039476 ], [ -121.402347065284189, 38.455230940152397 ], [ -121.402334882360577, 38.455226046221355 ], [ -121.402322203361976, 38.455222005847219 ], [ -121.402309124782803, 38.45521884977957 ], [ -121.402295746158615, 38.455216602037943 ], [ -121.4022697, 38.455338200000014 ] ] ] } },
{ "type": "Feature", "properties": { "id": 13592979982, "lat": 38.4082329, "lon": -121.4589806, "direction": 25.0, "operator": "Elk Grove Police Department", "brand": "Unknown" }, "geometry": { "type": "Polygon", "coordinates": [ [ [ -121.4589806, 38.4082329 ], [ -121.458868761609494, 38.408319291396836 ], [ -121.458878756408339, 38.40832663232959 ], [ -121.458889526301149, 38.408333259902136 ], [ -121.458900989322458, 38.408339123674523 ], [ -121.458913058231502, 38.408344179019721 ], [ -121.458925641176364, 38.40834838746337 ], [ -121.458938642392894, 38.408351716976547 ], [ -121.458951962933568, 38.408354142219544 ], [ -121.458965501420607, 38.408355644734719 ], [ -121.458979154817499, 38.408356213086996 ], [ -121.4589806, 38.4082329 ] ] ] } },
{ "type": "Feature", "properties": { "id": 13593423083, "lat": 38.701679, "lon": -121.1481203, "direction": 105.0, "operator": "Unknown", "brand": "Unknown" }, "geometry": { "type": "Polygon", "coordinates": [ [ [ -121.148120300000016, 38.701679 ], [ -121.147992561389046, 38.701607057537501 ], [ -121.147985045844564, 38.701616055411677 ], [ -121.1479785596634, 38.701625532332223 ], [ -121.147973152209588, 38.701635416174227 ], [ -121.147968864637477, 38.701645631715792 ], [ -121.147965729578445, 38.701656101210567 ], [ -121.147963770892616, 38.701666744979434 ], [ -121.147963003487291, 38.701677482016976 ], [ -121.147963433203316, 38.701688230607871 ], [ -121.147965056770801, 38.701698908948806 ], [ -121.148120300000016, 38.701679 ] ] ] } },
{ "type": "Feature", "properties": { "id": 13594786101, "lat": 38.6839693, "lon": -121.45683, "direction": 321.0, "operator": "Unknown", "brand": "Unknown" }, "geometry": { "type": "Polygon", "coordinates": [ [ [ -121.45683, 38.6839693 ], [ -121.45687982658616, 38.684086222255949 ], [ -121.456892638151373, 38.684082373496445 ], [ -121.456904973000405, 38.684077664178282 ], [ -121.456916737257259, 38.684072130142361 ], [ -121.456927841388634, 38.684065813506166 ], [ -121.456938200885233, 38.684058762343284 ], [ -121.456947736904965, 38.684051030317519 ], [ -121.456956376872981, 38.68404267627438 ], [ -121.456964055034007, 38.684033763793359 ], [ -121.456970712952781, 38.684024360703972 ], [ -121.45683, 38.6839693 ] ] ] } },
{ "type": "Feature", "properties": { "id": 13599515653, "lat": 38.6597681, "lon": -121.4952873, "direction": 285.0, "operator": "Unknown", "brand": "Unknown" }, "geometry": { "type": "Polygon", "coordinates": [ [ [ -121.495287300000015, 38.6597681 ], [ -121.495415287072149, 38.659839700366028 ], [ -121.495422758920441, 38.659830681663898 ], [ -121.495429199842079, 38.659821186677597 ], [ -121.495434560818083, 38.659811287669818 ], [ -121.495438801048493, 38.65980105997815 ], [ -121.495441888263031, 38.659790581441563 ], [ -121.495443798966534, 38.659779931808139 ], [ -121.49544451861783, 38.659769192128046 ], [ -121.495444041740498, 38.659758444136784 ], [ -121.495442371964316, 38.659747769633036 ], [ -121.495287300000015, 38.6597681 ] ] ] } },
{ "type": "Feature", "properties": { "id": 13608352701, "lat": 38.4092167, "lon": -121.4081897, "direction": 256.0, "operator": "Unknown", "brand": "Unknown" }, "geometry": { "type": "Polygon", "coordinates": [ [ [ -121.4081897, 38.4092167 ], [ -121.40834540137628, 38.409230782428381 ], [ -121.40834636874807, 38.409220051262295 ], [ -121.408346143775958, 38.409209294591669 ], [ -121.408344728172565, 38.40919859428125 ], [ -121.408342132711965, 38.409188031766803 ], [ -121.408338377147658, 38.409177687435388 ], [ -121.408333490062162, 38.409167640013543 ], [ -121.408327508649506, 38.40915796596807 ], [ -121.408320478432117, 38.409148738924188 ], [ -121.408312452914473, 38.409140029105117 ], [ -121.4081897, 38.4092167 ] ] ] } },
{ "type": "Feature", "properties": { "id": 13608552001, "lat": 38.6434397, "lon": -121.3834512, "direction": 184.0, "operator": "Unknown", "brand": "Unknown" }, "geometry": { "type": "Polygon", "coordinates": [ [ [ -121.38345120000001, 38.6434397 ], [ -121.383516564639365, 38.64332758435917 ], [ -121.383503856355375, 38.643323543147304 ], [ -121.383490747326533, 38.64332038595807 ], [ -121.383477337319974, 38.643318136819481 ], [ -121.383463728393565, 38.643316812848752 ], [ -121.383450024118972, 38.643316424122055 ], [ -121.383436328793479, 38.643316973597869 ], [ -121.38342274664636, 38.643318457094345 ], [ -121.383409381045411, 38.6433208633212 ], [ -121.383396333710536, 38.643324173965709 ], [ -121.38345120000001, 38.6434397 ] ] ] } },
{ "type": "Feature", "properties": { "id": 13608562801, "lat": 38.7135169, "lon": -121.392486, "direction": 165.0, "operator": "Unknown", "brand": "Unknown" }, "geometry": { "type": "Polygon", "coordinates": [ [ [ -121.392486, 38.7135169 ], [ -121.392501260640827, 38.713394213959447 ], [ -121.392487554853531, 38.713393638740342 ], [ -121.392473837232899, 38.713394001612485 ], [ -121.392460212177838, 38.713395299814188 ], [ -121.392446783382795, 38.713397523465389 ], [ -121.392433653048514, 38.713400655642857 ], [ -121.392420921104389, 38.713404672508879 ], [ -121.392408684447815, 38.71340954349283 ], [ -121.392397036206916, 38.713415231523733 ], [ -121.392386065031587, 38.713421693312362 ], [ -121.392486, 38.7135169 ] ] ] } },
{ "type": "Feature", "properties": { "id": 13613428801, "lat": 38.7132098, "lon": -121.3647024, "direction": 168.0, "operator": "Unknown", "brand": "Unknown" }, "geometry": { "type": "Polygon", "coordinates": [ [ [ -121.364702399999985, 38.7132098 ], [ -121.364725877923277, 38.713087912877043 ], [ -121.364712229797718, 38.713086773492179 ], [ -121.364698506861799, 38.713086570411932 ], [ -121.364684813554874, 38.71308730518188 ], [ -121.364671254090808, 38.713088972209988 ], [ -121.364657931664794, 38.713091558809239 ], [ -121.364644947668168, 38.713095045294118 ], [ -121.364632400916548, 38.713099405130471 ], [ -121.364620386898025, 38.713104605137445 ], [ -121.36460899704619, 38.713110605739992 ], [ -121.364702399999985, 38.7132098 ] ] ] } },
{ "type": "Feature", "properties": { "id": 13621695001, "lat": 38.7146688, "lon": -121.3919969, "direction": 341.0, "operator": "Unknown", "brand": "Unknown" }, "geometry": { "type": "Polygon", "coordinates": [ [ [ -121.3919969, 38.714668800000013 ], [ -121.39199259885649, 38.71479202098832 ], [ -121.392006322715645, 38.714791845794124 ], [ -121.392019974861938, 38.714790734145737 ], [ -121.392033451393758, 38.714788694503547 ], [ -121.392046649746163, 38.714785742390511 ], [ -121.392059469471249, 38.714781900274062 ], [ -121.392071813002829, 38.714777197395193 ], [ -121.392083586398897, 38.714771669545733 ], [ -121.392094700056532, 38.714765358796129 ], [ -121.392105069393992, 38.714758313175139 ], [ -121.3919969, 38.714668800000013 ] ] ] } },
{ "type": "Feature", "properties": { "id": 13631173567, "lat": 38.5527865, "lon": -121.418447, "direction": 170.0, "operator": "Unknown", "brand": "Unknown" }, "geometry": { "type": "Polygon", "coordinates": [ [ [ -121.418447, 38.552786500000011 ], [ -121.418475751665525, 38.552665290174453 ], [ -121.418462189200369, 38.552663783657721 ], [ -121.418448511136759, 38.552663211085097 ], [ -121.418434821572532, 38.552663576814155 ], [ -121.418421224693077, 38.552664878061528 ], [ -121.418407823978356, 38.552667104923948 ], [ -121.418394721415467, 38.552670240453715 ], [ -121.418382016722433, 38.55267426078769 ], [ -121.418369806589268, 38.552679135328752 ], [ -121.418358183942161, 38.552684826978904 ], [ -121.418447, 38.552786500000011 ] ] ] } },
{ "type": "Feature", "properties": { "id": 13631173568, "lat": 38.5527054, "lon": -121.418354, "direction": 320.0, "operator": "Unknown", "brand": "Unknown" }, "geometry": { "type": "Polygon", "coordinates": [ [ [ -121.418354, 38.552705400000015 ], [ -121.41840627854782, 38.552821659557388 ], [ -121.418418983263351, 38.552817639221821 ], [ -121.418431193414904, 38.552812764676979 ], [ -121.418442816075583, 38.552807073021178 ], [ -121.418453762789682, 38.552800607571541 ], [ -121.418463950245965, 38.55279341753419 ], [ -121.418473300911714, 38.552785557629875 ], [ -121.418481743622721, 38.552777087677299 ], [ -121.418489214124975, 38.552768072138129 ], [ -121.418495655563646, 38.552758579626243 ], [ -121.418354, 38.552705400000015 ] ] ] } },
{ "type": "Feature", "properties": { "id": 13631208546, "lat": 38.5647253, "lon": -121.4263647, "direction": 320.0, "operator": "Unknown", "brand": "Unknown" }, "geometry": { "type": "Polygon", "coordinates": [ [ [ -121.4263647, 38.5647253 ], [ -121.426416998310927, 38.564841554390284 ], [ -121.426429704553343, 38.56483753332521 ], [ -121.426441916069777, 38.56483265809571 ], [ -121.426453539922889, 38.564826965805366 ], [ -121.426464487647934, 38.564820499776083 ], [ -121.426474675925988, 38.564813309218444 ], [ -121.426484027218038, 38.564805448857072 ], [ -121.426492470355157, 38.564796978514266 ], [ -121.426499941080081, 38.564787962654592 ], [ -121.426506382536289, 38.564778469894357 ], [ -121.4263647, 38.5647253 ] ] ] } },
{ "type": "Feature", "properties": { "id": 13631208547, "lat": 38.5651081, "lon": -121.4270418, "direction": 160.0, "operator": "Unknown", "brand": "Unknown" }, "geometry": { "type": "Polygon", "coordinates": [ [ [ -121.4270418, 38.5651081 ], [ -121.427043297945772, 38.564984813044276 ], [ -121.427029606284094, 38.56498517968641 ], [ -121.427016007423504, 38.56498648182496 ], [ -121.427002604859098, 38.564988709549908 ], [ -121.426989500592015, 38.564991845907052 ], [ -121.426976794353251, 38.564995867026823 ], [ -121.426964582844647, 38.565000742306253 ], [ -121.42695295900279, 38.565006434641667 ], [ -121.426942011291985, 38.565012900711082 ], [ -121.426931823030742, 38.565020091303971 ], [ -121.4270418, 38.5651081 ] ] ] } },
{ "type": "Feature", "properties": { "id": 13631208548, "lat": 38.5651503, "lon": -121.4273355, "direction": 250.0, "operator": "Unknown", "brand": "Unknown" }, "geometry": { "type": "Polygon", "coordinates": [ [ [ -121.427335499999984, 38.565150300000013 ], [ -121.427492529133701, 38.56515147561533 ], [ -121.427492062083985, 38.56514072597691 ], [ -121.427490403502702, 38.565130049203162 ], [ -121.427487566013127, 38.565119526550745 ], [ -121.427483571210729, 38.565109238103268 ], [ -121.427478449498764, 38.565099262162022 ], [ -121.427472239856911, 38.565089674649734 ], [ -121.427464989544561, 38.565080548533089 ], [ -121.427456753741197, 38.565071953267172 ], [ -121.427447595126395, 38.565063954266982 ], [ -121.427335499999984, 38.565150300000013 ] ] ] } },
{ "type": "Feature", "properties": { "id": 13636075249, "lat": 38.5541119, "lon": -121.4184074, "direction": 90.0, "operator": "Unknown", "brand": "Unknown" }, "geometry": { "type": "Polygon", "coordinates": [ [ [ -121.4184074, 38.5541119 ], [ -121.418260378596358, 38.554068617586928 ], [ -121.418256134045521, 38.554078844205904 ], [ -121.418253040718497, 38.554089322399854 ], [ -121.418251122157812, 38.554099972423494 ], [ -121.418250392965319, 38.554110713223729 ], [ -121.418250858691124, 38.554121463056639 ], [ -121.418252515791224, 38.554132140109495 ], [ -121.418255351654594, 38.554142663123393 ], [ -121.418259344699038, 38.554152952011798 ], [ -121.41826446453544, 38.554162928469964 ], [ -121.4184074, 38.5541119 ] ] ] } },
{ "type": "Feature", "properties": { "id": 13636075250, "lat": 38.5542367, "lon": -121.4186636, "direction": 270.0, "operator": "Unknown", "brand": "Unknown" }, "geometry": { "type": "Polygon", "coordinates": [ [ [ -121.4186636, 38.554236700000025 ], [ -121.418810621937837, 38.55427998194012 ], [ -121.418814866427638, 38.554269755305562 ], [ -121.418817959687146, 38.554259277100584 ], [ -121.418819878175228, 38.55424862707077 ], [ -121.418820607291494, 38.554237886269263 ], [ -121.41882014148743, 38.554227136440097 ], [ -121.418818484308545, 38.554216459396017 ], [ -121.418815648367442, 38.554205936395633 ], [ -121.418811655247808, 38.554195647525312 ], [ -121.418806535340096, 38.554185671089463 ], [ -121.4186636, 38.554236700000025 ] ] ] } },
{ "type": "Feature", "properties": { "id": 13636605401, "lat": 38.6647051, "lon": -121.2732173, "direction": 0.0, "operator": "Unknown", "brand": "Unknown" }, "geometry": { "type": "Polygon", "coordinates": [ [ [ -121.2732173, 38.6647051 ], [ -121.273161890312565, 38.66482046742469 ], [ -121.273174925965208, 38.664823814679664 ], [ -121.273188284111285, 38.664826258443014 ], [ -121.27320186308684, 38.664827780116127 ], [ -121.273215559547154, 38.66482836811813 ], [ -121.27322926925342, 38.664828017973917 ], [ -121.273242887866019, 38.664826732348352 ], [ -121.273256311738621, 38.664824521025828 ], [ -121.273269438706976, 38.664821400835912 ], [ -121.273282168866558, 38.664817395525262 ], [ -121.2732173, 38.6647051 ] ] ] } },
{ "type": "Feature", "properties": { "id": 13639836401, "lat": 38.4229168, "lon": -121.3997683, "direction": 24.0, "operator": "Unknown", "brand": "Unknown" }, "geometry": { "type": "Polygon", "coordinates": [ [ [ -121.3997683, 38.422916799999989 ], [ -121.399658308601417, 38.42300466139703 ], [ -121.399668461192661, 38.423011868526991 ], [ -121.399679373620245, 38.423018352127478 ], [ -121.399690962833901, 38.423024062854196 ], [ -121.399703140632454, 38.423028957244924 ], [ -121.399715814335252, 38.423032998050239 ], [ -121.399728887487427, 38.423036154517071 ], [ -121.399742260593939, 38.423038402622701 ], [ -121.399755831876988, 38.42303972525761 ], [ -121.399769498050418, 38.423040112355714 ], [ -121.3997683, 38.422916799999989 ] ] ] } },
{ "type": "Feature", "properties": { "id": 13645530301, "lat": 38.6852744, "lon": -121.2720359, "direction": 288.0, "operator": "Unknown", "brand": "Unknown" }, "geometry": { "type": "Polygon", "coordinates": [ [ [ -121.2720359, 38.6852744 ], [ -121.272158754497738, 38.685351365583934 ], [ -121.272166845333729, 38.685342680225055 ], [ -121.272173939594055, 38.685333475212403 ], [ -121.272179983287344, 38.685323820601823 ], [ -121.272184930417765, 38.685313789870897 ], [ -121.272188743335036, 38.685303459359645 ], [ -121.272191393020933, 38.685292907689565 ], [ -121.272192859310252, 38.68528221516533 ], [ -121.272193131044077, 38.685271463163517 ], [ -121.272192206154827, 38.685260733513374 ], [ -121.2720359, 38.6852744 ] ] ] } },
{ "type": "Feature", "properties": { "id": 13648364001, "lat": 38.6723642, "lon": -121.3563215, "direction": 318.0, "operator": "Unknown", "brand": "Unknown" }, "geometry": { "type": "Polygon", "coordinates": [ [ [ -121.3563215, 38.672364199999976 ], [ -121.356378910511808, 38.672478964973571 ], [ -121.356391451252094, 38.672474605696614 ], [ -121.356403459618861, 38.672469406164645 ], [ -121.356414844220964, 38.672463405949401 ], [ -121.356425518414483, 38.672456650716285 ], [ -121.356435400962312, 38.672449191876865 ], [ -121.356444416652224, 38.672441086197566 ], [ -121.356452496869451, 38.672432395367686 ], [ -121.356459580118852, 38.672423185529887 ], [ -121.356465612492798, 38.672413526776687 ], [ -121.3563215, 38.672364199999976 ] ] ] } },
{ "type": "Feature", "properties": { "id": 13653780601, "lat": 38.7005564, "lon": -121.2473053, "direction": 259.0, "operator": "Unknown", "brand": "Unknown" }, "geometry": { "type": "Polygon", "coordinates": [ [ [ -121.2473053, 38.700556399999989 ], [ -121.247460380839698, 38.700577061339906 ], [ -121.24746208867171, 38.700566391058913 ], [ -121.247462603246774, 38.700555644740518 ], [ -121.247461920649215, 38.700544904170648 ], [ -121.247460046074451, 38.700534251091533 ], [ -121.247456993789612, 38.700523766579479 ], [ -121.247452787024883, 38.700513530427926 ], [ -121.247447457796667, 38.700503620540019 ], [ -121.247441046663951, 38.700494112335896 ], [ -121.247433602419591, 38.700485078178552 ], [ -121.2473053, 38.700556399999989 ] ] ] } },
{ "type": "Feature", "properties": { "id": 13665549001, "lat": 38.7072265, "lon": -121.3130535, "direction": 75.0, "operator": "Unknown", "brand": "Unknown" }, "geometry": { "type": "Polygon", "coordinates": [ [ [ -121.313053499999981, 38.7072265 ], [ -121.312896934414837, 38.7072144463543 ], [ -121.312896189440877, 38.707225184280524 ], [ -121.312896641695161, 38.70723593222074 ], [ -121.312898287736331, 38.707246608376643 ], [ -121.312901115037405, 38.707257131496149 ], [ -121.312905102081444, 38.707267421491942 ], [ -121.312910218524991, 38.707277400050806 ], [ -121.312916425429179, 38.707286991229793 ], [ -121.312923675556036, 38.707296122034109 ], [ -121.312931913727894, 38.707304722972658 ], [ -121.313053499999981, 38.7072265 ] ] ] } },
{ "type": "Feature", "properties": { "id": 13665556201, "lat": 38.7070982, "lon": -121.320582, "direction": 60.0, "operator": "Unknown", "brand": "Unknown" }, "geometry": { "type": "Polygon", "coordinates": [ [ [ -121.320582, 38.707098199999983 ], [ -121.320426789911707, 38.707118317489069 ], [ -121.320429618214064, 38.707128840444526 ], [ -121.32043360623517, 38.707139130208141 ], [ -121.320438723624193, 38.707149108468535 ], [ -121.320444931435063, 38.707158699284967 ], [ -121.320452182422869, 38.707167829665394 ], [ -121.320460421403439, 38.707176430121983 ], [ -121.32046958567328, 38.707184435199899 ], [ -121.320479605486852, 38.707191783975468 ], [ -121.320490404587233, 38.707198420519923 ], [ -121.320582, 38.707098199999983 ] ] ] } },
{ "type": "Feature", "properties": { "id": 13670385601, "lat": 38.6839746, "lon": -121.4569104, "direction": 224.0, "operator": "Unknown", "brand": "Unknown" }, "geometry": { "type": "Polygon", "coordinates": [ [ [ -121.456910399999984, 38.68397460000002 ], [ -121.457052387148636, 38.683921587128076 ], [ -121.45704595208278, 38.68391208920054 ], [ -121.457038485386178, 38.683903067018015 ], [ -121.457030043885084, 38.683894589244574 ], [ -121.457020691824539, 38.683886720401077 ], [ -121.457010500379425, 38.683879520373949 ], [ -121.45699954711273, 38.683873043959565 ], [ -121.456987915385284, 38.68386734044725 ], [ -121.45697569372139, 38.683862453243954 ], [ -121.456962975134942, 38.683858419544158 ], [ -121.456910399999984, 38.68397460000002 ] ] ] } },
{ "type": "Feature", "properties": { "id": 13670385602, "lat": 38.6838071, "lon": -121.4568317, "direction": 27.0, "operator": "Unknown", "brand": "Unknown" }, "geometry": { "type": "Polygon", "coordinates": [ [ [ -121.4568317, 38.683807100000024 ], [ -121.456715691426524, 38.683890334660617 ], [ -121.456725388124028, 38.683897942911393 ], [ -121.456735893921888, 38.683904859792293 ], [ -121.456747128864563, 38.683911032661499 ], [ -121.456759007447189, 38.683916414539546 ], [ -121.456771439266319, 38.683920964466999 ], [ -121.456784329708015, 38.683924647815992 ], [ -121.456797580667853, 38.683927436553923 ], [ -121.456811091297581, 38.683929309456715 ], [ -121.456824758772711, 38.683930252270422 ], [ -121.4568317, 38.683807100000024 ] ] ] } },
{ "type": "Feature", "properties": { "id": 13673470001, "lat": 38.6299846, "lon": -121.401532, "direction": 159.0, "operator": "Unknown", "brand": "Unknown" }, "geometry": { "type": "Polygon", "coordinates": [ [ [ -121.401532, 38.6299846 ], [ -121.40153079604984, 38.629861321998938 ], [ -121.401517103187729, 38.629861873416992 ], [ -121.401503523698807, 38.629863358857101 ], [ -121.401490160930749, 38.629865767014167 ], [ -121.40147711658183, 38.629869079560791 ], [ -121.401464489927008, 38.629873271286556 ], [ -121.401452377062469, 38.629878310290017 ], [ -121.401440870174113, 38.629884158221472 ], [ -121.401430056836091, 38.629890770574768 ], [ -121.401420019344357, 38.629898097026128 ], [ -121.401532, 38.6299846 ] ] ] } },
{ "type": "Feature", "properties": { "id": 13673512202, "lat": 38.6354095, "lon": -121.3279541, "direction": 319.0, "operator": "Unknown", "brand": "Unknown" }, "geometry": { "type": "Polygon", "coordinates": [ [ [ -121.327954100000014, 38.6354095 ], [ -121.328008879531424, 38.635525051014504 ], [ -121.328021510993437, 38.635520866560462 ], [ -121.328033629414918, 38.635515834538637 ], [ -121.328045142567078, 38.635509993245897 ], [ -121.32805596282769, 38.635503387138108 ], [ -121.328066007847923, 38.63549606649196 ], [ -121.328075201179075, 38.635488087022168 ], [ -121.328083472854374, 38.63547950945744 ], [ -121.328090759921494, 38.635470399078393 ], [ -121.328097006921723, 38.635460825220704 ], [ -121.327954100000014, 38.6354095 ] ] ] } },
{ "type": "Feature", "properties": { "id": 13673517301, "lat": 38.3781804, "lon": -121.4173337, "direction": 345.0, "operator": "Unknown", "brand": "Unknown" }, "geometry": { "type": "Polygon", "coordinates": [ [ [ -121.4173337, 38.3781804 ], [ -121.417318542547775, 38.378303144608431 ], [ -121.417332190458467, 38.378303717434228 ], [ -121.417345849857767, 38.378303351738531 ], [ -121.417359416788855, 38.378302050304491 ], [ -121.417372787998772, 38.378299823036848 ], [ -121.417385861724057, 38.378296686886529 ], [ -121.417398538465378, 38.378292665721602 ], [ -121.417410721744744, 38.37828779014572 ], [ -121.417422318839755, 38.378282097265057 ], [ -121.417433241489263, 38.378275630406044 ], [ -121.4173337, 38.3781804 ] ] ] } },
{ "type": "Feature", "properties": { "id": 13673518502, "lat": 38.3781804, "lon": -121.4173337, "direction": 345.0, "operator": "Unknown", "brand": "Unknown" }, "geometry": { "type": "Polygon", "coordinates": [ [ [ -121.4173337, 38.3781804 ], [ -121.417318542547775, 38.378303144608431 ], [ -121.417332190458467, 38.378303717434228 ], [ -121.417345849857767, 38.378303351738531 ], [ -121.417359416788855, 38.378302050304491 ], [ -121.417372787998772, 38.378299823036848 ], [ -121.417385861724057, 38.378296686886529 ], [ -121.417398538465378, 38.378292665721602 ], [ -121.417410721744744, 38.37828779014572 ], [ -121.417422318839755, 38.378282097265057 ], [ -121.417433241489263, 38.378275630406044 ], [ -121.4173337, 38.3781804 ] ] ] } },
{ "type": "Feature", "properties": { "id": 13673524901, "lat": 38.6276833, "lon": -121.5266405, "direction": 160.0, "operator": "Unknown", "brand": "Unknown" }, "geometry": { "type": "Polygon", "coordinates": [ [ [ -121.526640500000013, 38.6276833 ], [ -121.526641843415831, 38.627560022494684 ], [ -121.526628141358557, 38.627560399755765 ], [ -121.526614533357588, 38.627561712360524 ], [ -121.526601122977539, 38.627563950319313 ], [ -121.526588012279049, 38.627567096599975 ], [ -121.52657530104203, 38.627571127257497 ], [ -121.526563086006348, 38.627576011616291 ], [ -121.526551460135494, 38.627581712503563 ], [ -121.526540511909161, 38.627588186532265 ], [ -121.526530324649841, 38.627595384431274 ], [ -121.526640500000013, 38.6276833 ] ] ] } },
{ "type": "Feature", "properties": { "id": 13673526701, "lat": 38.685342, "lon": -121.5476848, "direction": 146.0, "operator": "Unknown", "brand": "Unknown" }, "geometry": { "type": "Polygon", "coordinates": [ [ [ -121.547684800000013, 38.685342 ], [ -121.547648025432252, 38.685222145038189 ], [ -121.547634837879116, 38.685225113277937 ], [ -121.547622030566188, 38.685228971095036 ], [ -121.547609700964514, 38.685233689129269 ], [ -121.547597942909462, 38.685239231473695 ], [ -121.547586845886755, 38.68524555594788 ], [ -121.547576494351276, 38.685252614418886 ], [ -121.547566967084364, 38.685260353167699 ], [ -121.547558336594321, 38.685268713297923 ], [ -121.547550668564483, 38.68527763118405 ], [ -121.547684800000013, 38.685342 ] ] ] } },
{ "type": "Feature", "properties": { "id": 13676880401, "lat": 38.5979843, "lon": -121.3459015, "direction": 175.0, "operator": "Unknown", "brand": "Unknown" }, "geometry": { "type": "Polygon", "coordinates": [ [ [ -121.3459015, 38.5979843 ], [ -121.345943728655357, 38.597865550365476 ], [ -121.345930379598514, 38.597863113958255 ], [ -121.345916810751476, 38.597861599848741 ], [ -121.345903125380943, 38.597861019560035 ], [ -121.345889427640316, 38.597861377508551 ], [ -121.345875821777227, 38.597862670970102 ], [ -121.345862411339994, 38.597864890100631 ], [ -121.345849298389751, 38.597868018011368 ], [ -121.345836582723507, 38.597872030897065 ], [ -121.345824361114822, 38.597876898217393 ], [ -121.3459015, 38.5979843 ] ] ] } },
{ "type": "Feature", "properties": { "id": 13682803901, "lat": 38.5066737, "lon": -121.2423713, "direction": 0.0, "operator": "Unknown", "brand": "Unknown" }, "geometry": { "type": "Polygon", "coordinates": [ [ [ -121.2423713, 38.5066737 ], [ -121.242315956127442, 38.506789078971003 ], [ -121.242328964386886, 38.506792430084886 ], [ -121.242342294847361, 38.506794877589876 ], [ -121.242355846055574, 38.506796402858924 ], [ -121.242369514878163, 38.506796994283754 ], [ -121.242383197286699, 38.506796647363245 ], [ -121.242396789149254, 38.506795364737698 ], [ -121.242410187023111, 38.506793156168705 ], [ -121.242423288941893, 38.506790038464871 ], [ -121.242435995191713, 38.50678603535394 ], [ -121.2423713, 38.5066737 ] ] ] } },
{ "type": "Feature", "properties": { "id": 13685876301, "lat": 38.6298933, "lon": -121.4015718, "direction": 162.0, "operator": "Unknown", "brand": "Unknown" }, "geometry": { "type": "Polygon", "coordinates": [ [ [ -121.401571799999985, 38.6298933 ], [ -121.401578822776528, 38.629770141503812 ], [ -121.401565111905128, 38.629770130041635 ], [ -121.401551451933898, 38.629771055975844 ], [ -121.401537946823041, 38.629772912259511 ], [ -121.401524699354127, 38.629775684765313 ], [ -121.401511810347955, 38.629779352392852 ], [ -121.401499377897309, 38.629783887229365 ], [ -121.401487496620263, 38.629789254762173 ], [ -121.401476256940342, 38.629795414141235 ], [ -121.401465744398081, 38.629802318490128 ], [ -121.401571799999985, 38.6298933 ] ] ] } },
{ "type": "Feature", "properties": { "id": 13685876401, "lat": 38.6271207, "lon": -121.4013382, "direction": 346.0, "operator": "Unknown", "brand": "Unknown" }, "geometry": { "type": "Polygon", "coordinates": [ [ [ -121.4013382, 38.6271207 ], [ -121.401320242219811, 38.627243174631879 ], [ -121.401333918232297, 38.627243936321172 ], [ -121.401347626831793, 38.627243760106246 ], [ -121.401361263687079, 38.627242647328231 ], [ -121.401374725012957, 38.62724060645607 ], [ -121.401387908360149, 38.627237653022114 ], [ -121.401400713395049, 38.627233809503849 ], [ -121.401413042663222, 38.627229105152864 ], [ -121.401424802331192, 38.627223575772284 ], [ -121.401435902900545, 38.627217263444173 ], [ -121.4013382, 38.6271207 ] ] ] } },
{ "type": "Feature", "properties": { "id": 13685877101, "lat": 38.598338, "lon": -121.3459019, "direction": 177.0, "operator": "Unknown", "brand": "Unknown" }, "geometry": { "type": "Polygon", "coordinates": [ [ [ -121.345901900000015, 38.598338 ], [ -121.345949384118157, 38.598220479307834 ], [ -121.345936151484167, 38.598217678785964 ], [ -121.345922658176875, 38.598215793979932 ], [ -121.34590900688805, 38.59821483923411 ], [ -121.345895301511788, 38.5982148218147 ], [ -121.34588164635376, 38.598215741854297 ], [ -121.345868145337491, 38.598217592350835 ], [ -121.345854901213428, 38.598220359221017 ], [ -121.345842014776892, 38.598224021407333 ], [ -121.345829584101111, 38.598228551038446 ], [ -121.345901900000015, 38.598338 ] ] ] } },
{ "type": "Feature", "properties": { "id": 13685880101, "lat": 38.6353872, "lon": -121.3280954, "direction": 0.0, "operator": "Unknown", "brand": "Unknown" }, "geometry": { "type": "Polygon", "coordinates": [ [ [ -121.3280954, 38.6353872 ], [ -121.32804009123322, 38.635502595812738 ], [ -121.328053124366321, 38.635505937623122 ], [ -121.328066479243986, 38.635508375767238 ], [ -121.328080054227087, 38.635509891689296 ], [ -121.328093746001315, 38.635510473852158 ], [ -121.328107450363547, 38.635510117825163 ], [ -121.328121063014791, 38.635508826317938 ], [ -121.328134480354095, 38.635506609159656 ], [ -121.328147600266959, 38.635503483224305 ], [ -121.328160322902519, 38.635499472302257 ], [ -121.3280954, 38.6353872 ] ] ] } },
{ "type": "Feature", "properties": { "id": 13699317201, "lat": 38.7215888, "lon": -121.3098183, "direction": 108.0, "operator": "Unknown", "brand": "Unknown" }, "geometry": { "type": "Polygon", "coordinates": [ [ [ -121.3098183, 38.721588800000013 ], [ -121.30969535216893, 38.721511874408733 ], [ -121.309687261756437, 38.721520561693893 ], [ -121.309680168621497, 38.721529768313744 ], [ -121.309674126747382, 38.7215394242005 ], [ -121.30966918211675, 38.721549455867148 ], [ -121.309665372361536, 38.721559786966786 ], [ -121.309662726476702, 38.721570338873576 ], [ -121.309661264599498, 38.721581031281239 ], [ -121.309660997856142, 38.72159178281408 ], [ -121.309661928277237, 38.721602511646473 ], [ -121.3098183, 38.721588800000013 ] ] ] } },
{ "type": "Feature", "properties": { "id": 13701971862, "lat": 38.5962206, "lon": -121.428658, "direction": 5.0, "operator": "Kaiser Permanente", "brand": "Unknown" }, "geometry": { "type": "Polygon", "coordinates": [ [ [ -121.428658, 38.5962206 ], [ -121.428590254530931, 38.59633183499983 ], [ -121.428602865840617, 38.596336045370862 ], [ -121.428615896756398, 38.596339377131784 ], [ -121.428629248104713, 38.596341804925743 ], [ -121.428642818273346, 38.596343310275735 ], [ -121.428656503984598, 38.596343881725083 ], [ -121.428670201081474, 38.596343514924648 ], [ -121.428683805320347, 38.596342212666038 ], [ -121.428697213164227, 38.596339984860322 ], [ -121.428710322570907, 38.596336848462435 ], [ -121.428658, 38.5962206 ] ] ] } },
{ "type": "Feature", "properties": { "id": 13702014042, "lat": 38.5963875, "lon": -121.4287061, "direction": 195.0, "operator": "Kaiser Permanente", "brand": "Unknown" }, "geometry": { "type": "Polygon", "coordinates": [ [ [ -121.4287061, 38.5963875 ], [ -121.428797429173898, 38.596287186865084 ], [ -121.428785941081912, 38.596281321866826 ], [ -121.428773845353504, 38.596276264947385 ], [ -121.428761234044259, 38.596272054592831 ], [ -121.428748203133466, 38.596268722846411 ], [ -121.428734851793848, 38.596266295064581 ], [ -121.428721281636726, 38.596264789724195 ], [ -121.428707595938704, 38.596264218281704 ], [ -121.428693898855769, 38.596264585086175 ], [ -121.428680294630453, 38.596265887345972 ], [ -121.4287061, 38.5963875 ] ] ] } },
{ "type": "Feature", "properties": { "id": 13709817245, "lat": 38.5954833, "lon": -121.4311712, "direction": 205.0, "operator": "Kaiser Permanente", "brand": "Unknown" }, "geometry": { "type": "Polygon", "coordinates": [ [ [ -121.4311712, 38.5954833 ], [ -121.431283334030439, 38.595396954478787 ], [ -121.431273318100168, 38.59538961322486 ], [ -121.431262524992292, 38.595382984983317 ], [ -121.431251036848693, 38.59537712019889 ], [ -121.431238941100929, 38.595372063505991 ], [ -121.431226329804659, 38.59536785338895 ], [ -121.431213298939099, 38.595364521889202 ], [ -121.431199947676689, 38.595362094361334 ], [ -121.431186377628052, 38.595360589280247 ], [ -121.431172692069069, 38.595360018100472 ], [ -121.4311712, 38.5954833 ] ] ] } },
{ "type": "Feature", "properties": { "id": 13709841025, "lat": 38.5974109, "lon": -121.4325213, "direction": 185.0, "operator": "Kaiser Permanente", "brand": "Unknown" }, "geometry": { "type": "Polygon", "coordinates": [ [ [ -121.432521300000019, 38.5974109 ], [ -121.432589040852434, 38.597299663085323 ], [ -121.432576429175938, 38.597295453112309 ], [ -121.432563397934956, 38.597292121758706 ], [ -121.432550046304712, 38.597289694377984 ], [ -121.432536475898715, 38.597288189443908 ], [ -121.432522789995531, 38.597287618409887 ], [ -121.432509092752639, 38.59728798562184 ], [ -121.432495488413835, 38.597289288285033 ], [ -121.432482080515868, 38.59729151648547 ], [ -121.432468971100505, 38.597294653265308 ], [ -121.432521300000019, 38.5974109 ] ] ] } },
{ "type": "Feature", "properties": { "id": 13709841026, "lat": 38.597229, "lon": -121.4323023, "direction": 305.0, "operator": "Kaiser Permanente", "brand": "Unknown" }, "geometry": { "type": "Polygon", "coordinates": [ [ [ -121.432302300000018, 38.597229 ], [ -121.432391184180958, 38.597330657180123 ], [ -121.432402135930232, 38.59732419092969 ], [ -121.432412327865066, 38.597317000218197 ], [ -121.432421682418607, 38.597309139771461 ], [ -121.432430128397073, 38.597300669412434 ], [ -121.432437601521642, 38.597291653605836 ], [ -121.432444044917474, 38.597282160967509 ], [ -121.432449409546734, 38.59727226374234 ], [ -121.432453654581678, 38.597262037254289 ], [ -121.432456747715406, 38.597251559333223 ], [ -121.432302300000018, 38.597229 ] ] ] } },
{ "type": "Feature", "properties": { "id": 13709841027, "lat": 38.5973147, "lon": -121.4300505, "direction": 210.0, "operator": "Kaiser Permanente", "brand": "Unknown" }, "geometry": { "type": "Polygon", "coordinates": [ [ [ -121.4300505, 38.597314699999984 ], [ -121.430171800485027, 38.597236354131482 ], [ -121.430162637860562, 38.597228355676279 ], [ -121.430152621802051, 38.59722101435311 ], [ -121.430141828537728, 38.597214386033734 ], [ -121.430130340210766, 38.597208521163502 ], [ -121.43011824425399, 38.597203464377422 ], [ -121.430105632724747, 38.5971992541606 ], [ -121.430092601604017, 38.597195922555173 ], [ -121.430079250066086, 38.59719349491656 ], [ -121.430065679723796, 38.597191989720514 ], [ -121.4300505, 38.597314699999984 ] ] ] } },
{ "type": "Feature", "properties": { "id": 13709841028, "lat": 38.5971128, "lon": -121.4301615, "direction": 25.0, "operator": "Kaiser Permanente", "brand": "Unknown" }, "geometry": { "type": "Polygon", "coordinates": [ [ [ -121.4301615, 38.5971128 ], [ -121.430049362302455, 38.597199144336358 ], [ -121.43005937834856, 38.597206485667805 ], [ -121.430070171604868, 38.597213113994208 ], [ -121.430081659928049, 38.597218978869819 ], [ -121.43009375588484, 38.597224035659252 ], [ -121.430106367417409, 38.597228245877098 ], [ -121.430119398544079, 38.59723157748099 ], [ -121.430132750089697, 38.597234005115283 ], [ -121.430146320440471, 38.597235510304124 ], [ -121.430160006317422, 38.597236081592101 ], [ -121.4301615, 38.5971128 ] ] ] } },
{ "type": "Feature", "properties": { "id": 13710109701, "lat": 38.5639187, "lon": -121.3364352, "direction": 176.0, "operator": "Unknown", "brand": "Unknown" }, "geometry": { "type": "Polygon", "coordinates": [ [ [ -121.336435200000011, 38.563918700000023 ], [ -121.33648005792061, 38.563800544642099 ], [ -121.336466771132507, 38.563797924673949 ], [ -121.336453244070128, 38.563796223877617 ], [ -121.336439579682093, 38.563795455197202 ], [ -121.336425881962214, 38.563795624482758 ], [ -121.336412255157882, 38.563796730445937 ], [ -121.336398802976845, 38.563798764669734 ], [ -121.336385627797867, 38.563801711672511 ], [ -121.336372829891616, 38.563805549025943 ], [ -121.336360506657513, 38.56381024752551 ], [ -121.336435200000011, 38.563918700000023 ] ] ] } },
{ "type": "Feature", "properties": { "id": 13723887701, "lat": 38.6483373, "lon": -121.1897668, "direction": 321.0, "operator": "Unknown", "brand": "Unknown" }, "geometry": { "type": "Polygon", "coordinates": [ [ [ -121.189766799999987, 38.6483373 ], [ -121.189816207731624, 38.648454331406626 ], [ -121.189829026500561, 38.648450509151452 ], [ -121.189841371686242, 38.648445825305217 ], [ -121.189853149334013, 38.648440315514918 ], [ -121.189864269808652, 38.648434021713577 ], [ -121.189874648476476, 38.648426991800939 ], [ -121.189884206349475, 38.648419279279089 ], [ -121.189892870686464, 38.648410942845118 ], [ -121.189900575546716, 38.648402045944501 ], [ -121.189907262291797, 38.648392656288188 ], [ -121.189766799999987, 38.6483373 ] ] ] } },
{ "type": "Feature", "properties": { "id": 13726807701, "lat": 38.6795357, "lon": -121.3197741, "direction": 61.0, "operator": "Unknown", "brand": "Unknown" }, "geometry": { "type": "Polygon", "coordinates": [ [ [ -121.3197741, 38.67953570000001 ], [ -121.319618519729303, 38.679553691651989 ], [ -121.319621112203677, 38.67956425210528 ], [ -121.319624869008805, 38.679574595260284 ], [ -121.319629761553557, 38.679584642399249 ], [ -121.319635752603091, 38.679594317057258 ], [ -121.319642796562206, 38.679603545604174 ], [ -121.319650839822316, 38.679612257805083 ], [ -121.319659821169537, 38.679620387354674 ], [ -121.319669672250484, 38.679627872382014 ], [ -121.319680318092409, 38.679634655921348 ], [ -121.3197741, 38.67953570000001 ] ] ] } },
{ "type": "Feature", "properties": { "id": 13726808301, "lat": 38.6785332, "lon": -121.3217635, "direction": 225.0, "operator": "Unknown", "brand": "Unknown" }, "geometry": { "type": "Polygon", "coordinates": [ [ [ -121.3217635, 38.678533200000011 ], [ -121.321906723483409, 38.678482288013328 ], [ -121.32190051775396, 38.678472696882771 ], [ -121.321893269239112, 38.678463566217602 ], [ -121.321885033104564, 38.678454965507491 ], [ -121.321875872032464, 38.678446960208881 ], [ -121.321865855744164, 38.678439611246795 ], [ -121.321855060469616, 38.67843297455105 ], [ -121.321843568367257, 38.67842710063077 ], [ -121.321831466898715, 38.678422034189872 ], [ -121.321818848163247, 38.678417813786901 ], [ -121.3217635, 38.678533200000011 ] ] ] } },
{ "type": "Feature", "properties": { "id": 13744229001, "lat": 38.6595109, "lon": -121.5064062, "direction": 60.0, "operator": "Unknown", "brand": "Unknown" }, "geometry": { "type": "Polygon", "coordinates": [ [ [ -121.5064062, 38.6595109 ], [ -121.506251131330856, 38.659531243635776 ], [ -121.506253982733043, 38.659541763175234 ], [ -121.506257992601917, 38.659552047827731 ], [ -121.506263130420336, 38.659562019320802 ], [ -121.506269357086751, 38.659571601765194 ], [ -121.506276625212791, 38.659580722232576 ], [ -121.506284879483786, 38.659589311310555 ], [ -121.506294057079941, 38.659597303630939 ], [ -121.506304088154209, 38.659604638367078 ], [ -121.506314896364046, 38.659611259697122 ], [ -121.5064062, 38.6595109 ] ] ] } },
{ "type": "Feature", "properties": { "id": 13750574901, "lat": 38.437817, "lon": -121.4179263, "direction": 146.0, "operator": "Unknown", "brand": "Unknown" }, "geometry": { "type": "Polygon", "coordinates": [ [ [ -121.417926300000019, 38.437817 ], [ -121.417889837402214, 38.43769706764985 ], [ -121.417876686282412, 38.437700023536507 ], [ -121.417863912751258, 38.437703869683524 ], [ -121.417851614022723, 38.437708576819503 ], [ -121.417839883697226, 38.437714109120378 ], [ -121.417828811049418, 38.437720424482201 ], [ -121.4178184803487, 38.437727474841388 ], [ -121.417808970217806, 38.437735206540637 ], [ -121.417800353034679, 38.437743560737218 ], [ -121.417792694381319, 38.437752473850807 ], [ -121.417926300000019, 38.437817 ] ] ] } },
{ "type": "Feature", "properties": { "id": 13750579601, "lat": 38.2909817, "lon": -121.3058473, "direction": 52.0, "operator": "Unknown", "brand": "Unknown" }, "geometry": { "type": "Polygon", "coordinates": [ [ [ -121.3058473, 38.2909817 ], [ -121.30569795552681, 38.291018550597144 ], [ -121.305702598949296, 38.291028668881701 ], [ -121.305708343636141, 38.291038429705004 ], [ -121.305715145867069, 38.291047758781168 ], [ -121.305722953873257, 38.291056585110098 ], [ -121.305731708231235, 38.291064841518008 ], [ -121.30574134231513, 38.291072465168476 ], [ -121.305751782803739, 38.291079398040679 ], [ -121.305762950238588, 38.291085587371178 ], [ -121.305774759628562, 38.29109098605521 ], [ -121.3058473, 38.2909817 ] ] ] } },
{ "type": "Feature", "properties": { "id": 13753479901, "lat": 38.6338172, "lon": -121.5042208, "direction": 169.0, "operator": "The Home Depot", "brand": "Unknown" }, "geometry": { "type": "Polygon", "coordinates": [ [ [ -121.5042208, 38.6338172 ], [ -121.504246747898961, 38.633695610661938 ], [ -121.504233138615234, 38.633694299498103 ], [ -121.504219435427672, 38.633693923679921 ], [ -121.50420574262526, 38.633694486067583 ], [ -121.504192164418043, 38.633695982380992 ], [ -121.504178804143876, 38.633698401232373 ], [ -121.504165763482106, 38.633701724212855 ], [ -121.504153141679623, 38.633705926032668 ], [ -121.504141034795637, 38.633710974713509 ], [ -121.504129534970588, 38.633716831832068 ], [ -121.5042208, 38.6338172 ] ] ] } },
{ "type": "Feature", "properties": { "id": 13753487901, "lat": 38.6336095, "lon": -121.5055527, "direction": 185.0, "operator": "The Home Depot", "brand": "Unknown" }, "geometry": { "type": "Polygon", "coordinates": [ [ [ -121.50555270000001, 38.6336095 ], [ -121.505620368901958, 38.633498230026163 ], [ -121.505607747539088, 38.63349402745429 ], [ -121.505594707233001, 38.633490703697056 ], [ -121.505581347227974, 38.633488284050152 ], [ -121.505567769201249, 38.633486786928522 ], [ -121.505554076489332, 38.633486223726088 ], [ -121.505540373301571, 38.633486598729149 ], [ -121.505526763926966, 38.633487909083748 ], [ -121.505513351940635, 38.633490144817273 ], [ -121.505500239415454, 38.633493288914551 ], [ -121.50555270000001, 38.6336095 ] ] ] } },
{ "type": "Feature", "properties": { "id": 13753646101, "lat": 38.632029, "lon": -121.4991552, "direction": 118.0, "operator": "Unknown", "brand": "Unknown" }, "geometry": { "type": "Polygon", "coordinates": [ [ [ -121.499155200000018, 38.632029 ], [ -121.499051067656623, 38.63193665999129 ], [ -121.499041203689416, 38.631944130234771 ], [ -121.499032207300203, 38.63195224638806 ], [ -121.499024146956955, 38.631960946682504 ], [ -121.499017084003924, 38.631970164903755 ], [ -121.499011072194648, 38.631979830895737 ], [ -121.499006157282992, 38.631989871094547 ], [ -121.499002376674696, 38.632000209088353 ], [ -121.498999759142919, 38.63201076619881 ], [ -121.498998324609119, 38.632021462080054 ], [ -121.499155200000018, 38.632029 ] ] ] } },
{ "type": "Feature", "properties": { "id": 13754079501, "lat": 38.4481329, "lon": -121.3961367, "direction": 263.0, "operator": "Unknown", "brand": "Unknown" }, "geometry": { "type": "Polygon", "coordinates": [ [ [ -121.3961367, 38.448132900000026 ], [ -121.396289130252839, 38.448161820748922 ], [ -121.396291755415476, 38.448151263121559 ], [ -121.396293200511948, 38.448140565740296 ], [ -121.396293454544676, 38.448129810018678 ], [ -121.396292515580811, 38.448119077814283 ], [ -121.396290390766936, 38.448108450805599 ], [ -121.396287096274577, 38.448098009870534 ], [ -121.396282657177295, 38.448087834470854 ], [ -121.39627710725965, 38.448078002047389 ], [ -121.396270488760209, 38.448068587430676 ], [ -121.3961367, 38.448132900000026 ] ] ] } },
{ "type": "Feature", "properties": { "id": 13757080701, "lat": 38.2909814, "lon": -121.2979733, "direction": 160.0, "operator": "Unknown", "brand": "Unknown" }, "geometry": { "type": "Polygon", "coordinates": [ [ [ -121.29797330000001, 38.2909814 ], [ -121.297974993695064, 38.290858070233995 ], [ -121.297961348832644, 38.290858423199893 ], [ -121.297947794925406, 38.290859712092136 ], [ -121.297934435126308, 38.290861927101503 ], [ -121.297921371111002, 38.29086505137051 ], [ -121.29790870230417, 38.290869061121633 ], [ -121.297896525122752, 38.290873925838426 ], [ -121.297884932242098, 38.290879608497583 ], [ -121.297874011890869, 38.290886065850756 ], [ -121.297863847179372, 38.290893248753804 ], [ -121.29797330000001, 38.2909814 ] ] ] } },
{ "type": "Feature", "properties": { "id": 13757087301, "lat": 38.2900274, "lon": -121.2829823, "direction": 147.0, "operator": "Unknown", "brand": "Unknown" }, "geometry": { "type": "Polygon", "coordinates": [ [ [ -121.282982299999986, 38.290027400000021 ], [ -121.282948772404126, 38.289906926797698 ], [ -121.282935577637318, 38.289909688284517 ], [ -121.282922738454332, 38.28991334562739 ], [ -121.282910352568734, 38.289917870991793 ], [ -121.282898514244209, 38.289923229937109 ], [ -121.282887313577433, 38.289929381678689 ], [ -121.282876835811976, 38.289936279398212 ], [ -121.282867160689918, 38.289943870600055 ], [ -121.282858361844745, 38.289952097510721 ], [ -121.282850506241118, 38.289960897518682 ], [ -121.282982299999986, 38.290027400000021 ] ] ] } },
{ "type": "Feature", "properties": { "id": 13757088701, "lat": 38.3953819, "lon": -121.3799163, "direction": 310.0, "operator": "Unknown", "brand": "Unknown" }, "geometry": { "type": "Polygon", "coordinates": [ [ [ -121.3799163, 38.3953819 ], [ -121.3799932876925, 38.395489310303937 ], [ -121.380004890001175, 38.395483620949221 ], [ -121.380015818083848, 38.395477157435941 ], [ -121.380025988771095, 38.39546996895546 ], [ -121.380035324657783, 38.395462110216634 ], [ -121.380043754692196, 38.395453641029363 ], [ -121.380051214716815, 38.39544462584945 ], [ -121.380057647956519, 38.395435133288032 ], [ -121.380063005450779, 38.395425235589329 ], [ -121.380067246426137, 38.395415008080995 ], [ -121.3799163, 38.3953819 ] ] ] } },
{ "type": "Feature", "properties": { "id": 13757096001, "lat": 38.4394645, "lon": -121.4233976, "direction": 287.0, "operator": "Unknown", "brand": "Unknown" }, "geometry": { "type": "Polygon", "coordinates": [ [ [ -121.423397600000015, 38.4394645 ], [ -121.423521906242343, 38.439539651301423 ], [ -121.423529761044506, 38.439530844342094 ], [ -121.4235366100188, 38.439521532462265 ], [ -121.423542401040635, 38.439511786531121 ], [ -121.423547090037133, 38.439501680721236 ], [ -121.42355064132262, 38.439491291943988 ], [ -121.423553027870014, 38.439480699264358 ], [ -121.423554231516732, 38.439469983299091 ], [ -121.423554243102814, 38.439459225603187 ], [ -121.42355306254052, 38.439448508049196 ], [ -121.423397600000015, 38.4394645 ] ] ] } },
{ "type": "Feature", "properties": { "id": 13759749201, "lat": 38.2800044, "lon": -121.3046931, "direction": 53.0, "operator": "Unknown", "brand": "Unknown" }, "geometry": { "type": "Polygon", "coordinates": [ [ [ -121.3046931, 38.280004399999989 ], [ -121.304542982548796, 38.280039189905828 ], [ -121.304547400443951, 38.280049370700496 ], [ -121.304552927202579, 38.280059209241273 ], [ -121.304559520763036, 38.280068630650824 ], [ -121.304567130944605, 38.280077563226385 ], [ -121.304575699829385, 38.280085938985522 ], [ -121.304585162203125, 38.280093694183442 ], [ -121.304595446051437, 38.280100769798274 ], [ -121.304606473107967, 38.280107111980129 ], [ -121.304618159450015, 38.28011267246103 ], [ -121.3046931, 38.280004399999989 ] ] ] } },
{ "type": "Feature", "properties": { "id": 13759750101, "lat": 38.2692325, "lon": -121.3010673, "direction": 132.0, "operator": "Unknown", "brand": "Unknown" }, "geometry": { "type": "Polygon", "coordinates": [ [ [ -121.3010673, 38.2692325 ], [ -121.300995346453064, 38.269122978311216 ], [ -121.300983512458387, 38.269128339076339 ], [ -121.300972316134988, 38.269134492568185 ], [ -121.300961842693482, 38.269141391955102 ], [ -121.300952171842994, 38.269148984728751 ], [ -121.300943377184495, 38.269157213103753 ], [ -121.300935525650829, 38.269166014457298 ], [ -121.300928676996961, 38.269175321806003 ], [ -121.300922883345592, 38.269185064315451 ], [ -121.300918188790192, 38.269195167839378 ], [ -121.3010673, 38.2692325 ] ] ] } },
{ "type": "Feature", "properties": { "id": 13759752101, "lat": 38.2829196, "lon": -121.283907, "direction": 211.0, "operator": "Unknown", "brand": "Unknown" }, "geometry": { "type": "Polygon", "coordinates": [ [ [ -121.283907, 38.2829196 ], [ -121.284029677417422, 38.282843036134018 ], [ -121.284020744718404, 38.282834899792739 ], [ -121.284010946356204, 38.282827408070844 ], [ -121.284000356902183, 38.282820617984669 ], [ -121.283989056948457, 38.282814581210729 ], [ -121.283977132494257, 38.282809343692328 ], [ -121.283964674291653, 38.282804945290039 ], [ -121.283951777154783, 38.282801419478169 ], [ -121.28393853923825, 38.282798793090237 ], [ -121.283925061290134, 38.282797086114492 ], [ -121.283907, 38.2829196 ] ] ] } },
{ "type": "Feature", "properties": { "id": 13759761501, "lat": 38.2549886, "lon": -121.2964099, "direction": 216.0, "operator": "Unknown", "brand": "Unknown" }, "geometry": { "type": "Polygon", "coordinates": [ [ [ -121.296409899999986, 38.2549886 ], [ -121.296540519715634, 38.254920739966643 ], [ -121.296532522106659, 38.254912021405005 ], [ -121.296523591272148, 38.254903885652546 ], [ -121.296513795181156, 38.254896394627075 ], [ -121.296503208387833, 38.254889605339642 ], [ -121.296491911464003, 38.254883569460681 ], [ -121.296479990385876, 38.254878332926687 ], [ -121.296467535879842, 38.254873935590709 ], [ -121.296454642731845, 38.254870410919011 ], [ -121.296441409066162, 38.254867785736359 ], [ -121.296409899999986, 38.2549886 ] ] ] } },
{ "type": "Feature", "properties": { "id": 13764256303, "lat": 38.6398483, "lon": -121.5211494, "direction": 130.0, "operator": "Unknown", "brand": "Unknown" }, "geometry": { "type": "Polygon", "coordinates": [ [ [ -121.5211494, 38.6398483 ], [ -121.52107198153368, 38.639741010100565 ], [ -121.521060353471796, 38.639746710393922 ], [ -121.521049403105181, 38.639753183844746 ], [ -121.521039213772539, 38.639760381186356 ], [ -121.521029863020843, 38.639768247642799 ], [ -121.52102142201494, 38.639776723345761 ], [ -121.52101395499615, 38.639785743790206 ], [ -121.521007518793184, 38.639795240325228 ], [ -121.521002162389692, 38.639805140676643 ], [ -121.520997926551502, 38.639815369496887 ], [ -121.5211494, 38.6398483 ] ] ] } },
{ "type": "Feature", "properties": { "id": 13771771421, "lat": 38.5757598, "lon": -121.2921252, "direction": 270.0, "operator": "Kaiser Permanente", "brand": "Unknown" }, "geometry": { "type": "Polygon", "coordinates": [ [ [ -121.292125200000015, 38.575759800000014 ], [ -121.29227219251645, 38.57580322597093 ], [ -121.292276454560167, 38.575793003839053 ], [ -121.292279565463943, 38.575782529006332 ], [ -121.292281501552281, 38.575771881192686 ], [ -121.292282248090899, 38.575761141434405 ], [ -121.292281799398651, 38.575750391467565 ], [ -121.292280158890861, 38.575739713105911 ], [ -121.292277339053214, 38.575729187618187 ], [ -121.292273361346886, 38.575718895109581 ], [ -121.292268256044977, 38.575708913912273 ], [ -121.292125200000015, 38.575759800000014 ] ] ] } },
{ "type": "Feature", "properties": { "id": 13771771422, "lat": 38.5757357, "lon": -121.2923092, "direction": 100.0, "operator": "Kaiser Permanente", "brand": "Unknown" }, "geometry": { "type": "Polygon", "coordinates": [ [ [ -121.2923092, 38.57573570000001 ], [ -121.292174046841566, 38.575672896583491 ], [ -121.292167588341243, 38.575682382435978 ], [ -121.292162207588987, 38.575692274067563 ], [ -121.292157945535891, 38.575702496197025 ], [ -121.292154834619154, 38.575712971027933 ], [ -121.292152898515141, 38.575723618840541 ], [ -121.292152151959286, 38.575734358598588 ], [ -121.292152600633784, 38.575745108566103 ], [ -121.292154241124422, 38.575755786929342 ], [ -121.292157060946593, 38.575766312419411 ], [ -121.2923092, 38.57573570000001 ] ] ] } },
{ "type": "Feature", "properties": { "id": 13771771423, "lat": 38.5784246, "lon": -121.2927163, "direction": 140.0, "operator": "Kaiser Permanente", "brand": "Unknown" }, "geometry": { "type": "Polygon", "coordinates": [ [ [ -121.2927163, 38.5784246 ], [ -121.292664189720298, 38.578308293245357 ], [ -121.292651474503046, 38.57831230095762 ], [ -121.292639252644889, 38.578317163332351 ], [ -121.292627617161216, 38.578322843364091 ], [ -121.292616656604906, 38.57832929782451 ], [ -121.292606454392242, 38.578336477591435 ], [ -121.292597088168179, 38.578344328022645 ], [ -121.292588629215402, 38.578352789371834 ], [ -121.292581141911739, 38.578361797243183 ], [ -121.292574683240261, 38.578371283081481 ], [ -121.2927163, 38.5784246 ] ] ] } },
{ "type": "Feature", "properties": { "id": 13771771424, "lat": 38.5784392, "lon": -121.2926393, "direction": 320.0, "operator": "Kaiser Permanente", "brand": "Unknown" }, "geometry": { "type": "Polygon", "coordinates": [ [ [ -121.2926393, 38.5784392 ], [ -121.292691410329482, 38.578555506744003 ], [ -121.292704125583882, 38.578551499029125 ], [ -121.292716347474368, 38.57854663664974 ], [ -121.292727982984658, 38.57854095661169 ], [ -121.292738943561261, 38.57853450214359 ], [ -121.292749145787454, 38.578527322368053 ], [ -121.292758512018111, 38.578519471927656 ], [ -121.292766970970561, 38.578511010569166 ], [ -121.292774458267161, 38.578502002688793 ], [ -121.292780916925295, 38.578492516842111 ], [ -121.2926393, 38.5784392 ] ] ] } },
{ "type": "Feature", "properties": { "id": 13778408401, "lat": 38.7001218, "lon": -121.3089208, "direction": 151.0, "operator": "Unknown", "brand": "Unknown" }, "geometry": { "type": "Polygon", "coordinates": [ [ [ -121.3089208, 38.700121800000012 ], [ -121.308897858084094, 38.699999848438544 ], [ -121.308884381934334, 38.700001879389497 ], [ -121.308871182946802, 38.70000482300744 ], [ -121.308858361573343, 38.700008656889715 ], [ -121.30884601539195, 38.700013351858317 ], [ -121.308834238364241, 38.700018872181808 ], [ -121.30882312012028, 38.700025175847344 ], [ -121.308812745276455, 38.700032214880416 ], [ -121.308803192791501, 38.700039935709867 ], [ -121.308794535365649, 38.700048279575697 ], [ -121.3089208, 38.700121800000012 ] ] ] } },
{ "type": "Feature", "properties": { "id": 13783642901, "lat": 38.6565433, "lon": -121.5026535, "direction": 345.0, "operator": "Unknown", "brand": "Unknown" }, "geometry": { "type": "Polygon", "coordinates": [ [ [ -121.5026535, 38.656543299999981 ], [ -121.50263842185332, 38.656666008813225 ], [ -121.502652118571334, 38.656666572309099 ], [ -121.502665825802907, 38.656666197626912 ], [ -121.502679439227236, 38.656664887618184 ], [ -121.50269285523747, 38.656662652252948 ], [ -121.502705971729213, 38.656659508543719 ], [ -121.502718688877664, 38.656655480416148 ], [ -121.502730909897281, 38.656650598526838 ], [ -121.502742541778431, 38.656644900030017 ], [ -121.502753495995279, 38.656638428294876 ], [ -121.5026535, 38.656543299999981 ] ] ] } },
{ "type": "Feature", "properties": { "id": 13783663801, "lat": 38.6706807, "lon": -121.4958014, "direction": 146.0, "operator": "Unknown", "brand": "Unknown" }, "geometry": { "type": "Polygon", "coordinates": [ [ [ -121.4958014, 38.6706807 ], [ -121.49576471119461, 38.670560827725481 ], [ -121.495751524142506, 38.670563790690146 ], [ -121.495738716674097, 38.670567643404048 ], [ -121.495726386261595, 38.670572356545847 ], [ -121.49571462674659, 38.67057789424581 ], [ -121.495703527625892, 38.670584214358854 ], [ -121.495693173370299, 38.670591268785245 ], [ -121.495683642781913, 38.670599003836728 ], [ -121.495675008394272, 38.670607360645079 ], [ -121.495667335920373, 38.670616275610051 ], [ -121.4958014, 38.6706807 ] ] ] } },
{ "type": "Feature", "properties": { "id": 13783705401, "lat": 38.6690652, "lon": -121.5080125, "direction": 245.0, "operator": "Unknown", "brand": "Unknown" }, "geometry": { "type": "Polygon", "coordinates": [ [ [ -121.508012500000021, 38.6690652 ], [ -121.508169258672211, 38.669055528703268 ], [ -121.508167586975318, 38.669044854503312 ], [ -121.508164734973789, 38.669034335145376 ], [ -121.508160724373568, 38.669024050688066 ], [ -121.508155585698134, 38.669014079402217 ], [ -121.508149358056272, 38.66900449717523 ], [ -121.508142088844323, 38.668995376933495 ], [ -121.508133833385656, 38.668986788087381 ], [ -121.508124654509416, 38.668978796003053 ], [ -121.508114622072426, 38.668971461504924 ], [ -121.508012500000021, 38.6690652 ] ] ] } },
{ "type": "Feature", "properties": { "id": 13784722701, "lat": 38.6385262, "lon": -121.2715479, "direction": 155.0, "operator": "Unknown", "brand": "Unknown" }, "geometry": { "type": "Polygon", "coordinates": [ [ [ -121.2715479, 38.638526200000015 ], [ -121.271535937361477, 38.638403277388107 ], [ -121.271522323285623, 38.638404562879451 ], [ -121.271508903863136, 38.638406774101377 ], [ -121.271495781223408, 38.638409894225248 ], [ -121.271483055237326, 38.638413899505117 ], [ -121.271470822756925, 38.63841875945851 ], [ -121.271459176878494, 38.638424437098408 ], [ -121.27144820623397, 38.638430889214661 ], [ -121.271437994316472, 38.638438066702918 ], [ -121.27142861884478, 38.638445914938401 ], [ -121.2715479, 38.638526200000015 ] ] ] } },
{ "type": "Feature", "properties": { "id": 13784723201, "lat": 38.6281305, "lon": -121.2658612, "direction": 328.0, "operator": "Unknown", "brand": "Unknown" }, "geometry": { "type": "Polygon", "coordinates": [ [ [ -121.2658612, 38.628130500000026 ], [ -121.265892160896783, 38.628251366014403 ], [ -121.265905472221007, 38.628248789368257 ], [ -121.265918446605383, 38.628245312467328 ], [ -121.265930985306611, 38.628240961773095 ], [ -121.265942992897308, 38.628235770397055 ], [ -121.265954377992173, 38.628229777848887 ], [ -121.265965053943589, 38.628223029735665 ], [ -121.265974939501021, 38.628215577414707 ], [ -121.265983959429363, 38.628207477602913 ], [ -121.265992045081603, 38.628198791944897 ], [ -121.2658612, 38.628130500000026 ] ] ] } },
{ "type": "Feature", "properties": { "id": 13784803201, "lat": 38.4573563, "lon": -121.4138473, "direction": 265.0, "operator": "Unknown", "brand": "Unknown" }, "geometry": { "type": "Polygon", "coordinates": [ [ [ -121.4138473, 38.4573563 ], [ -121.413998378984786, 38.457389365286566 ], [ -121.414001469091076, 38.457378885838487 ], [ -121.414003385876484, 38.457368234499064 ], [ -121.41400411475361, 38.457357492331447 ], [ -121.414003650175715, 38.457346741090042 ], [ -121.414001995678973, 38.457336062598301 ], [ -121.413999163855649, 38.457325538125929 ], [ -121.413995176258027, 38.45731524777041 ], [ -121.413990063234522, 38.457305269847531 ], [ -121.413983863698718, 38.457295680295161 ], [ -121.4138473, 38.4573563 ] ] ] } },
{ "type": "Feature", "properties": { "id": 13784807701, "lat": 38.4959963, "lon": -121.4421232, "direction": 54.0, "operator": "Unknown", "brand": "Unknown" }, "geometry": { "type": "Polygon", "coordinates": [ [ [ -121.4421232, 38.4959963 ], [ -121.441971979745944, 38.496029172774463 ], [ -121.441976200824683, 38.496039405391279 ], [ -121.441981540657736, 38.496049309950358 ], [ -121.441987958606106, 38.496058811071912 ], [ -121.441995405825551, 38.496067836446578 ], [ -121.442003825638466, 38.496076317385594 ], [ -121.442013153965135, 38.496084189343719 ], [ -121.442023319811355, 38.496091392410463 ], [ -121.442034245808841, 38.49609787176594 ], [ -121.442045848804071, 38.4961035780982 ], [ -121.4421232, 38.4959963 ] ] ] } },
{ "type": "Feature", "properties": { "id": 13784811901, "lat": 38.6613299, "lon": -121.3713701, "direction": 342.0, "operator": "Unknown", "brand": "Unknown" }, "geometry": { "type": "Polygon", "coordinates": [ [ [ -121.3713701, 38.6613299 ], [ -121.371363027206371, 38.661453051455481 ], [ -121.371376743584548, 38.661453066148532 ], [ -121.371390409400831, 38.661452143471429 ], [ -121.37140392064957, 38.661450290446375 ], [ -121.371417174501602, 38.661447521175987 ], [ -121.371430070086618, 38.661443856736248 ], [ -121.371442509261115, 38.661439325015849 ], [ -121.371454397355095, 38.661433960503992 ], [ -121.37146564389279, 38.661427804028065 ], [ -121.371476163281073, 38.661420902442728 ], [ -121.3713701, 38.6613299 ] ] ] } },
{ "type": "Feature", "properties": { "id": 13785195902, "lat": 38.5682217, "lon": -121.2964085, "direction": 335.0, "operator": "Unknown", "brand": "Unknown" }, "geometry": { "type": "Polygon", "coordinates": [ [ [ -121.2964085, 38.5682217 ], [ -121.296420490745803, 38.568344632110048 ], [ -121.296434092328511, 38.568343343850167 ], [ -121.29644749913723, 38.568341129805823 ], [ -121.296460609137625, 38.568338006827275 ], [ -121.296473322554277, 38.568333998682363 ], [ -121.296485542630037, 38.568329135875622 ], [ -121.296497176362479, 38.568323455416085 ], [ -121.296508135211653, 38.568317000535629 ], [ -121.296518335773968, 38.568309820359964 ], [ -121.296527700416931, 38.568301969534701 ], [ -121.2964085, 38.5682217 ] ] ] } },
{ "type": "Feature", "properties": { "id": 13785588801, "lat": 38.6592175, "lon": -121.5264823, "direction": 77.0, "operator": "Unknown", "brand": "Unknown" }, "geometry": { "type": "Polygon", "coordinates": [ [ [ -121.5264823, 38.6592175 ], [ -121.526326417785555, 38.659201430701081 ], [ -121.526325224753535, 38.659212144442698 ], [ -121.526325227158779, 38.659222898943888 ], [ -121.526326424983395, 38.659233612356438 ], [ -121.526328809111746, 38.659244203144766 ], [ -121.526332361399639, 38.659254590706524 ], [ -121.526337054812402, 38.659264695985989 ], [ -121.526342853630737, 38.659274442075791 ], [ -121.526349713722439, 38.659283754802168 ], [ -121.52635758287829, 38.65929256328949 ], [ -121.5264823, 38.6592175 ] ] ] } },
{ "type": "Feature", "properties": { "id": 13785590401, "lat": 38.6819359, "lon": -121.5155687, "direction": 146.0, "operator": "Unknown", "brand": "Unknown" }, "geometry": { "type": "Polygon", "coordinates": [ [ [ -121.515568700000017, 38.6819359 ], [ -121.51553197587991, 38.681816035264731 ], [ -121.51551878768764, 38.681819000215881 ], [ -121.51550597935649, 38.681822854843773 ], [ -121.515493648365265, 38.681827569812491 ], [ -121.515481888559947, 38.68183310923839 ], [ -121.515470789439547, 38.681839430963294 ], [ -121.515460435474864, 38.681846486875159 ], [ -121.515450905465826, 38.681854223274449 ], [ -121.515442271941509, 38.681862581282651 ], [ -121.515434600608401, 38.681871497290452 ], [ -121.515568700000017, 38.6819359 ] ] ] } },
{ "type": "Feature", "properties": { "id": 13785818301, "lat": 38.6274633, "lon": -121.5248048, "direction": 145.0, "operator": "Unknown", "brand": "Unknown" }, "geometry": { "type": "Polygon", "coordinates": [ [ [ -121.5248048, 38.627463300000016 ], [ -121.524765425866008, 38.627343949719041 ], [ -121.52475231513084, 38.627347095812837 ], [ -121.524739603835471, 38.62735112628949 ], [ -121.524727388720152, 38.627356010474756 ], [ -121.524715762749011, 38.62736171119721 ], [ -121.524704814402526, 38.62736818507102 ], [ -121.524694627004024, 38.627375382826273 ], [ -121.524685278085798, 38.627383249683916 ], [ -121.524676838798698, 38.627391725772497 ], [ -121.524669373370969, 38.627400746584101 ], [ -121.5248048, 38.627463300000016 ] ] ] } },
{ "type": "Feature", "properties": { "id": 13804980901, "lat": 38.6708735, "lon": -121.5094106, "direction": 126.0, "operator": "Unknown", "brand": "Unknown" }, "geometry": { "type": "Polygon", "coordinates": [ [ [ -121.5094106, 38.670873500000013 ], [ -121.509323808780138, 38.670770703484614 ], [ -121.509312710723876, 38.670777024774004 ], [ -121.509302357661355, 38.670784080297445 ], [ -121.509292828385611, 38.67079181635836 ], [ -121.509284195420193, 38.67080017408086 ], [ -121.509276524467239, 38.670809089857727 ], [ -121.509269873907584, 38.670818495834737 ], [ -121.509264294356228, 38.670828320426793 ], [ -121.509259828277223, 38.670838488863019 ], [ -121.50925650966056, 38.670848923755543 ], [ -121.5094106, 38.670873500000013 ] ] ] } },
{ "type": "Feature", "properties": { "id": 13804981401, "lat": 38.6708778, "lon": -121.508408, "direction": 229.0, "operator": "Unknown", "brand": "Unknown" }, "geometry": { "type": "Polygon", "coordinates": [ [ [ -121.508408, 38.670877800000014 ], [ -121.508555288926203, 38.670834628565331 ], [ -121.508549928885898, 38.670824729148357 ], [ -121.508543488683259, 38.670815233632815 ], [ -121.508536017332361, 38.670806214285143 ], [ -121.508527571694941, 38.670797739747911 ], [ -121.508518216047463, 38.670789874517304 ], [ -121.508508021592121, 38.670782678452255 ], [ -121.508497065914824, 38.670776206319061 ], [ -121.50848543239475, 38.670770507374336 ], [ -121.508473209569786, 38.670765624990381 ], [ -121.508408, 38.670877800000014 ] ] ] } },
{ "type": "Feature", "properties": { "id": 13805075901, "lat": 38.5667471, "lon": -121.2969797, "direction": 235.0, "operator": "Unknown", "brand": "Unknown" }, "geometry": { "type": "Polygon", "coordinates": [ [ [ -121.29697969999998, 38.5667471 ], [ -121.297131819794572, 38.566716481474955 ], [ -121.297127841909386, 38.56670618899102 ], [ -121.297122736576554, 38.566696207864922 ], [ -121.297116542651111, 38.566686614058938 ], [ -121.297109307272834, 38.566677480587593 ], [ -121.297101085507563, 38.56666887696197 ], [ -121.297091939928038, 38.566660868660662 ], [ -121.297081940137659, 38.566653516631547 ], [ -121.297071162240897, 38.566646876827825 ], [ -121.297059688263872, 38.566640999782209 ], [ -121.29697969999998, 38.5667471 ] ] ] } },
{ "type": "Feature", "properties": { "id": 13805076701, "lat": 38.5665488, "lon": -121.298093, "direction": 0.0, "operator": "Unknown", "brand": "Unknown" }, "geometry": { "type": "Polygon", "coordinates": [ [ [ -121.298093, 38.566548800000014 ], [ -121.298037695608286, 38.566664193739214 ], [ -121.298050716100903, 38.566667538916079 ], [ -121.298064058400982, 38.566669980416862 ], [ -121.298077620965103, 38.56667149966016 ], [ -121.298091300573532, 38.56667208508361 ], [ -121.298104993115672, 38.566671732231754 ], [ -121.298118594382515, 38.566670443790002 ], [ -121.298132000859795, 38.566668229564208 ], [ -121.298145110515605, 38.566665106406091 ], [ -121.298157823577213, 38.566661098084801 ], [ -121.298093, 38.566548800000014 ] ] ] } },
{ "type": "Feature", "properties": { "id": 13805077001, "lat": 38.5666221, "lon": -121.3054359, "direction": 176.0, "operator": "Unknown", "brand": "Unknown" }, "geometry": { "type": "Polygon", "coordinates": [ [ [ -121.3054359, 38.566622100000011 ], [ -121.305480805867802, 38.566503955943183 ], [ -121.305467519654314, 38.566501332767587 ], [ -121.305453992797268, 38.566499628702239 ], [ -121.305440328243748, 38.566498856716045 ], [ -121.305426629988787, 38.56649902268429 ], [ -121.305413002283856, 38.566500125343836 ], [ -121.305399548843596, 38.566502156302846 ], [ -121.305386372056304, 38.566505100104521 ], [ -121.3053735722049, 38.566508934344846 ], [ -121.305361246703626, 38.56651362984308 ], [ -121.3054359, 38.566622100000011 ] ] ] } },
{ "type": "Feature", "properties": { "id": 13806395401, "lat": 38.5650343, "lon": -121.3104068, "direction": 17.0, "operator": "Unknown", "brand": "Unknown" }, "geometry": { "type": "Polygon", "coordinates": [ [ [ -121.3104068, 38.5650343 ], [ -121.310310956811094, 38.565131966273071 ], [ -121.31032216337664, 38.565138152975685 ], [ -121.310334014080524, 38.565143549293623 ], [ -121.310346418731498, 38.56514811415753 ], [ -121.310359282922377, 38.565151812825867 ], [ -121.310372508748529, 38.565154617149425 ], [ -121.310385995552991, 38.565156505785545 ], [ -121.31039964069258, 38.56515746436051 ], [ -121.310413340319087, 38.565157485578915 ], [ -121.310426990169589, 38.565156569279317 ], [ -121.3104068, 38.5650343 ] ] ] } },
{ "type": "Feature", "properties": { "id": 13806397501, "lat": 38.5641183, "lon": -121.3093803, "direction": 74.0, "operator": "Unknown", "brand": "Unknown" }, "geometry": { "type": "Polygon", "coordinates": [ [ [ -121.3093803, 38.5641183 ], [ -121.309223774624769, 38.564108382760161 ], [ -121.309223269351065, 38.56411913134778 ], [ -121.309223959175469, 38.564129873608934 ], [ -121.309225838848448, 38.564140527788481 ], [ -121.309228894065072, 38.564151012801638 ], [ -121.309233101573696, 38.564161248851072 ], [ -121.309238429353059, 38.564171158034142 ], [ -121.309244836855868, 38.564180664935868 ], [ -121.309252275317419, 38.564189697202842 ], [ -121.309260688126784, 38.564198186093911 ], [ -121.3093803, 38.5641183 ] ] ] } },
{ "type": "Feature", "properties": { "id": 13815677801, "lat": 38.651272, "lon": -121.3827433, "direction": 359.0, "operator": "Unknown", "brand": "Unknown" }, "geometry": { "type": "Polygon", "coordinates": [ [ [ -121.3827433, 38.651272 ], [ -121.382690637214012, 38.651388155261806 ], [ -121.382703747552569, 38.651391312497616 ], [ -121.382717158910495, 38.651393561692011 ], [ -121.382730769218838, 38.651394885727193 ], [ -121.382744474894437, 38.651395274526443 ], [ -121.382758171628325, 38.651394725130714 ], [ -121.382771755179633, 38.651393241721252 ], [ -121.382785122168826, 38.651390835587762 ], [ -121.382798170864618, 38.651387525042466 ], [ -121.382810801958186, 38.651383335280698 ], [ -121.3827433, 38.651272 ] ] ] } },
{ "type": "Feature", "properties": { "id": 13827856501, "lat": 38.7157709, "lon": -121.2462668, "direction": 215.0, "operator": "Unknown", "brand": "Unknown" }, "geometry": { "type": "Polygon", "coordinates": [ [ [ -121.246266799999987, 38.71577090000001 ], [ -121.246396697315632, 38.715701346267238 ], [ -121.246388465533897, 38.715692741159323 ], [ -121.24637930780672, 38.715684730887176 ], [ -121.24636929383, 38.715677376413623 ], [ -121.246358499816139, 38.715670733710454 ], [ -121.246347007913954, 38.715664853332534 ], [ -121.246334905583552, 38.715659780032908 ], [ -121.246322284930756, 38.715655552422312 ], [ -121.246309242005964, 38.71565220267528 ], [ -121.246295876073347, 38.715649756285309 ], [ -121.246266799999987, 38.71577090000001 ] ] ] } },
{ "type": "Feature", "properties": { "id": 13828646002, "lat": 38.4960537, "lon": -121.4382036, "direction": 0.0, "operator": "Unknown", "brand": "Unknown" }, "geometry": { "type": "Polygon", "coordinates": [ [ [ -121.43820359999998, 38.4960537 ], [ -121.438148549709453, 38.496169165116655 ], [ -121.438161564503147, 38.496172496357545 ], [ -121.438174899213806, 38.496174923485185 ], [ -121.438188452355774, 38.496176428027574 ], [ -121.438202120781, 38.496176998534239 ], [ -121.438215800464008, 38.496176630663179 ], [ -121.438229387293731, 38.496175327214196 ], [ -121.438242777865639, 38.496173098107342 ], [ -121.438255870268975, 38.496169960307512 ], [ -121.438268564862284, 38.496165937695395 ], [ -121.43820359999998, 38.4960537 ] ] ] } },
{ "type": "Feature", "properties": { "id": 13841896501, "lat": 38.5943913, "lon": -121.1778952, "direction": 0.0, "operator": "Unknown", "brand": "Flock Safety" }, "geometry": { "type": "Polygon", "coordinates": [ [ [ -121.17789519999998, 38.5943913 ], [ -121.17783970030969, 38.594506637357824 ], [ -121.177852720291611, 38.594509994628886 ], [ -121.17786606357123, 38.594512448560884 ], [ -121.177879628597651, 38.594513980477878 ], [ -121.177893312132426, 38.594514578720997 ], [ -121.177907010035071, 38.594514238737233 ], [ -121.177920618055779, 38.594512963114056 ], [ -121.177934032628869, 38.594510761559796 ], [ -121.177947151660845, 38.594507650829662 ], [ -121.177959875307593, 38.594503654598313 ], [ -121.17789519999998, 38.5943913 ] ] ] } },
{ "type": "Feature", "properties": { "id": 13846843701, "lat": 38.4396768, "lon": -121.3974539, "direction": 156.0, "operator": "Unknown", "brand": "Unknown" }, "geometry": { "type": "Polygon", "coordinates": [ [ [ -121.397453900000016, 38.4396768 ], [ -121.397444501599281, 38.439553708488425 ], [ -121.397430897068247, 38.439554821131061 ], [ -121.39741746760258, 38.439556862105228 ], [ -121.397404315408224, 38.439559815877907 ], [ -121.397391540580855, 38.439563659969203 ], [ -121.397379240344307, 38.439568365123371 ], [ -121.397367508310481, 38.439573895531481 ], [ -121.397356433767001, 38.439580209103966 ], [ -121.397346100997723, 38.439587257790834 ], [ -121.397336588641139, 38.439594987947537 ], [ -121.397453900000016, 38.4396768 ] ] ] } },
{ "type": "Feature", "properties": { "id": 13846856601, "lat": 38.4396768, "lon": -121.3974539, "direction": 156.0, "operator": "Unknown", "brand": "Unknown" }, "geometry": { "type": "Polygon", "coordinates": [ [ [ -121.397453900000016, 38.4396768 ], [ -121.397444501599281, 38.439553708488425 ], [ -121.397430897068247, 38.439554821131061 ], [ -121.39741746760258, 38.439556862105228 ], [ -121.397404315408224, 38.439559815877907 ], [ -121.397391540580855, 38.439563659969203 ], [ -121.397379240344307, 38.439568365123371 ], [ -121.397367508310481, 38.439573895531481 ], [ -121.397356433767001, 38.439580209103966 ], [ -121.397346100997723, 38.439587257790834 ], [ -121.397336588641139, 38.439594987947537 ], [ -121.397453900000016, 38.4396768 ] ] ] } },
{ "type": "Feature", "properties": { "id": 13879013702, "lat": 38.6641604, "lon": -121.2634505, "direction": 251.0, "operator": "Unknown", "brand": "Unknown" }, "geometry": { "type": "Polygon", "coordinates": [ [ [ -121.2634505, 38.6641604 ], [ -121.263607669166447, 38.664163927551435 ], [ -121.263607463215735, 38.66415317433615 ], [ -121.263606062680509, 38.664142476113099 ], [ -121.263603478220176, 38.664131914302182 ], [ -121.263599729504463, 38.664121569285079 ], [ -121.263594845063764, 38.664111519793572 ], [ -121.263588862072041, 38.664101842310203 ], [ -121.263581826063742, 38.664092610486307 ], [ -121.263573790587373, 38.664083894581545 ], [ -121.263564816797896, 38.664075760929045 ], [ -121.2634505, 38.6641604 ] ] ] } },
{ "type": "Feature", "properties": { "id": 13881015601, "lat": 38.6879224, "lon": -121.308582, "direction": 348.0, "operator": "Unknown", "brand": "Unknown" }, "geometry": { "type": "Polygon", "coordinates": [ [ [ -121.308582, 38.6879224 ], [ -121.30855844271403, 38.68804428112901 ], [ -121.308572085686876, 38.688045426527644 ], [ -121.308585804114003, 38.688045635618764 ], [ -121.308599493589355, 38.688044906811001 ], [ -121.308613049927359, 38.688043245651102 ], [ -121.308626369955533, 38.688040664781518 ], [ -121.308639352300062, 38.688037183844301 ], [ -121.308651898157066, 38.68803282933159 ], [ -121.308663912044636, 38.688027634383978 ], [ -121.308675302529593, 38.688021638538338 ], [ -121.308582, 38.6879224 ] ] ] } },
{ "type": "Feature", "properties": { "id": 13885362001, "lat": 38.428711, "lon": -121.4610493, "direction": 59.0, "operator": "Unknown", "brand": "Unknown" }, "geometry": { "type": "Polygon", "coordinates": [ [ [ -121.4610493, 38.428711 ], [ -121.4608951462113, 38.428733414805329 ], [ -121.460898216307783, 38.428743898083603 ], [ -121.460902436243813, 38.428754130988061 ], [ -121.460907773903557, 38.428764035639944 ], [ -121.460914188664475, 38.428773536658788 ], [ -121.460921631706711, 38.428782561735993 ], [ -121.460930046384362, 38.428791042185125 ], [ -121.460939368656767, 38.428798913464625 ], [ -121.460949527575863, 38.428806115669133 ], [ -121.460960445826089, 38.428812593985398 ], [ -121.4610493, 38.428711 ] ] ] } },
{ "type": "Feature", "properties": { "id": 13885392301, "lat": 38.4275546, "lon": -121.4600114, "direction": 33.0, "operator": "Unknown", "brand": "Unknown" }, "geometry": { "type": "Polygon", "coordinates": [ [ [ -121.460011400000013, 38.4275546 ], [ -121.459885339738619, 38.427627902611817 ], [ -121.459893941051291, 38.427636266331412 ], [ -121.459903436300223, 38.427644008520588 ], [ -121.459913753220903, 38.427651070256516 ], [ -121.459924813295274, 38.42765739779491 ], [ -121.459936532349289, 38.427662942979239 ], [ -121.459948821193677, 38.427667663607139 ], [ -121.459961586302583, 38.427671523751627 ], [ -121.459974730525502, 38.427674494034584 ], [ -121.459988153826515, 38.427676551850276 ], [ -121.460011400000013, 38.4275546 ] ] ] } },
{ "type": "Feature", "properties": { "id": 13885393301, "lat": 38.4267999, "lon": -121.459669, "direction": 102.0, "operator": "Unknown", "brand": "Unknown" }, "geometry": { "type": "Polygon", "coordinates": [ [ [ -121.459669, 38.4267999 ], [ -121.459536829919912, 38.426733591923274 ], [ -121.459529986293418, 38.426742905888489 ], [ -121.459524200642875, 38.426752653613448 ], [ -121.459519517000928, 38.426762760912247 ], [ -121.459515971013232, 38.426773150862317 ], [ -121.459513589667367, 38.426783744389958 ], [ -121.459512391087245, 38.426794460872102 ], [ -121.459512384395282, 38.426805218749848 ], [ -121.459513569642851, 38.426815936149303 ], [ -121.459515937810025, 38.426826531504503 ], [ -121.459669, 38.4267999 ] ] ] } },
{ "type": "Feature", "properties": { "id": 13889499301, "lat": 38.6562535, "lon": -121.5235502, "direction": 350.0, "operator": "Unknown", "brand": "Unknown" }, "geometry": { "type": "Polygon", "coordinates": [ [ [ -121.523550200000017, 38.656253500000034 ], [ -121.523521572132481, 38.656374716145869 ], [ -121.523535154442911, 38.65637621131782 ], [ -121.523548851259662, 38.656376772581211 ], [ -121.523562558341197, 38.656376395664459 ], [ -121.52357617136785, 38.656375083436068 ], [ -121.523589586735795, 38.656372845883013 ], [ -121.523602702345542, 38.65636970003446 ], [ -121.523615418378981, 38.656365669832311 ], [ -121.523627638059054, 38.656360785948976 ], [ -121.523639268386333, 38.656355085553855 ], [ -121.523550200000017, 38.656253500000034 ] ] ] } },
{ "type": "Feature", "properties": { "id": 13889502601, "lat": 38.6571574, "lon": -121.5224098, "direction": 254.0, "operator": "Unknown", "brand": "Unknown" }, "geometry": { "type": "Polygon", "coordinates": [ [ [ -121.52240980000002, 38.657157400000017 ], [ -121.522566536623714, 38.657167055340004 ], [ -121.522567013401613, 38.657156307307659 ], [ -121.522566293690659, 38.657145567591904 ], [ -121.522564382968767, 38.657134917928467 ], [ -121.522561295778146, 38.657124439367692 ], [ -121.522557055614598, 38.657114211657657 ], [ -121.522551694748771, 38.657104312637294 ], [ -121.522545253980411, 38.657094817644044 ], [ -121.522537782327888, 38.657085798940386 ], [ -121.522529336655253, 38.657077325163932 ], [ -121.52240980000002, 38.657157400000017 ] ] ] } },
{ "type": "Feature", "properties": { "id": 13892774601, "lat": 38.4521126, "lon": -121.4051397, "direction": 144.0, "operator": "Unknown", "brand": "Unknown" }, "geometry": { "type": "Polygon", "coordinates": [ [ [ -121.4051397, 38.452112600000021 ], [ -121.405097949668118, 38.451993739644386 ], [ -121.405084934827897, 38.451997053354127 ], [ -121.40507233678187, 38.45200124644245 ], [ -121.405060251408429, 38.452006286997559 ], [ -121.405048770684317, 38.452012136657963 ], [ -121.405037981984577, 38.452018750904315 ], [ -121.405027967417595, 38.452026079398387 ], [ -121.405018803200264, 38.452034066366089 ], [ -121.405010559077851, 38.452042651021941 ], [ -121.405003297793186, 38.45205176803173 ], [ -121.4051397, 38.452112600000021 ] ] ] } },
{ "type": "Feature", "properties": { "id": 13897244201, "lat": 38.6368807, "lon": -121.328192, "direction": 166.0, "operator": "Unknown", "brand": "Unknown" }, "geometry": { "type": "Polygon", "coordinates": [ [ [ -121.328192, 38.6368807 ], [ -121.328210073572876, 38.636758237277341 ], [ -121.328196396620029, 38.636757467793984 ], [ -121.328182686206432, 38.636757636180768 ], [ -121.328169046676081, 38.636758741156115 ], [ -121.32815558183357, 38.636760774310581 ], [ -121.328142394154042, 38.63676372017067 ], [ -121.328129584003293, 38.636767556316713 ], [ -121.328117248873895, 38.636772253553431 ], [ -121.328105482643366, 38.636777776132142 ], [ -121.328094374859617, 38.636784082022835 ], [ -121.328192, 38.6368807 ] ] ] } },
{ "type": "Feature", "properties": { "id": 13897248401, "lat": 38.6593909, "lon": -121.3275531, "direction": 169.0, "operator": "Unknown", "brand": "Unknown" }, "geometry": { "type": "Polygon", "coordinates": [ [ [ -121.3275531, 38.6593909 ], [ -121.327579328821955, 38.659269350924745 ], [ -121.327565718082326, 38.659268021048355 ], [ -121.327552011311965, 38.659267626353575 ], [ -121.327538312827116, 38.659268169844324 ], [ -121.327524726881052, 38.659269647384306 ], [ -121.327511356870559, 38.659272047728571 ], [ -121.327498304549067, 38.659275352609136 ], [ -121.327485669252198, 38.659279536873974 ], [ -121.327473547141878, 38.659284568678409 ], [ -121.327462030474393, 38.659290409727518 ], [ -121.3275531, 38.6593909 ] ] ] } },
{ "type": "Feature", "properties": { "id": 13905117202, "lat": 38.2641697, "lon": -121.2869844, "direction": 0.0, "operator": "Unknown", "brand": "Unknown" }, "geometry": { "type": "Polygon", "coordinates": [ [ [ -121.28698439999998, 38.2641697 ], [ -121.286929290483073, 38.264285134662181 ], [ -121.286942260816986, 38.264288482294702 ], [ -121.286955551856963, 38.264290925921038 ], [ -121.286969062449714, 38.264292446943536 ], [ -121.286982689771023, 38.264293033786352 ], [ -121.286996330108281, 38.264292681983193 ], [ -121.287009879649816, 38.264291394211497 ], [ -121.287023235274916, 38.264289180272051 ], [ -121.28703629533878, 38.264286057014296 ], [ -121.287048960446057, 38.26428204820828 ], [ -121.28698439999998, 38.2641697 ] ] ] } },
{ "type": "Feature", "properties": { "id": 13908520301, "lat": 38.4082827, "lon": -121.4124783, "direction": 247.0, "operator": "Unknown", "brand": "Unknown" }, "geometry": { "type": "Polygon", "coordinates": [ [ [ -121.4124783, 38.4082827 ], [ -121.412634882072169, 38.40827743877135 ], [ -121.412633703455072, 38.408266720677801 ], [ -121.412631342124556, 38.408256124197059 ], [ -121.412627816052222, 38.408245729974745 ], [ -121.412623152074076, 38.40823561711705 ], [ -121.41261738568609, 38.408225862588779 ], [ -121.412610560774382, 38.408216540627713 ], [ -121.412602729280792, 38.408207722179441 ], [ -121.412593950807974, 38.408199474357495 ], [ -121.41258429216542, 38.408191859932614 ], [ -121.4124783, 38.4082827 ] ] ] } },
{ "type": "Feature", "properties": { "id": 13914107301, "lat": 38.6835738, "lon": -121.3336598, "direction": 259.0, "operator": "Unknown", "brand": "Unknown" }, "geometry": { "type": "Polygon", "coordinates": [ [ [ -121.3336598, 38.6835738 ], [ -121.333814870000538, 38.683594357417441 ], [ -121.333816565768274, 38.683583685737098 ], [ -121.333817068453442, 38.683572938820895 ], [ -121.333816374230722, 38.683562198459363 ], [ -121.333814488384093, 38.68355154639309 ], [ -121.333811425266461, 38.683541063690711 ], [ -121.333807208190436, 38.683530830131843 ], [ -121.333801869250891, 38.683520923599971 ], [ -121.333795449080739, 38.683511419489633 ], [ -121.333787996541645, 38.683502390132709 ], [ -121.3336598, 38.6835738 ] ] ] } },
{ "type": "Feature", "properties": { "id": 13921510501, "lat": 38.4091954, "lon": -121.3250571, "direction": 261.0, "operator": "Unknown", "brand": "Unknown" }, "geometry": { "type": "Polygon", "coordinates": [ [ [ -121.3250571, 38.4091954 ], [ -121.325210622959418, 38.409220206334098 ], [ -121.325212786479028, 38.409209583747241 ], [ -121.325213765129874, 38.409198853214065 ], [ -121.325213551464302, 38.409188096400406 ], [ -121.325212147108985, 38.409177395172122 ], [ -121.325209562752335, 38.409166830971998 ], [ -121.325205818063353, 38.409156484199897 ], [ -121.325200941541752, 38.409146433600903 ], [ -121.325194970301197, 38.409136755666054 ], [ -121.325187949786738, 38.409127524050135 ], [ -121.3250571, 38.4091954 ] ] ] } },
{ "type": "Feature", "properties": { "id": 13924421701, "lat": 38.5105076, "lon": -121.4646544, "direction": 261.0, "operator": "Unknown", "brand": "Unknown" }, "geometry": { "type": "Polygon", "coordinates": [ [ [ -121.4646544, 38.5105076 ], [ -121.464808163574887, 38.510532235241413 ], [ -121.464810311094183, 38.510521611726148 ], [ -121.464811272035277, 38.51051088157373 ], [ -121.464811039085319, 38.510500126447134 ], [ -121.464809614017696, 38.510489428199357 ], [ -121.464807007678473, 38.510478868250473 ], [ -121.464803239903901, 38.510468526968026 ], [ -121.464798339369523, 38.510458483055331 ], [ -121.464792343371627, 38.510448812952504 ], [ -121.464785297543727, 38.51043959025472 ], [ -121.4646544, 38.5105076 ] ] ] } },
{ "type": "Feature", "properties": { "id": 13930496401, "lat": 38.5954564, "lon": -121.1843111, "direction": 230.0, "operator": "Unknown", "brand": "Unknown" }, "geometry": { "type": "Polygon", "coordinates": [ [ [ -121.184311100000016, 38.595456399999989 ], [ -121.184459354160253, 38.595415620980297 ], [ -121.184454261227813, 38.595405635758517 ], [ -121.184448078754102, 38.595396036883507 ], [ -121.184440853791756, 38.59538689740836 ], [ -121.184432641327291, 38.595378286889861 ], [ -121.184423503862689, 38.595370270859085 ], [ -121.184413510939606, 38.595362910322699 ], [ -121.184402738610203, 38.59535626129864 ], [ -121.18439126885832, 38.595350374389866 ], [ -121.184379188975441, 38.595345294399117 ], [ -121.184311100000016, 38.595456399999989 ] ] ] } },
{ "type": "Feature", "properties": { "id": 13930496402, "lat": 38.3783972, "lon": -121.3592049, "direction": 201.0, "operator": "Unknown", "brand": "Unknown" }, "geometry": { "type": "Polygon", "coordinates": [ [ [ -121.3592049, 38.3783972 ], [ -121.359308884026234, 38.378304958020124 ], [ -121.359298275337011, 38.378298175019452 ], [ -121.35928695600775, 38.378292145658008 ], [ -121.359275012185236, 38.378286915822692 ], [ -121.359262534768831, 38.378282525315555 ], [ -121.359249618718991, 38.378279007550894 ], [ -121.359236362334173, 38.378276389300908 ], [ -121.359222866503103, 38.378274690491985 ], [ -121.359209233936753, 38.378273924053019 ], [ -121.359195568386653, 38.378274095817083 ], [ -121.3592049, 38.3783972 ] ] ] } },
{ "type": "Feature", "properties": { "id": 13939108701, "lat": 38.6532992, "lon": -121.4953348, "direction": 267.0, "operator": "Unknown", "brand": "Unknown" }, "geometry": { "type": "Polygon", "coordinates": [ [ [ -121.4953348, 38.6532992 ], [ -121.495484729421676, 38.653336285841753 ], [ -121.495488280860357, 38.653325898072225 ], [ -121.495490664215822, 38.653315307114745 ], [ -121.495491861349791, 38.65330459357294 ], [ -121.495491863151784, 38.653293838983345 ], [ -121.495490669608614, 38.653283125194903 ], [ -121.495488289804328, 38.653272533745962 ], [ -121.495484741851101, 38.653262145243808 ], [ -121.495480052751503, 38.653252038751106 ], [ -121.495474258192715, 38.653242291184263 ], [ -121.4953348, 38.6532992 ] ] ] } },
{ "type": "Feature", "properties": { "id": 13939468301, "lat": 38.3972446, "lon": -121.3997035, "direction": 148.0, "operator": "Unknown", "brand": "Unknown" }, "geometry": { "type": "Polygon", "coordinates": [ [ [ -121.399703499999987, 38.3972446 ], [ -121.399672425039995, 38.397123728975807 ], [ -121.399659156985081, 38.397126320318733 ], [ -121.399646226405807, 38.397129811840223 ], [ -121.399633731711262, 38.397134176967796 ], [ -121.39962176799331, 38.397139382480347 ], [ -121.399610426302786, 38.397145388760876 ], [ -121.39959979295665, 38.397152150098165 ], [ -121.399589948880973, 38.397159615034504 ], [ -121.39958096899511, 38.397167726757374 ], [ -121.399572921641465, 38.397176423531882 ], [ -121.399703499999987, 38.3972446 ] ] ] } },
{ "type": "Feature", "properties": { "id": 13939474701, "lat": 38.3941816, "lon": -121.3792866, "direction": 127.0, "operator": "Unknown", "brand": "Unknown" }, "geometry": { "type": "Polygon", "coordinates": [ [ [ -121.3792866, 38.3941816 ], [ -121.37920257717677, 38.394077507202809 ], [ -121.379191369257072, 38.394083666573856 ], [ -121.379180886098155, 38.394090571276763 ], [ -121.379171207483083, 38.394098168762739 ], [ -121.379162407071988, 38.394106401210465 ], [ -121.379154551841367, 38.394115205966237 ], [ -121.379147701574425, 38.39412451602071 ], [ -121.379141908406126, 38.394134260518918 ], [ -121.379137216426216, 38.394144365299404 ], [ -121.379133661343914, 38.394154753458857 ], [ -121.3792866, 38.3941816 ] ] ] } },
{ "type": "Feature", "properties": { "id": 13944009233, "lat": 38.6677022, "lon": -121.2925326, "direction": 170.0, "operator": "Unknown", "brand": "Unknown" }, "geometry": { "type": "Polygon", "coordinates": [ [ [ -121.292532600000015, 38.6677022 ], [ -121.292561587206123, 38.667581037665819 ], [ -121.292548007382607, 38.667579518049031 ], [ -121.292534310300141, 38.667578932114601 ], [ -121.2925206002013, 38.667579284321818 ], [ -121.292506981427778, 38.6675805719902 ], [ -121.292493557626145, 38.667582785319844 ], [ -121.292480430959202, 38.667585907466048 ], [ -121.292467701328405, 38.667589914667474 ], [ -121.292455465613585, 38.667594776427038 ], [ -121.292443816935631, 38.66760045574393 ], [ -121.292532600000015, 38.6677022 ] ] ] } },
{ "type": "Feature", "properties": { "id": 13945558801, "lat": 38.3746658, "lon": -121.3643658, "direction": 31.0, "operator": "Unknown", "brand": "Unknown" }, "geometry": { "type": "Polygon", "coordinates": [ [ [ -121.3643658, 38.374665799999981 ], [ -121.364243057995111, 38.37474243210049 ], [ -121.364252009313859, 38.374750561861582 ], [ -121.364261826651187, 38.374758046533358 ], [ -121.364272435291255, 38.374764829152802 ], [ -121.364283754495816, 38.374770858099922 ], [ -121.364295698118639, 38.374776087490588 ], [ -121.364308175261357, 38.374780477525881 ], [ -121.364321090965035, 38.374783994794825 ], [ -121.364334346932992, 38.374786612528816 ], [ -121.36434784227886, 38.374788310805187 ], [ -121.3643658, 38.374665799999981 ] ] ] } },
{ "type": "Feature", "properties": { "id": 13946521601, "lat": 38.383761, "lon": -121.3714047, "direction": 41.0, "operator": "Unknown", "brand": "Unknown" }, "geometry": { "type": "Polygon", "coordinates": [ [ [ -121.3714047, 38.383761 ], [ -121.371266908186328, 38.38381969614133 ], [ -121.371273931831055, 38.383828925528583 ], [ -121.371281950703064, 38.383837637961499 ], [ -121.371290903774067, 38.383845767133103 ], [ -121.371300722905843, 38.383853251175275 ], [ -121.371311333368823, 38.383860033129793 ], [ -121.371322654410932, 38.383866061381703 ], [ -121.371334599871972, 38.383871290052198 ], [ -121.371347078839548, 38.38387567934781 ], [ -121.371359996340857, 38.383879195863223 ], [ -121.3714047, 38.383761 ] ] ] } },
{ "type": "Feature", "properties": { "id": 13954678754, "lat": 38.549788, "lon": -121.4190945, "direction": 0.0, "operator": "Unknown", "brand": "Unknown" }, "geometry": { "type": "Polygon", "coordinates": [ [ [ -121.4190945, 38.549788 ], [ -121.419039384286108, 38.549903448547902 ], [ -121.419052407132597, 38.549906781492361 ], [ -121.419065750332635, 38.549909210436681 ], [ -121.419079312336038, 38.54991071689507 ], [ -121.419092989927265, 38.549911289402438 ], [ -121.419106679011108, 38.549910923601608 ], [ -121.419120275404879, 38.54990962227658 ], [ -121.419133675631372, 38.549907395331282 ], [ -121.419146777706288, 38.549904259714118 ], [ -121.419159481914548, 38.549900239289194 ], [ -121.4190945, 38.549788 ] ] ] } },
{ "type": "Feature", "properties": { "id": 13954680739, "lat": 38.5497096, "lon": -121.4189943, "direction": 190.0, "operator": "Unknown", "brand": "Unknown" }, "geometry": { "type": "Polygon", "coordinates": [ [ [ -121.4189943, 38.5497096 ], [ -121.419074106930864, 38.549603421177338 ], [ -121.419062018977712, 38.549598363019491 ], [ -121.419049415644466, 38.549594151441241 ], [ -121.419036392849677, 38.549590818495084 ], [ -121.41902304970435, 38.549588389546649 ], [ -121.419009487757407, 38.549586883081609 ], [ -121.418995810223024, 38.549586310565083 ], [ -121.418982121194958, 38.549586676354195 ], [ -121.41896852485452, 38.549587977665112 ], [ -121.418955124677609, 38.549590204594118 ], [ -121.4189943, 38.5497096 ] ] ] } },
{ "type": "Feature", "properties": { "id": 13960558901, "lat": 38.6362633, "lon": -121.5046599, "direction": 125.0, "operator": "Unknown", "brand": "Unknown" }, "geometry": { "type": "Polygon", "coordinates": [ [ [ -121.5046599, 38.6362633 ], [ -121.50457087877011, 38.63616169843516 ], [ -121.504559927547618, 38.636168170509045 ], [ -121.504549737173107, 38.636175366575237 ], [ -121.504540385201423, 38.636183231867442 ], [ -121.504531942806764, 38.636191706526247 ], [ -121.504524474240938, 38.636200726054518 ], [ -121.504518036344479, 38.636210221808348 ], [ -121.504512678113926, 38.6362201215195 ], [ -121.504508440328976, 38.636230349845256 ], [ -121.504505355242159, 38.636240828942071 ], [ -121.5046599, 38.6362633 ] ] ] } },
{ "type": "Feature", "properties": { "id": 13960977401, "lat": 38.2618234, "lon": -121.3227853, "direction": 52.0, "operator": "Unknown", "brand": "Unknown" }, "geometry": { "type": "Polygon", "coordinates": [ [ [ -121.3227853, 38.261823400000011 ], [ -121.322636018352185, 38.261860271791399 ], [ -121.322640662228807, 38.261870389832502 ], [ -121.32264640688814, 38.2618801502529 ], [ -121.322653208610177, 38.261889478769788 ], [ -121.322661015629976, 38.261898304387344 ], [ -121.322669768531554, 38.261906559937138 ], [ -121.32267940070011, 38.261914182589301 ], [ -121.322689838829035, 38.26192111433064 ], [ -121.322701003477832, 38.261927302406285 ], [ -121.322712809676545, 38.261932699721051 ], [ -121.3227853, 38.261823400000011 ] ] ] } },
{ "type": "Feature", "properties": { "id": 13961208601, "lat": 38.5541112, "lon": -121.4154693, "direction": 190.0, "operator": "Unknown", "brand": "Unknown" }, "geometry": { "type": "Polygon", "coordinates": [ [ [ -121.4154693, 38.5541112 ], [ -121.415549116123188, 38.554005024007985 ], [ -121.415537027721854, 38.553999965547405 ], [ -121.415524423873833, 38.553995753647143 ], [ -121.4155114005017, 38.553992420362214 ], [ -121.415498056720779, 38.553989991060796 ], [ -121.415484494084836, 38.553988484231304 ], [ -121.415470815813279, 38.553987911341494 ], [ -121.415457126005521, 38.553988276751475 ], [ -121.415443528848769, 38.553989577680198 ], [ -121.415430127825118, 38.553991804226875 ], [ -121.4154693, 38.5541112 ] ] ] } },
{ "type": "Feature", "properties": { "id": 13961208801, "lat": 38.5540327, "lon": -121.4154503, "direction": 28.0, "operator": "Unknown", "brand": "Unknown" }, "geometry": { "type": "Polygon", "coordinates": [ [ [ -121.4154503, 38.5540327 ], [ -121.415332606763855, 38.554114311587355 ], [ -121.415342112855555, 38.554122055780013 ], [ -121.415352442319588, 38.554129119920788 ], [ -121.415363516542342, 38.554135450247131 ], [ -121.41537525124221, 38.554140998581254 ], [ -121.415387557110748, 38.554145722696838 ], [ -121.415400340492639, 38.554149586640385 ], [ -121.415413504098211, 38.554152561004834 ], [ -121.415426947744109, 38.55415462315338 ], [ -121.415440569115574, 38.554155757391783 ], [ -121.4154503, 38.5540327 ] ] ] } },
{ "type": "Feature", "properties": { "id": 13961210401, "lat": 38.6643369, "lon": -121.2921912, "direction": 0.0, "operator": "Unknown", "brand": "Unknown" }, "geometry": { "type": "Polygon", "coordinates": [ [ [ -121.2921912, 38.6643369 ], [ -121.292135818348484, 38.664452275682038 ], [ -121.292148854745889, 38.664455621009466 ], [ -121.292162213417697, 38.664458062797067 ], [ -121.292175792695886, 38.664459582461333 ], [ -121.29218948923355, 38.664460168436598 ], [ -121.292203198791228, 38.66445981626326 ], [ -121.292216817030422, 38.664458528621552 ], [ -121.292230240307674, 38.66445631531127 ], [ -121.292243366463225, 38.664453193177089 ], [ -121.292256095598773, 38.664449185980466 ], [ -121.2921912, 38.6643369 ] ] ] } },
{ "type": "Feature", "properties": { "id": 13962926401, "lat": 38.2473874, "lon": -121.5089496, "direction": 190.0, "operator": "Unknown", "brand": "Unknown" }, "geometry": { "type": "Polygon", "coordinates": [ [ [ -121.5089496, 38.2473874 ], [ -121.509028981923564, 38.247281123220631 ], [ -121.509016934344118, 38.247276071567725 ], [ -121.509004374311772, 38.247271867190427 ], [ -121.508991397415684, 38.247268542086438 ], [ -121.508978102417458, 38.247266121561658 ], [ -121.508964590499588, 38.247264624037733 ], [ -121.508950964495511, 38.247264060911611 ], [ -121.508937328106853, 38.247264436469081 ], [ -121.508923785114291, 38.247265747851877 ], [ -121.508910438587662, 38.247267985079631 ], [ -121.5089496, 38.2473874 ] ] ] } },
{ "type": "Feature", "properties": { "id": 13963046503, "lat": 38.6362633, "lon": -121.5046599, "direction": 31.0, "operator": "Unknown", "brand": "Unknown" }, "geometry": { "type": "Polygon", "coordinates": [ [ [ -121.5046599, 38.6362633 ], [ -121.504536887233201, 38.636340040000533 ], [ -121.504545882701336, 38.636348157074664 ], [ -121.504555745912768, 38.636355628334854 ], [ -121.504566401802435, 38.636362396920141 ], [ -121.504577769272544, 38.636368411317328 ], [ -121.504589761809569, 38.636373625753087 ], [ -121.504602288142806, 38.636378000542258 ], [ -121.504615252938962, 38.636381502389916 ], [ -121.504628557527752, 38.63638410464479 ], [ -121.504642100652788, 38.63638578750205 ], [ -121.5046599, 38.6362633 ] ] ] } },
{ "type": "Feature", "properties": { "id": 13963287142, "lat": 38.4701367, "lon": -121.4204022, "direction": 47.0, "operator": "Kaiser Permanente", "brand": "Unknown" }, "geometry": { "type": "Polygon", "coordinates": [ [ [ -121.420402200000012, 38.4701367 ], [ -121.420257239098461, 38.470183787862268 ], [ -121.420263010950322, 38.470193541249259 ], [ -121.420269842117193, 38.470202862040203 ], [ -121.420277680609985, 38.470211679298068 ], [ -121.420286466773206, 38.470219925918045 ], [ -121.420296133738972, 38.470227539138222 ], [ -121.420306607935771, 38.470234461017213 ], [ -121.420317809648594, 38.47024063887519 ], [ -121.420329653625501, 38.470246025694749 ], [ -121.420342049726401, 38.47025058047879 ], [ -121.420402200000012, 38.4701367 ] ] ] } },
{ "type": "Feature", "properties": { "id": 13963507801, "lat": 38.4712152, "lon": -121.4239355, "direction": 155.0, "operator": "Kaiser Permanente", "brand": "Unknown" }, "geometry": { "type": "Polygon", "coordinates": [ [ [ -121.423935500000013, 38.4712152 ], [ -121.423923325605941, 38.471092263888409 ], [ -121.423909742853212, 38.471093565861196 ], [ -121.423896356127003, 38.471095793541878 ], [ -121.423883267307957, 38.47109892997657 ], [ -121.423870576009463, 38.471102951295144 ], [ -121.423858378819659, 38.471107826893103 ], [ -121.423846768566207, 38.471113519664328 ], [ -121.423835833609957, 38.471119986283547 ], [ -121.423825657172387, 38.471127177536061 ], [ -121.423816316702229, 38.471135038692253 ], [ -121.423935500000013, 38.4712152 ] ] ] } },
{ "type": "Feature", "properties": { "id": 13966610701, "lat": 38.7070491, "lon": -121.3132396, "direction": 177.0, "operator": "Unknown", "brand": "Unknown" }, "geometry": { "type": "Polygon", "coordinates": [ [ [ -121.3132396, 38.7070491 ], [ -121.313287198380507, 38.706931609131182 ], [ -121.313273948645161, 38.706928805657668 ], [ -121.313260437497078, 38.706926917695462 ], [ -121.313246767763815, 38.706925959613031 ], [ -121.313233043479784, 38.706925938701872 ], [ -121.313219369094611, 38.70692685512121 ], [ -121.313205848678109, 38.706928701896508 ], [ -121.313192585128391, 38.706931464972811 ], [ -121.313179679388597, 38.706935123321472 ], [ -121.313167229678911, 38.706939649100377 ], [ -121.3132396, 38.7070491 ] ] ] } },
{ "type": "Feature", "properties": { "id": 13968714101, "lat": 38.2403541, "lon": -121.2975582, "direction": 242.0, "operator": "Unknown", "brand": "Unknown" }, "geometry": { "type": "Polygon", "coordinates": [ [ [ -121.2975582, 38.240354100000012 ], [ -121.297713297300973, 38.240338257081078 ], [ -121.297710956338605, 38.240327656202929 ], [ -121.297707452809448, 38.24031725657855 ], [ -121.297702813377867, 38.240307137355259 ], [ -121.297697073353092, 38.240297375546348 ], [ -121.297690276420525, 38.240288045444963 ], [ -121.297682474309156, 38.240279218058646 ], [ -121.297673726397917, 38.240270960568971 ], [ -121.297664099263798, 38.240263335820252 ], [ -121.297653666175108, 38.240256401841243 ], [ -121.2975582, 38.240354100000012 ] ] ] } },
{ "type": "Feature", "properties": { "id": 13973461402, "lat": 38.6330192, "lon": -121.4461279, "direction": 146.0, "operator": "Unknown", "brand": "Unknown" }, "geometry": { "type": "Polygon", "coordinates": [ [ [ -121.4461279, 38.6330192 ], [ -121.446091304252278, 38.632899307267841 ], [ -121.446078121634244, 38.632902265277636 ], [ -121.446065317857958, 38.632906113230113 ], [ -121.446052990367519, 38.63291082184012 ], [ -121.446041232982267, 38.6329163552724 ], [ -121.446030135182795, 38.632922671414391 ], [ -121.446019781429854, 38.632929722196572 ], [ -121.446010250521738, 38.632937453958391 ], [ -121.446001614994415, 38.632945807856665 ], [ -121.445993940569551, 38.632954720313364 ], [ -121.4461279, 38.6330192 ] ] ] } },
{ "type": "Feature", "properties": { "id": 13973510401, "lat": 38.6111696, "lon": -121.4299363, "direction": 255.0, "operator": "Unknown", "brand": "Unknown" }, "geometry": { "type": "Polygon", "coordinates": [ [ [ -121.4299363, 38.6111696 ], [ -121.430092692689485, 38.611181512383283 ], [ -121.430093420796936, 38.611170772351628 ], [ -121.430092953120223, 38.611160023398241 ], [ -121.430091293219078, 38.611149347329132 ], [ -121.430088453726881, 38.611138825395614 ], [ -121.430084456254292, 38.611128537675846 ], [ -121.430079331224903, 38.611118562465542 ], [ -121.430073117643673, 38.611108975681894 ], [ -121.430065862799921, 38.61109985028606 ], [ -121.430057621907622, 38.611091255727587 ], [ -121.4299363, 38.6111696 ] ] ] } },
{ "type": "Feature", "properties": { "id": 13973510402, "lat": 38.6110612, "lon": -121.4201596, "direction": 270.0, "operator": "Unknown", "brand": "Unknown" }, "geometry": { "type": "Polygon", "coordinates": [ [ [ -121.4201596, 38.611061200000016 ], [ -121.420306728685503, 38.611104476867744 ], [ -121.420310976039389, 38.611094250976123 ], [ -121.420314071328804, 38.611083773547023 ], [ -121.420315990997082, 38.6110731243201 ], [ -121.420316720434926, 38.611062384342475 ], [ -121.420316254091347, 38.611051635351835 ], [ -121.420314595515961, 38.611040959154529 ], [ -121.420311757332016, 38.611030437002782 ], [ -121.420307761140236, 38.611020148976486 ], [ -121.42030263735451, 38.611010173373629 ], [ -121.4201596, 38.611061200000016 ] ] ] } },
{ "type": "Feature", "properties": { "id": 13973510403, "lat": 38.6108076, "lon": -121.4197576, "direction": 71.0, "operator": "Unknown", "brand": "Unknown" }, "geometry": { "type": "Polygon", "coordinates": [ [ [ -121.4197576, 38.610807599999987 ], [ -121.419600530372122, 38.610804263633803 ], [ -121.419600757453807, 38.610815017378059 ], [ -121.419602178202283, 38.610825714672174 ], [ -121.419604781805319, 38.6108362741032 ], [ -121.419608548448338, 38.61084661530748 ], [ -121.419613449465359, 38.610856659582069 ], [ -121.419619447557025, 38.610866330483866 ], [ -121.419626497074546, 38.610875554411379 ], [ -121.419634544367057, 38.610884261164756 ], [ -121.41964352818998, 38.610892384480188 ], [ -121.4197576, 38.610807599999987 ] ] ] } },
{ "type": "Feature", "properties": { "id": 13976353001, "lat": 38.5508559, "lon": -121.3287946, "direction": 94.0, "operator": "Unknown", "brand": "Unknown" }, "geometry": { "type": "Polygon", "coordinates": [ [ [ -121.328794599999981, 38.5508559 ], [ -121.328651845807798, 38.550804569620105 ], [ -121.328646692020172, 38.550814535268884 ], [ -121.328642663899814, 38.550824815728561 ], [ -121.328639792103559, 38.550835332758794 ], [ -121.328638098487929, 38.550846006318658 ], [ -121.32863759594288, 38.550856755175971 ], [ -121.328638288293533, 38.550867497525466 ], [ -121.3286401702712, 38.550878151611322 ], [ -121.328643227553329, 38.550888636349534 ], [ -121.3286474368726, 38.550898871944746 ], [ -121.328794599999981, 38.5508559 ] ] ] } },
{ "type": "Feature", "properties": { "id": 13976353201, "lat": 38.5510222, "lon": -121.3274408, "direction": 261.0, "operator": "Unknown", "brand": "Unknown" }, "geometry": { "type": "Polygon", "coordinates": [ [ [ -121.3274408, 38.551022199999984 ], [ -121.327594599530372, 38.551046998787861 ], [ -121.32759676661621, 38.551036378165563 ], [ -121.327597746701286, 38.551025649639392 ], [ -121.327597532327047, 38.551014894859975 ], [ -121.327596125125481, 38.551004195677642 ], [ -121.327593535806727, 38.550993633519624 ], [ -121.327589784077531, 38.550983288770212 ], [ -121.327584898491224, 38.550973240159138 ], [ -121.327578916230408, 38.550963564162295 ], [ -121.327571882824046, 38.550954334419707 ], [ -121.3274408, 38.551022199999984 ] ] ] } },
{ "type": "Feature", "properties": { "id": 13978572673, "lat": 38.5926072, "lon": -121.2840484, "direction": 120.0, "operator": "Unknown", "brand": "Unknown" }, "geometry": { "type": "Polygon", "coordinates": [ [ [ -121.2840484, 38.5926072 ], [ -121.283948749162576, 38.592511892924627 ], [ -121.283938544326929, 38.592519071861979 ], [ -121.283929175556494, 38.592526921507229 ], [ -121.283920714153297, 38.592535382120033 ], [ -121.283913224513839, 38.59254438931017 ], [ -121.28390676363901, 38.592553874527646 ], [ -121.283901380700229, 38.592563765584373 ], [ -121.283897116665244, 38.592573987203565 ], [ -121.283894003986319, 38.592584461592637 ], [ -121.283892066353275, 38.592595109035187 ], [ -121.2840484, 38.5926072 ] ] ] } },
{ "type": "Feature", "properties": { "id": 13980997801, "lat": 38.262625, "lon": -121.2974082, "direction": 309.0, "operator": "Unknown", "brand": "Unknown" }, "geometry": { "type": "Polygon", "coordinates": [ [ [ -121.2974082, 38.262625 ], [ -121.297487314224909, 38.262731405875144 ], [ -121.29749877546034, 38.262725564451053 ], [ -121.297509547359169, 38.262718957670018 ], [ -121.297519547940695, 38.262711635813822 ], [ -121.297528701094379, 38.262703654606405 ], [ -121.297536937159251, 38.262695074789704 ], [ -121.297544193454002, 38.262685961661496 ], [ -121.297550414754099, 38.262676384578334 ], [ -121.297555553711916, 38.262666416427749 ], [ -121.297559571217263, 38.262656133073506 ], [ -121.2974082, 38.262625 ] ] ] } },
{ "type": "Feature", "properties": { "id": 13984759001, "lat": 38.552084, "lon": -121.2786228, "direction": 206.0, "operator": "Unknown", "brand": "Unknown" }, "geometry": { "type": "Polygon", "coordinates": [ [ [ -121.2786228, 38.552084 ], [ -121.278736938193717, 38.551999334383297 ], [ -121.278727106925786, 38.551991844898339 ], [ -121.278716481821945, 38.551985056768807 ], [ -121.278705143745555, 38.551979021656344 ], [ -121.278693178986032, 38.551973785491604 ], [ -121.278680678602171, 38.551969388124839 ], [ -121.278667737729108, 38.551965863022509 ], [ -121.278654454854319, 38.551963237012707 ], [ -121.278640931068082, 38.55196153008086 ], [ -121.278627269294105, 38.551960755217671 ], [ -121.2786228, 38.552084 ] ] ] } },
{ "type": "Feature", "properties": { "id": 13990802101, "lat": 38.2539612, "lon": -121.3009501, "direction": 177.0, "operator": "Unknown", "brand": "Unknown" }, "geometry": { "type": "Polygon", "coordinates": [ [ [ -121.3009501, 38.2539612 ], [ -121.300997444437385, 38.253843642816783 ], [ -121.30098427089996, 38.253840836381968 ], [ -121.300970837302557, 38.253838945985699 ], [ -121.300957245882458, 38.253837986014922 ], [ -121.300943600078156, 38.253837963775588 ], [ -121.300930003741939, 38.253838879436955 ], [ -121.300916560349691, 38.253840726030319 ], [ -121.300903372213241, 38.253843489502032 ], [ -121.300890539701911, 38.253847148820505 ], [ -121.300878160478447, 38.253851676136215 ], [ -121.3009501, 38.2539612 ] ] ] } },
{ "type": "Feature", "properties": { "id": 13991022201, "lat": 38.253567, "lon": -121.2949118, "direction": 239.0, "operator": "Unknown", "brand": "Unknown" }, "geometry": { "type": "Polygon", "coordinates": [ [ [ -121.2949118, 38.253567 ], [ -121.295065659814966, 38.253544780457055 ], [ -121.295062618447687, 38.253534290845053 ], [ -121.295058429262411, 38.253524050169894 ], [ -121.295053124141702, 38.25351413636924 ], [ -121.295046743461086, 38.253504624892955 ], [ -121.295039335781652, 38.25349558812897 ], [ -121.295030957480549, 38.25348709485236 ], [ -121.295021672321795, 38.253479209701922 ], [ -121.295011550971111, 38.253471992688262 ], [ -121.295000670458037, 38.253465498737029 ], [ -121.2949118, 38.253567 ] ] ] } },
{ "type": "Feature", "properties": { "id": 13991397001, "lat": 38.6878438, "lon": -121.3438339, "direction": 126.0, "operator": "Unknown", "brand": "Unknown" }, "geometry": { "type": "Polygon", "coordinates": [ [ [ -121.3438339, 38.6878438 ], [ -121.343747306245646, 38.687740893980276 ], [ -121.343736192528695, 38.687747200780045 ], [ -121.343725822421888, 38.687754242757563 ], [ -121.343716274847878, 38.687761966319293 ], [ -121.343707622469523, 38.687770312684449 ], [ -121.343699931136783, 38.687779218332359 ], [ -121.343693259385432, 38.687788615485786 ], [ -121.343687657991865, 38.687798432626842 ], [ -121.343683169586356, 38.687808595041318 ], [ -121.343679828328774, 38.687819025387192 ], [ -121.3438339, 38.6878438 ] ] ] } },
{ "type": "Feature", "properties": { "id": 13995551001, "lat": 38.6542857, "lon": -121.5435761, "direction": 9.0, "operator": "Unknown", "brand": "Unknown" }, "geometry": { "type": "Polygon", "coordinates": [ [ [ -121.543576099999981, 38.6542857 ], [ -121.543498731573308, 38.654393016269154 ], [ -121.543510954028193, 38.654397895424864 ], [ -121.543523672285374, 38.654401920704608 ], [ -121.543536789550885, 38.654405061473447 ], [ -121.543550205993981, 38.654407293828136 ], [ -121.543563819507028, 38.654408600779043 ], [ -121.54357752648248, 38.654408972379422 ], [ -121.543591222601478, 38.654408405801185 ], [ -121.543604803627829, 38.654406905356346 ], [ -121.543618166201213, 38.654404482464237 ], [ -121.543576099999981, 38.6542857 ] ] ] } },
{ "type": "Feature", "properties": { "id": 13995554401, "lat": 38.6532598, "lon": -121.5436585, "direction": 207.0, "operator": "Unknown", "brand": "Unknown" }, "geometry": { "type": "Polygon", "coordinates": [ [ [ -121.5436585, 38.6532598 ], [ -121.543774371630832, 38.653176483169894 ], [ -121.543764670313593, 38.653168881179035 ], [ -121.543754160978949, 38.6531619711348 ], [ -121.543742923609202, 38.653155805626625 ], [ -121.543731043727348, 38.653150431577629 ], [ -121.543718611746229, 38.653145889887391 ], [ -121.543705722280379, 38.653142215120781 ], [ -121.543692473426063, 38.653139435244917 ], [ -121.543678966014667, 38.653137571416202 ], [ -121.543665302845255, 38.653136637819465 ], [ -121.5436585, 38.6532598 ] ] ] } },
{ "type": "Feature", "properties": { "id": 13995565705, "lat": 38.6463963, "lon": -121.5402107, "direction": 253.0, "operator": "Unknown", "brand": "Unknown" }, "geometry": { "type": "Polygon", "coordinates": [ [ [ -121.5402107, 38.646396300000013 ], [ -121.540367607925603, 38.646403787319208 ], [ -121.54036784294388, 38.646393034206092 ], [ -121.540366882009607, 38.646382305948208 ], [ -121.540364732436572, 38.646371684194065 ], [ -121.540361410584779, 38.646361249781535 ], [ -121.540356941735965, 38.64635108212277 ], [ -121.540351359901152, 38.646341258599655 ], [ -121.540344707561772, 38.64633185397502 ], [ -121.540337035346454, 38.646322939823584 ], [ -121.540328401645525, 38.646314583987255 ], [ -121.5402107, 38.646396300000013 ] ] ] } },
{ "type": "Feature", "properties": { "id": 13995566901, "lat": 38.646339, "lon": -121.5402215, "direction": 77.0, "operator": "Unknown", "brand": "Unknown" }, "geometry": { "type": "Polygon", "coordinates": [ [ [ -121.5402215, 38.646339 ], [ -121.540065640453619, 38.646322947121007 ], [ -121.540064449483893, 38.646333661181679 ], [ -121.540064453763222, 38.646344415874545 ], [ -121.540065653259447, 38.646355129349885 ], [ -121.540068038844225, 38.646365720071699 ], [ -121.540071592362224, 38.646376107438101 ], [ -121.540076286769491, 38.646386212394901 ], [ -121.540082086339098, 38.646395958037125 ], [ -121.540088946933125, 38.646405270194478 ], [ -121.54009681633859, 38.646414077995615 ], [ -121.5402215, 38.646339 ] ] ] } },
{ "type": "Feature", "properties": { "id": 13998877101, "lat": 38.3936037, "lon": -121.4488694, "direction": 50.0, "operator": "Unknown", "brand": "Unknown" }, "geometry": { "type": "Polygon", "coordinates": [ [ [ -121.4488694, 38.393603699999986 ], [ -121.448721660951605, 38.393644796007777 ], [ -121.448726774241109, 38.393654773375047 ], [ -121.44873297300083, 38.393664362043367 ], [ -121.448740210054808, 38.393673489036992 ], [ -121.448748430324869, 38.39368208489384 ], [ -121.448757571249928, 38.393690084194112 ], [ -121.448767563262081, 38.393697426058132 ], [ -121.448778330316031, 38.393704054609707 ], [ -121.448789790467913, 38.393709919401374 ], [ -121.448801856498818, 38.393714975798375 ], [ -121.4488694, 38.393603699999986 ] ] ] } },
{ "type": "Feature", "properties": { "id": 13998928502, "lat": 38.4068538, "lon": -121.4503523, "direction": 164.0, "operator": "Unknown", "brand": "Unknown" }, "geometry": { "type": "Polygon", "coordinates": [ [ [ -121.45035230000002, 38.4068538 ], [ -121.450364686931891, 38.4067308672142 ], [ -121.450351023330612, 38.406730485519489 ], [ -121.450337369445478, 38.406731042321056 ], [ -121.450323829190381, 38.406732533381316 ], [ -121.450310505614368, 38.406734947352462 ], [ -121.450297500117401, 38.406738265862757 ], [ -121.450284911678807, 38.40674246365645 ], [ -121.450272836103863, 38.406747508785912 ], [ -121.450261365294736, 38.406753362854843 ], [ -121.450250586550993, 38.406759981310351 ], [ -121.45035230000002, 38.4068538 ] ] ] } },
{ "type": "Feature", "properties": { "id": 14001599602, "lat": 38.4411435, "lon": -121.44526, "direction": 185.0, "operator": "Unknown", "brand": "Unknown" }, "geometry": { "type": "Polygon", "coordinates": [ [ [ -121.44526, 38.44114350000001 ], [ -121.445327589007206, 38.441032232992221 ], [ -121.445315001584248, 38.441028023389869 ], [ -121.445301995567831, 38.441024692633107 ], [ -121.445288669941249, 38.441022266070924 ], [ -121.445275126120109, 38.441020762170815 ], [ -121.445261467180572, 38.441020192378325 ], [ -121.445247797074984, 38.441020561029902 ], [ -121.445234219840557, 38.441021865319918 ], [ -121.445220838807842, 38.44102409532195 ], [ -121.445207755814096, 38.441027234064407 ], [ -121.44526, 38.44114350000001 ] ] ] } },
{ "type": "Feature", "properties": { "id": 14001600201, "lat": 38.4411975, "lon": -121.4450124, "direction": 329.0, "operator": "Unknown", "brand": "Unknown" }, "geometry": { "type": "Polygon", "coordinates": [ [ [ -121.4450124, 38.4411975 ], [ -121.445040875074369, 38.441318762315149 ], [ -121.445054204639774, 38.441316349003216 ], [ -121.445067216045189, 38.441313031177373 ], [ -121.445079810265597, 38.441308834088346 ], [ -121.445091891451014, 38.441303789678678 ], [ -121.445103367656046, 38.441297936339495 ], [ -121.445114151539656, 38.441291318618383 ], [ -121.445124161029867, 38.441283986880386 ], [ -121.445133319948383, 38.441275996924617 ], [ -121.445141558590308, 38.441267409559629 ], [ -121.4450124, 38.4411975 ] ] ] } },
{ "type": "Feature", "properties": { "id": 14001635700, "lat": 38.6864304, "lon": -121.3415018, "direction": 293.0, "operator": "Unknown", "brand": "Unknown" }, "geometry": { "type": "Polygon", "coordinates": [ [ [ -121.3415018, 38.6864304 ], [ -121.34161570530982, 38.686515403372681 ], [ -121.341624724134007, 38.686507298894526 ], [ -121.341632807428581, 38.686498609169185 ], [ -121.341639893674952, 38.686489400330856 ], [ -121.341645928942697, 38.686479742464485 ], [ -121.341650867300103, 38.686469709072433 ], [ -121.341654671163681, 38.686459376514968 ], [ -121.3416573115841, 38.68644882342921 ], [ -121.341658768466644, 38.686438130130533 ], [ -121.341659030724017, 38.686427378001468 ], [ -121.3415018, 38.6864304 ] ] ] } },
{ "type": "Feature", "properties": { "id": 14001659106, "lat": 38.6947452, "lon": -121.2905431, "direction": 213.0, "operator": "Unknown", "brand": "Unknown" }, "geometry": { "type": "Polygon", "coordinates": [ [ [ -121.2905431, 38.6947452 ], [ -121.290669744986445, 38.694672091057953 ], [ -121.290661132494463, 38.694663718993432 ], [ -121.290651621706672, 38.694655967048291 ], [ -121.290641285005975, 38.694648894219334 ], [ -121.290630201060836, 38.694642554334891 ], [ -121.290618454226603, 38.694636995645162 ], [ -121.29060613390358, 38.694632260454974 ], [ -121.290593333856563, 38.694628384801831 ], [ -121.290580151501231, 38.694625398181707 ], [ -121.290566687162894, 38.694623323324478 ], [ -121.2905431, 38.6947452 ] ] ] } },
{ "type": "Feature", "properties": { "id": 14001659107, "lat": 38.7018313, "lon": -121.290478, "direction": 160.0, "operator": "Unknown", "brand": "Unknown" }, "geometry": { "type": "Polygon", "coordinates": [ [ [ -121.290478, 38.7018313 ], [ -121.290479714256421, 38.701708038017749 ], [ -121.29046599820802, 38.701708389988497 ], [ -121.290452373500116, 38.701709677377259 ], [ -121.290438943824427, 38.701711890386292 ], [ -121.290425811388474, 38.701715012173324 ], [ -121.290413076137611, 38.70171901897978 ], [ -121.290400834994415, 38.701723880311526 ], [ -121.290389181121142, 38.701729559171028 ], [ -121.290378203210537, 38.701736012338927 ], [ -121.290367984811013, 38.701743190702892 ], [ -121.290478, 38.7018313 ] ] ] } },
{ "type": "Feature", "properties": { "id": 14001659108, "lat": 38.7072736, "lon": -121.3056853, "direction": 58.0, "operator": "Unknown", "brand": "Unknown" }, "geometry": { "type": "Polygon", "coordinates": [ [ [ -121.3056853, 38.7072736 ], [ -121.30553107554168, 38.707297931646671 ], [ -121.305534368845983, 38.70730837122985 ], [ -121.305538810829034, 38.707318546183394 ], [ -121.305544367685044, 38.707328379069629 ], [ -121.305550997123277, 38.707337795054293 ], [ -121.30555864869001, 38.707346722475833 ], [ -121.305567264152359, 38.707355093391079 ], [ -121.305576777941567, 38.707362844092117 ], [ -121.305587117651939, 38.707369915591286 ], [ -121.305598204592044, 38.707376254069999 ], [ -121.3056853, 38.7072736 ] ] ] } },
{ "type": "Feature", "properties": { "id": 14002955001, "lat": 38.267981, "lon": -121.3025384, "direction": 135.0, "operator": "Unknown", "brand": "Unknown" }, "geometry": { "type": "Polygon", "coordinates": [ [ [ -121.302538400000017, 38.267981 ], [ -121.302473814581731, 38.267868660161355 ], [ -121.302461641214904, 38.267873525455741 ], [ -121.30245005202643, 38.267879208695412 ], [ -121.302439135216787, 38.267885666627613 ], [ -121.302428973869354, 38.267892850103742 ], [ -121.302419645318096, 38.267900704453382 ], [ -121.302411220558895, 38.267909169900356 ], [ -121.302403763709449, 38.267918182017681 ], [ -121.302397331521021, 38.267927672217859 ], [ -121.302391972946737, 38.26793756827486 ], [ -121.302538400000017, 38.267981 ] ] ] } },
{ "type": "Feature", "properties": { "id": 14002962302, "lat": 38.2748278, "lon": -121.3043819, "direction": 119.0, "operator": "Unknown", "brand": "Unknown" }, "geometry": { "type": "Polygon", "coordinates": [ [ [ -121.304381899999981, 38.2748278 ], [ -121.304280529004927, 38.274733849230422 ], [ -121.304270527530846, 38.274741171505752 ], [ -121.304261373665753, 38.274749153075831 ], [ -121.304253137076117, 38.274757733196289 ], [ -121.304245880447453, 38.274766846567374 ], [ -121.304239659007379, 38.274776423830986 ], [ -121.304234520105027, 38.274786392098484 ], [ -121.304230502850899, 38.274796675505499 ], [ -121.304227637819153, 38.274807195789165 ], [ -121.304225946814825, 38.274817872883837 ], [ -121.304381899999981, 38.2748278 ] ] ] } },
{ "type": "Feature", "properties": { "id": 14003128701, "lat": 38.2519631, "lon": -121.3072567, "direction": 210.0, "operator": "Unknown", "brand": "Unknown" }, "geometry": { "type": "Polygon", "coordinates": [ [ [ -121.307256700000011, 38.2519631 ], [ -121.307377593197415, 38.251884834995835 ], [ -121.30736848290698, 38.251876824130491 ], [ -121.307358521883884, 38.251869469876212 ], [ -121.307347785937537, 38.251862828203166 ], [ -121.307336356774783, 38.25185694965834 ], [ -121.307324321378346, 38.251851878980794 ], [ -121.307311771344544, 38.251847654761384 ], [ -121.307298802186381, 38.251844309148801 ], [ -121.307285512606597, 38.251841867605052 ], [ -121.307272003746476, 38.251840348711731 ], [ -121.307256700000011, 38.2519631 ] ] ] } },
{ "type": "Feature", "properties": { "id": 14003132201, "lat": 38.240312, "lon": -121.297612, "direction": 101.0, "operator": "Unknown", "brand": "Unknown" }, "geometry": { "type": "Polygon", "coordinates": [ [ [ -121.297612, 38.240312 ], [ -121.297478825330245, 38.240247331697589 ], [ -121.297472185771895, 38.240256732021308 ], [ -121.297466610282029, 38.24026655296786 ], [ -121.297462141293778, 38.240276719794117 ], [ -121.297458812819286, 38.240287155124449 ], [ -121.297456650190625, 38.24029777953983 ], [ -121.297455669867176, 38.240308512182018 ], [ -121.297455879310291, 38.240319271369174 ], [ -121.297457276926451, 38.240329975217428 ], [ -121.297459852079413, 38.240340542263958 ], [ -121.297612, 38.240312 ] ] ] } },
{ "type": "Feature", "properties": { "id": 14003134202, "lat": 38.2518171, "lon": -121.2969254, "direction": 129.0, "operator": "Unknown", "brand": "Unknown" }, "geometry": { "type": "Polygon", "coordinates": [ [ [ -121.2969254, 38.2518171 ], [ -121.296846297423215, 38.251710692313445 ], [ -121.296834837732447, 38.251716533759939 ], [ -121.296824067272595, 38.251723140575514 ], [ -121.296814068013248, 38.25173046247847 ], [ -121.296804916054754, 38.251738443744877 ], [ -121.29679668104913, 38.251747023632674 ], [ -121.296789425669857, 38.251756136843923 ], [ -121.296783205134957, 38.251765714021673 ], [ -121.296778066786729, 38.251775682277966 ], [ -121.296774049731468, 38.25178596574851 ], [ -121.2969254, 38.2518171 ] ] ] } },
{ "type": "Feature", "properties": { "id": 14003711001, "lat": 38.605544, "lon": -121.269369, "direction": 152.0, "operator": "Unknown", "brand": "Unknown" }, "geometry": { "type": "Polygon", "coordinates": [ [ [ -121.269369, 38.605544 ], [ -121.269348863138447, 38.605421730995126 ], [ -121.26933535909707, 38.605423573405979 ], [ -121.269322111082104, 38.605426332334645 ], [ -121.269309219918512, 38.60542998678406 ], [ -121.269296783715475, 38.605434508941812 ], [ -121.269284897119675, 38.605439864391641 ], [ -121.269273650595068, 38.605446012375509 ], [ -121.269263129734313, 38.605452906103707 ], [ -121.269253414607405, 38.605460493110947 ], [ -121.269244579152343, 38.605468715655732 ], [ -121.269369, 38.605544 ] ] ] } },
{ "type": "Feature", "properties": { "id": 14015894702, "lat": 38.4962265, "lon": -121.4591572, "direction": 85.0, "operator": "Unknown", "brand": "Unknown" }, "geometry": { "type": "Polygon", "coordinates": [ [ [ -121.4591572, 38.496226499999985 ], [ -121.459006027853505, 38.496193489791985 ], [ -121.459002942199248, 38.496203969785945 ], [ -121.459001030539, 38.496214621248946 ], [ -121.459000307422102, 38.496225363116928 ], [ -121.459000778352404, 38.496236113637899 ], [ -121.459002439746342, 38.496246790993816 ], [ -121.459005278960149, 38.496257313923557 ], [ -121.459009274386148, 38.496267602341184 ], [ -121.45901439561716, 38.496277577945527 ], [ -121.459020603677843, 38.49628716481611 ], [ -121.4591572, 38.496226499999985 ] ] ] } },
{ "type": "Feature", "properties": { "id": 14018060001, "lat": 38.5465258, "lon": -121.2692127, "direction": 236.0, "operator": "Unknown", "brand": "Unknown" }, "geometry": { "type": "Polygon", "coordinates": [ [ [ -121.269212699999983, 38.5465258 ], [ -121.269365448153053, 38.546497302830723 ], [ -121.269361704268903, 38.546486956313437 ], [ -121.269356826373965, 38.546476905420469 ], [ -121.269350851592336, 38.546467226645035 ], [ -121.269343825396007, 38.54645799364831 ], [ -121.269335801258805, 38.546449276698851 ], [ -121.269326840249391, 38.546441142137738 ], [ -121.269317010566581, 38.546433651873748 ], [ -121.269306387020109, 38.546426862912085 ], [ -121.269295050461537, 38.54642082692073 ], [ -121.269212699999983, 38.5465258 ] ] ] } },
{ "type": "Feature", "properties": { "id": 14021162343, "lat": 38.5565043, "lon": -121.4736826, "direction": 80.0, "operator": "Unknown", "brand": "Unknown" }, "geometry": { "type": "Polygon", "coordinates": [ [ [ -121.473682600000018, 38.556504300000014 ], [ -121.473528220251254, 38.556481789130601 ], [ -121.473526309091184, 38.556492439946524 ], [ -121.473525587398782, 38.556503181025207 ], [ -121.473526060667012, 38.556513930620561 ], [ -121.473527725294531, 38.556524606921599 ], [ -121.473530568612986, 38.55653512867525 ], [ -121.473534568983453, 38.556545415804507 ], [ -121.473539695961094, 38.556555390018012 ], [ -121.473545910526823, 38.556564975405877 ], [ -121.473553165384416, 38.556574099017354 ], [ -121.473682600000018, 38.556504300000014 ] ] ] } },
{ "type": "Feature", "properties": { "id": 14021282002, "lat": 38.6560119, "lon": -121.4972681, "direction": 0.0, "operator": "Unknown", "brand": "Unknown" }, "geometry": { "type": "Polygon", "coordinates": [ [ [ -121.497268100000014, 38.6560119 ], [ -121.497213024516626, 38.65612736536491 ], [ -121.497226068214374, 38.656130689870885 ], [ -121.497239431800836, 38.656133110312979 ], [ -121.497253013570614, 38.656134608270079 ], [ -121.497266710157731, 38.656135172341799 ], [ -121.497280417322472, 38.656134798235172 ], [ -121.497294030744499, 38.65613348879738 ], [ -121.497307446817004, 38.656131253994118 ], [ -121.497320563435096, 38.65612811083362 ], [ -121.49733328077302, 38.656124083237337 ], [ -121.497268100000014, 38.6560119 ] ] ] } },
{ "type": "Feature", "properties": { "id": 14022770701, "lat": 38.290868, "lon": -121.3107819, "direction": 60.0, "operator": "Unknown", "brand": "Unknown" }, "geometry": { "type": "Polygon", "coordinates": [ [ [ -121.3107819, 38.290868 ], [ -121.310627503128757, 38.290888116824163 ], [ -121.310630315264603, 38.290898645853396 ], [ -121.310634281053154, 38.29090894164964 ], [ -121.310639370312742, 38.290918925855578 ], [ -121.310645544311399, 38.290928522485252 ], [ -121.310652756061558, 38.290937658502365 ], [ -121.310660950677644, 38.290946264376174 ], [ -121.310670065793829, 38.290954274610613 ], [ -121.310680032038647, 38.290961628242783 ], [ -121.310690773562868, 38.290968269306966 ], [ -121.3107819, 38.290868 ] ] ] } },
{ "type": "Feature", "properties": { "id": 14023628474, "lat": 38.6031661, "lon": -121.393415, "direction": 330.0, "operator": "Kaiser Permanente", "brand": "Unknown" }, "geometry": { "type": "Polygon", "coordinates": [ [ [ -121.393415, 38.603166100000017 ], [ -121.393440753252975, 38.603287718602452 ], [ -121.393454163272096, 38.603285494507261 ], [ -121.393467275233704, 38.60328236174653 ], [ -121.393479989347483, 38.603278344162518 ], [ -121.393492208850972, 38.603273472331622 ], [ -121.393503840746078, 38.603267783331532 ], [ -121.393514796506878, 38.60326132045914 ], [ -121.393524992753242, 38.603254132900943 ], [ -121.393534351885563, 38.603246275358799 ], [ -121.393542802675171, 38.603237807633526 ], [ -121.393415, 38.603166100000017 ] ] ] } },
{ "type": "Feature", "properties": { "id": 14023628475, "lat": 38.6031698, "lon": -121.3936137, "direction": 160.0, "operator": "Kaiser Permanente", "brand": "Unknown" }, "geometry": { "type": "Polygon", "coordinates": [ [ [ -121.3936137, 38.6031698 ], [ -121.393615250915559, 38.603046519844014 ], [ -121.393601552492498, 38.603046882892336 ], [ -121.393587946518863, 38.603048181412696 ], [ -121.393574536543866, 38.603050405522609 ], [ -121.393561424625062, 38.603053538295327 ], [ -121.393548710551684, 38.60305755588864 ], [ -121.393536491085115, 38.603062427726364 ], [ -121.393524859222651, 38.603068116731016 ], [ -121.393513903489506, 38.603074579606009 ], [ -121.393503707265353, 38.603081767165079 ], [ -121.3936137, 38.6031698 ] ] ] } },
{ "type": "Feature", "properties": { "id": 14023628476, "lat": 38.6011345, "lon": -121.3925705, "direction": 90.0, "operator": "Kaiser Permanente", "brand": "Unknown" }, "geometry": { "type": "Polygon", "coordinates": [ [ [ -121.3925705, 38.6011345 ], [ -121.392423405134778, 38.601091190687868 ], [ -121.392419154704243, 38.601101415794808 ], [ -121.392416056101339, 38.601111892692934 ], [ -121.392414132908755, 38.601122541646831 ], [ -121.392413399763598, 38.601133281611588 ], [ -121.392413862246059, 38.601144030849589 ], [ -121.392415516836849, 38.601154707552602 ], [ -121.392418350943984, 38.601165230464467 ], [ -121.392422342998671, 38.601175519499407 ], [ -121.392427462619324, 38.601185496351533 ], [ -121.3925705, 38.6011345 ] ] ] } },
{ "type": "Feature", "properties": { "id": 14023628477, "lat": 38.6009639, "lon": -121.3926001, "direction": 240.0, "operator": "Kaiser Permanente", "brand": "Unknown" }, "geometry": { "type": "Polygon", "coordinates": [ [ [ -121.39260010000001, 38.6009639 ], [ -121.392755082740976, 38.600943692218792 ], [ -121.392752248596864, 38.600933169311183 ], [ -121.39274825651141, 38.600922880283107 ], [ -121.392743136867225, 38.600912903440225 ], [ -121.39273692862821, 38.600903314712177 ], [ -121.392729679043086, 38.600894187074843 ], [ -121.392721443285836, 38.600885589994924 ], [ -121.392712284035639, 38.60087758890122 ], [ -121.392702271, 38.600870244686682 ], [ -121.392691480384116, 38.600863613245089 ], [ -121.39260010000001, 38.6009639 ] ] ] } },
{ "type": "Feature", "properties": { "id": 14023628478, "lat": 38.6008351, "lon": -121.3926675, "direction": 55.0, "operator": "Kaiser Permanente", "brand": "Unknown" }, "geometry": { "type": "Polygon", "coordinates": [ [ [ -121.3926675, 38.6008351 ], [ -121.392515351559311, 38.600865830592284 ], [ -121.392519343611468, 38.600876119628417 ], [ -121.392524463224973, 38.600886096480771 ], [ -121.392530671436802, 38.600895685219321 ], [ -121.392537920999033, 38.600904812867903 ], [ -121.392546156738291, 38.600913409959396 ], [ -121.39255531597577, 38.600921411064583 ], [ -121.392565329004228, 38.600928755290099 ], [ -121.39257611961844, 38.600935386741732 ], [ -121.392587605695141, 38.600941254949987 ], [ -121.3926675, 38.6008351 ] ] ] } },
{ "type": "Feature", "properties": { "id": 14023628479, "lat": 38.6002439, "lon": -121.3945369, "direction": 160.0, "operator": "Kaiser Permanente", "brand": "Unknown" }, "geometry": { "type": "Polygon", "coordinates": [ [ [ -121.3945369, 38.600243899999981 ], [ -121.394538449415165, 38.600120619338668 ], [ -121.394524751504463, 38.600120982487184 ], [ -121.394511146050718, 38.600122281110806 ], [ -121.394497736599192, 38.600124505326278 ], [ -121.394484625203418, 38.60012763820604 ], [ -121.394471911648679, 38.600131655907091 ], [ -121.394459692692394, 38.60013652785242 ], [ -121.394448061327978, 38.600142216963732 ], [ -121.394437106076865, 38.600148679943565 ], [ -121.394426910315033, 38.600155867604919 ], [ -121.3945369, 38.600243899999981 ] ] ] } },
{ "type": "Feature", "properties": { "id": 14024777701, "lat": 38.1178516, "lon": -121.6278957, "direction": 63.0, "operator": "Unknown", "brand": "Unknown" }, "geometry": { "type": "Polygon", "coordinates": [ [ [ -121.6278957, 38.1178516 ], [ -121.627740573327586, 38.117865710391179 ], [ -121.627742720284033, 38.11787633797254 ], [ -121.62774603150956, 38.117886777283509 ], [ -121.627750481804185, 38.117896948874545 ], [ -121.627756037298866, 38.117906775333566 ], [ -121.627762655713255, 38.117916181875181 ], [ -121.627770286677446, 38.117925096909772 ], [ -121.627778872115385, 38.117933452588389 ], [ -121.627788346686813, 38.117941185319111 ], [ -121.627798638284546, 38.117948236250989 ], [ -121.6278957, 38.1178516 ] ] ] } },
{ "type": "Feature", "properties": { "id": 14024780601, "lat": 38.1224714, "lon": -121.6822987, "direction": 247.0, "operator": "Unknown", "brand": "Unknown" }, "geometry": { "type": "Polygon", "coordinates": [ [ [ -121.6822987, 38.1224714 ], [ -121.682454699926822, 38.122465806047757 ], [ -121.68245348912393, 38.122455086616192 ], [ -121.682451100283075, 38.122444491339884 ], [ -121.682447551585199, 38.122434100855209 ], [ -121.6824428700385, 38.122423994239966 ], [ -121.682437091272689, 38.122414248411474 ], [ -121.682430259267989, 38.122404937541219 ], [ -121.682422426020366, 38.122396132490437 ], [ -121.682413651145666, 38.122387900270738 ], [ -121.682404001426093, 38.122380303534051 ], [ -121.6822987, 38.1224714 ] ] ] } },
{ "type": "Feature", "properties": { "id": 14024788501, "lat": 38.1566863, "lon": -121.67936, "direction": 162.0, "operator": "Unknown", "brand": "Unknown" }, "geometry": { "type": "Polygon", "coordinates": [ [ [ -121.67936, 38.1566863 ], [ -121.679366549547453, 38.156563050775276 ], [ -121.679352920459166, 38.156563069046641 ], [ -121.679339345250227, 38.156564025178611 ], [ -121.679325927235666, 38.156565911894425 ], [ -121.679312768534231, 38.156568714835132 ], [ -121.679299969291208, 38.156572412668758 ], [ -121.679287626916121, 38.156576977252612 ], [ -121.67927583534167, 38.156582373847655 ], [ -121.679264684308563, 38.156588561382634 ], [ -121.679254258682747, 38.156595492766868 ], [ -121.67936, 38.1566863 ] ] ] } },
{ "type": "Feature", "properties": { "id": 14024789601, "lat": 38.1288035, "lon": -121.5853203, "direction": 281.0, "operator": "Unknown", "brand": "Unknown" }, "geometry": { "type": "Polygon", "coordinates": [ [ [ -121.5853203, 38.128803499999982 ], [ -121.585453521659616, 38.128867876131636 ], [ -121.585460117775568, 38.12885845954721 ], [ -121.585465649791601, 38.128848624687649 ], [ -121.585470075606082, 38.128838446402284 ], [ -121.585473361536259, 38.128828002154108 ], [ -121.585475482574637, 38.128817371430266 ], [ -121.585476422579305, 38.128806635137018 ], [ -121.585476174396732, 38.128795874984071 ], [ -121.585474739916236, 38.128785172862692 ], [ -121.585472130055535, 38.128774610222415 ], [ -121.5853203, 38.128803499999982 ] ] ] } },
{ "type": "Feature", "properties": { "id": 14025550701, "lat": 38.375522, "lon": -121.3639174, "direction": 220.0, "operator": "Unknown", "brand": "Unknown" }, "geometry": { "type": "Polygon", "coordinates": [ [ [ -121.36391740000002, 38.375522 ], [ -121.364053860694568, 38.375461427146753 ], [ -121.364046635077287, 38.375452295141514 ], [ -121.364038425905633, 38.375443693632313 ], [ -121.364029295656479, 38.375435688081602 ], [ -121.364019313816598, 38.375428339416338 ], [ -121.364008556353767, 38.375421703564122 ], [ -121.363997105138694, 38.375415831027624 ], [ -121.363985047321805, 38.375410766500217 ], [ -121.363972474670149, 38.375406548525888 ], [ -121.363959482868793, 38.375403209205864 ], [ -121.36391740000002, 38.375522 ] ] ] } },
{ "type": "Feature", "properties": { "id": 14027993501, "lat": 38.3792919, "lon": -121.449708, "direction": 255.0, "operator": "Unknown", "brand": "Unknown" }, "geometry": { "type": "Polygon", "coordinates": [ [ [ -121.449708, 38.3792919 ], [ -121.449863937271161, 38.379303791929388 ], [ -121.449864660559982, 38.379293048458479 ], [ -121.449864191567272, 38.379282296247652 ], [ -121.449862533862856, 38.379271617127799 ], [ -121.449859700063342, 38.379261092373341 ], [ -121.449855711736092, 38.379250802083973 ], [ -121.449850599235091, 38.379240824574936 ], [ -121.449844401469889, 38.379231235780971 ], [ -121.449837165609537, 38.379222108678441 ], [ -121.449828946723486, 38.379213512729969 ], [ -121.449708, 38.3792919 ] ] ] } },
{ "type": "Feature", "properties": { "id": 14028749303, "lat": 38.4583623, "lon": -121.3165435, "direction": 42.0, "operator": "Unknown", "brand": "Unknown" }, "geometry": { "type": "Polygon", "coordinates": [ [ [ -121.3165435, 38.4583623 ], [ -121.316404257066083, 38.45841902904062 ], [ -121.316411074963256, 38.458428355521164 ], [ -121.316418900697428, 38.458437179279315 ], [ -121.316427674710226, 38.458445433160797 ], [ -121.316437330226165, 38.458453054348389 ], [ -121.316447793761014, 38.458459984840118 ], [ -121.316458985680796, 38.458466171890571 ], [ -121.316470820808078, 38.458471568412413 ], [ -121.316483209070228, 38.458476133334699 ], [ -121.316496056184718, 38.458479831915469 ], [ -121.3165435, 38.4583623 ] ] ] } },
{ "type": "Feature", "properties": { "id": 14029203701, "lat": 38.2550212, "lon": -121.290795, "direction": 77.0, "operator": "Unknown", "brand": "Unknown" }, "geometry": { "type": "Polygon", "coordinates": [ [ [ -121.290795, 38.2550212 ], [ -121.29063996116983, 38.255004835406524 ], [ -121.290638742351504, 38.255015552657234 ], [ -121.290638712747963, 38.255026312888226 ], [ -121.290639872585018, 38.255037034207625 ], [ -121.290642213036108, 38.255047635019707 ], [ -121.290645716289376, 38.255058034645806 ], [ -121.290650355683397, 38.255068153938417 ], [ -121.290656095909966, 38.255077915883476 ], [ -121.290662893282814, 38.255087246186626 ], [ -121.290670696070038, 38.255096073838409 ], [ -121.290795, 38.2550212 ] ] ] } },
{ "type": "Feature", "properties": { "id": 14030021102, "lat": 38.6379181, "lon": -121.3094939, "direction": 245.0, "operator": "Unknown", "brand": "Unknown" }, "geometry": { "type": "Polygon", "coordinates": [ [ [ -121.3094939, 38.6379181 ], [ -121.309650620787281, 38.63790867102977 ], [ -121.309648976633738, 38.637897993801154 ], [ -121.309646152254288, 38.637887469593352 ], [ -121.309642169144595, 38.637877178501896 ], [ -121.309637057618929, 38.637867198848127 ], [ -121.30963085657946, 38.637857606583069 ], [ -121.309623613220126, 38.637848474709557 ], [ -121.309615382667459, 38.637839872726495 ], [ -121.30960622756109, 38.637831866100008 ], [ -121.309596217576924, 38.637824515765153 ], [ -121.3094939, 38.6379181 ] ] ] } },
{ "type": "Feature", "properties": { "id": 14030022601, "lat": 38.6377955, "lon": -121.3101709, "direction": 68.0, "operator": "Unknown", "brand": "Unknown" }, "geometry": { "type": "Polygon", "coordinates": [ [ [ -121.3101709, 38.6377955 ], [ -121.310013765069741, 38.637798483595198 ], [ -121.310014694549878, 38.637809213679283 ], [ -121.310016812848403, 38.637819839394517 ], [ -121.310020103844309, 38.637830279872773 ], [ -121.310024542491519, 38.637840455655613 ], [ -121.310030095009637, 38.63785028929906 ], [ -121.310036719140967, 38.637859705963066 ], [ -121.310044364472191, 38.637868633980958 ], [ -121.3100529728178, 38.637877005404967 ], [ -121.310062478663284, 38.63788475652337 ], [ -121.3101709, 38.6377955 ] ] ] } },
{ "type": "Feature", "properties": { "id": 14030254101, "lat": 38.4521169, "lon": -121.2774239, "direction": 187.0, "operator": "Unknown", "brand": "Unknown" }, "geometry": { "type": "Polygon", "coordinates": [ [ [ -121.2774239, 38.452116900000014 ], [ -121.277496627321952, 38.452007652876972 ], [ -121.277484242326125, 38.45200308413785 ], [ -121.277471398090753, 38.451999381605056 ], [ -121.277458192367817, 38.451996573457045 ], [ -121.277444725660473, 38.451994681065372 ], [ -121.277431100458003, 38.451993718832213 ], [ -121.277417420455947, 38.451993694080763 ], [ -121.277403789766922, 38.451994606999342 ], [ -121.27739031212819, 38.451996450640181 ], [ -121.277377090112267, 38.451999210972062 ], [ -121.2774239, 38.452116900000014 ] ] ] } },
{ "type": "Feature", "properties": { "id": 14045784701, "lat": 38.4978329, "lon": -121.0941784, "direction": 67.0, "operator": "Unknown", "brand": "Unknown" }, "geometry": { "type": "Polygon", "coordinates": [ [ [ -121.0941784, 38.4978329 ], [ -121.094021619996823, 38.497837770285756 ], [ -121.094022756718616, 38.497848489995405 ], [ -121.09402507798049, 38.497859091056341 ], [ -121.094028566116648, 38.497869492788006 ], [ -121.094033194580732, 38.497879616026836 ], [ -121.094038928147668, 38.497889383728797 ], [ -121.094045723181921, 38.497898721555671 ], [ -121.094053527969351, 38.497907558440751 ], [ -121.094062283111043, 38.497915827129873 ], [ -121.094071921975129, 38.497923464693145 ], [ -121.0941784, 38.4978329 ] ] ] } },
{ "type": "Feature", "properties": { "id": 14047618301, "lat": 38.6931359, "lon": -121.12985, "direction": 48.0, "operator": "Unknown", "brand": "Unknown" }, "geometry": { "type": "Polygon", "coordinates": [ [ [ -121.12985, 38.693135900000016 ], [ -121.129703437017596, 38.693180646211694 ], [ -121.129708970919438, 38.693190486894586 ], [ -121.129715578139979, 38.693199912138418 ], [ -121.129723208394523, 38.693208850211271 ], [ -121.129731803612401, 38.693217233088838 ], [ -121.129741298378946, 38.693224996972233 ], [ -121.129751620433268, 38.693232082773427 ], [ -121.129762691218218, 38.693238436565011 ], [ -121.129774426478306, 38.693244009990629 ], [ -121.129786736900897, 38.693248760633026 ], [ -121.12985, 38.693135900000016 ] ] ] } },
{ "type": "Feature", "properties": { "id": 14047618601, "lat": 38.6932976, "lon": -121.1298853, "direction": 230.0, "operator": "Unknown", "brand": "Unknown" }, "geometry": { "type": "Polygon", "coordinates": [ [ [ -121.1298853, 38.6932976 ], [ -121.130033766430813, 38.693256889495729 ], [ -121.130028674071809, 38.693246903463312 ], [ -121.130022490551639, 38.693237303262343 ], [ -121.130015262930939, 38.6932281619561 ], [ -121.130007046216463, 38.693219549115227 ], [ -121.12999790294252, 38.693211530288515 ], [ -121.129987902694978, 38.693204166503868 ], [ -121.129977121581774, 38.693197513804016 ], [ -121.129965641653541, 38.693191622819818 ], [ -121.129953550279254, 38.693186538385071 ], [ -121.1298853, 38.6932976 ] ] ] } },
{ "type": "Feature", "properties": { "id": 14047647401, "lat": 38.6817967, "lon": -121.1852914, "direction": 195.0, "operator": "Unknown", "brand": "Unknown" }, "geometry": { "type": "Polygon", "coordinates": [ [ [ -121.1852914, 38.681796700000014 ], [ -121.185383137780207, 38.681696572543899 ], [ -121.185371655386732, 38.681690686425213 ], [ -121.185359562203772, 38.681685607132927 ], [ -121.185346950267459, 38.68168137332345 ], [ -121.185333915561912, 38.681678017218495 ], [ -121.185320557288733, 38.681675564359907 ], [ -121.185306977112006, 38.681674033415341 ], [ -121.185293278384592, 38.681673436036228 ], [ -121.185279565361611, 38.68167377676891 ], [ -121.185265942406957, 38.681675053020236 ], [ -121.1852914, 38.681796700000014 ] ] ] } },
{ "type": "Feature", "properties": { "id": 14047671001, "lat": 38.6822328, "lon": -121.1847917, "direction": 35.0, "operator": "Unknown", "brand": "Unknown" }, "geometry": { "type": "Polygon", "coordinates": [ [ [ -121.184791700000019, 38.682232800000016 ], [ -121.18466180350228, 38.682302294606203 ], [ -121.184670025051759, 38.682310904075763 ], [ -121.184679172623817, 38.682318919125933 ], [ -121.184689176599932, 38.682326278757159 ], [ -121.184699960843787, 38.682332926958068 ], [ -121.18471144328069, 38.682338813131622 ], [ -121.184723536522142, 38.682343892480397 ], [ -121.184736148531002, 38.682348126347257 ], [ -121.184749183321955, 38.682351482509844 ], [ -121.184762541691939, 38.682353935425638 ], [ -121.184791700000019, 38.682232800000016 ] ] ] } },
{ "type": "Feature", "properties": { "id": 14049841753, "lat": 38.7009321, "lon": -121.2901807, "direction": 340.0, "operator": "Unknown", "brand": "Unknown" }, "geometry": { "type": "Polygon", "coordinates": [ [ [ -121.2901807, 38.7009321 ], [ -121.290178985292542, 38.701055362112363 ], [ -121.290192701228477, 38.701055010171991 ], [ -121.290206325827413, 38.701053722809625 ], [ -121.29021975539743, 38.701051509822911 ], [ -121.290232887730909, 38.701048388054055 ], [ -121.290245622882509, 38.701044381261752 ], [ -121.290257863929682, 38.701039519940188 ], [ -121.290269517710342, 38.701033841087089 ], [ -121.290280495532002, 38.701027387922139 ], [ -121.29029071384663, 38.701020209557946 ], [ -121.2901807, 38.7009321 ] ] ] } },
{ "type": "Feature", "properties": { "id": 14049841754, "lat": 38.7038339, "lon": -121.272146, "direction": 210.0, "operator": "Unknown", "brand": "Unknown" }, "geometry": { "type": "Polygon", "coordinates": [ [ [ -121.272146, 38.7038339 ], [ -121.272267621410123, 38.703755715309647 ], [ -121.272258462439197, 38.70374770675069 ], [ -121.272248447564039, 38.703740354174002 ], [ -121.272237653003813, 38.703733713536984 ], [ -121.272226160911544, 38.703727835378743 ], [ -121.272214058748801, 38.703722764435405 ], [ -121.272201438620058, 38.703718539299821 ], [ -121.272188396571806, 38.703715192127682 ], [ -121.272175031861494, 38.703712748392867 ], [ -121.27216144620219, 38.703711226693621 ], [ -121.272146, 38.7038339 ] ] ] } },
{ "type": "Feature", "properties": { "id": 14050134401, "lat": 38.2565916, "lon": -121.293997, "direction": 297.0, "operator": "Unknown", "brand": "Unknown" }, "geometry": { "type": "Polygon", "coordinates": [ [ [ -121.293997, 38.2565916 ], [ -121.294102432601747, 38.256682715247699 ], [ -121.294112102587306, 38.256675122874213 ], [ -121.294120896569908, 38.256666894840954 ], [ -121.294128747622153, 38.256658093768287 ], [ -121.294135595992898, 38.256648786637932 ], [ -121.294141389562171, 38.256639044282892 ], [ -121.294146084237752, 38.256628940848493 ], [ -121.294149644290641, 38.256618553228087 ], [ -121.294152042627132, 38.25660796047783 ], [ -121.294153260994861, 38.256597243215012 ], [ -121.293997, 38.2565916 ] ] ] } },
{ "type": "Feature", "properties": { "id": 14050492301, "lat": 38.636782, "lon": -121.3113418, "direction": 35.0, "operator": "Unknown", "brand": "Unknown" }, "geometry": { "type": "Polygon", "coordinates": [ [ [ -121.3113418, 38.636782 ], [ -121.311212090051981, 38.636851627132017 ], [ -121.311220320675687, 38.636860229024293 ], [ -121.311229475833159, 38.636868235546231 ], [ -121.311239485848148, 38.636875585763214 ], [ -121.311250274538367, 38.636882223735455 ], [ -121.311261759795286, 38.636888098943857 ], [ -121.311273854208963, 38.636893166674334 ], [ -121.311286465733289, 38.636897388358292 ], [ -121.311299498386646, 38.636900731866007 ], [ -121.311312852982255, 38.636903171751293 ], [ -121.3113418, 38.636782 ] ] ] } },
{ "type": "Feature", "properties": { "id": 14050493301, "lat": 38.6369399, "lon": -121.3113239, "direction": 175.0, "operator": "Unknown", "brand": "Unknown" }, "geometry": { "type": "Polygon", "coordinates": [ [ [ -121.3113239, 38.6369399 ], [ -121.31136620159765, 38.636821168132364 ], [ -121.311352847014248, 38.636818728252351 ], [ -121.311339272127611, 38.636817210561205 ], [ -121.311325580250355, 38.636816626609367 ], [ -121.311311875585432, 38.636816980841111 ], [ -121.311298262433141, 38.636818270560511 ], [ -121.311284844397321, 38.636820485952022 ], [ -121.311271723596846, 38.636823610155311 ], [ -121.31125899988858, 38.636827619393344 ], [ -121.311246770107218, 38.636832483153555 ], [ -121.3113239, 38.6369399 ] ] ] } },
{ "type": "Feature", "properties": { "id": 14050532401, "lat": 38.6338392, "lon": -121.3830969, "direction": 160.0, "operator": "Unknown", "brand": "Unknown" }, "geometry": { "type": "Polygon", "coordinates": [ [ [ -121.383096899999984, 38.6338392 ], [ -121.383098467962611, 38.633715925171984 ], [ -121.383084764162632, 38.633716287080389 ], [ -121.383071152723275, 38.63371758442895 ], [ -121.383057737235333, 38.633719807344107 ], [ -121.383044619798312, 38.633722938908207 ], [ -121.383031900243466, 38.633726955288239 ], [ -121.383019675373902, 38.633731825917259 ], [ -121.38300803822797, 38.633737513726963 ], [ -121.382997077371172, 38.633743975429859 ], [ -121.382986876222105, 38.633751161848615 ], [ -121.383096899999984, 38.6338392 ] ] ] } },
{ "type": "Feature", "properties": { "id": 14050532501, "lat": 38.6340898, "lon": -121.383238, "direction": 220.0, "operator": "Unknown", "brand": "Unknown" }, "geometry": { "type": "Polygon", "coordinates": [ [ [ -121.383238, 38.634089800000019 ], [ -121.383374893309835, 38.634029227472226 ], [ -121.383367641762661, 38.634020099720857 ], [ -121.383359403566004, 38.634011502430617 ], [ -121.383350241417688, 38.634003501031984 ], [ -121.383340225047149, 38.633996156420189 ], [ -121.38332943068508, 38.633989524492023 ], [ -121.383317940482939, 38.633983655720314 ], [ -121.383305841887889, 38.633978594769772 ], [ -121.383293226977301, 38.633974380157156 ], [ -121.383280191757905, 38.633971043958113 ], [ -121.383238, 38.634089800000019 ] ] ] } },
{ "type": "Feature", "properties": { "id": 14050532502, "lat": 38.6342446, "lon": -121.3827652, "direction": 339.0, "operator": "Unknown", "brand": "Unknown" }, "geometry": { "type": "Polygon", "coordinates": [ [ [ -121.3827652, 38.6342446 ], [ -121.382766374674915, 38.634367877429668 ], [ -121.382780068450529, 38.634367328018655 ], [ -121.382793649067736, 38.634365844571953 ], [ -121.382807013169341, 38.634363438379523 ], [ -121.382820059046068, 38.634360127754022 ], [ -121.38283268741047, 38.634355937891399 ], [ -121.382844802152789, 38.634350900679181 ], [ -121.382856311072189, 38.634345054453718 ], [ -121.382867126578688, 38.634338443708486 ], [ -121.382877166359606, 38.634331118755419 ], [ -121.3827652, 38.6342446 ] ] ] } },
{ "type": "Feature", "properties": { "id": 14050532801, "lat": 38.6340267, "lon": -121.3826957, "direction": 69.0, "operator": "Unknown", "brand": "Unknown" }, "geometry": { "type": "Polygon", "coordinates": [ [ [ -121.382695700000014, 38.6340267 ], [ -121.382538530934283, 38.634027621185034 ], [ -121.382539231358479, 38.634038362020199 ], [ -121.382541122604025, 38.634049014100881 ], [ -121.382544190277898, 38.634059496358311 ], [ -121.382548411033653, 38.634069729016076 ], [ -121.382553752749232, 38.634079634197384 ], [ -121.382560174771257, 38.634089136517701 ], [ -121.382567628224564, 38.634098163658479 ], [ -121.382576056384053, 38.634106646917559 ], [ -121.382585395106446, 38.634114521732116 ], [ -121.382695700000014, 38.6340267 ] ] ] } },
{ "type": "Feature", "properties": { "id": 14052475701, "lat": 38.4235826, "lon": -121.4181728, "direction": 257.0, "operator": "Unknown", "brand": "Unknown" }, "geometry": { "type": "Polygon", "coordinates": [ [ [ -121.418172799999979, 38.423582599999989 ], [ -121.418328195581751, 38.423598805957106 ], [ -121.418329399694798, 38.423588089817216 ], [ -121.418329411989376, 38.423577331897036 ], [ -121.418328232372374, 38.423566614070914 ], [ -121.418325869821913, 38.42355601790792 ], [ -121.418322342318817, 38.42354562405113 ], [ -121.418317676709975, 38.423535511604072 ], [ -121.418311908503867, 38.423525757528431 ], [ -121.418305081600309, 38.423516436058485 ], [ -121.418297247956431, 38.423507618136092 ], [ -121.418172799999979, 38.423582599999989 ] ] ] } },
{ "type": "Feature", "properties": { "id": 14052661701, "lat": 38.4929256, "lon": -121.0932236, "direction": 117.0, "operator": "Unknown", "brand": "Unknown" }, "geometry": { "type": "Polygon", "coordinates": [ [ [ -121.0932236, 38.4929256 ], [ -121.093118083982716, 38.492834346760901 ], [ -121.093108365801882, 38.492841921551744 ], [ -121.093099524620115, 38.492850133185797 ], [ -121.093091627724206, 38.492858919167709 ], [ -121.093084735214461, 38.492868212631016 ], [ -121.09307889954728, 38.492877942847002 ], [ -121.093074165135917, 38.492888035762981 ], [ -121.093070568012493, 38.492898414565893 ], [ -121.093068135553708, 38.492909000266863 ], [ -121.093066886272496, 38.492919712302331 ], [ -121.0932236, 38.4929256 ] ] ] } },
{ "type": "Feature", "properties": { "id": 14053292101, "lat": 38.4808037, "lon": -121.5413502, "direction": 105.0, "operator": "Unknown", "brand": "Unknown" }, "geometry": { "type": "Polygon", "coordinates": [ [ [ -121.541350199999982, 38.4808037 ], [ -121.541222461352575, 38.480732128077868 ], [ -121.541215011672961, 38.480741151645887 ], [ -121.541208590855703, 38.480750651244684 ], [ -121.54120324776737, 38.480760554576783 ], [ -121.541199023072437, 38.480770786271925 ], [ -121.541195948923772, 38.480781268460866 ], [ -121.541194048717941, 38.480791921367846 ], [ -121.541193336917104, 38.480802663917906 ], [ -121.541193818939021, 38.480813414353747 ], [ -121.541195491115673, 38.480824090858057 ], [ -121.541350199999982, 38.4808037 ] ] ] } },
{ "type": "Feature", "properties": { "id": 14056494701, "lat": 38.5019663, "lon": -121.0901836, "direction": 103.0, "operator": "Unknown", "brand": "Unknown" }, "geometry": { "type": "Polygon", "coordinates": [ [ [ -121.0901836, 38.5019663 ], [ -121.090053116270724, 38.501897816900453 ], [ -121.09004601727014, 38.501907014129912 ], [ -121.090039965354833, 38.501916662560802 ], [ -121.090035006583861, 38.501926688762808 ], [ -121.090031178696819, 38.501937016430617 ], [ -121.090028510826627, 38.501947566964546 ], [ -121.090027023277869, 38.501958260068704 ], [ -121.090026727372148, 38.501969014362174 ], [ -121.090027625361941, 38.50197974799827 ], [ -121.090029710413546, 38.501990379287541 ], [ -121.0901836, 38.5019663 ] ] ] } },
{ "type": "Feature", "properties": { "id": 14057161701, "lat": 38.7066339, "lon": -121.2719477, "direction": 170.0, "operator": "Unknown", "brand": "Unknown" }, "geometry": { "type": "Polygon", "coordinates": [ [ [ -121.271947700000013, 38.7066339 ], [ -121.271976733198628, 38.706512748913788 ], [ -121.271963147060191, 38.706511227199528 ], [ -121.271949443360839, 38.706510639097992 ], [ -121.271935726393536, 38.706510989084954 ], [ -121.271922100552175, 38.706512274496816 ], [ -121.27190866953714, 38.706514485550876 ], [ -121.271895535566202, 38.706517605419741 ], [ -121.271882798596309, 38.706521610359388 ], [ -121.271870555563183, 38.706526469889965 ], [ -121.271858899643405, 38.706532147027644 ], [ -121.271947700000013, 38.7066339 ] ] ] } },
{ "type": "Feature", "properties": { "id": 14057399101, "lat": 38.663834, "lon": -121.2924875, "direction": 209.0, "operator": "Unknown", "brand": "Unknown" }, "geometry": { "type": "Polygon", "coordinates": [ [ [ -121.2924875, 38.663834 ], [ -121.292607280083729, 38.663754140510825 ], [ -121.292597946843415, 38.663746259466066 ], [ -121.292587773038733, 38.663739046179323 ], [ -121.292576836098434, 38.663732555547917 ], [ -121.292565219259103, 38.663726836969261 ], [ -121.292553010931698, 38.663721933965107 ], [ -121.292540304028648, 38.66371788385009 ], [ -121.292527195256824, 38.663714717447903 ], [ -121.292513784381526, 38.663712458856722 ], [ -121.29250017346709, 38.663711125265685 ], [ -121.2924875, 38.663834 ] ] ] } },
{ "type": "Feature", "properties": { "id": 14057399701, "lat": 38.6635607, "lon": -121.2921604, "direction": 64.0, "operator": "Unknown", "brand": "Unknown" }, "geometry": { "type": "Polygon", "coordinates": [ [ [ -121.2921604, 38.6635607 ], [ -121.292003859389126, 38.663572251001938 ], [ -121.292005739106045, 38.663582903978636 ], [ -121.292008795886773, 38.66359338797016 ], [ -121.292013006467755, 38.663603623186923 ], [ -121.292018338804368, 38.663613531732608 ], [ -121.292024752314617, 38.663623038197159 ], [ -121.292032198188082, 38.663632070230463 ], [ -121.292040619757401, 38.663640559093125 ], [ -121.292049952929474, 38.663648440179607 ], [ -121.292060126673235, 38.663655653509942 ], [ -121.2921604, 38.6635607 ] ] ] } },
{ "type": "Feature", "properties": { "id": 14057630701, "lat": 38.473776, "lon": -121.3928736, "direction": 359.0, "operator": "Unknown", "brand": "Unknown" }, "geometry": { "type": "Polygon", "coordinates": [ [ [ -121.3928736, 38.473776 ], [ -121.392821070416943, 38.473892187413114 ], [ -121.392834151707717, 38.473895344373332 ], [ -121.392847533225151, 38.473897593049514 ], [ -121.39286111312741, 38.473898916327862 ], [ -121.392874788062741, 38.47389930413734 ], [ -121.392888453956175, 38.473898753526505 ], [ -121.392902006801478, 38.473897268685846 ], [ -121.392915343452884, 38.473894860915919 ], [ -121.39292836240999, 38.473891548541452 ], [ -121.392940964590281, 38.473887356771648 ], [ -121.3928736, 38.473776 ] ] ] } },
{ "type": "Feature", "properties": { "id": 14060577902, "lat": 38.4558447, "lon": -121.5010079, "direction": 68.0, "operator": "Unknown", "brand": "Unknown" }, "geometry": { "type": "Polygon", "coordinates": [ [ [ -121.501007900000019, 38.4558447 ], [ -121.500851134333431, 38.455847918367887 ], [ -121.500852087585841, 38.455858649688771 ], [ -121.500854226665425, 38.455869274844645 ], [ -121.50085753529298, 38.455879712971601 ], [ -121.50086198828825, 38.45588988462913 ], [ -121.500867551761658, 38.455899712404637 ], [ -121.500874183372133, 38.455909121502721 ], [ -121.500881832649341, 38.455918040314323 ], [ -121.500890441377891, 38.455926400961715 ], [ -121.500899944040242, 38.455934139815199 ], [ -121.501007900000019, 38.4558447 ] ] ] } },
{ "type": "Feature", "properties": { "id": 14060748902, "lat": 38.5694223, "lon": -121.4666437, "direction": 0.0, "operator": "Unknown", "brand": "Unknown" }, "geometry": { "type": "Polygon", "coordinates": [ [ [ -121.46664370000002, 38.5694223 ], [ -121.466588640141055, 38.569537765934093 ], [ -121.46660166823446, 38.569541093951798 ], [ -121.466615016216423, 38.569543517874585 ], [ -121.466628582500292, 38.569545019254818 ], [ -121.466642263838011, 38.569545586666067 ], [ -121.466655956105839, 38.569545215789937 ], [ -121.466669555096857, 38.569543909449067 ], [ -121.466682957314077, 38.569541677585548 ], [ -121.466696060758082, 38.569538537185224 ], [ -121.466708765703331, 38.5695345121486 ], [ -121.46664370000002, 38.5694223 ] ] ] } },
{ "type": "Feature", "properties": { "id": 14067142002, "lat": 38.5957264, "lon": -121.3878011, "direction": 166.0, "operator": "Unknown", "brand": "Unknown" }, "geometry": { "type": "Polygon", "coordinates": [ [ [ -121.3878011, 38.595726399999982 ], [ -121.387819071595743, 38.595603921963658 ], [ -121.387805401199373, 38.595603158798816 ], [ -121.387791698068398, 38.595603333572534 ], [ -121.387778066491478, 38.595604444954731 ], [ -121.38776461021267, 38.595606484487107 ], [ -121.387751431641931, 38.595609436647656 ], [ -121.387738631075678, 38.595613278968742 ], [ -121.387726305933612, 38.595617982208111 ], [ -121.387714550017236, 38.595623510571386 ], [ -121.387703452795904, 38.595629821984581 ], [ -121.3878011, 38.595726399999982 ] ] ] } },
{ "type": "Feature", "properties": { "id": 14068878103, "lat": 38.5956705, "lon": -121.3827406, "direction": 74.0, "operator": "Unknown", "brand": "Unknown" }, "geometry": { "type": "Polygon", "coordinates": [ [ [ -121.38274060000002, 38.5956705 ], [ -121.382584002838072, 38.595660672876654 ], [ -121.382583507357907, 38.595671421288706 ], [ -121.382584207447636, 38.595682162689776 ], [ -121.382586097779637, 38.595692815331276 ], [ -121.382589163967836, 38.595703298140151 ], [ -121.382593382677086, 38.595713531335804 ], [ -121.382598721800932, 38.595723437037357 ], [ -121.382605140705678, 38.595732939856298 ], [ -121.382612590539878, 38.595741967470275 ], [ -121.382621014606045, 38.595750451173572 ], [ -121.38274060000002, 38.5956705 ] ] ] } },
{ "type": "Feature", "properties": { "id": 14069294012, "lat": 38.5997727, "lon": -121.4013064, "direction": 70.0, "operator": "Unknown", "brand": "Unknown" }, "geometry": { "type": "Polygon", "coordinates": [ [ [ -121.4013064, 38.5997727 ], [ -121.401149302341466, 38.599771492323605 ], [ -121.401149766006412, 38.599782241550081 ], [ -121.401151421751095, 38.599792918160126 ], [ -121.401154256974692, 38.599803440898285 ], [ -121.40115825009994, 38.599813729680115 ], [ -121.401163370737152, 38.599823706201668 ], [ -121.401169579915518, 38.599833294535443 ], [ -121.401176830379725, 38.599842421708324 ], [ -121.401185066949594, 38.599851018256864 ], [ -121.401194226939978, 38.599859018755943 ], [ -121.4013064, 38.5997727 ] ] ] } },
{ "type": "Feature", "properties": { "id": 14069294013, "lat": 38.6000164, "lon": -121.4017255, "direction": 250.0, "operator": "Unknown", "brand": "Unknown" }, "geometry": { "type": "Polygon", "coordinates": [ [ [ -121.4017255, 38.6000164 ], [ -121.401882598155112, 38.600017606969296 ], [ -121.401882134388885, 38.600006857748944 ], [ -121.401880478540846, 38.599996181151482 ], [ -121.401877643213425, 38.599985658432153 ], [ -121.401873649985646, 38.599975369675178 ], [ -121.401868529248759, 38.599965393184114 ], [ -121.401862319975038, 38.599955804885937 ], [ -121.401855069421089, 38.599946677753294 ], [ -121.4018468327682, 38.599938081248965 ], [ -121.401837672702442, 38.599930080797428 ], [ -121.4017255, 38.6000164 ] ] ] } },
{ "type": "Feature", "properties": { "id": 14069300802, "lat": 38.4309269, "lon": -121.3008265, "direction": 181.0, "operator": "Unknown", "brand": "Unknown" }, "geometry": { "type": "Polygon", "coordinates": [ [ [ -121.300826500000014, 38.4309269 ], [ -121.30088425771271, 38.430812259553321 ], [ -121.300871335681364, 38.430808736126174 ], [ -121.300858072424944, 38.43080611199624 ], [ -121.300844568884386, 38.430804407134659 ], [ -121.300830927829367, 38.430803634516352 ], [ -121.300817253076033, 38.430803800021444 ], [ -121.300803648697055, 38.430804902390335 ], [ -121.300790218229494, 38.430806933233328 ], [ -121.300777063886841, 38.430809877094589 ], [ -121.300764285781213, 38.430813711569634 ], [ -121.300826500000014, 38.4309269 ] ] ] } },
{ "type": "Feature", "properties": { "id": 14069344113, "lat": 38.6034231, "lon": -121.4154751, "direction": 140.0, "operator": "Unknown", "brand": "Unknown" }, "geometry": { "type": "Polygon", "coordinates": [ [ [ -121.4154751, 38.6034231 ], [ -121.415422792234992, 38.603306847260001 ], [ -121.415410079234618, 38.603310867021676 ], [ -121.415397861079384, 38.603315740943025 ], [ -121.415386230756596, 38.603321431930723 ], [ -121.415375276779812, 38.603327896673072 ], [ -121.415365082515265, 38.603335085969604 ], [ -121.4153557255474, 38.603342945105645 ], [ -121.415347277088458, 38.603351414268552 ], [ -121.415339801436389, 38.603360429003096 ], [ -121.415333355485629, 38.603369920701823 ], [ -121.4154751, 38.6034231 ] ] ] } },
{ "type": "Feature", "properties": { "id": 14069344114, "lat": 38.6037348, "lon": -121.41521, "direction": 330.0, "operator": "Unknown", "brand": "Unknown" }, "geometry": { "type": "Polygon", "coordinates": [ [ [ -121.41521, 38.6037348 ], [ -121.415235787044054, 38.603856414122944 ], [ -121.415249196544963, 38.603854187747878 ], [ -121.415262307735176, 38.603851052758685 ], [ -121.415275020830165, 38.603847033014674 ], [ -121.415287239075269, 38.603842159108588 ], [ -121.415298869481987, 38.603836468133927 ], [ -121.415309823535665, 38.603830003402649 ], [ -121.41532001786922, 38.603822814115368 ], [ -121.415329374897567, 38.603814954987122 ], [ -121.415337823408095, 38.603806485830759 ], [ -121.41521, 38.6037348 ] ] ] } },
{ "type": "Feature", "properties": { "id": 14071491529, "lat": 38.6032614, "lon": -121.3932597, "direction": 105.0, "operator": "Kaiser Permanente", "brand": "Unknown" }, "geometry": { "type": "Polygon", "coordinates": [ [ [ -121.3932597, 38.6032614 ], [ -121.393131897543952, 38.60318969208636 ], [ -121.393124419368419, 38.603198705526189 ], [ -121.3931179707577, 38.603208196108874 ], [ -121.393112600789905, 38.603218091605505 ], [ -121.393108350334103, 38.603228316705504 ], [ -121.393105251739186, 38.603238793589782 ], [ -121.393103328587799, 38.603249442523001 ], [ -121.393102595516737, 38.603260182460403 ], [ -121.393103058105595, 38.603270931664575 ], [ -121.393104712834273, 38.603281608327585 ], [ -121.3932597, 38.6032614 ] ] ] } },
{ "type": "Feature", "properties": { "id": 14071491530, "lat": 38.6029675, "lon": -121.392375, "direction": 150.0, "operator": "Kaiser Permanente", "brand": "Unknown" }, "geometry": { "type": "Polygon", "coordinates": [ [ [ -121.392375, 38.602967500000013 ], [ -121.392349248494867, 38.602845881129937 ], [ -121.39233583851933, 38.602848105110802 ], [ -121.392322726584965, 38.602851237757598 ], [ -121.39231001248109, 38.602855255229073 ], [ -121.392297792969387, 38.602860126949992 ], [ -121.39228616104738, 38.602865815843749 ], [ -121.392275205240864, 38.602872278614562 ], [ -121.392265008929954, 38.602879466077034 ], [ -121.392255649714741, 38.602887323530368 ], [ -121.392247198824478, 38.602895791174802 ], [ -121.392375, 38.602967500000013 ] ] ] } },
{ "type": "Feature", "properties": { "id": 14071491531, "lat": 38.6015418, "lon": -121.3917716, "direction": 75.0, "operator": "Kaiser Permanente", "brand": "Unknown" }, "geometry": { "type": "Polygon", "coordinates": [ [ [ -121.3917716, 38.601541800000014 ], [ -121.391615232222435, 38.601529840678253 ], [ -121.391614498964728, 38.601540580632424 ], [ -121.391614961340693, 38.601551329867299 ], [ -121.391616615831879, 38.601562006574717 ], [ -121.391619449847084, 38.601572529498377 ], [ -121.391623441818169, 38.601582818552473 ], [ -121.391628561364215, 38.601592795430953 ], [ -121.391634769522767, 38.60160238420368 ], [ -121.391642019046273, 38.601611511894092 ], [ -121.391650254761657, 38.60162010903489 ], [ -121.3917716, 38.601541800000014 ] ] ] } },
{ "type": "Feature", "properties": { "id": 14071580272, "lat": 38.4706764, "lon": -121.4198409, "direction": 205.0, "operator": "Kaiser Permanente", "brand": "Unknown" }, "geometry": { "type": "Polygon", "coordinates": [ [ [ -121.419840899999983, 38.4706764 ], [ -121.419952869294519, 38.470590049873721 ], [ -121.419942870237421, 38.470582706498597 ], [ -121.419932095128019, 38.470576076187022 ], [ -121.419920625971272, 38.470570209399483 ], [ -121.41990855005416, 38.470565150785696 ], [ -121.419895959281476, 38.47056093884455 ], [ -121.419882949476232, 38.470557605631406 ], [ -121.419869619650513, 38.470555176513869 ], [ -121.419856071251957, 38.470553669978955 ], [ -121.419842407391513, 38.47055309749225 ], [ -121.419840899999983, 38.4706764 ] ] ] } },
{ "type": "Feature", "properties": { "id": 14071580273, "lat": 38.4689827, "lon": -121.4220327, "direction": 325.0, "operator": "Kaiser Permanente", "brand": "Unknown" }, "geometry": { "type": "Polygon", "coordinates": [ [ [ -121.4220327, 38.4689827 ], [ -121.42207184001029, 38.469102107363639 ], [ -121.422084928570499, 38.469098971106106 ], [ -121.422097619638009, 38.469094949954062 ], [ -121.422109816625763, 38.469090074511037 ], [ -121.422121426707051, 38.469084381882226 ], [ -121.422132361521903, 38.46907791539217 ], [ -121.42214253784968, 38.469070724254856 ], [ -121.422151878242332, 38.469062863199419 ], [ -121.422160311613823, 38.469054392053366 ], [ -121.42216777378124, 38.469045375287415 ], [ -121.4220327, 38.4689827 ] ] ] } },
{ "type": "Feature", "properties": { "id": 14071580274, "lat": 38.4691177, "lon": -121.4222723, "direction": 145.0, "operator": "Kaiser Permanente", "brand": "Unknown" }, "geometry": { "type": "Polygon", "coordinates": [ [ [ -121.4222723, 38.46911770000002 ], [ -121.422233159679095, 38.468998292700185 ], [ -121.422220071141425, 38.469001428973371 ], [ -121.422207380095188, 38.469005450138035 ], [ -121.422195183126505, 38.469010325590915 ], [ -121.422183573061417, 38.469016018226981 ], [ -121.422172638259298, 38.469022484721961 ], [ -121.422162461940488, 38.469029675862103 ], [ -121.422153121552824, 38.469037536918684 ], [ -121.422144688182357, 38.469046008064453 ], [ -121.422137226012239, 38.469055024829053 ], [ -121.4222723, 38.46911770000002 ] ] ] } },
{ "type": "Feature", "properties": { "id": 14071580275, "lat": 38.4693404, "lon": -121.4267905, "direction": 80.0, "operator": "Kaiser Permanente", "brand": "Unknown" }, "geometry": { "type": "Polygon", "coordinates": [ [ [ -121.4267905, 38.4693404 ], [ -121.426636303919238, 38.469317829943222 ], [ -121.426634388546717, 38.469328481303251 ], [ -121.426633661276071, 38.469339223372344 ], [ -121.426634127642757, 38.469349974396877 ], [ -121.426635784097954, 38.46936065255499 ], [ -121.426638618035454, 38.469371176579486 ], [ -121.4266426078878, 38.469381466376063 ], [ -121.426647723290145, 38.469391443633093 ], [ -121.42665392531157, 38.469401032417494 ], [ -121.426661166751217, 38.469410159752663 ], [ -121.4267905, 38.4693404 ] ] ] } },
{ "type": "Feature", "properties": { "id": 14071580276, "lat": 38.4693429, "lon": -121.4265612, "direction": 285.0, "operator": "Kaiser Permanente", "brand": "Unknown" }, "geometry": { "type": "Polygon", "coordinates": [ [ [ -121.4265612, 38.4693429 ], [ -121.426688816303695, 38.469414587499138 ], [ -121.426696277988412, 38.469405570473192 ], [ -121.426702711645618, 38.469396076487193 ], [ -121.426708068311612, 38.469386177796203 ], [ -121.426712307219219, 38.469375949735422 ], [ -121.426715396108236, 38.469365470146599 ], [ -121.426717311470725, 38.469354818785867 ], [ -121.426718038730158, 38.469344076716524 ], [ -121.426717572352061, 38.469333325692219 ], [ -121.426715915886405, 38.469322647534781 ], [ -121.4265612, 38.4693429 ] ] ] } },
{ "type": "Feature", "properties": { "id": 14071580277, "lat": 38.4710753, "lon": -121.4238045, "direction": 340.0, "operator": "Kaiser Permanente", "brand": "Unknown" }, "geometry": { "type": "Polygon", "coordinates": [ [ [ -121.4238045, 38.471075300000017 ], [ -121.423802998780786, 38.471198602468881 ], [ -121.423816674206563, 38.471198236125666 ], [ -121.423830256978846, 38.471196934162968 ], [ -121.423843643724055, 38.471194706489484 ], [ -121.423856732560552, 38.471191570059268 ], [ -121.423869423873953, 38.471187548742542 ], [ -121.423881621075395, 38.471182673144035 ], [ -121.423893231336478, 38.471176980370181 ], [ -121.423904166295927, 38.471170513746529 ], [ -121.423914342731948, 38.471163322488195 ], [ -121.4238045, 38.471075300000017 ] ] ] } },
{ "type": "Feature", "properties": { "id": 14071584602, "lat": 38.4719565, "lon": -121.4238989, "direction": 90.0, "operator": "Unknown", "brand": "Unknown" }, "geometry": { "type": "Polygon", "coordinates": [ [ [ -121.4238989, 38.471956499999969 ], [ -121.423752028449769, 38.471913219124623 ], [ -121.423747789022883, 38.471923447052795 ], [ -121.423744699640324, 38.471933926534312 ], [ -121.423742783814646, 38.471944577814043 ], [ -121.423742056126827, 38.471955319829362 ], [ -121.423742522115546, 38.471966070827079 ], [ -121.423744178234855, 38.471976748985554 ], [ -121.42374701188109, 38.471987273037584 ], [ -121.423751001488966, 38.471997562888653 ], [ -121.423756116695571, 38.472007540226699 ], [ -121.4238989, 38.471956499999969 ] ] ] } },
{ "type": "Feature", "properties": { "id": 14071584603, "lat": 38.4724025, "lon": -121.4232729, "direction": 170.0, "operator": "Unknown", "brand": "Unknown" }, "geometry": { "type": "Polygon", "coordinates": [ [ [ -121.4232729, 38.4724025 ], [ -121.423301615012917, 38.472281276020972 ], [ -121.423288066252965, 38.472279769853174 ], [ -121.423274402069239, 38.472279197734537 ], [ -121.423260726453876, 38.472279564019196 ], [ -121.423247143486108, 38.472280865919544 ], [ -121.423233756540085, 38.472283093527345 ], [ -121.423220667498057, 38.472286229889235 ], [ -121.423207975975174, 38.472290251135718 ], [ -121.423195778561222, 38.472295126662772 ], [ -121.423184168085598, 38.472300819364875 ], [ -121.4232729, 38.4724025 ] ] ] } },
{ "type": "Feature", "properties": { "id": 14071584604, "lat": 38.4723794, "lon": -121.4247225, "direction": 195.0, "operator": "Unknown", "brand": "Unknown" }, "geometry": { "type": "Polygon", "coordinates": [ [ [ -121.424722500000016, 38.4723794 ], [ -121.424813690895689, 38.472279072932231 ], [ -121.42480222112934, 38.472273206595894 ], [ -121.424790144639502, 38.472268148454589 ], [ -121.424777553335289, 38.472263937003703 ], [ -121.424764543043764, 38.47226060429481 ], [ -121.424751212780748, 38.472258175691699 ], [ -121.424737663997135, 38.472256669677456 ], [ -121.424723999806886, 38.472256097713725 ], [ -121.424710324202238, 38.472256464153453 ], [ -121.424696741262338, 38.472257766207825 ], [ -121.424722500000016, 38.4723794 ] ] ] } },
{ "type": "Feature", "properties": { "id": 14072505601, "lat": 38.4019245, "lon": -121.3913371, "direction": 337.0, "operator": "Unknown", "brand": "Unknown" }, "geometry": { "type": "Polygon", "coordinates": [ [ [ -121.3913371, 38.4019245 ], [ -121.391343752894869, 38.402047708170322 ], [ -121.391357373652582, 38.402046783041499 ], [ -121.391370840114817, 38.402044927263539 ], [ -121.391384049793274, 38.402042154960085 ], [ -121.391396902153858, 38.402038487230143 ], [ -121.391409299381948, 38.402033951987448 ], [ -121.39142114712692, 38.402028583748084 ], [ -121.391432355219962, 38.402022423367711 ], [ -121.391442838360561, 38.402015517730739 ], [ -121.391452516765654, 38.402007919393377 ], [ -121.3913371, 38.4019245 ] ] ] } },
{ "type": "Feature", "properties": { "id": 14074033796, "lat": 38.4339481, "lon": -121.4443662, "direction": 70.0, "operator": "Unknown", "brand": "Unknown" }, "geometry": { "type": "Polygon", "coordinates": [ [ [ -121.4443662, 38.4339481 ], [ -121.444209431226881, 38.433946944878315 ], [ -121.444209899774876, 38.433957696341508 ], [ -121.444211557862388, 38.43396837477129 ], [ -121.444214392870862, 38.433978898898346 ], [ -121.444218383224566, 38.433989188627663 ], [ -121.444223498554962, 38.433999165648054 ], [ -121.444229699931597, 38.434008754028284 ], [ -121.444236940158589, 38.434017880794848 ], [ -121.444245164133591, 38.43402647648734 ], [ -121.444254309267365, 38.434034475687241 ], [ -121.4443662, 38.4339481 ] ] ] } },
{ "type": "Feature", "properties": { "id": 14074051610, "lat": 38.4063835, "lon": -121.3873452, "direction": 325.0, "operator": "Unknown", "brand": "Unknown" }, "geometry": { "type": "Polygon", "coordinates": [ [ [ -121.387345200000013, 38.4063835 ], [ -121.387384256656787, 38.406502927823247 ], [ -121.387397336232283, 38.406499794858519 ], [ -121.387410019017821, 38.406495776818531 ], [ -121.387422208489397, 38.40649090428311 ], [ -121.3874338118775, 38.406485214335326 ], [ -121.387444740873121, 38.406478750279277 ], [ -121.38745491229983, 38.406471561310489 ], [ -121.387464248746937, 38.406463702141544 ], [ -121.387472679158464, 38.406455232585621 ], [ -121.387480139373963, 38.406446217101312 ], [ -121.387345200000013, 38.4063835 ] ] ] } },
{ "type": "Feature", "properties": { "id": 14074059602, "lat": 38.378937, "lon": -121.4462306, "direction": 40.0, "operator": "Unknown", "brand": "Unknown" }, "geometry": { "type": "Polygon", "coordinates": [ [ [ -121.446230600000021, 38.378937 ], [ -121.446094196266742, 38.378997660381984 ], [ -121.446101431674791, 38.379006787699261 ], [ -121.446109650134417, 38.379015383889957 ], [ -121.446118789098264, 38.379023383531703 ], [ -121.446128779013364, 38.379030725742247 ], [ -121.446139543850407, 38.379037354642747 ], [ -121.446151001682367, 38.379043219783085 ], [ -121.446163065307999, 38.379048276525843 ], [ -121.446175642915591, 38.379052486386065 ], [ -121.446188638781607, 38.37905581732398 ], [ -121.446230600000021, 38.378937 ] ] ] } },
{ "type": "Feature", "properties": { "id": 14075830118, "lat": 38.4307836, "lon": -121.4176229, "direction": 345.0, "operator": "Unknown", "brand": "Unknown" }, "geometry": { "type": "Polygon", "coordinates": [ [ [ -121.4176229, 38.4307836 ], [ -121.417607732912728, 38.430906336206249 ], [ -121.417621389905221, 38.430906908961788 ], [ -121.417635058390516, 38.430906543260285 ], [ -121.417648634342697, 38.430905241884972 ], [ -121.417662014440069, 38.430903014740132 ], [ -121.417675096851596, 38.430899878775769 ], [ -121.417687782011825, 38.430895857858516 ], [ -121.417699973378674, 38.430890982590142 ], [ -121.417711578168166, 38.430885290074492 ], [ -121.417722508060663, 38.430878823635219 ], [ -121.4176229, 38.4307836 ] ] ] } },
{ "type": "Feature", "properties": { "id": 14075882311, "lat": 38.430689, "lon": -121.4194302, "direction": 260.0, "operator": "Unknown", "brand": "Unknown" }, "geometry": { "type": "Polygon", "coordinates": [ [ [ -121.419430199999979, 38.430689 ], [ -121.419584318687114, 38.430711579899857 ], [ -121.419586234073904, 38.430700928101999 ], [ -121.419586961946678, 38.430690185524618 ], [ -121.4195864967663, 38.430679433925249 ], [ -121.41958484207359, 38.430668755130078 ], [ -121.419582010462221, 38.43065823041109 ], [ -121.419578023482913, 38.430647939867711 ], [ -121.419572911479406, 38.430637961817112 ], [ -121.41956671335744, 38.430628372198136 ], [ -121.419559476288825, 38.430619243993426 ], [ -121.419430199999979, 38.430689 ] ] ] } },
{ "type": "Feature", "properties": { "id": 14075951401, "lat": 38.6997149, "lon": -121.1929907, "direction": 253.0, "operator": "Unknown", "brand": "Unknown" }, "geometry": { "type": "Polygon", "coordinates": [ [ [ -121.1929907, 38.6997149 ], [ -121.193147680194073, 38.699722811747741 ], [ -121.193147962767185, 38.69971206013399 ], [ -121.193147048475751, 38.699701330133912 ], [ -121.193144944278657, 38.699690703409232 ], [ -121.193141666190527, 38.69968026083572 ], [ -121.193137239160066, 38.699670081887596 ], [ -121.193131696879973, 38.69966024403265 ], [ -121.193125081530752, 38.699650822142821 ], [ -121.193117443459428, 38.699641887924223 ], [ -121.193108840796498, 38.69963350937148 ], [ -121.1929907, 38.6997149 ] ] ] } },
{ "type": "Feature", "properties": { "id": 14076980701, "lat": 38.6787173, "lon": -121.2623145, "direction": 247.0, "operator": "Unknown", "brand": "Unknown" }, "geometry": { "type": "Polygon", "coordinates": [ [ [ -121.262314499999988, 38.678717300000017 ], [ -121.262471629251309, 38.678712224691466 ], [ -121.262470467010189, 38.678701509140922 ], [ -121.262468117766687, 38.678690913768889 ], [ -121.262464599400374, 38.678680519212485 ], [ -121.262459938688622, 38.678670404580494 ], [ -121.262454171102561, 38.678660646851256 ], [ -121.262447340537378, 38.678651320286811 ], [ -121.262439498978054, 38.678642495867869 ], [ -121.2624307061037, 38.678634240753361 ], [ -121.262421028833529, 38.678626617769595 ], [ -121.262314499999988, 38.678717300000017 ] ] ] } },
{ "type": "Feature", "properties": { "id": 14077721802, "lat": 38.4378524, "lon": -121.4170222, "direction": 44.0, "operator": "Unknown", "brand": "Unknown" }, "geometry": { "type": "Polygon", "coordinates": [ [ [ -121.4170222, 38.437852399999983 ], [ -121.416880628018106, 38.437905386235208 ], [ -121.416887038229163, 38.437914889349031 ], [ -121.416894477105359, 38.437923916881246 ], [ -121.41690288803251, 38.437932400126734 ], [ -121.416912206998518, 38.437940274522717 ], [ -121.416922363080488, 38.437947480140075 ], [ -121.41693327898443, 38.437953962139595 ], [ -121.416944871633589, 38.437959671189141 ], [ -121.416957052800697, 38.437964563839252 ], [ -121.416969729779453, 38.437968602853779 ], [ -121.4170222, 38.437852399999983 ] ] ] } },
{ "type": "Feature", "properties": { "id": 14077722002, "lat": 38.4378706, "lon": -121.3974648, "direction": 45.0, "operator": "Unknown", "brand": "Unknown" }, "geometry": { "type": "Polygon", "coordinates": [ [ [ -121.39746479999998, 38.437870600000011 ], [ -121.397322061195908, 38.437921613005734 ], [ -121.397328257191305, 38.437931203611356 ], [ -121.397335492362288, 38.437940332987026 ], [ -121.397343711645078, 38.437948931652492 ], [ -121.39735285248608, 38.437956934166564 ], [ -121.397362845318057, 38.437964279625149 ], [ -121.39737361408946, 38.437970912124641 ], [ -121.397385076843349, 38.437976781187565 ], [ -121.397397146341035, 38.437981842146684 ], [ -121.397409730726096, 38.437986056484874 ], [ -121.39746479999998, 38.437870600000011 ] ] ] } },
{ "type": "Feature", "properties": { "id": 14077726301, "lat": 38.4378903, "lon": -121.3922525, "direction": 45.0, "operator": "Unknown", "brand": "Unknown" }, "geometry": { "type": "Polygon", "coordinates": [ [ [ -121.3922525, 38.4378903 ], [ -121.392109757797272, 38.43794130718269 ], [ -121.392115953161905, 38.437950898040775 ], [ -121.392123187732778, 38.437960027711277 ], [ -121.392131406450702, 38.437968626711751 ], [ -121.392140546766356, 38.437976629598424 ], [ -121.392150539116514, 38.437983975464341 ], [ -121.392161307453335, 38.437990608402849 ], [ -121.392172769823105, 38.437996477933154 ], [ -121.392184838990119, 38.438001539384388 ], [ -121.392197423100427, 38.438005754235689 ], [ -121.3922525, 38.4378903 ] ] ] } },
{ "type": "Feature", "properties": { "id": 14077844301, "lat": 38.5574703, "lon": -121.1960727, "direction": 278.0, "operator": "Unknown", "brand": "Unknown" }, "geometry": { "type": "Polygon", "coordinates": [ [ [ -121.196072699999988, 38.557470300000027 ], [ -121.196210459142677, 38.557529467367871 ], [ -121.196216502340761, 38.557519814642241 ], [ -121.19622145111417, 38.557509785080512 ], [ -121.196225267800088, 38.557499455013875 ], [ -121.196227923351628, 38.557488903060424 ], [ -121.196229397558895, 38.557478209526977 ], [ -121.196229679202759, 38.557467455797841 ], [ -121.196228766140251, 38.55745672371534 ], [ -121.196226665320779, 38.557446094957157 ], [ -121.19622339273333, 38.557435650414426 ], [ -121.196072699999988, 38.557470300000027 ] ] ] } },
{ "type": "Feature", "properties": { "id": 14078008501, "lat": 38.4234518, "lon": -121.3344954, "direction": 78.0, "operator": "Unknown", "brand": "Unknown" }, "geometry": { "type": "Polygon", "coordinates": [ [ [ -121.3344954, 38.4234518 ], [ -121.334340407398415, 38.423433361317187 ], [ -121.33433895437237, 38.423444058343989 ], [ -121.334338691991647, 38.423454814290011 ], [ -121.334339622253637, 38.423465547296068 ], [ -121.334341738078962, 38.423476175677436 ], [ -121.334345023365358, 38.423486618545688 ], [ -121.334349453110249, 38.423496796424182 ], [ -121.334354993601011, 38.423506631853066 ], [ -121.334361602671422, 38.423516049978609 ], [ -121.334369230022816, 38.42352497912308 ], [ -121.3344954, 38.4234518 ] ] ] } }
]
}
