{
"type": "FeatureCollection",
"name": "master_alpr_dragnet",
"crs": { "type": "name", "properties": { "name": "urn:ogc:def:crs:OGC:1.3:CRS84" } },
"features": [
{ "type": "Feature", "properties": { "id": 6440809350, "lat": 38.4562567, "lon": -121.405089, "direction": 350.0, "operator": "Unknown", "brand": "Unknown", "STATEFP": "06", "COUNTYFP": "067", "TRACTCE": "009320", "BLKGRPCE": "1", "AFFGEOID": "1500000US060670093201", "GEOID": "060670093201", "NAME_x": "1", "NAMELSAD": "Block Group 1", "LSAD": "BG", "ALAND": 730028, "AWATER": 0, "NAME_y": "Block Group 1; Census Tract 93.20; Sacramento County; California", "pop_total": 1250, "median_income": null, "pop_white": "58", "pop_black": 406, "pop_native": "0", "pop_asian": "377", "pop_pacific": "13", "pop_other": "43", "pop_two_plus": "353", "pop_hispanic": 398, "pop_non_citizen": null, "poverty_universe": null, "pop_poverty": null, "total_households": 450, "renter_occupied": 296, "unemployed": "0", "single_parent_households": "118", "state": "06", "county": "067", "tract": "009320", "block group": "1", "surveilled_sites_count": 0, "surveilled_sites_list": "None", "surveilled_categories": "None", "pct_poverty": null, "pct_renter": 65.777777777777786, "pct_non_citizen": null, "pct_black": 32.48, "pct_hispanic": 31.84 }, "geometry": { "type": "Point", "coordinates": [ -121.405089, 38.4562567 ] } },
{ "type": "Feature", "properties": { "id": 6440809353, "lat": 38.4559387, "lon": -121.4055508, "direction": 185.0, "operator": "Unknown", "brand": "Unknown", "STATEFP": "06", "COUNTYFP": "067", "TRACTCE": "009335", "BLKGRPCE": "1", "AFFGEOID": "1500000US060670093351", "GEOID": "060670093351", "NAME_x": "1", "NAMELSAD": "Block Group 1", "LSAD": "BG", "ALAND": 651613, "AWATER": 0, "NAME_y": "Block Group 1; Census Tract 93.35; Sacramento County; California", "pop_total": 2689, "median_income": 137684.0, "pop_white": "369", "pop_black": 495, "pop_native": "0", "pop_asian": "684", "pop_pacific": "141", "pop_other": "174", "pop_two_plus": "826", "pop_hispanic": 994, "pop_non_citizen": null, "poverty_universe": null, "pop_poverty": null, "total_households": 545, "renter_occupied": 24, "unemployed": "26", "single_parent_households": "344", "state": "06", "county": "067", "tract": "009335", "block group": "1", "surveilled_sites_count": 0, "surveilled_sites_list": "None", "surveilled_categories": "None", "pct_poverty": null, "pct_renter": 4.4036697247706424, "pct_non_citizen": null, "pct_black": 18.408330234287838, "pct_hispanic": 36.965414652287095 }, "geometry": { "type": "Point", "coordinates": [ -121.4055508, 38.455938699999969 ] } },
{ "type": "Feature", "properties": { "id": 6765453650, "lat": 38.6395922, "lon": -121.5028977, "direction": 170.0, "operator": "Sacramento Police Department", "brand": "Unknown", "STATEFP": "06", "COUNTYFP": "067", "TRACTCE": "007019", "BLKGRPCE": "2", "AFFGEOID": "1500000US060670070192", "GEOID": "060670070192", "NAME_x": "2", "NAMELSAD": "Block Group 2", "LSAD": "BG", "ALAND": 5222064, "AWATER": 63637, "NAME_y": "Block Group 2; Census Tract 70.19; Sacramento County; California", "pop_total": 2129, "median_income": 141477.0, "pop_white": "356", "pop_black": 606, "pop_native": "0", "pop_asian": "367", "pop_pacific": "0", "pop_other": "95", "pop_two_plus": "705", "pop_hispanic": 621, "pop_non_citizen": null, "poverty_universe": null, "pop_poverty": null, "total_households": 595, "renter_occupied": 223, "unemployed": "68", "single_parent_households": "399", "state": "06", "county": "067", "tract": "007019", "block group": "2", "surveilled_sites_count": 0, "surveilled_sites_list": "None", "surveilled_categories": "None", "pct_poverty": null, "pct_renter": 37.478991596638657, "pct_non_citizen": null, "pct_black": 28.464067637388446, "pct_hispanic": 29.168623767026773 }, "geometry": { "type": "Point", "coordinates": [ -121.50289770000002, 38.63959220000001 ] } },
{ "type": "Feature", "properties": { "id": 7129724966, "lat": 38.618187, "lon": -121.4013185, "direction": 340.0, "operator": "Unknown", "brand": "Unknown", "STATEFP": "06", "COUNTYFP": "067", "TRACTCE": "006101", "BLKGRPCE": "3", "AFFGEOID": "1500000US060670061013", "GEOID": "060670061013", "NAME_x": "3", "NAMELSAD": "Block Group 3", "LSAD": "BG", "ALAND": 1283324, "AWATER": 0, "NAME_y": "Block Group 3; Census Tract 61.01; Sacramento County; California", "pop_total": 921, "median_income": 29210.0, "pop_white": "346", "pop_black": 60, "pop_native": "0", "pop_asian": "410", "pop_pacific": "0", "pop_other": "68", "pop_two_plus": "37", "pop_hispanic": 82, "pop_non_citizen": null, "poverty_universe": null, "pop_poverty": null, "total_households": 413, "renter_occupied": 308, "unemployed": "40", "single_parent_households": "125", "state": "06", "county": "067", "tract": "006101", "block group": "3", "surveilled_sites_count": 0, "surveilled_sites_list": "None", "surveilled_categories": "None", "pct_poverty": null, "pct_renter": 74.576271186440678, "pct_non_citizen": null, "pct_black": 6.5146579804560263, "pct_hispanic": 8.903365906623236 }, "geometry": { "type": "Point", "coordinates": [ -121.401318500000016, 38.618187 ] } },
{ "type": "Feature", "properties": { "id": 7460813327, "lat": 38.5157749, "lon": -121.4381162, "direction": 75.0, "operator": "Sacramento Police Department", "brand": "Unknown", "STATEFP": "06", "COUNTYFP": "067", "TRACTCE": "003202", "BLKGRPCE": "3", "AFFGEOID": "1500000US060670032023", "GEOID": "060670032023", "NAME_x": "3", "NAMELSAD": "Block Group 3", "LSAD": "BG", "ALAND": 508189, "AWATER": 0, "NAME_y": "Block Group 3; Census Tract 32.02; Sacramento County; California", "pop_total": 1346, "median_income": 22380.0, "pop_white": "162", "pop_black": 44, "pop_native": "0", "pop_asian": "721", "pop_pacific": "0", "pop_other": "373", "pop_two_plus": "46", "pop_hispanic": 480, "pop_non_citizen": null, "poverty_universe": null, "pop_poverty": null, "total_households": 525, "renter_occupied": 414, "unemployed": "9", "single_parent_households": "158", "state": "06", "county": "067", "tract": "003202", "block group": "3", "surveilled_sites_count": 0, "surveilled_sites_list": "None", "surveilled_categories": "None", "pct_poverty": null, "pct_renter": 78.857142857142861, "pct_non_citizen": null, "pct_black": 3.2689450222882619, "pct_hispanic": 35.661218424962854 }, "geometry": { "type": "Point", "coordinates": [ -121.43811620000001, 38.515774900000025 ] } },
{ "type": "Feature", "properties": { "id": 9962851462, "lat": 38.6184482, "lon": -121.2684098, "direction": 235.0, "operator": "Unknown", "brand": "Unknown", "STATEFP": "06", "COUNTYFP": "067", "TRACTCE": "008912", "BLKGRPCE": "1", "AFFGEOID": "1500000US060670089121", "GEOID": "060670089121", "NAME_x": "1", "NAMELSAD": "Block Group 1", "LSAD": "BG", "ALAND": 1180542, "AWATER": 113140, "NAME_y": "Block Group 1; Census Tract 89.12; Sacramento County; California", "pop_total": 980, "median_income": 122727.0, "pop_white": "786", "pop_black": 78, "pop_native": "13", "pop_asian": "22", "pop_pacific": "0", "pop_other": "47", "pop_two_plus": "34", "pop_hispanic": 137, "pop_non_citizen": null, "poverty_universe": null, "pop_poverty": null, "total_households": 422, "renter_occupied": 105, "unemployed": "0", "single_parent_households": "88", "state": "06", "county": "067", "tract": "008912", "block group": "1", "surveilled_sites_count": 0, "surveilled_sites_list": "None", "surveilled_categories": "None", "pct_poverty": null, "pct_renter": 24.881516587677723, "pct_non_citizen": null, "pct_black": 7.9591836734693873, "pct_hispanic": 13.979591836734695 }, "geometry": { "type": "Point", "coordinates": [ -121.268409799999986, 38.618448200000024 ] } },
{ "type": "Feature", "properties": { "id": 11990338852, "lat": 38.2910334, "lon": -121.3029494, "direction": 55.0, "operator": "Unknown", "brand": "Unknown", "STATEFP": "06", "COUNTYFP": "067", "TRACTCE": "009410", "BLKGRPCE": "3", "AFFGEOID": "1500000US060670094103", "GEOID": "060670094103", "NAME_x": "3", "NAMELSAD": "Block Group 3", "LSAD": "BG", "ALAND": 1086520, "AWATER": 0, "NAME_y": "Block Group 3; Census Tract 94.10; Sacramento County; California", "pop_total": 1858, "median_income": 102518.0, "pop_white": "1628", "pop_black": 9, "pop_native": "15", "pop_asian": "119", "pop_pacific": "0", "pop_other": "0", "pop_two_plus": "87", "pop_hispanic": 729, "pop_non_citizen": null, "poverty_universe": null, "pop_poverty": null, "total_households": 611, "renter_occupied": 35, "unemployed": "53", "single_parent_households": "324", "state": "06", "county": "067", "tract": "009410", "block group": "3", "surveilled_sites_count": 0, "surveilled_sites_list": "None", "surveilled_categories": "None", "pct_poverty": null, "pct_renter": 5.728314238952537, "pct_non_citizen": null, "pct_black": 0.48439181916038754, "pct_hispanic": 39.235737351991389 }, "geometry": { "type": "Point", "coordinates": [ -121.302949400000017, 38.291033399999968 ] } },
{ "type": "Feature", "properties": { "id": 12335897695, "lat": 38.7076523, "lon": -121.3036142, "direction": 335.0, "operator": "Flock Safety", "brand": "Unknown", "STATEFP": "06", "COUNTYFP": "067", "TRACTCE": "008113", "BLKGRPCE": "1", "AFFGEOID": "1500000US060670081131", "GEOID": "060670081131", "NAME_x": "1", "NAMELSAD": "Block Group 1", "LSAD": "BG", "ALAND": 974623, "AWATER": 0, "NAME_y": "Block Group 1; Census Tract 81.13; Sacramento County; California", "pop_total": 2613, "median_income": 65844.0, "pop_white": "2239", "pop_black": 50, "pop_native": "29", "pop_asian": "108", "pop_pacific": "0", "pop_other": "47", "pop_two_plus": "140", "pop_hispanic": 345, "pop_non_citizen": null, "poverty_universe": null, "pop_poverty": null, "total_households": 1047, "renter_occupied": 542, "unemployed": "101", "single_parent_households": "286", "state": "06", "county": "067", "tract": "008113", "block group": "1", "surveilled_sites_count": 0, "surveilled_sites_list": "None", "surveilled_categories": "None", "pct_poverty": null, "pct_renter": 51.766953199617959, "pct_non_citizen": null, "pct_black": 1.9135093761959432, "pct_hispanic": 13.203214695752008 }, "geometry": { "type": "Point", "coordinates": [ -121.3036142, 38.707652299999985 ] } },
{ "type": "Feature", "properties": { "id": 12335930477, "lat": 38.7070275, "lon": -121.3059933, "direction": 155.0, "operator": "Flock Safety", "brand": "Unknown", "STATEFP": "06", "COUNTYFP": "067", "TRACTCE": "008111", "BLKGRPCE": "1", "AFFGEOID": "1500000US060670081111", "GEOID": "060670081111", "NAME_x": "1", "NAMELSAD": "Block Group 1", "LSAD": "BG", "ALAND": 613956, "AWATER": 0, "NAME_y": "Block Group 1; Census Tract 81.11; Sacramento County; California", "pop_total": 1737, "median_income": 89141.0, "pop_white": "1330", "pop_black": 77, "pop_native": "0", "pop_asian": "161", "pop_pacific": "0", "pop_other": "76", "pop_two_plus": "93", "pop_hispanic": 166, "pop_non_citizen": null, "poverty_universe": null, "pop_poverty": null, "total_households": 627, "renter_occupied": 202, "unemployed": "13", "single_parent_households": "168", "state": "06", "county": "067", "tract": "008111", "block group": "1", "surveilled_sites_count": 0, "surveilled_sites_list": "None", "surveilled_categories": "None", "pct_poverty": null, "pct_renter": 32.216905901116426, "pct_non_citizen": null, "pct_black": 4.4329303396660915, "pct_hispanic": 9.5567069660333903 }, "geometry": { "type": "Point", "coordinates": [ -121.305993299999983, 38.7070275 ] } },
{ "type": "Feature", "properties": { "id": 12603022095, "lat": 38.6335354, "lon": -121.2179574, "direction": 45.0, "operator": "Unknown", "brand": "Unknown", "STATEFP": "06", "COUNTYFP": "067", "TRACTCE": "008703", "BLKGRPCE": "2", "AFFGEOID": "1500000US060670087032", "GEOID": "060670087032", "NAME_x": "2", "NAMELSAD": "Block Group 2", "LSAD": "BG", "ALAND": 1558609, "AWATER": 209021, "NAME_y": "Block Group 2; Census Tract 87.03; Sacramento County; California", "pop_total": 576, "median_income": 85750.0, "pop_white": "421", "pop_black": 21, "pop_native": "0", "pop_asian": "103", "pop_pacific": "0", "pop_other": "31", "pop_two_plus": "0", "pop_hispanic": 31, "pop_non_citizen": null, "poverty_universe": null, "pop_poverty": null, "total_households": 332, "renter_occupied": 295, "unemployed": "12", "single_parent_households": "67", "state": "06", "county": "067", "tract": "008703", "block group": "2", "surveilled_sites_count": 0, "surveilled_sites_list": "None", "surveilled_categories": "None", "pct_poverty": null, "pct_renter": 88.855421686746979, "pct_non_citizen": null, "pct_black": 3.6458333333333335, "pct_hispanic": 5.3819444444444446 }, "geometry": { "type": "Point", "coordinates": [ -121.2179574, 38.633535400000056 ] } },
{ "type": "Feature", "properties": { "id": 12603022096, "lat": 38.6336569, "lon": -121.2180539, "direction": 220.0, "operator": "Unknown", "brand": "Unknown", "STATEFP": "06", "COUNTYFP": "067", "TRACTCE": "008703", "BLKGRPCE": "2", "AFFGEOID": "1500000US060670087032", "GEOID": "060670087032", "NAME_x": "2", "NAMELSAD": "Block Group 2", "LSAD": "BG", "ALAND": 1558609, "AWATER": 209021, "NAME_y": "Block Group 2; Census Tract 87.03; Sacramento County; California", "pop_total": 576, "median_income": 85750.0, "pop_white": "421", "pop_black": 21, "pop_native": "0", "pop_asian": "103", "pop_pacific": "0", "pop_other": "31", "pop_two_plus": "0", "pop_hispanic": 31, "pop_non_citizen": null, "poverty_universe": null, "pop_poverty": null, "total_households": 332, "renter_occupied": 295, "unemployed": "12", "single_parent_households": "67", "state": "06", "county": "067", "tract": "008703", "block group": "2", "surveilled_sites_count": 0, "surveilled_sites_list": "None", "surveilled_categories": "None", "pct_poverty": null, "pct_renter": 88.855421686746979, "pct_non_citizen": null, "pct_black": 3.6458333333333335, "pct_hispanic": 5.3819444444444446 }, "geometry": { "type": "Point", "coordinates": [ -121.218053900000015, 38.6336569 ] } },
{ "type": "Feature", "properties": { "id": 12603026635, "lat": 38.6153179, "lon": -121.1485823, "direction": 230.0, "operator": "Unknown", "brand": "Unknown", "STATEFP": "06", "COUNTYFP": "067", "TRACTCE": "008602", "BLKGRPCE": "2", "AFFGEOID": "1500000US060670086022", "GEOID": "060670086022", "NAME_x": "2", "NAMELSAD": "Block Group 2", "LSAD": "BG", "ALAND": 153459119, "AWATER": 209134, "NAME_y": "Block Group 2; Census Tract 86.02; Sacramento County; California", "pop_total": 674, "median_income": 92679.0, "pop_white": "398", "pop_black": 4, "pop_native": "4", "pop_asian": "137", "pop_pacific": "0", "pop_other": "65", "pop_two_plus": "66", "pop_hispanic": 158, "pop_non_citizen": null, "poverty_universe": null, "pop_poverty": null, "total_households": 314, "renter_occupied": 37, "unemployed": "47", "single_parent_households": "47", "state": "06", "county": "067", "tract": "008602", "block group": "2", "surveilled_sites_count": 0, "surveilled_sites_list": "None", "surveilled_categories": "None", "pct_poverty": null, "pct_renter": 11.783439490445859, "pct_non_citizen": null, "pct_black": 0.59347181008902083, "pct_hispanic": 23.442136498516319 }, "geometry": { "type": "Point", "coordinates": [ -121.1485823, 38.615317900000043 ] } },
{ "type": "Feature", "properties": { "id": 12603026636, "lat": 38.6157088, "lon": -121.1497323, "direction": 315.0, "operator": "Unknown", "brand": "Unknown", "STATEFP": "06", "COUNTYFP": "067", "TRACTCE": "008508", "BLKGRPCE": "4", "AFFGEOID": "1500000US060670085084", "GEOID": "060670085084", "NAME_x": "4", "NAMELSAD": "Block Group 4", "LSAD": "BG", "ALAND": 14925417, "AWATER": 0, "NAME_y": "Block Group 4; Census Tract 85.08; Sacramento County; California", "pop_total": 664, "median_income": 250001.0, "pop_white": "293", "pop_black": 0, "pop_native": "0", "pop_asian": "295", "pop_pacific": "0", "pop_other": "0", "pop_two_plus": "76", "pop_hispanic": 191, "pop_non_citizen": null, "poverty_universe": null, "pop_poverty": null, "total_households": 265, "renter_occupied": 0, "unemployed": "0", "single_parent_households": "197", "state": "06", "county": "067", "tract": "008508", "block group": "4", "surveilled_sites_count": 0, "surveilled_sites_list": "None", "surveilled_categories": "None", "pct_poverty": null, "pct_renter": 0.0, "pct_non_citizen": null, "pct_black": 0.0, "pct_hispanic": 28.765060240963859 }, "geometry": { "type": "Point", "coordinates": [ -121.1497323, 38.615708799999958 ] } },
{ "type": "Feature", "properties": { "id": 12727107870, "lat": 38.5591425, "lon": -121.2433817, "direction": 160.0, "operator": "Unknown", "brand": "Unknown", "STATEFP": "06", "COUNTYFP": "067", "TRACTCE": "008802", "BLKGRPCE": "1", "AFFGEOID": "1500000US060670088021", "GEOID": "060670088021", "NAME_x": "1", "NAMELSAD": "Block Group 1", "LSAD": "BG", "ALAND": 9196451, "AWATER": 0, "NAME_y": "Block Group 1; Census Tract 88.02; Sacramento County; California", "pop_total": 983, "median_income": 154000.0, "pop_white": "610", "pop_black": 65, "pop_native": "4", "pop_asian": "133", "pop_pacific": "0", "pop_other": "4", "pop_two_plus": "167", "pop_hispanic": 101, "pop_non_citizen": null, "poverty_universe": null, "pop_poverty": null, "total_households": 320, "renter_occupied": 5, "unemployed": "16", "single_parent_households": "127", "state": "06", "county": "067", "tract": "008802", "block group": "1", "surveilled_sites_count": 0, "surveilled_sites_list": "None", "surveilled_categories": "None", "pct_poverty": null, "pct_renter": 1.5625, "pct_non_citizen": null, "pct_black": 6.6124109867751777, "pct_hispanic": 10.274669379450661 }, "geometry": { "type": "Point", "coordinates": [ -121.243381700000015, 38.559142500000029 ] } },
{ "type": "Feature", "properties": { "id": 12727107871, "lat": 38.5592591, "lon": -121.242801, "direction": 75.0, "operator": "Unknown", "brand": "Unknown", "STATEFP": "06", "COUNTYFP": "067", "TRACTCE": "008704", "BLKGRPCE": "3", "AFFGEOID": "1500000US060670087043", "GEOID": "060670087043", "NAME_x": "3", "NAMELSAD": "Block Group 3", "LSAD": "BG", "ALAND": 616666, "AWATER": 0, "NAME_y": "Block Group 3; Census Tract 87.04; Sacramento County; California", "pop_total": 2117, "median_income": 147148.0, "pop_white": "1059", "pop_black": 168, "pop_native": "0", "pop_asian": "704", "pop_pacific": "0", "pop_other": "23", "pop_two_plus": "163", "pop_hispanic": 211, "pop_non_citizen": null, "poverty_universe": null, "pop_poverty": null, "total_households": 547, "renter_occupied": 83, "unemployed": "28", "single_parent_households": "347", "state": "06", "county": "067", "tract": "008704", "block group": "3", "surveilled_sites_count": 0, "surveilled_sites_list": "None", "surveilled_categories": "None", "pct_poverty": null, "pct_renter": 15.173674588665447, "pct_non_citizen": null, "pct_black": 7.9357581483230994, "pct_hispanic": 9.9669343410486544 }, "geometry": { "type": "Point", "coordinates": [ -121.242801, 38.559259099999935 ] } },
{ "type": "Feature", "properties": { "id": 12727107872, "lat": 38.559658, "lon": -121.2431541, "direction": 330.0, "operator": "Unknown", "brand": "Unknown", "STATEFP": "06", "COUNTYFP": "067", "TRACTCE": "008706", "BLKGRPCE": "2", "AFFGEOID": "1500000US060670087062", "GEOID": "060670087062", "NAME_x": "2", "NAMELSAD": "Block Group 2", "LSAD": "BG", "ALAND": 58921697, "AWATER": 0, "NAME_y": "Block Group 2; Census Tract 87.06; Sacramento County; California", "pop_total": 0, "median_income": null, "pop_white": "0", "pop_black": 0, "pop_native": "0", "pop_asian": "0", "pop_pacific": "0", "pop_other": "0", "pop_two_plus": "0", "pop_hispanic": 0, "pop_non_citizen": null, "poverty_universe": null, "pop_poverty": null, "total_households": 0, "renter_occupied": 0, "unemployed": "0", "single_parent_households": "0", "state": "06", "county": "067", "tract": "008706", "block group": "2", "surveilled_sites_count": 0, "surveilled_sites_list": "None", "surveilled_categories": "None", "pct_poverty": null, "pct_renter": 0.0, "pct_non_citizen": null, "pct_black": 0.0, "pct_hispanic": 0.0 }, "geometry": { "type": "Point", "coordinates": [ -121.2431541, 38.559658 ] } },
{ "type": "Feature", "properties": { "id": 12727107873, "lat": 38.5595764, "lon": -121.2436878, "direction": 245.0, "operator": "Unknown", "brand": "Unknown", "STATEFP": "06", "COUNTYFP": "067", "TRACTCE": "008802", "BLKGRPCE": "1", "AFFGEOID": "1500000US060670088021", "GEOID": "060670088021", "NAME_x": "1", "NAMELSAD": "Block Group 1", "LSAD": "BG", "ALAND": 9196451, "AWATER": 0, "NAME_y": "Block Group 1; Census Tract 88.02; Sacramento County; California", "pop_total": 983, "median_income": 154000.0, "pop_white": "610", "pop_black": 65, "pop_native": "4", "pop_asian": "133", "pop_pacific": "0", "pop_other": "4", "pop_two_plus": "167", "pop_hispanic": 101, "pop_non_citizen": null, "poverty_universe": null, "pop_poverty": null, "total_households": 320, "renter_occupied": 5, "unemployed": "16", "single_parent_households": "127", "state": "06", "county": "067", "tract": "008802", "block group": "1", "surveilled_sites_count": 0, "surveilled_sites_list": "None", "surveilled_categories": "None", "pct_poverty": null, "pct_renter": 1.5625, "pct_non_citizen": null, "pct_black": 6.6124109867751777, "pct_hispanic": 10.274669379450661 }, "geometry": { "type": "Point", "coordinates": [ -121.2436878, 38.559576399999955 ] } },
{ "type": "Feature", "properties": { "id": 12727107874, "lat": 38.6012914, "lon": -121.2664646, "direction": 359.0, "operator": "Unknown", "brand": "Unknown", "STATEFP": "06", "COUNTYFP": "067", "TRACTCE": "009010", "BLKGRPCE": "4", "AFFGEOID": "1500000US060670090104", "GEOID": "060670090104", "NAME_x": "4", "NAMELSAD": "Block Group 4", "LSAD": "BG", "ALAND": 4137963, "AWATER": 0, "NAME_y": "Block Group 4; Census Tract 90.10; Sacramento County; California", "pop_total": 1708, "median_income": 101818.0, "pop_white": "723", "pop_black": 387, "pop_native": "0", "pop_asian": "185", "pop_pacific": "0", "pop_other": "91", "pop_two_plus": "322", "pop_hispanic": 151, "pop_non_citizen": null, "poverty_universe": null, "pop_poverty": null, "total_households": 756, "renter_occupied": 251, "unemployed": "71", "single_parent_households": "164", "state": "06", "county": "067", "tract": "009010", "block group": "4", "surveilled_sites_count": 0, "surveilled_sites_list": "None", "surveilled_categories": "None", "pct_poverty": null, "pct_renter": 33.201058201058203, "pct_non_citizen": null, "pct_black": 22.658079625292739, "pct_hispanic": 8.840749414519907 }, "geometry": { "type": "Point", "coordinates": [ -121.26646460000002, 38.601291400000015 ] } },
{ "type": "Feature", "properties": { "id": 12727135142, "lat": 38.5619563, "lon": -121.3358896, "direction": 65.0, "operator": "Unknown", "brand": "Unknown", "STATEFP": "06", "COUNTYFP": "067", "TRACTCE": "009005", "BLKGRPCE": "1", "AFFGEOID": "1500000US060670090051", "GEOID": "060670090051", "NAME_x": "1", "NAMELSAD": "Block Group 1", "LSAD": "BG", "ALAND": 827184, "AWATER": 0, "NAME_y": "Block Group 1; Census Tract 90.05; Sacramento County; California", "pop_total": 3054, "median_income": 72303.0, "pop_white": "1213", "pop_black": 353, "pop_native": "7", "pop_asian": "332", "pop_pacific": "75", "pop_other": "659", "pop_two_plus": "415", "pop_hispanic": 952, "pop_non_citizen": null, "poverty_universe": null, "pop_poverty": null, "total_households": 1051, "renter_occupied": 415, "unemployed": "138", "single_parent_households": "499", "state": "06", "county": "067", "tract": "009005", "block group": "1", "surveilled_sites_count": 0, "surveilled_sites_list": "None", "surveilled_categories": "None", "pct_poverty": null, "pct_renter": 39.48620361560419, "pct_non_citizen": null, "pct_black": 11.558611656843484, "pct_hispanic": 31.172233136869682 }, "geometry": { "type": "Point", "coordinates": [ -121.3358896, 38.561956300000013 ] } },
{ "type": "Feature", "properties": { "id": 12732106420, "lat": 38.5960141, "lon": -121.2886351, "direction": 40.0, "operator": "Unknown", "brand": "Unknown", "STATEFP": "06", "COUNTYFP": "067", "TRACTCE": "009010", "BLKGRPCE": "4", "AFFGEOID": "1500000US060670090104", "GEOID": "060670090104", "NAME_x": "4", "NAMELSAD": "Block Group 4", "LSAD": "BG", "ALAND": 4137963, "AWATER": 0, "NAME_y": "Block Group 4; Census Tract 90.10; Sacramento County; California", "pop_total": 1708, "median_income": 101818.0, "pop_white": "723", "pop_black": 387, "pop_native": "0", "pop_asian": "185", "pop_pacific": "0", "pop_other": "91", "pop_two_plus": "322", "pop_hispanic": 151, "pop_non_citizen": null, "poverty_universe": null, "pop_poverty": null, "total_households": 756, "renter_occupied": 251, "unemployed": "71", "single_parent_households": "164", "state": "06", "county": "067", "tract": "009010", "block group": "4", "surveilled_sites_count": 0, "surveilled_sites_list": "None", "surveilled_categories": "None", "pct_poverty": null, "pct_renter": 33.201058201058203, "pct_non_citizen": null, "pct_black": 22.658079625292739, "pct_hispanic": 8.840749414519907 }, "geometry": { "type": "Point", "coordinates": [ -121.2886351, 38.596014099999984 ] } },
{ "type": "Feature", "properties": { "id": 12732106421, "lat": 38.5960737, "lon": -121.2891966, "direction": 220.0, "operator": "Unknown", "brand": "Unknown", "STATEFP": "06", "COUNTYFP": "067", "TRACTCE": "008905", "BLKGRPCE": "2", "AFFGEOID": "1500000US060670089052", "GEOID": "060670089052", "NAME_x": "2", "NAMELSAD": "Block Group 2", "LSAD": "BG", "ALAND": 600390, "AWATER": 0, "NAME_y": "Block Group 2; Census Tract 89.05; Sacramento County; California", "pop_total": 1761, "median_income": 85875.0, "pop_white": "1145", "pop_black": 54, "pop_native": "0", "pop_asian": "242", "pop_pacific": "0", "pop_other": "201", "pop_two_plus": "119", "pop_hispanic": 220, "pop_non_citizen": null, "poverty_universe": null, "pop_poverty": null, "total_households": 594, "renter_occupied": 274, "unemployed": "94", "single_parent_households": "191", "state": "06", "county": "067", "tract": "008905", "block group": "2", "surveilled_sites_count": 0, "surveilled_sites_list": "None", "surveilled_categories": "None", "pct_poverty": null, "pct_renter": 46.127946127946132, "pct_non_citizen": null, "pct_black": 3.0664395229982966, "pct_hispanic": 12.492901760363431 }, "geometry": { "type": "Point", "coordinates": [ -121.2891966, 38.5960737 ] } },
{ "type": "Feature", "properties": { "id": 12732106422, "lat": 38.5932231, "lon": -121.2880386, "direction": 165.0, "operator": "Unknown", "brand": "Unknown", "STATEFP": "06", "COUNTYFP": "067", "TRACTCE": "009010", "BLKGRPCE": "4", "AFFGEOID": "1500000US060670090104", "GEOID": "060670090104", "NAME_x": "4", "NAMELSAD": "Block Group 4", "LSAD": "BG", "ALAND": 4137963, "AWATER": 0, "NAME_y": "Block Group 4; Census Tract 90.10; Sacramento County; California", "pop_total": 1708, "median_income": 101818.0, "pop_white": "723", "pop_black": 387, "pop_native": "0", "pop_asian": "185", "pop_pacific": "0", "pop_other": "91", "pop_two_plus": "322", "pop_hispanic": 151, "pop_non_citizen": null, "poverty_universe": null, "pop_poverty": null, "total_households": 756, "renter_occupied": 251, "unemployed": "71", "single_parent_households": "164", "state": "06", "county": "067", "tract": "009010", "block group": "4", "surveilled_sites_count": 0, "surveilled_sites_list": "None", "surveilled_categories": "None", "pct_poverty": null, "pct_renter": 33.201058201058203, "pct_non_citizen": null, "pct_black": 22.658079625292739, "pct_hispanic": 8.840749414519907 }, "geometry": { "type": "Point", "coordinates": [ -121.2880386, 38.593223100000046 ] } },
{ "type": "Feature", "properties": { "id": 12895870938, "lat": 38.6178718, "lon": -121.4012147, "direction": 61.0, "operator": "Unknown", "brand": "Unknown", "STATEFP": "06", "COUNTYFP": "067", "TRACTCE": "006102", "BLKGRPCE": "1", "AFFGEOID": "1500000US060670061021", "GEOID": "060670061021", "NAME_x": "1", "NAMELSAD": "Block Group 1", "LSAD": "BG", "ALAND": 357302, "AWATER": 0, "NAME_y": "Block Group 1; Census Tract 61.02; Sacramento County; California", "pop_total": 1908, "median_income": 43892.0, "pop_white": "910", "pop_black": 200, "pop_native": "0", "pop_asian": "325", "pop_pacific": "0", "pop_other": "68", "pop_two_plus": "405", "pop_hispanic": 500, "pop_non_citizen": null, "poverty_universe": null, "pop_poverty": null, "total_households": 905, "renter_occupied": 839, "unemployed": "33", "single_parent_households": "240", "state": "06", "county": "067", "tract": "006102", "block group": "1", "surveilled_sites_count": 0, "surveilled_sites_list": "None", "surveilled_categories": "None", "pct_poverty": null, "pct_renter": 92.707182320442001, "pct_non_citizen": null, "pct_black": 10.482180293501047, "pct_hispanic": 26.20545073375262 }, "geometry": { "type": "Point", "coordinates": [ -121.401214700000011, 38.6178718 ] } },
{ "type": "Feature", "properties": { "id": 12895911089, "lat": 38.5958881, "lon": -121.4012248, "direction": 80.0, "operator": "Unknown", "brand": "Unknown", "STATEFP": "06", "COUNTYFP": "067", "TRACTCE": "005605", "BLKGRPCE": "1", "AFFGEOID": "1500000US060670056051", "GEOID": "060670056051", "NAME_x": "1", "NAMELSAD": "Block Group 1", "LSAD": "BG", "ALAND": 645400, "AWATER": 0, "NAME_y": "Block Group 1; Census Tract 56.05; Sacramento County; California", "pop_total": 1542, "median_income": 80536.0, "pop_white": "862", "pop_black": 121, "pop_native": "0", "pop_asian": "110", "pop_pacific": "0", "pop_other": "91", "pop_two_plus": "358", "pop_hispanic": 230, "pop_non_citizen": null, "poverty_universe": null, "pop_poverty": null, "total_households": 624, "renter_occupied": 325, "unemployed": "49", "single_parent_households": "135", "state": "06", "county": "067", "tract": "005605", "block group": "1", "surveilled_sites_count": 0, "surveilled_sites_list": "None", "surveilled_categories": "None", "pct_poverty": null, "pct_renter": 52.083333333333336, "pct_non_citizen": null, "pct_black": 7.8469520103761345, "pct_hispanic": 14.915693904020753 }, "geometry": { "type": "Point", "coordinates": [ -121.4012248, 38.595888100000018 ] } },
{ "type": "Feature", "properties": { "id": 12895918329, "lat": 38.6181478, "lon": -121.4017147, "direction": 232.0, "operator": "Unknown", "brand": "Unknown", "STATEFP": "06", "COUNTYFP": "067", "TRACTCE": "006203", "BLKGRPCE": "2", "AFFGEOID": "1500000US060670062032", "GEOID": "060670062032", "NAME_x": "2", "NAMELSAD": "Block Group 2", "LSAD": "BG", "ALAND": 646922, "AWATER": 0, "NAME_y": "Block Group 2; Census Tract 62.03; Sacramento County; California", "pop_total": 2589, "median_income": 34069.0, "pop_white": "822", "pop_black": 316, "pop_native": "0", "pop_asian": "1020", "pop_pacific": "0", "pop_other": "273", "pop_two_plus": "158", "pop_hispanic": 609, "pop_non_citizen": null, "poverty_universe": null, "pop_poverty": null, "total_households": 814, "renter_occupied": 536, "unemployed": "165", "single_parent_households": "308", "state": "06", "county": "067", "tract": "006203", "block group": "2", "surveilled_sites_count": 0, "surveilled_sites_list": "None", "surveilled_categories": "None", "pct_poverty": null, "pct_renter": 65.847665847665851, "pct_non_citizen": null, "pct_black": 12.205484743144071, "pct_hispanic": 23.522595596755504 }, "geometry": { "type": "Point", "coordinates": [ -121.4017147, 38.6181478 ] } },
{ "type": "Feature", "properties": { "id": 12895952047, "lat": 38.5965851, "lon": -121.4013478, "direction": -15.0, "operator": "Unknown", "brand": "Unknown", "STATEFP": "06", "COUNTYFP": "067", "TRACTCE": "005601", "BLKGRPCE": "3", "AFFGEOID": "1500000US060670056013", "GEOID": "060670056013", "NAME_x": "3", "NAMELSAD": "Block Group 3", "LSAD": "BG", "ALAND": 663416, "AWATER": 0, "NAME_y": "Block Group 3; Census Tract 56.01; Sacramento County; California", "pop_total": 1619, "median_income": 53750.0, "pop_white": "890", "pop_black": 0, "pop_native": "0", "pop_asian": "339", "pop_pacific": "204", "pop_other": "0", "pop_two_plus": "186", "pop_hispanic": 97, "pop_non_citizen": null, "poverty_universe": null, "pop_poverty": null, "total_households": 578, "renter_occupied": 529, "unemployed": "200", "single_parent_households": "165", "state": "06", "county": "067", "tract": "005601", "block group": "3", "surveilled_sites_count": 0, "surveilled_sites_list": "None", "surveilled_categories": "None", "pct_poverty": null, "pct_renter": 91.522491349480973, "pct_non_citizen": null, "pct_black": 0.0, "pct_hispanic": 5.9913526868437312 }, "geometry": { "type": "Point", "coordinates": [ -121.4013478, 38.596585100000027 ] } },
{ "type": "Feature", "properties": { "id": 12913849948, "lat": 38.6408325, "lon": -121.5210532, "direction": 20.0, "operator": "Unknown", "brand": "Unknown", "STATEFP": "06", "COUNTYFP": "067", "TRACTCE": "007028", "BLKGRPCE": "3", "AFFGEOID": "1500000US060670070283", "GEOID": "060670070283", "NAME_x": "3", "NAMELSAD": "Block Group 3", "LSAD": "BG", "ALAND": 1223686, "AWATER": 0, "NAME_y": "Block Group 3; Census Tract 70.28; Sacramento County; California", "pop_total": 1901, "median_income": 100568.0, "pop_white": "713", "pop_black": 190, "pop_native": "0", "pop_asian": "457", "pop_pacific": "0", "pop_other": "151", "pop_two_plus": "390", "pop_hispanic": 515, "pop_non_citizen": null, "poverty_universe": null, "pop_poverty": null, "total_households": 804, "renter_occupied": 402, "unemployed": "31", "single_parent_households": "199", "state": "06", "county": "067", "tract": "007028", "block group": "3", "surveilled_sites_count": 0, "surveilled_sites_list": "None", "surveilled_categories": "None", "pct_poverty": null, "pct_renter": 50.0, "pct_non_citizen": null, "pct_black": 9.9947396107311945, "pct_hispanic": 27.091004734350342 }, "geometry": { "type": "Point", "coordinates": [ -121.521053200000011, 38.6408325 ] } },
{ "type": "Feature", "properties": { "id": 12918213431, "lat": 38.6012652, "lon": -121.415021, "direction": 250.0, "operator": "Unknown", "brand": "Unknown", "STATEFP": "06", "COUNTYFP": "067", "TRACTCE": "005505", "BLKGRPCE": "2", "AFFGEOID": "1500000US060670055052", "GEOID": "060670055052", "NAME_x": "2", "NAMELSAD": "Block Group 2", "LSAD": "BG", "ALAND": 557329, "AWATER": 0, "NAME_y": "Block Group 2; Census Tract 55.05; Sacramento County; California", "pop_total": 1152, "median_income": 59557.0, "pop_white": "567", "pop_black": 253, "pop_native": "0", "pop_asian": "149", "pop_pacific": "17", "pop_other": "39", "pop_two_plus": "127", "pop_hispanic": 276, "pop_non_citizen": null, "poverty_universe": null, "pop_poverty": null, "total_households": 503, "renter_occupied": 503, "unemployed": "166", "single_parent_households": "107", "state": "06", "county": "067", "tract": "005505", "block group": "2", "surveilled_sites_count": 0, "surveilled_sites_list": "None", "surveilled_categories": "None", "pct_poverty": null, "pct_renter": 100.0, "pct_non_citizen": null, "pct_black": 21.961805555555554, "pct_hispanic": 23.958333333333336 }, "geometry": { "type": "Point", "coordinates": [ -121.415021, 38.601265200000022 ] } },
{ "type": "Feature", "properties": { "id": 12918255079, "lat": 38.6034742, "lon": -121.4121986, "direction": 75.0, "operator": "Unknown", "brand": "Unknown", "STATEFP": "06", "COUNTYFP": "067", "TRACTCE": "005505", "BLKGRPCE": "2", "AFFGEOID": "1500000US060670055052", "GEOID": "060670055052", "NAME_x": "2", "NAMELSAD": "Block Group 2", "LSAD": "BG", "ALAND": 557329, "AWATER": 0, "NAME_y": "Block Group 2; Census Tract 55.05; Sacramento County; California", "pop_total": 1152, "median_income": 59557.0, "pop_white": "567", "pop_black": 253, "pop_native": "0", "pop_asian": "149", "pop_pacific": "17", "pop_other": "39", "pop_two_plus": "127", "pop_hispanic": 276, "pop_non_citizen": null, "poverty_universe": null, "pop_poverty": null, "total_households": 503, "renter_occupied": 503, "unemployed": "166", "single_parent_households": "107", "state": "06", "county": "067", "tract": "005505", "block group": "2", "surveilled_sites_count": 0, "surveilled_sites_list": "None", "surveilled_categories": "None", "pct_poverty": null, "pct_renter": 100.0, "pct_non_citizen": null, "pct_black": 21.961805555555554, "pct_hispanic": 23.958333333333336 }, "geometry": { "type": "Point", "coordinates": [ -121.412198600000011, 38.603474200000022 ] } },
{ "type": "Feature", "properties": { "id": 12918255799, "lat": 38.6034476, "lon": -121.4144727, "direction": 35.0, "operator": "Unknown", "brand": "Unknown", "STATEFP": "06", "COUNTYFP": "067", "TRACTCE": "005505", "BLKGRPCE": "2", "AFFGEOID": "1500000US060670055052", "GEOID": "060670055052", "NAME_x": "2", "NAMELSAD": "Block Group 2", "LSAD": "BG", "ALAND": 557329, "AWATER": 0, "NAME_y": "Block Group 2; Census Tract 55.05; Sacramento County; California", "pop_total": 1152, "median_income": 59557.0, "pop_white": "567", "pop_black": 253, "pop_native": "0", "pop_asian": "149", "pop_pacific": "17", "pop_other": "39", "pop_two_plus": "127", "pop_hispanic": 276, "pop_non_citizen": null, "poverty_universe": null, "pop_poverty": null, "total_households": 503, "renter_occupied": 503, "unemployed": "166", "single_parent_households": "107", "state": "06", "county": "067", "tract": "005505", "block group": "2", "surveilled_sites_count": 0, "surveilled_sites_list": "None", "surveilled_categories": "None", "pct_poverty": null, "pct_renter": 100.0, "pct_non_citizen": null, "pct_black": 21.961805555555554, "pct_hispanic": 23.958333333333336 }, "geometry": { "type": "Point", "coordinates": [ -121.414472700000019, 38.6034476 ] } },
{ "type": "Feature", "properties": { "id": 12918273267, "lat": 38.6107112, "lon": -121.4151002, "direction": 75.0, "operator": "Unknown", "brand": "Unknown", "STATEFP": "06", "COUNTYFP": "067", "TRACTCE": "005505", "BLKGRPCE": "1", "AFFGEOID": "1500000US060670055051", "GEOID": "060670055051", "NAME_x": "1", "NAMELSAD": "Block Group 1", "LSAD": "BG", "ALAND": 966537, "AWATER": 0, "NAME_y": "Block Group 1; Census Tract 55.05; Sacramento County; California", "pop_total": 1551, "median_income": 70074.0, "pop_white": "957", "pop_black": 76, "pop_native": "0", "pop_asian": "44", "pop_pacific": "0", "pop_other": "362", "pop_two_plus": "112", "pop_hispanic": 656, "pop_non_citizen": null, "poverty_universe": null, "pop_poverty": null, "total_households": 719, "renter_occupied": 353, "unemployed": "22", "single_parent_households": "146", "state": "06", "county": "067", "tract": "005505", "block group": "1", "surveilled_sites_count": 0, "surveilled_sites_list": "None", "surveilled_categories": "None", "pct_poverty": null, "pct_renter": 49.09596662030598, "pct_non_citizen": null, "pct_black": 4.9000644745325594, "pct_hispanic": 42.29529335912315 }, "geometry": { "type": "Point", "coordinates": [ -121.415100199999983, 38.61071120000004 ] } },
{ "type": "Feature", "properties": { "id": 12918273325, "lat": 38.6021783, "lon": -121.4150558, "direction": 270.0, "operator": "Unknown", "brand": "Unknown", "STATEFP": "06", "COUNTYFP": "067", "TRACTCE": "005505", "BLKGRPCE": "2", "AFFGEOID": "1500000US060670055052", "GEOID": "060670055052", "NAME_x": "2", "NAMELSAD": "Block Group 2", "LSAD": "BG", "ALAND": 557329, "AWATER": 0, "NAME_y": "Block Group 2; Census Tract 55.05; Sacramento County; California", "pop_total": 1152, "median_income": 59557.0, "pop_white": "567", "pop_black": 253, "pop_native": "0", "pop_asian": "149", "pop_pacific": "17", "pop_other": "39", "pop_two_plus": "127", "pop_hispanic": 276, "pop_non_citizen": null, "poverty_universe": null, "pop_poverty": null, "total_households": 503, "renter_occupied": 503, "unemployed": "166", "single_parent_households": "107", "state": "06", "county": "067", "tract": "005505", "block group": "2", "surveilled_sites_count": 0, "surveilled_sites_list": "None", "surveilled_categories": "None", "pct_poverty": null, "pct_renter": 100.0, "pct_non_citizen": null, "pct_black": 21.961805555555554, "pct_hispanic": 23.958333333333336 }, "geometry": { "type": "Point", "coordinates": [ -121.4150558, 38.60217829999997 ] } },
{ "type": "Feature", "properties": { "id": 12918277853, "lat": 38.6109555, "lon": -121.415191, "direction": 331.0, "operator": "Unknown", "brand": "Unknown", "STATEFP": "06", "COUNTYFP": "067", "TRACTCE": "006204", "BLKGRPCE": "2", "AFFGEOID": "1500000US060670062042", "GEOID": "060670062042", "NAME_x": "2", "NAMELSAD": "Block Group 2", "LSAD": "BG", "ALAND": 654582, "AWATER": 0, "NAME_y": "Block Group 2; Census Tract 62.04; Sacramento County; California", "pop_total": 2258, "median_income": 58828.0, "pop_white": "480", "pop_black": 95, "pop_native": "30", "pop_asian": "512", "pop_pacific": "0", "pop_other": "779", "pop_two_plus": "362", "pop_hispanic": 822, "pop_non_citizen": null, "poverty_universe": null, "pop_poverty": null, "total_households": 774, "renter_occupied": 424, "unemployed": "74", "single_parent_households": "290", "state": "06", "county": "067", "tract": "006204", "block group": "2", "surveilled_sites_count": 0, "surveilled_sites_list": "None", "surveilled_categories": "None", "pct_poverty": null, "pct_renter": 54.780361757105943, "pct_non_citizen": null, "pct_black": 4.2072630646589904, "pct_hispanic": 36.403897254207266 }, "geometry": { "type": "Point", "coordinates": [ -121.415191, 38.610955500000017 ] } },
{ "type": "Feature", "properties": { "id": 12918278806, "lat": 38.5963231, "lon": -121.4170306, "direction": 0.0, "operator": "Unknown", "brand": "Unknown", "STATEFP": "06", "COUNTYFP": "067", "TRACTCE": "005502", "BLKGRPCE": "3", "AFFGEOID": "1500000US060670055023", "GEOID": "060670055023", "NAME_x": "3", "NAMELSAD": "Block Group 3", "LSAD": "BG", "ALAND": 665142, "AWATER": 0, "NAME_y": "Block Group 3; Census Tract 55.02; Sacramento County; California", "pop_total": 2791, "median_income": 46875.0, "pop_white": "1015", "pop_black": 419, "pop_native": "0", "pop_asian": "228", "pop_pacific": "0", "pop_other": "825", "pop_two_plus": "304", "pop_hispanic": 1294, "pop_non_citizen": null, "poverty_universe": null, "pop_poverty": null, "total_households": 950, "renter_occupied": 785, "unemployed": "102", "single_parent_households": "327", "state": "06", "county": "067", "tract": "005502", "block group": "3", "surveilled_sites_count": 0, "surveilled_sites_list": "None", "surveilled_categories": "None", "pct_poverty": null, "pct_renter": 82.631578947368425, "pct_non_citizen": null, "pct_black": 15.012540308133286, "pct_hispanic": 46.363310641347191 }, "geometry": { "type": "Point", "coordinates": [ -121.4170306, 38.596323099999985 ] } },
{ "type": "Feature", "properties": { "id": 12918314126, "lat": 38.6001232, "lon": -121.4260642, "direction": 105.0, "operator": "Unknown", "brand": "Unknown", "STATEFP": "06", "COUNTYFP": "067", "TRACTCE": "005502", "BLKGRPCE": "2", "AFFGEOID": "1500000US060670055022", "GEOID": "060670055022", "NAME_x": "2", "NAMELSAD": "Block Group 2", "LSAD": "BG", "ALAND": 880433, "AWATER": 0, "NAME_y": "Block Group 2; Census Tract 55.02; Sacramento County; California", "pop_total": 1993, "median_income": 59596.0, "pop_white": "566", "pop_black": 421, "pop_native": "37", "pop_asian": "90", "pop_pacific": "0", "pop_other": "603", "pop_two_plus": "276", "pop_hispanic": 1040, "pop_non_citizen": null, "poverty_universe": null, "pop_poverty": null, "total_households": 726, "renter_occupied": 191, "unemployed": "56", "single_parent_households": "186", "state": "06", "county": "067", "tract": "005502", "block group": "2", "surveilled_sites_count": 0, "surveilled_sites_list": "None", "surveilled_categories": "None", "pct_poverty": null, "pct_renter": 26.308539944903579, "pct_non_citizen": null, "pct_black": 21.12393376818866, "pct_hispanic": 52.182639237330655 }, "geometry": { "type": "Point", "coordinates": [ -121.426064200000013, 38.6001232 ] } },
{ "type": "Feature", "properties": { "id": 12918317608, "lat": 38.598151, "lon": -121.4164766, "direction": 180.0, "operator": "Unknown", "brand": "Unknown", "STATEFP": "06", "COUNTYFP": "067", "TRACTCE": "005502", "BLKGRPCE": "3", "AFFGEOID": "1500000US060670055023", "GEOID": "060670055023", "NAME_x": "3", "NAMELSAD": "Block Group 3", "LSAD": "BG", "ALAND": 665142, "AWATER": 0, "NAME_y": "Block Group 3; Census Tract 55.02; Sacramento County; California", "pop_total": 2791, "median_income": 46875.0, "pop_white": "1015", "pop_black": 419, "pop_native": "0", "pop_asian": "228", "pop_pacific": "0", "pop_other": "825", "pop_two_plus": "304", "pop_hispanic": 1294, "pop_non_citizen": null, "poverty_universe": null, "pop_poverty": null, "total_households": 950, "renter_occupied": 785, "unemployed": "102", "single_parent_households": "327", "state": "06", "county": "067", "tract": "005502", "block group": "3", "surveilled_sites_count": 0, "surveilled_sites_list": "None", "surveilled_categories": "None", "pct_poverty": null, "pct_renter": 82.631578947368425, "pct_non_citizen": null, "pct_black": 15.012540308133286, "pct_hispanic": 46.363310641347191 }, "geometry": { "type": "Point", "coordinates": [ -121.4164766, 38.598151 ] } },
{ "type": "Feature", "properties": { "id": 12988788485, "lat": 38.6739598, "lon": -121.5791501, "direction": 50.0, "operator": "Unknown", "brand": "Unknown", "STATEFP": "06", "COUNTYFP": "067", "TRACTCE": "007101", "BLKGRPCE": "1", "AFFGEOID": "1500000US060670071011", "GEOID": "060670071011", "NAME_x": "1", "NAMELSAD": "Block Group 1", "LSAD": "BG", "ALAND": 75757022, "AWATER": 756966, "NAME_y": "Block Group 1; Census Tract 71.01; Sacramento County; California", "pop_total": 200, "median_income": 178438.0, "pop_white": "200", "pop_black": 0, "pop_native": "0", "pop_asian": "0", "pop_pacific": "0", "pop_other": "0", "pop_two_plus": "0", "pop_hispanic": 0, "pop_non_citizen": null, "poverty_universe": null, "pop_poverty": null, "total_households": 67, "renter_occupied": 20, "unemployed": "0", "single_parent_households": "4", "state": "06", "county": "067", "tract": "007101", "block group": "1", "surveilled_sites_count": 0, "surveilled_sites_list": "None", "surveilled_categories": "None", "pct_poverty": null, "pct_renter": 29.850746268656714, "pct_non_citizen": null, "pct_black": 0.0, "pct_hispanic": 0.0 }, "geometry": { "type": "Point", "coordinates": [ -121.579150100000021, 38.6739598 ] } },
{ "type": "Feature", "properties": { "id": 12988819392, "lat": 38.6740966, "lon": -121.5792609, "direction": 210.0, "operator": "Unknown", "brand": "Unknown", "STATEFP": "06", "COUNTYFP": "067", "TRACTCE": "007101", "BLKGRPCE": "1", "AFFGEOID": "1500000US060670071011", "GEOID": "060670071011", "NAME_x": "1", "NAMELSAD": "Block Group 1", "LSAD": "BG", "ALAND": 75757022, "AWATER": 756966, "NAME_y": "Block Group 1; Census Tract 71.01; Sacramento County; California", "pop_total": 200, "median_income": 178438.0, "pop_white": "200", "pop_black": 0, "pop_native": "0", "pop_asian": "0", "pop_pacific": "0", "pop_other": "0", "pop_two_plus": "0", "pop_hispanic": 0, "pop_non_citizen": null, "poverty_universe": null, "pop_poverty": null, "total_households": 67, "renter_occupied": 20, "unemployed": "0", "single_parent_households": "4", "state": "06", "county": "067", "tract": "007101", "block group": "1", "surveilled_sites_count": 0, "surveilled_sites_list": "None", "surveilled_categories": "None", "pct_poverty": null, "pct_renter": 29.850746268656714, "pct_non_citizen": null, "pct_black": 0.0, "pct_hispanic": 0.0 }, "geometry": { "type": "Point", "coordinates": [ -121.5792609, 38.674096600000013 ] } },
{ "type": "Feature", "properties": { "id": 13063727659, "lat": 38.4626463, "lon": -121.4178304, "direction": 90.0, "operator": "Unknown", "brand": "Unknown", "STATEFP": "06", "COUNTYFP": "067", "TRACTCE": "009641", "BLKGRPCE": "1", "AFFGEOID": "1500000US060670096411", "GEOID": "060670096411", "NAME_x": "1", "NAMELSAD": "Block Group 1", "LSAD": "BG", "ALAND": 1261547, "AWATER": 0, "NAME_y": "Block Group 1; Census Tract 96.41; Sacramento County; California", "pop_total": 1159, "median_income": 65987.0, "pop_white": "176", "pop_black": 127, "pop_native": "25", "pop_asian": "508", "pop_pacific": "187", "pop_other": "84", "pop_two_plus": "52", "pop_hispanic": 156, "pop_non_citizen": null, "poverty_universe": null, "pop_poverty": null, "total_households": 359, "renter_occupied": 159, "unemployed": "29", "single_parent_households": "73", "state": "06", "county": "067", "tract": "009641", "block group": "1", "surveilled_sites_count": 0, "surveilled_sites_list": "None", "surveilled_categories": "None", "pct_poverty": null, "pct_renter": 44.289693593314759, "pct_non_citizen": null, "pct_black": 10.957722174288181, "pct_hispanic": 13.459879206212252 }, "geometry": { "type": "Point", "coordinates": [ -121.417830399999986, 38.462646299999946 ] } },
{ "type": "Feature", "properties": { "id": 13095195384, "lat": 38.4963941, "lon": -121.452004, "direction": 160.0, "operator": "The Home Depot", "brand": "Unknown", "STATEFP": "06", "COUNTYFP": "067", "TRACTCE": "004502", "BLKGRPCE": "3", "AFFGEOID": "1500000US060670045023", "GEOID": "060670045023", "NAME_x": "3", "NAMELSAD": "Block Group 3", "LSAD": "BG", "ALAND": 667225, "AWATER": 0, "NAME_y": "Block Group 3; Census Tract 45.02; Sacramento County; California", "pop_total": 2162, "median_income": 52634.0, "pop_white": "223", "pop_black": 604, "pop_native": "24", "pop_asian": "449", "pop_pacific": "134", "pop_other": "623", "pop_two_plus": "105", "pop_hispanic": 694, "pop_non_citizen": null, "poverty_universe": null, "pop_poverty": null, "total_households": 631, "renter_occupied": 403, "unemployed": "50", "single_parent_households": "242", "state": "06", "county": "067", "tract": "004502", "block group": "3", "surveilled_sites_count": 0, "surveilled_sites_list": "None", "surveilled_categories": "None", "pct_poverty": null, "pct_renter": 63.866877971473848, "pct_non_citizen": null, "pct_black": 27.937095282146164, "pct_hispanic": 32.099907493061977 }, "geometry": { "type": "Point", "coordinates": [ -121.452004, 38.496394099999954 ] } },
{ "type": "Feature", "properties": { "id": 13095195385, "lat": 38.496272, "lon": -121.4518428, "direction": 300.0, "operator": "The Home Depot", "brand": "Unknown", "STATEFP": "06", "COUNTYFP": "067", "TRACTCE": "004502", "BLKGRPCE": "3", "AFFGEOID": "1500000US060670045023", "GEOID": "060670045023", "NAME_x": "3", "NAMELSAD": "Block Group 3", "LSAD": "BG", "ALAND": 667225, "AWATER": 0, "NAME_y": "Block Group 3; Census Tract 45.02; Sacramento County; California", "pop_total": 2162, "median_income": 52634.0, "pop_white": "223", "pop_black": 604, "pop_native": "24", "pop_asian": "449", "pop_pacific": "134", "pop_other": "623", "pop_two_plus": "105", "pop_hispanic": 694, "pop_non_citizen": null, "poverty_universe": null, "pop_poverty": null, "total_households": 631, "renter_occupied": 403, "unemployed": "50", "single_parent_households": "242", "state": "06", "county": "067", "tract": "004502", "block group": "3", "surveilled_sites_count": 0, "surveilled_sites_list": "None", "surveilled_categories": "None", "pct_poverty": null, "pct_renter": 63.866877971473848, "pct_non_citizen": null, "pct_black": 27.937095282146164, "pct_hispanic": 32.099907493061977 }, "geometry": { "type": "Point", "coordinates": [ -121.4518428, 38.496272 ] } },
{ "type": "Feature", "properties": { "id": 13095195386, "lat": 38.496267, "lon": -121.4518362, "direction": 240.0, "operator": "The Home Depot", "brand": "Unknown", "STATEFP": "06", "COUNTYFP": "067", "TRACTCE": "004502", "BLKGRPCE": "3", "AFFGEOID": "1500000US060670045023", "GEOID": "060670045023", "NAME_x": "3", "NAMELSAD": "Block Group 3", "LSAD": "BG", "ALAND": 667225, "AWATER": 0, "NAME_y": "Block Group 3; Census Tract 45.02; Sacramento County; California", "pop_total": 2162, "median_income": 52634.0, "pop_white": "223", "pop_black": 604, "pop_native": "24", "pop_asian": "449", "pop_pacific": "134", "pop_other": "623", "pop_two_plus": "105", "pop_hispanic": 694, "pop_non_citizen": null, "poverty_universe": null, "pop_poverty": null, "total_households": 631, "renter_occupied": 403, "unemployed": "50", "single_parent_households": "242", "state": "06", "county": "067", "tract": "004502", "block group": "3", "surveilled_sites_count": 0, "surveilled_sites_list": "None", "surveilled_categories": "None", "pct_poverty": null, "pct_renter": 63.866877971473848, "pct_non_citizen": null, "pct_black": 27.937095282146164, "pct_hispanic": 32.099907493061977 }, "geometry": { "type": "Point", "coordinates": [ -121.4518362, 38.496267 ] } },
{ "type": "Feature", "properties": { "id": 13095195387, "lat": 38.4962907, "lon": -121.4534305, "direction": 70.0, "operator": "The Home Depot", "brand": "Unknown", "STATEFP": "06", "COUNTYFP": "067", "TRACTCE": "004502", "BLKGRPCE": "3", "AFFGEOID": "1500000US060670045023", "GEOID": "060670045023", "NAME_x": "3", "NAMELSAD": "Block Group 3", "LSAD": "BG", "ALAND": 667225, "AWATER": 0, "NAME_y": "Block Group 3; Census Tract 45.02; Sacramento County; California", "pop_total": 2162, "median_income": 52634.0, "pop_white": "223", "pop_black": 604, "pop_native": "24", "pop_asian": "449", "pop_pacific": "134", "pop_other": "623", "pop_two_plus": "105", "pop_hispanic": 694, "pop_non_citizen": null, "poverty_universe": null, "pop_poverty": null, "total_households": 631, "renter_occupied": 403, "unemployed": "50", "single_parent_households": "242", "state": "06", "county": "067", "tract": "004502", "block group": "3", "surveilled_sites_count": 0, "surveilled_sites_list": "None", "surveilled_categories": "None", "pct_poverty": null, "pct_renter": 63.866877971473848, "pct_non_citizen": null, "pct_black": 27.937095282146164, "pct_hispanic": 32.099907493061977 }, "geometry": { "type": "Point", "coordinates": [ -121.4534305, 38.49629070000001 ] } },
{ "type": "Feature", "properties": { "id": 13095195388, "lat": 38.4968829, "lon": -121.4534275, "direction": 60.0, "operator": "The Home Depot", "brand": "Unknown", "STATEFP": "06", "COUNTYFP": "067", "TRACTCE": "004502", "BLKGRPCE": "3", "AFFGEOID": "1500000US060670045023", "GEOID": "060670045023", "NAME_x": "3", "NAMELSAD": "Block Group 3", "LSAD": "BG", "ALAND": 667225, "AWATER": 0, "NAME_y": "Block Group 3; Census Tract 45.02; Sacramento County; California", "pop_total": 2162, "median_income": 52634.0, "pop_white": "223", "pop_black": 604, "pop_native": "24", "pop_asian": "449", "pop_pacific": "134", "pop_other": "623", "pop_two_plus": "105", "pop_hispanic": 694, "pop_non_citizen": null, "poverty_universe": null, "pop_poverty": null, "total_households": 631, "renter_occupied": 403, "unemployed": "50", "single_parent_households": "242", "state": "06", "county": "067", "tract": "004502", "block group": "3", "surveilled_sites_count": 0, "surveilled_sites_list": "None", "surveilled_categories": "None", "pct_poverty": null, "pct_renter": 63.866877971473848, "pct_non_citizen": null, "pct_black": 27.937095282146164, "pct_hispanic": 32.099907493061977 }, "geometry": { "type": "Point", "coordinates": [ -121.4534275, 38.4968829 ] } },
{ "type": "Feature", "properties": { "id": 13095212492, "lat": 38.4819759, "lon": -121.5028082, "direction": 180.0, "operator": "The Home Depot", "brand": "Unknown", "STATEFP": "06", "COUNTYFP": "067", "TRACTCE": "004201", "BLKGRPCE": "2", "AFFGEOID": "1500000US060670042012", "GEOID": "060670042012", "NAME_x": "2", "NAMELSAD": "Block Group 2", "LSAD": "BG", "ALAND": 915710, "AWATER": 0, "NAME_y": "Block Group 2; Census Tract 42.01; Sacramento County; California", "pop_total": 3284, "median_income": 78500.0, "pop_white": "1236", "pop_black": 643, "pop_native": "33", "pop_asian": "382", "pop_pacific": "17", "pop_other": "710", "pop_two_plus": "263", "pop_hispanic": 1629, "pop_non_citizen": null, "poverty_universe": null, "pop_poverty": null, "total_households": 956, "renter_occupied": 400, "unemployed": "244", "single_parent_households": "462", "state": "06", "county": "067", "tract": "004201", "block group": "2", "surveilled_sites_count": 0, "surveilled_sites_list": "None", "surveilled_categories": "None", "pct_poverty": null, "pct_renter": 41.841004184100413, "pct_non_citizen": null, "pct_black": 19.579780755176614, "pct_hispanic": 49.604141291108405 }, "geometry": { "type": "Point", "coordinates": [ -121.5028082, 38.4819759 ] } },
{ "type": "Feature", "properties": { "id": 13095212493, "lat": 38.4820058, "lon": -121.5039288, "direction": 180.0, "operator": "The Home Depot", "brand": "Unknown", "STATEFP": "06", "COUNTYFP": "067", "TRACTCE": "004201", "BLKGRPCE": "2", "AFFGEOID": "1500000US060670042012", "GEOID": "060670042012", "NAME_x": "2", "NAMELSAD": "Block Group 2", "LSAD": "BG", "ALAND": 915710, "AWATER": 0, "NAME_y": "Block Group 2; Census Tract 42.01; Sacramento County; California", "pop_total": 3284, "median_income": 78500.0, "pop_white": "1236", "pop_black": 643, "pop_native": "33", "pop_asian": "382", "pop_pacific": "17", "pop_other": "710", "pop_two_plus": "263", "pop_hispanic": 1629, "pop_non_citizen": null, "poverty_universe": null, "pop_poverty": null, "total_households": 956, "renter_occupied": 400, "unemployed": "244", "single_parent_households": "462", "state": "06", "county": "067", "tract": "004201", "block group": "2", "surveilled_sites_count": 0, "surveilled_sites_list": "None", "surveilled_categories": "None", "pct_poverty": null, "pct_renter": 41.841004184100413, "pct_non_citizen": null, "pct_black": 19.579780755176614, "pct_hispanic": 49.604141291108405 }, "geometry": { "type": "Point", "coordinates": [ -121.5039288, 38.482005800000017 ] } },
{ "type": "Feature", "properties": { "id": 13095212494, "lat": 38.4820229, "lon": -121.5016147, "direction": 240.0, "operator": "The Home Depot", "brand": "Unknown", "STATEFP": "06", "COUNTYFP": "067", "TRACTCE": "004201", "BLKGRPCE": "2", "AFFGEOID": "1500000US060670042012", "GEOID": "060670042012", "NAME_x": "2", "NAMELSAD": "Block Group 2", "LSAD": "BG", "ALAND": 915710, "AWATER": 0, "NAME_y": "Block Group 2; Census Tract 42.01; Sacramento County; California", "pop_total": 3284, "median_income": 78500.0, "pop_white": "1236", "pop_black": 643, "pop_native": "33", "pop_asian": "382", "pop_pacific": "17", "pop_other": "710", "pop_two_plus": "263", "pop_hispanic": 1629, "pop_non_citizen": null, "poverty_universe": null, "pop_poverty": null, "total_households": 956, "renter_occupied": 400, "unemployed": "244", "single_parent_households": "462", "state": "06", "county": "067", "tract": "004201", "block group": "2", "surveilled_sites_count": 0, "surveilled_sites_list": "None", "surveilled_categories": "None", "pct_poverty": null, "pct_renter": 41.841004184100413, "pct_non_citizen": null, "pct_black": 19.579780755176614, "pct_hispanic": 49.604141291108405 }, "geometry": { "type": "Point", "coordinates": [ -121.5016147, 38.482022900000032 ] } },
{ "type": "Feature", "properties": { "id": 13095212495, "lat": 38.4823006, "lon": -121.504065, "direction": 40.0, "operator": "The Home Depot", "brand": "Unknown", "STATEFP": "06", "COUNTYFP": "067", "TRACTCE": "004201", "BLKGRPCE": "2", "AFFGEOID": "1500000US060670042012", "GEOID": "060670042012", "NAME_x": "2", "NAMELSAD": "Block Group 2", "LSAD": "BG", "ALAND": 915710, "AWATER": 0, "NAME_y": "Block Group 2; Census Tract 42.01; Sacramento County; California", "pop_total": 3284, "median_income": 78500.0, "pop_white": "1236", "pop_black": 643, "pop_native": "33", "pop_asian": "382", "pop_pacific": "17", "pop_other": "710", "pop_two_plus": "263", "pop_hispanic": 1629, "pop_non_citizen": null, "poverty_universe": null, "pop_poverty": null, "total_households": 956, "renter_occupied": 400, "unemployed": "244", "single_parent_households": "462", "state": "06", "county": "067", "tract": "004201", "block group": "2", "surveilled_sites_count": 0, "surveilled_sites_list": "None", "surveilled_categories": "None", "pct_poverty": null, "pct_renter": 41.841004184100413, "pct_non_citizen": null, "pct_black": 19.579780755176614, "pct_hispanic": 49.604141291108405 }, "geometry": { "type": "Point", "coordinates": [ -121.504065, 38.482300599999952 ] } },
{ "type": "Feature", "properties": { "id": 13095273437, "lat": 38.549548, "lon": -121.4102723, "direction": 190.0, "operator": "The Home Depot", "brand": "Unknown", "STATEFP": "06", "COUNTYFP": "067", "TRACTCE": "005205", "BLKGRPCE": "1", "AFFGEOID": "1500000US060670052051", "GEOID": "060670052051", "NAME_x": "1", "NAMELSAD": "Block Group 1", "LSAD": "BG", "ALAND": 8562208, "AWATER": 0, "NAME_y": "Block Group 1; Census Tract 52.05; Sacramento County; California", "pop_total": 1532, "median_income": 32500.0, "pop_white": "1200", "pop_black": 74, "pop_native": "0", "pop_asian": "58", "pop_pacific": "0", "pop_other": "87", "pop_two_plus": "113", "pop_hispanic": 503, "pop_non_citizen": null, "poverty_universe": null, "pop_poverty": null, "total_households": 668, "renter_occupied": 416, "unemployed": "83", "single_parent_households": "14", "state": "06", "county": "067", "tract": "005205", "block group": "1", "surveilled_sites_count": 0, "surveilled_sites_list": "None", "surveilled_categories": "None", "pct_poverty": null, "pct_renter": 62.275449101796411, "pct_non_citizen": null, "pct_black": 4.830287206266318, "pct_hispanic": 32.832898172323759 }, "geometry": { "type": "Point", "coordinates": [ -121.4102723, 38.549548 ] } },
{ "type": "Feature", "properties": { "id": 13095273438, "lat": 38.549542, "lon": -121.412625, "direction": 130.0, "operator": "The Home Depot", "brand": "Unknown", "STATEFP": "06", "COUNTYFP": "067", "TRACTCE": "005205", "BLKGRPCE": "1", "AFFGEOID": "1500000US060670052051", "GEOID": "060670052051", "NAME_x": "1", "NAMELSAD": "Block Group 1", "LSAD": "BG", "ALAND": 8562208, "AWATER": 0, "NAME_y": "Block Group 1; Census Tract 52.05; Sacramento County; California", "pop_total": 1532, "median_income": 32500.0, "pop_white": "1200", "pop_black": 74, "pop_native": "0", "pop_asian": "58", "pop_pacific": "0", "pop_other": "87", "pop_two_plus": "113", "pop_hispanic": 503, "pop_non_citizen": null, "poverty_universe": null, "pop_poverty": null, "total_households": 668, "renter_occupied": 416, "unemployed": "83", "single_parent_households": "14", "state": "06", "county": "067", "tract": "005205", "block group": "1", "surveilled_sites_count": 0, "surveilled_sites_list": "None", "surveilled_categories": "None", "pct_poverty": null, "pct_renter": 62.275449101796411, "pct_non_citizen": null, "pct_black": 4.830287206266318, "pct_hispanic": 32.832898172323759 }, "geometry": { "type": "Point", "coordinates": [ -121.412625, 38.549542 ] } },
{ "type": "Feature", "properties": { "id": 13095273439, "lat": 38.5489786, "lon": -121.4101589, "direction": 260.0, "operator": "The Home Depot", "brand": "Unknown", "STATEFP": "06", "COUNTYFP": "067", "TRACTCE": "005205", "BLKGRPCE": "1", "AFFGEOID": "1500000US060670052051", "GEOID": "060670052051", "NAME_x": "1", "NAMELSAD": "Block Group 1", "LSAD": "BG", "ALAND": 8562208, "AWATER": 0, "NAME_y": "Block Group 1; Census Tract 52.05; Sacramento County; California", "pop_total": 1532, "median_income": 32500.0, "pop_white": "1200", "pop_black": 74, "pop_native": "0", "pop_asian": "58", "pop_pacific": "0", "pop_other": "87", "pop_two_plus": "113", "pop_hispanic": 503, "pop_non_citizen": null, "poverty_universe": null, "pop_poverty": null, "total_households": 668, "renter_occupied": 416, "unemployed": "83", "single_parent_households": "14", "state": "06", "county": "067", "tract": "005205", "block group": "1", "surveilled_sites_count": 0, "surveilled_sites_list": "None", "surveilled_categories": "None", "pct_poverty": null, "pct_renter": 62.275449101796411, "pct_non_citizen": null, "pct_black": 4.830287206266318, "pct_hispanic": 32.832898172323759 }, "geometry": { "type": "Point", "coordinates": [ -121.4101589, 38.548978600000034 ] } },
{ "type": "Feature", "properties": { "id": 13095281636, "lat": 38.4538529, "lon": -121.4053113, "direction": 40.0, "operator": "Lowe's", "brand": "Unknown", "STATEFP": "06", "COUNTYFP": "067", "TRACTCE": "009335", "BLKGRPCE": "3", "AFFGEOID": "1500000US060670093353", "GEOID": "060670093353", "NAME_x": "3", "NAMELSAD": "Block Group 3", "LSAD": "BG", "ALAND": 353293, "AWATER": 0, "NAME_y": "Block Group 3; Census Tract 93.35; Sacramento County; California", "pop_total": 1660, "median_income": 38466.0, "pop_white": "669", "pop_black": 365, "pop_native": "0", "pop_asian": "413", "pop_pacific": "0", "pop_other": "66", "pop_two_plus": "147", "pop_hispanic": 480, "pop_non_citizen": null, "poverty_universe": null, "pop_poverty": null, "total_households": 659, "renter_occupied": 598, "unemployed": "136", "single_parent_households": "42", "state": "06", "county": "067", "tract": "009335", "block group": "3", "surveilled_sites_count": 0, "surveilled_sites_list": "None", "surveilled_categories": "None", "pct_poverty": null, "pct_renter": 90.743550834597869, "pct_non_citizen": null, "pct_black": 21.987951807228914, "pct_hispanic": 28.915662650602407 }, "geometry": { "type": "Point", "coordinates": [ -121.4053113, 38.45385289999998 ] } },
{ "type": "Feature", "properties": { "id": 13095281637, "lat": 38.4555189, "lon": -121.4036781, "direction": 220.0, "operator": "Lowe's", "brand": "Unknown", "STATEFP": "06", "COUNTYFP": "067", "TRACTCE": "009335", "BLKGRPCE": "3", "AFFGEOID": "1500000US060670093353", "GEOID": "060670093353", "NAME_x": "3", "NAMELSAD": "Block Group 3", "LSAD": "BG", "ALAND": 353293, "AWATER": 0, "NAME_y": "Block Group 3; Census Tract 93.35; Sacramento County; California", "pop_total": 1660, "median_income": 38466.0, "pop_white": "669", "pop_black": 365, "pop_native": "0", "pop_asian": "413", "pop_pacific": "0", "pop_other": "66", "pop_two_plus": "147", "pop_hispanic": 480, "pop_non_citizen": null, "poverty_universe": null, "pop_poverty": null, "total_households": 659, "renter_occupied": 598, "unemployed": "136", "single_parent_households": "42", "state": "06", "county": "067", "tract": "009335", "block group": "3", "surveilled_sites_count": 0, "surveilled_sites_list": "None", "surveilled_categories": "None", "pct_poverty": null, "pct_renter": 90.743550834597869, "pct_non_citizen": null, "pct_black": 21.987951807228914, "pct_hispanic": 28.915662650602407 }, "geometry": { "type": "Point", "coordinates": [ -121.4036781, 38.455518900000015 ] } },
{ "type": "Feature", "properties": { "id": 13095281638, "lat": 38.4551081, "lon": -121.4052327, "direction": 60.0, "operator": "Lowe's", "brand": "Unknown", "STATEFP": "06", "COUNTYFP": "067", "TRACTCE": "009335", "BLKGRPCE": "3", "AFFGEOID": "1500000US060670093353", "GEOID": "060670093353", "NAME_x": "3", "NAMELSAD": "Block Group 3", "LSAD": "BG", "ALAND": 353293, "AWATER": 0, "NAME_y": "Block Group 3; Census Tract 93.35; Sacramento County; California", "pop_total": 1660, "median_income": 38466.0, "pop_white": "669", "pop_black": 365, "pop_native": "0", "pop_asian": "413", "pop_pacific": "0", "pop_other": "66", "pop_two_plus": "147", "pop_hispanic": 480, "pop_non_citizen": null, "poverty_universe": null, "pop_poverty": null, "total_households": 659, "renter_occupied": 598, "unemployed": "136", "single_parent_households": "42", "state": "06", "county": "067", "tract": "009335", "block group": "3", "surveilled_sites_count": 0, "surveilled_sites_list": "None", "surveilled_categories": "None", "pct_poverty": null, "pct_renter": 90.743550834597869, "pct_non_citizen": null, "pct_black": 21.987951807228914, "pct_hispanic": 28.915662650602407 }, "geometry": { "type": "Point", "coordinates": [ -121.405232699999985, 38.4551081 ] } },
{ "type": "Feature", "properties": { "id": 13095291592, "lat": 38.4258003, "lon": -121.4002007, "direction": 270.0, "operator": "The Home Depot", "brand": "Unknown", "STATEFP": "06", "COUNTYFP": "067", "TRACTCE": "009639", "BLKGRPCE": "1", "AFFGEOID": "1500000US060670096391", "GEOID": "060670096391", "NAME_x": "1", "NAMELSAD": "Block Group 1", "LSAD": "BG", "ALAND": 1190313, "AWATER": 0, "NAME_y": "Block Group 1; Census Tract 96.39; Sacramento County; California", "pop_total": 1121, "median_income": 140313.0, "pop_white": "338", "pop_black": 59, "pop_native": "0", "pop_asian": "594", "pop_pacific": "0", "pop_other": "117", "pop_two_plus": "13", "pop_hispanic": 143, "pop_non_citizen": null, "poverty_universe": null, "pop_poverty": null, "total_households": 276, "renter_occupied": 75, "unemployed": "86", "single_parent_households": "156", "state": "06", "county": "067", "tract": "009639", "block group": "1", "surveilled_sites_count": 0, "surveilled_sites_list": "None", "surveilled_categories": "None", "pct_poverty": null, "pct_renter": 27.173913043478258, "pct_non_citizen": null, "pct_black": 5.2631578947368416, "pct_hispanic": 12.756467439785906 }, "geometry": { "type": "Point", "coordinates": [ -121.4002007, 38.425800299999985 ] } },
{ "type": "Feature", "properties": { "id": 13095291593, "lat": 38.4243628, "lon": -121.4011736, "direction": 330.0, "operator": "The Home Depot", "brand": "Unknown", "STATEFP": "06", "COUNTYFP": "067", "TRACTCE": "009639", "BLKGRPCE": "1", "AFFGEOID": "1500000US060670096391", "GEOID": "060670096391", "NAME_x": "1", "NAMELSAD": "Block Group 1", "LSAD": "BG", "ALAND": 1190313, "AWATER": 0, "NAME_y": "Block Group 1; Census Tract 96.39; Sacramento County; California", "pop_total": 1121, "median_income": 140313.0, "pop_white": "338", "pop_black": 59, "pop_native": "0", "pop_asian": "594", "pop_pacific": "0", "pop_other": "117", "pop_two_plus": "13", "pop_hispanic": 143, "pop_non_citizen": null, "poverty_universe": null, "pop_poverty": null, "total_households": 276, "renter_occupied": 75, "unemployed": "86", "single_parent_households": "156", "state": "06", "county": "067", "tract": "009639", "block group": "1", "surveilled_sites_count": 0, "surveilled_sites_list": "None", "surveilled_categories": "None", "pct_poverty": null, "pct_renter": 27.173913043478258, "pct_non_citizen": null, "pct_black": 5.2631578947368416, "pct_hispanic": 12.756467439785906 }, "geometry": { "type": "Point", "coordinates": [ -121.4011736, 38.4243628 ] } },
{ "type": "Feature", "properties": { "id": 13095291594, "lat": 38.4243398, "lon": -121.4016011, "direction": 340.0, "operator": "The Home Depot", "brand": "Unknown", "STATEFP": "06", "COUNTYFP": "067", "TRACTCE": "009639", "BLKGRPCE": "1", "AFFGEOID": "1500000US060670096391", "GEOID": "060670096391", "NAME_x": "1", "NAMELSAD": "Block Group 1", "LSAD": "BG", "ALAND": 1190313, "AWATER": 0, "NAME_y": "Block Group 1; Census Tract 96.39; Sacramento County; California", "pop_total": 1121, "median_income": 140313.0, "pop_white": "338", "pop_black": 59, "pop_native": "0", "pop_asian": "594", "pop_pacific": "0", "pop_other": "117", "pop_two_plus": "13", "pop_hispanic": 143, "pop_non_citizen": null, "poverty_universe": null, "pop_poverty": null, "total_households": 276, "renter_occupied": 75, "unemployed": "86", "single_parent_households": "156", "state": "06", "county": "067", "tract": "009639", "block group": "1", "surveilled_sites_count": 0, "surveilled_sites_list": "None", "surveilled_categories": "None", "pct_poverty": null, "pct_renter": 27.173913043478258, "pct_non_citizen": null, "pct_black": 5.2631578947368416, "pct_hispanic": 12.756467439785906 }, "geometry": { "type": "Point", "coordinates": [ -121.4016011, 38.424339799999984 ] } },
{ "type": "Feature", "properties": { "id": 13095299862, "lat": 38.6707263, "lon": -121.1572148, "direction": 350.0, "operator": "Lowe's", "brand": "Unknown", "STATEFP": "06", "COUNTYFP": "067", "TRACTCE": "008402", "BLKGRPCE": "3", "AFFGEOID": "1500000US060670084023", "GEOID": "060670084023", "NAME_x": "3", "NAMELSAD": "Block Group 3", "LSAD": "BG", "ALAND": 1620425, "AWATER": 0, "NAME_y": "Block Group 3; Census Tract 84.02; Sacramento County; California", "pop_total": 2748, "median_income": 117202.0, "pop_white": "1995", "pop_black": 26, "pop_native": "26", "pop_asian": "58", "pop_pacific": "0", "pop_other": "504", "pop_two_plus": "139", "pop_hispanic": 782, "pop_non_citizen": null, "poverty_universe": null, "pop_poverty": null, "total_households": 905, "renter_occupied": 154, "unemployed": "164", "single_parent_households": "407", "state": "06", "county": "067", "tract": "008402", "block group": "3", "surveilled_sites_count": 0, "surveilled_sites_list": "None", "surveilled_categories": "None", "pct_poverty": null, "pct_renter": 17.016574585635357, "pct_non_citizen": null, "pct_black": 0.94614264919941782, "pct_hispanic": 28.457059679767106 }, "geometry": { "type": "Point", "coordinates": [ -121.1572148, 38.6707263 ] } },
{ "type": "Feature", "properties": { "id": 13095299863, "lat": 38.6720749, "lon": -121.1585145, "direction": 100.0, "operator": "Lowe's", "brand": "Unknown", "STATEFP": "06", "COUNTYFP": "067", "TRACTCE": "008402", "BLKGRPCE": "3", "AFFGEOID": "1500000US060670084023", "GEOID": "060670084023", "NAME_x": "3", "NAMELSAD": "Block Group 3", "LSAD": "BG", "ALAND": 1620425, "AWATER": 0, "NAME_y": "Block Group 3; Census Tract 84.02; Sacramento County; California", "pop_total": 2748, "median_income": 117202.0, "pop_white": "1995", "pop_black": 26, "pop_native": "26", "pop_asian": "58", "pop_pacific": "0", "pop_other": "504", "pop_two_plus": "139", "pop_hispanic": 782, "pop_non_citizen": null, "poverty_universe": null, "pop_poverty": null, "total_households": 905, "renter_occupied": 154, "unemployed": "164", "single_parent_households": "407", "state": "06", "county": "067", "tract": "008402", "block group": "3", "surveilled_sites_count": 0, "surveilled_sites_list": "None", "surveilled_categories": "None", "pct_poverty": null, "pct_renter": 17.016574585635357, "pct_non_citizen": null, "pct_black": 0.94614264919941782, "pct_hispanic": 28.457059679767106 }, "geometry": { "type": "Point", "coordinates": [ -121.158514499999981, 38.672074900000013 ] } },
{ "type": "Feature", "properties": { "id": 13095299864, "lat": 38.6721571, "lon": -121.1564731, "direction": 300.0, "operator": "Lowe's", "brand": "Unknown", "STATEFP": "06", "COUNTYFP": "067", "TRACTCE": "008402", "BLKGRPCE": "3", "AFFGEOID": "1500000US060670084023", "GEOID": "060670084023", "NAME_x": "3", "NAMELSAD": "Block Group 3", "LSAD": "BG", "ALAND": 1620425, "AWATER": 0, "NAME_y": "Block Group 3; Census Tract 84.02; Sacramento County; California", "pop_total": 2748, "median_income": 117202.0, "pop_white": "1995", "pop_black": 26, "pop_native": "26", "pop_asian": "58", "pop_pacific": "0", "pop_other": "504", "pop_two_plus": "139", "pop_hispanic": 782, "pop_non_citizen": null, "poverty_universe": null, "pop_poverty": null, "total_households": 905, "renter_occupied": 154, "unemployed": "164", "single_parent_households": "407", "state": "06", "county": "067", "tract": "008402", "block group": "3", "surveilled_sites_count": 0, "surveilled_sites_list": "None", "surveilled_categories": "None", "pct_poverty": null, "pct_renter": 17.016574585635357, "pct_non_citizen": null, "pct_black": 0.94614264919941782, "pct_hispanic": 28.457059679767106 }, "geometry": { "type": "Point", "coordinates": [ -121.156473099999985, 38.6721571 ] } },
{ "type": "Feature", "properties": { "id": 13095299865, "lat": 38.6714351, "lon": -121.1564629, "direction": 270.0, "operator": "Lowe's", "brand": "Unknown", "STATEFP": "06", "COUNTYFP": "067", "TRACTCE": "008402", "BLKGRPCE": "3", "AFFGEOID": "1500000US060670084023", "GEOID": "060670084023", "NAME_x": "3", "NAMELSAD": "Block Group 3", "LSAD": "BG", "ALAND": 1620425, "AWATER": 0, "NAME_y": "Block Group 3; Census Tract 84.02; Sacramento County; California", "pop_total": 2748, "median_income": 117202.0, "pop_white": "1995", "pop_black": 26, "pop_native": "26", "pop_asian": "58", "pop_pacific": "0", "pop_other": "504", "pop_two_plus": "139", "pop_hispanic": 782, "pop_non_citizen": null, "poverty_universe": null, "pop_poverty": null, "total_households": 905, "renter_occupied": 154, "unemployed": "164", "single_parent_households": "407", "state": "06", "county": "067", "tract": "008402", "block group": "3", "surveilled_sites_count": 0, "surveilled_sites_list": "None", "surveilled_categories": "None", "pct_poverty": null, "pct_renter": 17.016574585635357, "pct_non_citizen": null, "pct_black": 0.94614264919941782, "pct_hispanic": 28.457059679767106 }, "geometry": { "type": "Point", "coordinates": [ -121.1564629, 38.6714351 ] } },
{ "type": "Feature", "properties": { "id": 13095308413, "lat": 38.5826283, "lon": -121.2828484, "direction": 300.0, "operator": "Lowe's", "brand": "Unknown", "STATEFP": "06", "COUNTYFP": "067", "TRACTCE": "009010", "BLKGRPCE": "4", "AFFGEOID": "1500000US060670090104", "GEOID": "060670090104", "NAME_x": "4", "NAMELSAD": "Block Group 4", "LSAD": "BG", "ALAND": 4137963, "AWATER": 0, "NAME_y": "Block Group 4; Census Tract 90.10; Sacramento County; California", "pop_total": 1708, "median_income": 101818.0, "pop_white": "723", "pop_black": 387, "pop_native": "0", "pop_asian": "185", "pop_pacific": "0", "pop_other": "91", "pop_two_plus": "322", "pop_hispanic": 151, "pop_non_citizen": null, "poverty_universe": null, "pop_poverty": null, "total_households": 756, "renter_occupied": 251, "unemployed": "71", "single_parent_households": "164", "state": "06", "county": "067", "tract": "009010", "block group": "4", "surveilled_sites_count": 0, "surveilled_sites_list": "None", "surveilled_categories": "None", "pct_poverty": null, "pct_renter": 33.201058201058203, "pct_non_citizen": null, "pct_black": 22.658079625292739, "pct_hispanic": 8.840749414519907 }, "geometry": { "type": "Point", "coordinates": [ -121.28284840000002, 38.5826283 ] } },
{ "type": "Feature", "properties": { "id": 13095308414, "lat": 38.584046, "lon": -121.2836629, "direction": 200.0, "operator": "Lowe's", "brand": "Unknown", "STATEFP": "06", "COUNTYFP": "067", "TRACTCE": "009010", "BLKGRPCE": "4", "AFFGEOID": "1500000US060670090104", "GEOID": "060670090104", "NAME_x": "4", "NAMELSAD": "Block Group 4", "LSAD": "BG", "ALAND": 4137963, "AWATER": 0, "NAME_y": "Block Group 4; Census Tract 90.10; Sacramento County; California", "pop_total": 1708, "median_income": 101818.0, "pop_white": "723", "pop_black": 387, "pop_native": "0", "pop_asian": "185", "pop_pacific": "0", "pop_other": "91", "pop_two_plus": "322", "pop_hispanic": 151, "pop_non_citizen": null, "poverty_universe": null, "pop_poverty": null, "total_households": 756, "renter_occupied": 251, "unemployed": "71", "single_parent_households": "164", "state": "06", "county": "067", "tract": "009010", "block group": "4", "surveilled_sites_count": 0, "surveilled_sites_list": "None", "surveilled_categories": "None", "pct_poverty": null, "pct_renter": 33.201058201058203, "pct_non_citizen": null, "pct_black": 22.658079625292739, "pct_hispanic": 8.840749414519907 }, "geometry": { "type": "Point", "coordinates": [ -121.2836629, 38.584046 ] } },
{ "type": "Feature", "properties": { "id": 13095311889, "lat": 38.6019271, "lon": -121.2669179, "direction": 270.0, "operator": "Lowe's", "brand": "Unknown", "STATEFP": "06", "COUNTYFP": "067", "TRACTCE": "009010", "BLKGRPCE": "4", "AFFGEOID": "1500000US060670090104", "GEOID": "060670090104", "NAME_x": "4", "NAMELSAD": "Block Group 4", "LSAD": "BG", "ALAND": 4137963, "AWATER": 0, "NAME_y": "Block Group 4; Census Tract 90.10; Sacramento County; California", "pop_total": 1708, "median_income": 101818.0, "pop_white": "723", "pop_black": 387, "pop_native": "0", "pop_asian": "185", "pop_pacific": "0", "pop_other": "91", "pop_two_plus": "322", "pop_hispanic": 151, "pop_non_citizen": null, "poverty_universe": null, "pop_poverty": null, "total_households": 756, "renter_occupied": 251, "unemployed": "71", "single_parent_households": "164", "state": "06", "county": "067", "tract": "009010", "block group": "4", "surveilled_sites_count": 0, "surveilled_sites_list": "None", "surveilled_categories": "None", "pct_poverty": null, "pct_renter": 33.201058201058203, "pct_non_citizen": null, "pct_black": 22.658079625292739, "pct_hispanic": 8.840749414519907 }, "geometry": { "type": "Point", "coordinates": [ -121.2669179, 38.601927099999969 ] } },
{ "type": "Feature", "properties": { "id": 13095322837, "lat": 38.677283, "lon": -121.2720363, "direction": 320.0, "operator": "Lowe's", "brand": "Unknown", "STATEFP": "06", "COUNTYFP": "067", "TRACTCE": "008138", "BLKGRPCE": "1", "AFFGEOID": "1500000US060670081381", "GEOID": "060670081381", "NAME_x": "1", "NAMELSAD": "Block Group 1", "LSAD": "BG", "ALAND": 722723, "AWATER": 0, "NAME_y": "Block Group 1; Census Tract 81.38; Sacramento County; California", "pop_total": 698, "median_income": 102500.0, "pop_white": "497", "pop_black": 69, "pop_native": "0", "pop_asian": "30", "pop_pacific": "0", "pop_other": "48", "pop_two_plus": "54", "pop_hispanic": 97, "pop_non_citizen": null, "poverty_universe": null, "pop_poverty": null, "total_households": 232, "renter_occupied": 125, "unemployed": "26", "single_parent_households": "64", "state": "06", "county": "067", "tract": "008138", "block group": "1", "surveilled_sites_count": 0, "surveilled_sites_list": "None", "surveilled_categories": "None", "pct_poverty": null, "pct_renter": 53.879310344827594, "pct_non_citizen": null, "pct_black": 9.8853868194842409, "pct_hispanic": 13.896848137535816 }, "geometry": { "type": "Point", "coordinates": [ -121.2720363, 38.677283 ] } },
{ "type": "Feature", "properties": { "id": 13095322838, "lat": 38.6782038, "lon": -121.2728744, "direction": 160.0, "operator": "Lowe's", "brand": "Unknown", "STATEFP": "06", "COUNTYFP": "067", "TRACTCE": "008138", "BLKGRPCE": "1", "AFFGEOID": "1500000US060670081381", "GEOID": "060670081381", "NAME_x": "1", "NAMELSAD": "Block Group 1", "LSAD": "BG", "ALAND": 722723, "AWATER": 0, "NAME_y": "Block Group 1; Census Tract 81.38; Sacramento County; California", "pop_total": 698, "median_income": 102500.0, "pop_white": "497", "pop_black": 69, "pop_native": "0", "pop_asian": "30", "pop_pacific": "0", "pop_other": "48", "pop_two_plus": "54", "pop_hispanic": 97, "pop_non_citizen": null, "poverty_universe": null, "pop_poverty": null, "total_households": 232, "renter_occupied": 125, "unemployed": "26", "single_parent_households": "64", "state": "06", "county": "067", "tract": "008138", "block group": "1", "surveilled_sites_count": 0, "surveilled_sites_list": "None", "surveilled_categories": "None", "pct_poverty": null, "pct_renter": 53.879310344827594, "pct_non_citizen": null, "pct_black": 9.8853868194842409, "pct_hispanic": 13.896848137535816 }, "geometry": { "type": "Point", "coordinates": [ -121.272874400000021, 38.6782038 ] } },
{ "type": "Feature", "properties": { "id": 13095322839, "lat": 38.6780392, "lon": -121.2743435, "direction": 200.0, "operator": "Lowe's", "brand": "Unknown", "STATEFP": "06", "COUNTYFP": "067", "TRACTCE": "008138", "BLKGRPCE": "1", "AFFGEOID": "1500000US060670081381", "GEOID": "060670081381", "NAME_x": "1", "NAMELSAD": "Block Group 1", "LSAD": "BG", "ALAND": 722723, "AWATER": 0, "NAME_y": "Block Group 1; Census Tract 81.38; Sacramento County; California", "pop_total": 698, "median_income": 102500.0, "pop_white": "497", "pop_black": 69, "pop_native": "0", "pop_asian": "30", "pop_pacific": "0", "pop_other": "48", "pop_two_plus": "54", "pop_hispanic": 97, "pop_non_citizen": null, "poverty_universe": null, "pop_poverty": null, "total_households": 232, "renter_occupied": 125, "unemployed": "26", "single_parent_households": "64", "state": "06", "county": "067", "tract": "008138", "block group": "1", "surveilled_sites_count": 0, "surveilled_sites_list": "None", "surveilled_categories": "None", "pct_poverty": null, "pct_renter": 53.879310344827594, "pct_non_citizen": null, "pct_black": 9.8853868194842409, "pct_hispanic": 13.896848137535816 }, "geometry": { "type": "Point", "coordinates": [ -121.2743435, 38.678039199999986 ] } },
{ "type": "Feature", "properties": { "id": 13095324760, "lat": 38.7047957, "lon": -121.3279538, "direction": 270.0, "operator": "The Home Depot", "brand": "Unknown", "STATEFP": "06", "COUNTYFP": "067", "TRACTCE": "008127", "BLKGRPCE": "1", "AFFGEOID": "1500000US060670081271", "GEOID": "060670081271", "NAME_x": "1", "NAMELSAD": "Block Group 1", "LSAD": "BG", "ALAND": 1449264, "AWATER": 0, "NAME_y": "Block Group 1; Census Tract 81.27; Sacramento County; California", "pop_total": 2415, "median_income": 82148.0, "pop_white": "1775", "pop_black": 43, "pop_native": "68", "pop_asian": "95", "pop_pacific": "10", "pop_other": "170", "pop_two_plus": "254", "pop_hispanic": 470, "pop_non_citizen": null, "poverty_universe": null, "pop_poverty": null, "total_households": 800, "renter_occupied": 104, "unemployed": "73", "single_parent_households": "288", "state": "06", "county": "067", "tract": "008127", "block group": "1", "surveilled_sites_count": 0, "surveilled_sites_list": "None", "surveilled_categories": "None", "pct_poverty": null, "pct_renter": 13.0, "pct_non_citizen": null, "pct_black": 1.7805383022774328, "pct_hispanic": 19.461697722567287 }, "geometry": { "type": "Point", "coordinates": [ -121.327953800000017, 38.704795699999956 ] } },
{ "type": "Feature", "properties": { "id": 13095324761, "lat": 38.7059895, "lon": -121.3284989, "direction": 80.0, "operator": "The Home Depot", "brand": "Unknown", "STATEFP": "06", "COUNTYFP": "067", "TRACTCE": "008127", "BLKGRPCE": "1", "AFFGEOID": "1500000US060670081271", "GEOID": "060670081271", "NAME_x": "1", "NAMELSAD": "Block Group 1", "LSAD": "BG", "ALAND": 1449264, "AWATER": 0, "NAME_y": "Block Group 1; Census Tract 81.27; Sacramento County; California", "pop_total": 2415, "median_income": 82148.0, "pop_white": "1775", "pop_black": 43, "pop_native": "68", "pop_asian": "95", "pop_pacific": "10", "pop_other": "170", "pop_two_plus": "254", "pop_hispanic": 470, "pop_non_citizen": null, "poverty_universe": null, "pop_poverty": null, "total_households": 800, "renter_occupied": 104, "unemployed": "73", "single_parent_households": "288", "state": "06", "county": "067", "tract": "008127", "block group": "1", "surveilled_sites_count": 0, "surveilled_sites_list": "None", "surveilled_categories": "None", "pct_poverty": null, "pct_renter": 13.0, "pct_non_citizen": null, "pct_black": 1.7805383022774328, "pct_hispanic": 19.461697722567287 }, "geometry": { "type": "Point", "coordinates": [ -121.3284989, 38.705989499999966 ] } },
{ "type": "Feature", "properties": { "id": 13095324762, "lat": 38.7053867, "lon": -121.3277108, "direction": 360.0, "operator": "The Home Depot", "brand": "Unknown", "STATEFP": "06", "COUNTYFP": "067", "TRACTCE": "008127", "BLKGRPCE": "1", "AFFGEOID": "1500000US060670081271", "GEOID": "060670081271", "NAME_x": "1", "NAMELSAD": "Block Group 1", "LSAD": "BG", "ALAND": 1449264, "AWATER": 0, "NAME_y": "Block Group 1; Census Tract 81.27; Sacramento County; California", "pop_total": 2415, "median_income": 82148.0, "pop_white": "1775", "pop_black": 43, "pop_native": "68", "pop_asian": "95", "pop_pacific": "10", "pop_other": "170", "pop_two_plus": "254", "pop_hispanic": 470, "pop_non_citizen": null, "poverty_universe": null, "pop_poverty": null, "total_households": 800, "renter_occupied": 104, "unemployed": "73", "single_parent_households": "288", "state": "06", "county": "067", "tract": "008127", "block group": "1", "surveilled_sites_count": 0, "surveilled_sites_list": "None", "surveilled_categories": "None", "pct_poverty": null, "pct_renter": 13.0, "pct_non_citizen": null, "pct_black": 1.7805383022774328, "pct_hispanic": 19.461697722567287 }, "geometry": { "type": "Point", "coordinates": [ -121.3277108, 38.7053867 ] } },
{ "type": "Feature", "properties": { "id": 13157040470, "lat": 38.6453212, "lon": -121.1360873, "direction": 225.0, "operator": "Unknown", "brand": "Unknown", "STATEFP": "06", "COUNTYFP": "067", "TRACTCE": "008507", "BLKGRPCE": "2", "AFFGEOID": "1500000US060670085072", "GEOID": "060670085072", "NAME_x": "2", "NAMELSAD": "Block Group 2", "LSAD": "BG", "ALAND": 2298357, "AWATER": 0, "NAME_y": "Block Group 2; Census Tract 85.07; Sacramento County; California", "pop_total": 2445, "median_income": 131894.0, "pop_white": "956", "pop_black": 238, "pop_native": "0", "pop_asian": "670", "pop_pacific": "0", "pop_other": "52", "pop_two_plus": "529", "pop_hispanic": 407, "pop_non_citizen": null, "poverty_universe": null, "pop_poverty": null, "total_households": 844, "renter_occupied": 423, "unemployed": "65", "single_parent_households": "328", "state": "06", "county": "067", "tract": "008507", "block group": "2", "surveilled_sites_count": 0, "surveilled_sites_list": "None", "surveilled_categories": "None", "pct_poverty": null, "pct_renter": 50.118483412322277, "pct_non_citizen": null, "pct_black": 9.7341513292433532, "pct_hispanic": 16.646216768916155 }, "geometry": { "type": "Point", "coordinates": [ -121.136087300000014, 38.645321199999984 ] } },
{ "type": "Feature", "properties": { "id": 13158439777, "lat": 38.4559017, "lon": -121.405078, "direction": 85.0, "operator": "Unknown", "brand": "Unknown", "STATEFP": "06", "COUNTYFP": "067", "TRACTCE": "009335", "BLKGRPCE": "3", "AFFGEOID": "1500000US060670093353", "GEOID": "060670093353", "NAME_x": "3", "NAMELSAD": "Block Group 3", "LSAD": "BG", "ALAND": 353293, "AWATER": 0, "NAME_y": "Block Group 3; Census Tract 93.35; Sacramento County; California", "pop_total": 1660, "median_income": 38466.0, "pop_white": "669", "pop_black": 365, "pop_native": "0", "pop_asian": "413", "pop_pacific": "0", "pop_other": "66", "pop_two_plus": "147", "pop_hispanic": 480, "pop_non_citizen": null, "poverty_universe": null, "pop_poverty": null, "total_households": 659, "renter_occupied": 598, "unemployed": "136", "single_parent_households": "42", "state": "06", "county": "067", "tract": "009335", "block group": "3", "surveilled_sites_count": 0, "surveilled_sites_list": "None", "surveilled_categories": "None", "pct_poverty": null, "pct_renter": 90.743550834597869, "pct_non_citizen": null, "pct_black": 21.987951807228914, "pct_hispanic": 28.915662650602407 }, "geometry": { "type": "Point", "coordinates": [ -121.405078, 38.455901700000013 ] } },
{ "type": "Feature", "properties": { "id": 13158439778, "lat": 38.4562699, "lon": -121.4056276, "direction": 280.0, "operator": "Unknown", "brand": "Unknown", "STATEFP": "06", "COUNTYFP": "067", "TRACTCE": "009320", "BLKGRPCE": "1", "AFFGEOID": "1500000US060670093201", "GEOID": "060670093201", "NAME_x": "1", "NAMELSAD": "Block Group 1", "LSAD": "BG", "ALAND": 730028, "AWATER": 0, "NAME_y": "Block Group 1; Census Tract 93.20; Sacramento County; California", "pop_total": 1250, "median_income": null, "pop_white": "58", "pop_black": 406, "pop_native": "0", "pop_asian": "377", "pop_pacific": "13", "pop_other": "43", "pop_two_plus": "353", "pop_hispanic": 398, "pop_non_citizen": null, "poverty_universe": null, "pop_poverty": null, "total_households": 450, "renter_occupied": 296, "unemployed": "0", "single_parent_households": "118", "state": "06", "county": "067", "tract": "009320", "block group": "1", "surveilled_sites_count": 0, "surveilled_sites_list": "None", "surveilled_categories": "None", "pct_poverty": null, "pct_renter": 65.777777777777786, "pct_non_citizen": null, "pct_black": 32.48, "pct_hispanic": 31.84 }, "geometry": { "type": "Point", "coordinates": [ -121.4056276, 38.4562699 ] } },
{ "type": "Feature", "properties": { "id": 13158440851, "lat": 38.5107526, "lon": -121.3908828, "direction": 270.0, "operator": "Unknown", "brand": "Unknown", "STATEFP": "06", "COUNTYFP": "067", "TRACTCE": "009201", "BLKGRPCE": "3", "AFFGEOID": "1500000US060670092013", "GEOID": "060670092013", "NAME_x": "3", "NAMELSAD": "Block Group 3", "LSAD": "BG", "ALAND": 10731843, "AWATER": 0, "NAME_y": "Block Group 3; Census Tract 92.01; Sacramento County; California", "pop_total": 835, "median_income": 50958.0, "pop_white": "331", "pop_black": 0, "pop_native": "0", "pop_asian": "281", "pop_pacific": "34", "pop_other": "106", "pop_two_plus": "83", "pop_hispanic": 325, "pop_non_citizen": null, "poverty_universe": null, "pop_poverty": null, "total_households": 309, "renter_occupied": 92, "unemployed": "0", "single_parent_households": "66", "state": "06", "county": "067", "tract": "009201", "block group": "3", "surveilled_sites_count": 0, "surveilled_sites_list": "None", "surveilled_categories": "None", "pct_poverty": null, "pct_renter": 29.773462783171524, "pct_non_citizen": null, "pct_black": 0.0, "pct_hispanic": 38.922155688622759 }, "geometry": { "type": "Point", "coordinates": [ -121.390882799999986, 38.5107526 ] } },
{ "type": "Feature", "properties": { "id": 13158455403, "lat": 38.4830736, "lon": -121.4086792, "direction": 355.0, "operator": "Unknown", "brand": "Unknown", "STATEFP": "06", "COUNTYFP": "067", "TRACTCE": "005101", "BLKGRPCE": "2", "AFFGEOID": "1500000US060670051012", "GEOID": "060670051012", "NAME_x": "2", "NAMELSAD": "Block Group 2", "LSAD": "BG", "ALAND": 1298790, "AWATER": 0, "NAME_y": "Block Group 2; Census Tract 51.01; Sacramento County; California", "pop_total": 2633, "median_income": 68355.0, "pop_white": "578", "pop_black": 249, "pop_native": "6", "pop_asian": "680", "pop_pacific": "239", "pop_other": "633", "pop_two_plus": "248", "pop_hispanic": 1010, "pop_non_citizen": null, "poverty_universe": null, "pop_poverty": null, "total_households": 678, "renter_occupied": 255, "unemployed": "145", "single_parent_households": "321", "state": "06", "county": "067", "tract": "005101", "block group": "2", "surveilled_sites_count": 0, "surveilled_sites_list": "None", "surveilled_categories": "None", "pct_poverty": null, "pct_renter": 37.610619469026545, "pct_non_citizen": null, "pct_black": 9.4568932776300798, "pct_hispanic": 38.359285985567794 }, "geometry": { "type": "Point", "coordinates": [ -121.4086792, 38.483073599999983 ] } },
{ "type": "Feature", "properties": { "id": 13163271009, "lat": 38.6478919, "lon": -121.1216551, "direction": 25.0, "operator": "Unknown", "brand": "Unknown", "STATEFP": "06", "COUNTYFP": "067", "TRACTCE": "008507", "BLKGRPCE": "2", "AFFGEOID": "1500000US060670085072", "GEOID": "060670085072", "NAME_x": "2", "NAMELSAD": "Block Group 2", "LSAD": "BG", "ALAND": 2298357, "AWATER": 0, "NAME_y": "Block Group 2; Census Tract 85.07; Sacramento County; California", "pop_total": 2445, "median_income": 131894.0, "pop_white": "956", "pop_black": 238, "pop_native": "0", "pop_asian": "670", "pop_pacific": "0", "pop_other": "52", "pop_two_plus": "529", "pop_hispanic": 407, "pop_non_citizen": null, "poverty_universe": null, "pop_poverty": null, "total_households": 844, "renter_occupied": 423, "unemployed": "65", "single_parent_households": "328", "state": "06", "county": "067", "tract": "008507", "block group": "2", "surveilled_sites_count": 0, "surveilled_sites_list": "None", "surveilled_categories": "None", "pct_poverty": null, "pct_renter": 50.118483412322277, "pct_non_citizen": null, "pct_black": 9.7341513292433532, "pct_hispanic": 16.646216768916155 }, "geometry": { "type": "Point", "coordinates": [ -121.1216551, 38.647891900000019 ] } },
{ "type": "Feature", "properties": { "id": 13163271010, "lat": 38.6473361, "lon": -121.1198675, "direction": 265.0, "operator": "Unknown", "brand": "Unknown", "STATEFP": "06", "COUNTYFP": "067", "TRACTCE": "008507", "BLKGRPCE": "2", "AFFGEOID": "1500000US060670085072", "GEOID": "060670085072", "NAME_x": "2", "NAMELSAD": "Block Group 2", "LSAD": "BG", "ALAND": 2298357, "AWATER": 0, "NAME_y": "Block Group 2; Census Tract 85.07; Sacramento County; California", "pop_total": 2445, "median_income": 131894.0, "pop_white": "956", "pop_black": 238, "pop_native": "0", "pop_asian": "670", "pop_pacific": "0", "pop_other": "52", "pop_two_plus": "529", "pop_hispanic": 407, "pop_non_citizen": null, "poverty_universe": null, "pop_poverty": null, "total_households": 844, "renter_occupied": 423, "unemployed": "65", "single_parent_households": "328", "state": "06", "county": "067", "tract": "008507", "block group": "2", "surveilled_sites_count": 0, "surveilled_sites_list": "None", "surveilled_categories": "None", "pct_poverty": null, "pct_renter": 50.118483412322277, "pct_non_citizen": null, "pct_black": 9.7341513292433532, "pct_hispanic": 16.646216768916155 }, "geometry": { "type": "Point", "coordinates": [ -121.1198675, 38.6473361 ] } },
{ "type": "Feature", "properties": { "id": 13171216089, "lat": 38.6837446, "lon": -121.2783233, "direction": 10.0, "operator": "Unknown", "brand": "Unknown", "STATEFP": "06", "COUNTYFP": "067", "TRACTCE": "008141", "BLKGRPCE": "3", "AFFGEOID": "1500000US060670081413", "GEOID": "060670081413", "NAME_x": "3", "NAMELSAD": "Block Group 3", "LSAD": "BG", "ALAND": 258091, "AWATER": 0, "NAME_y": "Block Group 3; Census Tract 81.41; Sacramento County; California", "pop_total": 470, "median_income": 118500.0, "pop_white": "284", "pop_black": 13, "pop_native": "0", "pop_asian": "153", "pop_pacific": "0", "pop_other": "0", "pop_two_plus": "20", "pop_hispanic": 25, "pop_non_citizen": null, "poverty_universe": null, "pop_poverty": null, "total_households": 138, "renter_occupied": 4, "unemployed": "32", "single_parent_households": "63", "state": "06", "county": "067", "tract": "008141", "block group": "3", "surveilled_sites_count": 0, "surveilled_sites_list": "None", "surveilled_categories": "None", "pct_poverty": null, "pct_renter": 2.8985507246376812, "pct_non_citizen": null, "pct_black": 2.7659574468085104, "pct_hispanic": 5.3191489361702127 }, "geometry": { "type": "Point", "coordinates": [ -121.2783233, 38.683744599999983 ] } },
{ "type": "Feature", "properties": { "id": 13172454087, "lat": 38.6441871, "lon": -121.1913283, "direction": 195.0, "operator": "Unknown", "brand": "Unknown", "STATEFP": "06", "COUNTYFP": "067", "TRACTCE": "008504", "BLKGRPCE": "1", "AFFGEOID": "1500000US060670085041", "GEOID": "060670085041", "NAME_x": "1", "NAMELSAD": "Block Group 1", "LSAD": "BG", "ALAND": 3160128, "AWATER": 515287, "NAME_y": "Block Group 1; Census Tract 85.04; Sacramento County; California", "pop_total": 1472, "median_income": 151321.0, "pop_white": "964", "pop_black": 101, "pop_native": "0", "pop_asian": "196", "pop_pacific": "0", "pop_other": "19", "pop_two_plus": "192", "pop_hispanic": 275, "pop_non_citizen": null, "poverty_universe": null, "pop_poverty": null, "total_households": 569, "renter_occupied": 354, "unemployed": "44", "single_parent_households": "257", "state": "06", "county": "067", "tract": "008504", "block group": "1", "surveilled_sites_count": 0, "surveilled_sites_list": "None", "surveilled_categories": "None", "pct_poverty": null, "pct_renter": 62.214411247803156, "pct_non_citizen": null, "pct_black": 6.8614130434782608, "pct_hispanic": 18.682065217391305 }, "geometry": { "type": "Point", "coordinates": [ -121.1913283, 38.644187100000025 ] } },
{ "type": "Feature", "properties": { "id": 13172454088, "lat": 38.6441949, "lon": -121.19134, "direction": 220.0, "operator": "Unknown", "brand": "Unknown", "STATEFP": "06", "COUNTYFP": "067", "TRACTCE": "008504", "BLKGRPCE": "1", "AFFGEOID": "1500000US060670085041", "GEOID": "060670085041", "NAME_x": "1", "NAMELSAD": "Block Group 1", "LSAD": "BG", "ALAND": 3160128, "AWATER": 515287, "NAME_y": "Block Group 1; Census Tract 85.04; Sacramento County; California", "pop_total": 1472, "median_income": 151321.0, "pop_white": "964", "pop_black": 101, "pop_native": "0", "pop_asian": "196", "pop_pacific": "0", "pop_other": "19", "pop_two_plus": "192", "pop_hispanic": 275, "pop_non_citizen": null, "poverty_universe": null, "pop_poverty": null, "total_households": 569, "renter_occupied": 354, "unemployed": "44", "single_parent_households": "257", "state": "06", "county": "067", "tract": "008504", "block group": "1", "surveilled_sites_count": 0, "surveilled_sites_list": "None", "surveilled_categories": "None", "pct_poverty": null, "pct_renter": 62.214411247803156, "pct_non_citizen": null, "pct_black": 6.8614130434782608, "pct_hispanic": 18.682065217391305 }, "geometry": { "type": "Point", "coordinates": [ -121.19134, 38.6441949 ] } },
{ "type": "Feature", "properties": { "id": 13172454089, "lat": 38.6442156, "lon": -121.1913674, "direction": 220.0, "operator": "Unknown", "brand": "Unknown", "STATEFP": "06", "COUNTYFP": "067", "TRACTCE": "008504", "BLKGRPCE": "1", "AFFGEOID": "1500000US060670085041", "GEOID": "060670085041", "NAME_x": "1", "NAMELSAD": "Block Group 1", "LSAD": "BG", "ALAND": 3160128, "AWATER": 515287, "NAME_y": "Block Group 1; Census Tract 85.04; Sacramento County; California", "pop_total": 1472, "median_income": 151321.0, "pop_white": "964", "pop_black": 101, "pop_native": "0", "pop_asian": "196", "pop_pacific": "0", "pop_other": "19", "pop_two_plus": "192", "pop_hispanic": 275, "pop_non_citizen": null, "poverty_universe": null, "pop_poverty": null, "total_households": 569, "renter_occupied": 354, "unemployed": "44", "single_parent_households": "257", "state": "06", "county": "067", "tract": "008504", "block group": "1", "surveilled_sites_count": 0, "surveilled_sites_list": "None", "surveilled_categories": "None", "pct_poverty": null, "pct_renter": 62.214411247803156, "pct_non_citizen": null, "pct_black": 6.8614130434782608, "pct_hispanic": 18.682065217391305 }, "geometry": { "type": "Point", "coordinates": [ -121.1913674, 38.644215599999967 ] } },
{ "type": "Feature", "properties": { "id": 13172454090, "lat": 38.6443917, "lon": -121.1907952, "direction": 30.0, "operator": "Unknown", "brand": "Unknown", "STATEFP": "06", "COUNTYFP": "067", "TRACTCE": "008504", "BLKGRPCE": "3", "AFFGEOID": "1500000US060670085043", "GEOID": "060670085043", "NAME_x": "3", "NAMELSAD": "Block Group 3", "LSAD": "BG", "ALAND": 428261, "AWATER": 0, "NAME_y": "Block Group 3; Census Tract 85.04; Sacramento County; California", "pop_total": 642, "median_income": 116776.0, "pop_white": "479", "pop_black": 11, "pop_native": "0", "pop_asian": "117", "pop_pacific": "0", "pop_other": "0", "pop_two_plus": "35", "pop_hispanic": 0, "pop_non_citizen": null, "poverty_universe": null, "pop_poverty": null, "total_households": 327, "renter_occupied": 116, "unemployed": "22", "single_parent_households": "103", "state": "06", "county": "067", "tract": "008504", "block group": "3", "surveilled_sites_count": 0, "surveilled_sites_list": "None", "surveilled_categories": "None", "pct_poverty": null, "pct_renter": 35.474006116207953, "pct_non_citizen": null, "pct_black": 1.7133956386292832, "pct_hispanic": 0.0 }, "geometry": { "type": "Point", "coordinates": [ -121.1907952, 38.6443917 ] } },
{ "type": "Feature", "properties": { "id": 13172454091, "lat": 38.6443863, "lon": -121.1907873, "direction": 45.0, "operator": "Unknown", "brand": "Unknown", "STATEFP": "06", "COUNTYFP": "067", "TRACTCE": "008504", "BLKGRPCE": "3", "AFFGEOID": "1500000US060670085043", "GEOID": "060670085043", "NAME_x": "3", "NAMELSAD": "Block Group 3", "LSAD": "BG", "ALAND": 428261, "AWATER": 0, "NAME_y": "Block Group 3; Census Tract 85.04; Sacramento County; California", "pop_total": 642, "median_income": 116776.0, "pop_white": "479", "pop_black": 11, "pop_native": "0", "pop_asian": "117", "pop_pacific": "0", "pop_other": "0", "pop_two_plus": "35", "pop_hispanic": 0, "pop_non_citizen": null, "poverty_universe": null, "pop_poverty": null, "total_households": 327, "renter_occupied": 116, "unemployed": "22", "single_parent_households": "103", "state": "06", "county": "067", "tract": "008504", "block group": "3", "surveilled_sites_count": 0, "surveilled_sites_list": "None", "surveilled_categories": "None", "pct_poverty": null, "pct_renter": 35.474006116207953, "pct_non_citizen": null, "pct_black": 1.7133956386292832, "pct_hispanic": 0.0 }, "geometry": { "type": "Point", "coordinates": [ -121.1907873, 38.644386299999965 ] } },
{ "type": "Feature", "properties": { "id": 13172454092, "lat": 38.6477866, "lon": -121.1154519, "direction": 150.0, "operator": "Unknown", "brand": "Unknown", "STATEFP": "06", "COUNTYFP": "067", "TRACTCE": "008507", "BLKGRPCE": "2", "AFFGEOID": "1500000US060670085072", "GEOID": "060670085072", "NAME_x": "2", "NAMELSAD": "Block Group 2", "LSAD": "BG", "ALAND": 2298357, "AWATER": 0, "NAME_y": "Block Group 2; Census Tract 85.07; Sacramento County; California", "pop_total": 2445, "median_income": 131894.0, "pop_white": "956", "pop_black": 238, "pop_native": "0", "pop_asian": "670", "pop_pacific": "0", "pop_other": "52", "pop_two_plus": "529", "pop_hispanic": 407, "pop_non_citizen": null, "poverty_universe": null, "pop_poverty": null, "total_households": 844, "renter_occupied": 423, "unemployed": "65", "single_parent_households": "328", "state": "06", "county": "067", "tract": "008507", "block group": "2", "surveilled_sites_count": 0, "surveilled_sites_list": "None", "surveilled_categories": "None", "pct_poverty": null, "pct_renter": 50.118483412322277, "pct_non_citizen": null, "pct_black": 9.7341513292433532, "pct_hispanic": 16.646216768916155 }, "geometry": { "type": "Point", "coordinates": [ -121.115451900000011, 38.647786599999968 ] } },
{ "type": "Feature", "properties": { "id": 13172454093, "lat": 38.6478005, "lon": -121.115416, "direction": 150.0, "operator": "Unknown", "brand": "Unknown", "STATEFP": "06", "COUNTYFP": "067", "TRACTCE": "008507", "BLKGRPCE": "2", "AFFGEOID": "1500000US060670085072", "GEOID": "060670085072", "NAME_x": "2", "NAMELSAD": "Block Group 2", "LSAD": "BG", "ALAND": 2298357, "AWATER": 0, "NAME_y": "Block Group 2; Census Tract 85.07; Sacramento County; California", "pop_total": 2445, "median_income": 131894.0, "pop_white": "956", "pop_black": 238, "pop_native": "0", "pop_asian": "670", "pop_pacific": "0", "pop_other": "52", "pop_two_plus": "529", "pop_hispanic": 407, "pop_non_citizen": null, "poverty_universe": null, "pop_poverty": null, "total_households": 844, "renter_occupied": 423, "unemployed": "65", "single_parent_households": "328", "state": "06", "county": "067", "tract": "008507", "block group": "2", "surveilled_sites_count": 0, "surveilled_sites_list": "None", "surveilled_categories": "None", "pct_poverty": null, "pct_renter": 50.118483412322277, "pct_non_citizen": null, "pct_black": 9.7341513292433532, "pct_hispanic": 16.646216768916155 }, "geometry": { "type": "Point", "coordinates": [ -121.115416, 38.647800499999981 ] } },
{ "type": "Feature", "properties": { "id": 13172454094, "lat": 38.6478039, "lon": -121.1154072, "direction": 135.0, "operator": "Unknown", "brand": "Unknown", "STATEFP": "06", "COUNTYFP": "067", "TRACTCE": "008507", "BLKGRPCE": "2", "AFFGEOID": "1500000US060670085072", "GEOID": "060670085072", "NAME_x": "2", "NAMELSAD": "Block Group 2", "LSAD": "BG", "ALAND": 2298357, "AWATER": 0, "NAME_y": "Block Group 2; Census Tract 85.07; Sacramento County; California", "pop_total": 2445, "median_income": 131894.0, "pop_white": "956", "pop_black": 238, "pop_native": "0", "pop_asian": "670", "pop_pacific": "0", "pop_other": "52", "pop_two_plus": "529", "pop_hispanic": 407, "pop_non_citizen": null, "poverty_universe": null, "pop_poverty": null, "total_households": 844, "renter_occupied": 423, "unemployed": "65", "single_parent_households": "328", "state": "06", "county": "067", "tract": "008507", "block group": "2", "surveilled_sites_count": 0, "surveilled_sites_list": "None", "surveilled_categories": "None", "pct_poverty": null, "pct_renter": 50.118483412322277, "pct_non_citizen": null, "pct_black": 9.7341513292433532, "pct_hispanic": 16.646216768916155 }, "geometry": { "type": "Point", "coordinates": [ -121.1154072, 38.647803899999978 ] } },
{ "type": "Feature", "properties": { "id": 13172454095, "lat": 38.6381927, "lon": -121.1141382, "direction": 355.0, "operator": "Unknown", "brand": "Unknown", "STATEFP": "06", "COUNTYFP": "067", "TRACTCE": "008508", "BLKGRPCE": "4", "AFFGEOID": "1500000US060670085084", "GEOID": "060670085084", "NAME_x": "4", "NAMELSAD": "Block Group 4", "LSAD": "BG", "ALAND": 14925417, "AWATER": 0, "NAME_y": "Block Group 4; Census Tract 85.08; Sacramento County; California", "pop_total": 664, "median_income": 250001.0, "pop_white": "293", "pop_black": 0, "pop_native": "0", "pop_asian": "295", "pop_pacific": "0", "pop_other": "0", "pop_two_plus": "76", "pop_hispanic": 191, "pop_non_citizen": null, "poverty_universe": null, "pop_poverty": null, "total_households": 265, "renter_occupied": 0, "unemployed": "0", "single_parent_households": "197", "state": "06", "county": "067", "tract": "008508", "block group": "4", "surveilled_sites_count": 0, "surveilled_sites_list": "None", "surveilled_categories": "None", "pct_poverty": null, "pct_renter": 0.0, "pct_non_citizen": null, "pct_black": 0.0, "pct_hispanic": 28.765060240963859 }, "geometry": { "type": "Point", "coordinates": [ -121.1141382, 38.638192699999962 ] } },
{ "type": "Feature", "properties": { "id": 13172454096, "lat": 38.6381923, "lon": -121.1141453, "direction": 345.0, "operator": "Unknown", "brand": "Unknown", "STATEFP": "06", "COUNTYFP": "067", "TRACTCE": "008508", "BLKGRPCE": "4", "AFFGEOID": "1500000US060670085084", "GEOID": "060670085084", "NAME_x": "4", "NAMELSAD": "Block Group 4", "LSAD": "BG", "ALAND": 14925417, "AWATER": 0, "NAME_y": "Block Group 4; Census Tract 85.08; Sacramento County; California", "pop_total": 664, "median_income": 250001.0, "pop_white": "293", "pop_black": 0, "pop_native": "0", "pop_asian": "295", "pop_pacific": "0", "pop_other": "0", "pop_two_plus": "76", "pop_hispanic": 191, "pop_non_citizen": null, "poverty_universe": null, "pop_poverty": null, "total_households": 265, "renter_occupied": 0, "unemployed": "0", "single_parent_households": "197", "state": "06", "county": "067", "tract": "008508", "block group": "4", "surveilled_sites_count": 0, "surveilled_sites_list": "None", "surveilled_categories": "None", "pct_poverty": null, "pct_renter": 0.0, "pct_non_citizen": null, "pct_black": 0.0, "pct_hispanic": 28.765060240963859 }, "geometry": { "type": "Point", "coordinates": [ -121.1141453, 38.638192299999972 ] } },
{ "type": "Feature", "properties": { "id": 13172454097, "lat": 38.6381918, "lon": -121.1141639, "direction": 335.0, "operator": "Unknown", "brand": "Unknown", "STATEFP": "06", "COUNTYFP": "067", "TRACTCE": "008508", "BLKGRPCE": "4", "AFFGEOID": "1500000US060670085084", "GEOID": "060670085084", "NAME_x": "4", "NAMELSAD": "Block Group 4", "LSAD": "BG", "ALAND": 14925417, "AWATER": 0, "NAME_y": "Block Group 4; Census Tract 85.08; Sacramento County; California", "pop_total": 664, "median_income": 250001.0, "pop_white": "293", "pop_black": 0, "pop_native": "0", "pop_asian": "295", "pop_pacific": "0", "pop_other": "0", "pop_two_plus": "76", "pop_hispanic": 191, "pop_non_citizen": null, "poverty_universe": null, "pop_poverty": null, "total_households": 265, "renter_occupied": 0, "unemployed": "0", "single_parent_households": "197", "state": "06", "county": "067", "tract": "008508", "block group": "4", "surveilled_sites_count": 0, "surveilled_sites_list": "None", "surveilled_categories": "None", "pct_poverty": null, "pct_renter": 0.0, "pct_non_citizen": null, "pct_black": 0.0, "pct_hispanic": 28.765060240963859 }, "geometry": { "type": "Point", "coordinates": [ -121.1141639, 38.6381918 ] } },
{ "type": "Feature", "properties": { "id": 13172454098, "lat": 38.6467458, "lon": -121.1602332, "direction": 145.0, "operator": "Unknown", "brand": "Unknown", "STATEFP": "06", "COUNTYFP": "067", "TRACTCE": "008504", "BLKGRPCE": "2", "AFFGEOID": "1500000US060670085042", "GEOID": "060670085042", "NAME_x": "2", "NAMELSAD": "Block Group 2", "LSAD": "BG", "ALAND": 2297328, "AWATER": 0, "NAME_y": "Block Group 2; Census Tract 85.04; Sacramento County; California", "pop_total": 3190, "median_income": 114375.0, "pop_white": "2339", "pop_black": 46, "pop_native": "18", "pop_asian": "508", "pop_pacific": "0", "pop_other": "27", "pop_two_plus": "252", "pop_hispanic": 428, "pop_non_citizen": null, "poverty_universe": null, "pop_poverty": null, "total_households": 1155, "renter_occupied": 337, "unemployed": "62", "single_parent_households": "404", "state": "06", "county": "067", "tract": "008504", "block group": "2", "surveilled_sites_count": 0, "surveilled_sites_list": "None", "surveilled_categories": "None", "pct_poverty": null, "pct_renter": 29.177489177489178, "pct_non_citizen": null, "pct_black": 1.4420062695924765, "pct_hispanic": 13.41692789968652 }, "geometry": { "type": "Point", "coordinates": [ -121.1602332, 38.646745799999977 ] } },
{ "type": "Feature", "properties": { "id": 13172454099, "lat": 38.6467545, "lon": -121.1602188, "direction": 145.0, "operator": "Unknown", "brand": "Unknown", "STATEFP": "06", "COUNTYFP": "067", "TRACTCE": "008504", "BLKGRPCE": "2", "AFFGEOID": "1500000US060670085042", "GEOID": "060670085042", "NAME_x": "2", "NAMELSAD": "Block Group 2", "LSAD": "BG", "ALAND": 2297328, "AWATER": 0, "NAME_y": "Block Group 2; Census Tract 85.04; Sacramento County; California", "pop_total": 3190, "median_income": 114375.0, "pop_white": "2339", "pop_black": 46, "pop_native": "18", "pop_asian": "508", "pop_pacific": "0", "pop_other": "27", "pop_two_plus": "252", "pop_hispanic": 428, "pop_non_citizen": null, "poverty_universe": null, "pop_poverty": null, "total_households": 1155, "renter_occupied": 337, "unemployed": "62", "single_parent_households": "404", "state": "06", "county": "067", "tract": "008504", "block group": "2", "surveilled_sites_count": 0, "surveilled_sites_list": "None", "surveilled_categories": "None", "pct_poverty": null, "pct_renter": 29.177489177489178, "pct_non_citizen": null, "pct_black": 1.4420062695924765, "pct_hispanic": 13.41692789968652 }, "geometry": { "type": "Point", "coordinates": [ -121.1602188, 38.646754499999979 ] } },
{ "type": "Feature", "properties": { "id": 13172454100, "lat": 38.6467573, "lon": -121.1602147, "direction": 115.0, "operator": "Unknown", "brand": "Unknown", "STATEFP": "06", "COUNTYFP": "067", "TRACTCE": "008504", "BLKGRPCE": "2", "AFFGEOID": "1500000US060670085042", "GEOID": "060670085042", "NAME_x": "2", "NAMELSAD": "Block Group 2", "LSAD": "BG", "ALAND": 2297328, "AWATER": 0, "NAME_y": "Block Group 2; Census Tract 85.04; Sacramento County; California", "pop_total": 3190, "median_income": 114375.0, "pop_white": "2339", "pop_black": 46, "pop_native": "18", "pop_asian": "508", "pop_pacific": "0", "pop_other": "27", "pop_two_plus": "252", "pop_hispanic": 428, "pop_non_citizen": null, "poverty_universe": null, "pop_poverty": null, "total_households": 1155, "renter_occupied": 337, "unemployed": "62", "single_parent_households": "404", "state": "06", "county": "067", "tract": "008504", "block group": "2", "surveilled_sites_count": 0, "surveilled_sites_list": "None", "surveilled_categories": "None", "pct_poverty": null, "pct_renter": 29.177489177489178, "pct_non_citizen": null, "pct_black": 1.4420062695924765, "pct_hispanic": 13.41692789968652 }, "geometry": { "type": "Point", "coordinates": [ -121.160214700000012, 38.646757299999962 ] } },
{ "type": "Feature", "properties": { "id": 13178981488, "lat": 38.6483024, "lon": -121.0868737, "direction": 200.0, "operator": "Unknown", "brand": "Unknown", "STATEFP": "06", "COUNTYFP": "067", "TRACTCE": "008513", "BLKGRPCE": "1", "AFFGEOID": "1500000US060670085131", "GEOID": "060670085131", "NAME_x": "1", "NAMELSAD": "Block Group 1", "LSAD": "BG", "ALAND": 1505485, "AWATER": 0, "NAME_y": "Block Group 1; Census Tract 85.13; Sacramento County; California", "pop_total": 2747, "median_income": 114531.0, "pop_white": "1110", "pop_black": 133, "pop_native": "0", "pop_asian": "854", "pop_pacific": "0", "pop_other": "14", "pop_two_plus": "636", "pop_hispanic": 580, "pop_non_citizen": null, "poverty_universe": null, "pop_poverty": null, "total_households": 1067, "renter_occupied": 414, "unemployed": "167", "single_parent_households": "520", "state": "06", "county": "067", "tract": "008513", "block group": "1", "surveilled_sites_count": 0, "surveilled_sites_list": "None", "surveilled_categories": "None", "pct_poverty": null, "pct_renter": 38.800374882849113, "pct_non_citizen": null, "pct_black": 4.8416454313796864, "pct_hispanic": 21.11394248270841 }, "geometry": { "type": "Point", "coordinates": [ -121.086873700000012, 38.6483024 ] } },
{ "type": "Feature", "properties": { "id": 13182350247, "lat": 38.6566882, "lon": -121.126646, "direction": 185.0, "operator": "Unknown", "brand": "Unknown", "STATEFP": "06", "COUNTYFP": "067", "TRACTCE": "008507", "BLKGRPCE": "2", "AFFGEOID": "1500000US060670085072", "GEOID": "060670085072", "NAME_x": "2", "NAMELSAD": "Block Group 2", "LSAD": "BG", "ALAND": 2298357, "AWATER": 0, "NAME_y": "Block Group 2; Census Tract 85.07; Sacramento County; California", "pop_total": 2445, "median_income": 131894.0, "pop_white": "956", "pop_black": 238, "pop_native": "0", "pop_asian": "670", "pop_pacific": "0", "pop_other": "52", "pop_two_plus": "529", "pop_hispanic": 407, "pop_non_citizen": null, "poverty_universe": null, "pop_poverty": null, "total_households": 844, "renter_occupied": 423, "unemployed": "65", "single_parent_households": "328", "state": "06", "county": "067", "tract": "008507", "block group": "2", "surveilled_sites_count": 0, "surveilled_sites_list": "None", "surveilled_categories": "None", "pct_poverty": null, "pct_renter": 50.118483412322277, "pct_non_citizen": null, "pct_black": 9.7341513292433532, "pct_hispanic": 16.646216768916155 }, "geometry": { "type": "Point", "coordinates": [ -121.126646, 38.656688199999962 ] } },
{ "type": "Feature", "properties": { "id": 13184773087, "lat": 38.7068214, "lon": -121.2902151, "direction": 330.0, "operator": "Unknown", "brand": "Unknown", "STATEFP": "06", "COUNTYFP": "067", "TRACTCE": "008142", "BLKGRPCE": "1", "AFFGEOID": "1500000US060670081421", "GEOID": "060670081421", "NAME_x": "1", "NAMELSAD": "Block Group 1", "LSAD": "BG", "ALAND": 948013, "AWATER": 0, "NAME_y": "Block Group 1; Census Tract 81.42; Sacramento County; California", "pop_total": 2639, "median_income": 71200.0, "pop_white": "2158", "pop_black": 31, "pop_native": "67", "pop_asian": "70", "pop_pacific": "24", "pop_other": "165", "pop_two_plus": "124", "pop_hispanic": 663, "pop_non_citizen": null, "poverty_universe": null, "pop_poverty": null, "total_households": 972, "renter_occupied": 624, "unemployed": "74", "single_parent_households": "301", "state": "06", "county": "067", "tract": "008142", "block group": "1", "surveilled_sites_count": 0, "surveilled_sites_list": "None", "surveilled_categories": "None", "pct_poverty": null, "pct_renter": 64.197530864197532, "pct_non_citizen": null, "pct_black": 1.1746873815839334, "pct_hispanic": 25.123152709359609 }, "geometry": { "type": "Point", "coordinates": [ -121.2902151, 38.7068214 ] } },
{ "type": "Feature", "properties": { "id": 13231923183, "lat": 38.6783605, "lon": -121.2254582, "direction": 45.0, "operator": "Unknown", "brand": "Unknown", "STATEFP": "06", "COUNTYFP": "067", "TRACTCE": "008206", "BLKGRPCE": "2", "AFFGEOID": "1500000US060670082062", "GEOID": "060670082062", "NAME_x": "2", "NAMELSAD": "Block Group 2", "LSAD": "BG", "ALAND": 1399211, "AWATER": 0, "NAME_y": "Block Group 2; Census Tract 82.06; Sacramento County; California", "pop_total": 2948, "median_income": 110721.0, "pop_white": "2446", "pop_black": 44, "pop_native": "6", "pop_asian": "88", "pop_pacific": "0", "pop_other": "0", "pop_two_plus": "364", "pop_hispanic": 324, "pop_non_citizen": null, "poverty_universe": null, "pop_poverty": null, "total_households": 1033, "renter_occupied": 121, "unemployed": "16", "single_parent_households": "336", "state": "06", "county": "067", "tract": "008206", "block group": "2", "surveilled_sites_count": 0, "surveilled_sites_list": "None", "surveilled_categories": "None", "pct_poverty": null, "pct_renter": 11.713455953533398, "pct_non_citizen": null, "pct_black": 1.4925373134328357, "pct_hispanic": 10.990502035278155 }, "geometry": { "type": "Point", "coordinates": [ -121.22545820000002, 38.678360500000011 ] } },
{ "type": "Feature", "properties": { "id": 13231923184, "lat": 38.6786634, "lon": -121.2259804, "direction": 250.0, "operator": "Unknown", "brand": "Unknown", "STATEFP": "06", "COUNTYFP": "067", "TRACTCE": "008203", "BLKGRPCE": "1", "AFFGEOID": "1500000US060670082031", "GEOID": "060670082031", "NAME_x": "1", "NAMELSAD": "Block Group 1", "LSAD": "BG", "ALAND": 994198, "AWATER": 0, "NAME_y": "Block Group 1; Census Tract 82.03; Sacramento County; California", "pop_total": 1235, "median_income": 74276.0, "pop_white": "995", "pop_black": 24, "pop_native": "11", "pop_asian": "8", "pop_pacific": "0", "pop_other": "0", "pop_two_plus": "197", "pop_hispanic": 96, "pop_non_citizen": null, "poverty_universe": null, "pop_poverty": null, "total_households": 541, "renter_occupied": 220, "unemployed": "36", "single_parent_households": "152", "state": "06", "county": "067", "tract": "008203", "block group": "1", "surveilled_sites_count": 0, "surveilled_sites_list": "None", "surveilled_categories": "None", "pct_poverty": null, "pct_renter": 40.66543438077634, "pct_non_citizen": null, "pct_black": 1.9433198380566803, "pct_hispanic": 7.7732793522267212 }, "geometry": { "type": "Point", "coordinates": [ -121.225980399999983, 38.678663400000019 ] } },
{ "type": "Feature", "properties": { "id": 13231923185, "lat": 38.6782872, "lon": -121.2258758, "direction": 150.0, "operator": "Unknown", "brand": "Unknown", "STATEFP": "06", "COUNTYFP": "067", "TRACTCE": "008204", "BLKGRPCE": "1", "AFFGEOID": "1500000US060670082041", "GEOID": "060670082041", "NAME_x": "1", "NAMELSAD": "Block Group 1", "LSAD": "BG", "ALAND": 1306336, "AWATER": 0, "NAME_y": "Block Group 1; Census Tract 82.04; Sacramento County; California", "pop_total": 2527, "median_income": 98438.0, "pop_white": "1853", "pop_black": 26, "pop_native": "6", "pop_asian": "28", "pop_pacific": "0", "pop_other": "113", "pop_two_plus": "501", "pop_hispanic": 598, "pop_non_citizen": null, "poverty_universe": null, "pop_poverty": null, "total_households": 873, "renter_occupied": 142, "unemployed": "94", "single_parent_households": "369", "state": "06", "county": "067", "tract": "008204", "block group": "1", "surveilled_sites_count": 0, "surveilled_sites_list": "None", "surveilled_categories": "None", "pct_poverty": null, "pct_renter": 16.265750286368842, "pct_non_citizen": null, "pct_black": 1.0288880094974278, "pct_hispanic": 23.664424218440839 }, "geometry": { "type": "Point", "coordinates": [ -121.2258758, 38.6782872 ] } },
{ "type": "Feature", "properties": { "id": 13231923252, "lat": 38.6638203, "lon": -121.2718635, "direction": 80.0, "operator": "Unknown", "brand": "Unknown", "STATEFP": "06", "COUNTYFP": "067", "TRACTCE": "008008", "BLKGRPCE": "3", "AFFGEOID": "1500000US060670080083", "GEOID": "060670080083", "NAME_x": "3", "NAMELSAD": "Block Group 3", "LSAD": "BG", "ALAND": 964942, "AWATER": 0, "NAME_y": "Block Group 3; Census Tract 80.08; Sacramento County; California", "pop_total": 2193, "median_income": 99197.0, "pop_white": "1580", "pop_black": 31, "pop_native": "0", "pop_asian": "46", "pop_pacific": "0", "pop_other": "92", "pop_two_plus": "444", "pop_hispanic": 474, "pop_non_citizen": null, "poverty_universe": null, "pop_poverty": null, "total_households": 721, "renter_occupied": 396, "unemployed": "81", "single_parent_households": "293", "state": "06", "county": "067", "tract": "008008", "block group": "3", "surveilled_sites_count": 0, "surveilled_sites_list": "None", "surveilled_categories": "None", "pct_poverty": null, "pct_renter": 54.923717059639387, "pct_non_citizen": null, "pct_black": 1.4135886912904696, "pct_hispanic": 21.614227086183309 }, "geometry": { "type": "Point", "coordinates": [ -121.2718635, 38.663820299999976 ] } },
{ "type": "Feature", "properties": { "id": 13231942411, "lat": 38.6641283, "lon": -121.2255602, "direction": 350.0, "operator": "Unknown", "brand": "Unknown", "STATEFP": "06", "COUNTYFP": "067", "TRACTCE": "008206", "BLKGRPCE": "3", "AFFGEOID": "1500000US060670082063", "GEOID": "060670082063", "NAME_x": "3", "NAMELSAD": "Block Group 3", "LSAD": "BG", "ALAND": 928225, "AWATER": 0, "NAME_y": "Block Group 3; Census Tract 82.06; Sacramento County; California", "pop_total": 2572, "median_income": 74453.0, "pop_white": "2245", "pop_black": 81, "pop_native": "50", "pop_asian": "0", "pop_pacific": "0", "pop_other": "0", "pop_two_plus": "196", "pop_hispanic": 268, "pop_non_citizen": null, "poverty_universe": null, "pop_poverty": null, "total_households": 1084, "renter_occupied": 475, "unemployed": "103", "single_parent_households": "318", "state": "06", "county": "067", "tract": "008206", "block group": "3", "surveilled_sites_count": 0, "surveilled_sites_list": "None", "surveilled_categories": "None", "pct_poverty": null, "pct_renter": 43.819188191881921, "pct_non_citizen": null, "pct_black": 3.1493001555209954, "pct_hispanic": 10.419906687402799 }, "geometry": { "type": "Point", "coordinates": [ -121.225560200000018, 38.664128300000016 ] } },
{ "type": "Feature", "properties": { "id": 13231942412, "lat": 38.6637877, "lon": -121.2254904, "direction": 80.0, "operator": "Unknown", "brand": "Unknown", "STATEFP": "06", "COUNTYFP": "067", "TRACTCE": "008005", "BLKGRPCE": "2", "AFFGEOID": "1500000US060670080052", "GEOID": "060670080052", "NAME_x": "2", "NAMELSAD": "Block Group 2", "LSAD": "BG", "ALAND": 1414939, "AWATER": 0, "NAME_y": "Block Group 2; Census Tract 80.05; Sacramento County; California", "pop_total": 2461, "median_income": 120526.0, "pop_white": "2136", "pop_black": 45, "pop_native": "22", "pop_asian": "56", "pop_pacific": "0", "pop_other": "46", "pop_two_plus": "156", "pop_hispanic": 266, "pop_non_citizen": null, "poverty_universe": null, "pop_poverty": null, "total_households": 886, "renter_occupied": 131, "unemployed": "60", "single_parent_households": "237", "state": "06", "county": "067", "tract": "008005", "block group": "2", "surveilled_sites_count": 0, "surveilled_sites_list": "None", "surveilled_categories": "None", "pct_poverty": null, "pct_renter": 14.785553047404063, "pct_non_citizen": null, "pct_black": 1.8285249898415279, "pct_hispanic": 10.808614384396586 }, "geometry": { "type": "Point", "coordinates": [ -121.225490400000012, 38.663787700000022 ] } },
{ "type": "Feature", "properties": { "id": 13231942413, "lat": 38.6640781, "lon": -121.2260197, "direction": 250.0, "operator": "Unknown", "brand": "Unknown", "STATEFP": "06", "COUNTYFP": "067", "TRACTCE": "008204", "BLKGRPCE": "1", "AFFGEOID": "1500000US060670082041", "GEOID": "060670082041", "NAME_x": "1", "NAMELSAD": "Block Group 1", "LSAD": "BG", "ALAND": 1306336, "AWATER": 0, "NAME_y": "Block Group 1; Census Tract 82.04; Sacramento County; California", "pop_total": 2527, "median_income": 98438.0, "pop_white": "1853", "pop_black": 26, "pop_native": "6", "pop_asian": "28", "pop_pacific": "0", "pop_other": "113", "pop_two_plus": "501", "pop_hispanic": 598, "pop_non_citizen": null, "poverty_universe": null, "pop_poverty": null, "total_households": 873, "renter_occupied": 142, "unemployed": "94", "single_parent_households": "369", "state": "06", "county": "067", "tract": "008204", "block group": "1", "surveilled_sites_count": 0, "surveilled_sites_list": "None", "surveilled_categories": "None", "pct_poverty": null, "pct_renter": 16.265750286368842, "pct_non_citizen": null, "pct_black": 1.0288880094974278, "pct_hispanic": 23.664424218440839 }, "geometry": { "type": "Point", "coordinates": [ -121.226019699999981, 38.664078099999955 ] } },
{ "type": "Feature", "properties": { "id": 13231942414, "lat": 38.6637053, "lon": -121.2259375, "direction": 160.0, "operator": "Unknown", "brand": "Unknown", "STATEFP": "06", "COUNTYFP": "067", "TRACTCE": "008006", "BLKGRPCE": "1", "AFFGEOID": "1500000US060670080061", "GEOID": "060670080061", "NAME_x": "1", "NAMELSAD": "Block Group 1", "LSAD": "BG", "ALAND": 979908, "AWATER": 0, "NAME_y": "Block Group 1; Census Tract 80.06; Sacramento County; California", "pop_total": 1533, "median_income": 77450.0, "pop_white": "1322", "pop_black": 91, "pop_native": "0", "pop_asian": "12", "pop_pacific": "0", "pop_other": "10", "pop_two_plus": "98", "pop_hispanic": 163, "pop_non_citizen": null, "poverty_universe": null, "pop_poverty": null, "total_households": 673, "renter_occupied": 224, "unemployed": "0", "single_parent_households": "145", "state": "06", "county": "067", "tract": "008006", "block group": "1", "surveilled_sites_count": 0, "surveilled_sites_list": "None", "surveilled_categories": "None", "pct_poverty": null, "pct_renter": 33.283803863298658, "pct_non_citizen": null, "pct_black": 5.93607305936073, "pct_hispanic": 10.632746249184605 }, "geometry": { "type": "Point", "coordinates": [ -121.2259375, 38.6637053 ] } },
{ "type": "Feature", "properties": { "id": 13237628741, "lat": 38.6355025, "lon": -121.2243925, "direction": 45.0, "operator": "Unknown", "brand": "Unknown", "STATEFP": "06", "COUNTYFP": "067", "TRACTCE": "008703", "BLKGRPCE": "1", "AFFGEOID": "1500000US060670087031", "GEOID": "060670087031", "NAME_x": "1", "NAMELSAD": "Block Group 1", "LSAD": "BG", "ALAND": 1223665, "AWATER": 92101, "NAME_y": "Block Group 1; Census Tract 87.03; Sacramento County; California", "pop_total": 2056, "median_income": 139615.0, "pop_white": "1555", "pop_black": 0, "pop_native": "0", "pop_asian": "350", "pop_pacific": "0", "pop_other": "108", "pop_two_plus": "43", "pop_hispanic": 112, "pop_non_citizen": null, "poverty_universe": null, "pop_poverty": null, "total_households": 810, "renter_occupied": 143, "unemployed": "23", "single_parent_households": "272", "state": "06", "county": "067", "tract": "008703", "block group": "1", "surveilled_sites_count": 0, "surveilled_sites_list": "None", "surveilled_categories": "None", "pct_poverty": null, "pct_renter": 17.654320987654319, "pct_non_citizen": null, "pct_black": 0.0, "pct_hispanic": 5.4474708171206228 }, "geometry": { "type": "Point", "coordinates": [ -121.2243925, 38.635502500000023 ] } },
{ "type": "Feature", "properties": { "id": 13237631209, "lat": 38.5936415, "lon": -121.287672, "direction": 50.0, "operator": "Unknown", "brand": "Unknown", "STATEFP": "06", "COUNTYFP": "067", "TRACTCE": "009010", "BLKGRPCE": "4", "AFFGEOID": "1500000US060670090104", "GEOID": "060670090104", "NAME_x": "4", "NAMELSAD": "Block Group 4", "LSAD": "BG", "ALAND": 4137963, "AWATER": 0, "NAME_y": "Block Group 4; Census Tract 90.10; Sacramento County; California", "pop_total": 1708, "median_income": 101818.0, "pop_white": "723", "pop_black": 387, "pop_native": "0", "pop_asian": "185", "pop_pacific": "0", "pop_other": "91", "pop_two_plus": "322", "pop_hispanic": 151, "pop_non_citizen": null, "poverty_universe": null, "pop_poverty": null, "total_households": 756, "renter_occupied": 251, "unemployed": "71", "single_parent_households": "164", "state": "06", "county": "067", "tract": "009010", "block group": "4", "surveilled_sites_count": 0, "surveilled_sites_list": "None", "surveilled_categories": "None", "pct_poverty": null, "pct_renter": 33.201058201058203, "pct_non_citizen": null, "pct_black": 22.658079625292739, "pct_hispanic": 8.840749414519907 }, "geometry": { "type": "Point", "coordinates": [ -121.287672, 38.5936415 ] } },
{ "type": "Feature", "properties": { "id": 13237631210, "lat": 38.5938447, "lon": -121.2878183, "direction": 330.0, "operator": "Unknown", "brand": "Unknown", "STATEFP": "06", "COUNTYFP": "067", "TRACTCE": "009010", "BLKGRPCE": "4", "AFFGEOID": "1500000US060670090104", "GEOID": "060670090104", "NAME_x": "4", "NAMELSAD": "Block Group 4", "LSAD": "BG", "ALAND": 4137963, "AWATER": 0, "NAME_y": "Block Group 4; Census Tract 90.10; Sacramento County; California", "pop_total": 1708, "median_income": 101818.0, "pop_white": "723", "pop_black": 387, "pop_native": "0", "pop_asian": "185", "pop_pacific": "0", "pop_other": "91", "pop_two_plus": "322", "pop_hispanic": 151, "pop_non_citizen": null, "poverty_universe": null, "pop_poverty": null, "total_households": 756, "renter_occupied": 251, "unemployed": "71", "single_parent_households": "164", "state": "06", "county": "067", "tract": "009010", "block group": "4", "surveilled_sites_count": 0, "surveilled_sites_list": "None", "surveilled_categories": "None", "pct_poverty": null, "pct_renter": 33.201058201058203, "pct_non_citizen": null, "pct_black": 22.658079625292739, "pct_hispanic": 8.840749414519907 }, "geometry": { "type": "Point", "coordinates": [ -121.2878183, 38.5938447 ] } },
{ "type": "Feature", "properties": { "id": 13237631211, "lat": 38.5937605, "lon": -121.2880804, "direction": 240.0, "operator": "Unknown", "brand": "Unknown", "STATEFP": "06", "COUNTYFP": "067", "TRACTCE": "009010", "BLKGRPCE": "4", "AFFGEOID": "1500000US060670090104", "GEOID": "060670090104", "NAME_x": "4", "NAMELSAD": "Block Group 4", "LSAD": "BG", "ALAND": 4137963, "AWATER": 0, "NAME_y": "Block Group 4; Census Tract 90.10; Sacramento County; California", "pop_total": 1708, "median_income": 101818.0, "pop_white": "723", "pop_black": 387, "pop_native": "0", "pop_asian": "185", "pop_pacific": "0", "pop_other": "91", "pop_two_plus": "322", "pop_hispanic": 151, "pop_non_citizen": null, "poverty_universe": null, "pop_poverty": null, "total_households": 756, "renter_occupied": 251, "unemployed": "71", "single_parent_households": "164", "state": "06", "county": "067", "tract": "009010", "block group": "4", "surveilled_sites_count": 0, "surveilled_sites_list": "None", "surveilled_categories": "None", "pct_poverty": null, "pct_renter": 33.201058201058203, "pct_non_citizen": null, "pct_black": 22.658079625292739, "pct_hispanic": 8.840749414519907 }, "geometry": { "type": "Point", "coordinates": [ -121.2880804, 38.5937605 ] } },
{ "type": "Feature", "properties": { "id": 13237631212, "lat": 38.5935827, "lon": -121.287993, "direction": 160.0, "operator": "Unknown", "brand": "Unknown", "STATEFP": "06", "COUNTYFP": "067", "TRACTCE": "009010", "BLKGRPCE": "4", "AFFGEOID": "1500000US060670090104", "GEOID": "060670090104", "NAME_x": "4", "NAMELSAD": "Block Group 4", "LSAD": "BG", "ALAND": 4137963, "AWATER": 0, "NAME_y": "Block Group 4; Census Tract 90.10; Sacramento County; California", "pop_total": 1708, "median_income": 101818.0, "pop_white": "723", "pop_black": 387, "pop_native": "0", "pop_asian": "185", "pop_pacific": "0", "pop_other": "91", "pop_two_plus": "322", "pop_hispanic": 151, "pop_non_citizen": null, "poverty_universe": null, "pop_poverty": null, "total_households": 756, "renter_occupied": 251, "unemployed": "71", "single_parent_households": "164", "state": "06", "county": "067", "tract": "009010", "block group": "4", "surveilled_sites_count": 0, "surveilled_sites_list": "None", "surveilled_categories": "None", "pct_poverty": null, "pct_renter": 33.201058201058203, "pct_non_citizen": null, "pct_black": 22.658079625292739, "pct_hispanic": 8.840749414519907 }, "geometry": { "type": "Point", "coordinates": [ -121.287993, 38.593582700000013 ] } },
{ "type": "Feature", "properties": { "id": 13241177077, "lat": 38.6463102, "lon": -121.1144484, "direction": 25.0, "operator": "Unknown", "brand": "Unknown", "STATEFP": "06", "COUNTYFP": "067", "TRACTCE": "008507", "BLKGRPCE": "2", "AFFGEOID": "1500000US060670085072", "GEOID": "060670085072", "NAME_x": "2", "NAMELSAD": "Block Group 2", "LSAD": "BG", "ALAND": 2298357, "AWATER": 0, "NAME_y": "Block Group 2; Census Tract 85.07; Sacramento County; California", "pop_total": 2445, "median_income": 131894.0, "pop_white": "956", "pop_black": 238, "pop_native": "0", "pop_asian": "670", "pop_pacific": "0", "pop_other": "52", "pop_two_plus": "529", "pop_hispanic": 407, "pop_non_citizen": null, "poverty_universe": null, "pop_poverty": null, "total_households": 844, "renter_occupied": 423, "unemployed": "65", "single_parent_households": "328", "state": "06", "county": "067", "tract": "008507", "block group": "2", "surveilled_sites_count": 0, "surveilled_sites_list": "None", "surveilled_categories": "None", "pct_poverty": null, "pct_renter": 50.118483412322277, "pct_non_citizen": null, "pct_black": 9.7341513292433532, "pct_hispanic": 16.646216768916155 }, "geometry": { "type": "Point", "coordinates": [ -121.1144484, 38.646310199999981 ] } },
{ "type": "Feature", "properties": { "id": 13241177078, "lat": 38.6554232, "lon": -121.1275713, "direction": 335.0, "operator": "Unknown", "brand": "Unknown", "STATEFP": "06", "COUNTYFP": "067", "TRACTCE": "008507", "BLKGRPCE": "2", "AFFGEOID": "1500000US060670085072", "GEOID": "060670085072", "NAME_x": "2", "NAMELSAD": "Block Group 2", "LSAD": "BG", "ALAND": 2298357, "AWATER": 0, "NAME_y": "Block Group 2; Census Tract 85.07; Sacramento County; California", "pop_total": 2445, "median_income": 131894.0, "pop_white": "956", "pop_black": 238, "pop_native": "0", "pop_asian": "670", "pop_pacific": "0", "pop_other": "52", "pop_two_plus": "529", "pop_hispanic": 407, "pop_non_citizen": null, "poverty_universe": null, "pop_poverty": null, "total_households": 844, "renter_occupied": 423, "unemployed": "65", "single_parent_households": "328", "state": "06", "county": "067", "tract": "008507", "block group": "2", "surveilled_sites_count": 0, "surveilled_sites_list": "None", "surveilled_categories": "None", "pct_poverty": null, "pct_renter": 50.118483412322277, "pct_non_citizen": null, "pct_black": 9.7341513292433532, "pct_hispanic": 16.646216768916155 }, "geometry": { "type": "Point", "coordinates": [ -121.1275713, 38.6554232 ] } },
{ "type": "Feature", "properties": { "id": 13241177079, "lat": 38.6557863, "lon": -121.12653, "direction": 335.0, "operator": "Unknown", "brand": "Unknown", "STATEFP": "06", "COUNTYFP": "067", "TRACTCE": "008507", "BLKGRPCE": "2", "AFFGEOID": "1500000US060670085072", "GEOID": "060670085072", "NAME_x": "2", "NAMELSAD": "Block Group 2", "LSAD": "BG", "ALAND": 2298357, "AWATER": 0, "NAME_y": "Block Group 2; Census Tract 85.07; Sacramento County; California", "pop_total": 2445, "median_income": 131894.0, "pop_white": "956", "pop_black": 238, "pop_native": "0", "pop_asian": "670", "pop_pacific": "0", "pop_other": "52", "pop_two_plus": "529", "pop_hispanic": 407, "pop_non_citizen": null, "poverty_universe": null, "pop_poverty": null, "total_households": 844, "renter_occupied": 423, "unemployed": "65", "single_parent_households": "328", "state": "06", "county": "067", "tract": "008507", "block group": "2", "surveilled_sites_count": 0, "surveilled_sites_list": "None", "surveilled_categories": "None", "pct_poverty": null, "pct_renter": 50.118483412322277, "pct_non_citizen": null, "pct_black": 9.7341513292433532, "pct_hispanic": 16.646216768916155 }, "geometry": { "type": "Point", "coordinates": [ -121.12653, 38.65578629999996 ] } },
{ "type": "Feature", "properties": { "id": 13241624068, "lat": 38.6784393, "lon": -121.2624167, "direction": 80.0, "operator": "Unknown", "brand": "Unknown", "STATEFP": "06", "COUNTYFP": "067", "TRACTCE": "008139", "BLKGRPCE": "3", "AFFGEOID": "1500000US060670081393", "GEOID": "060670081393", "NAME_x": "3", "NAMELSAD": "Block Group 3", "LSAD": "BG", "ALAND": 794281, "AWATER": 0, "NAME_y": "Block Group 3; Census Tract 81.39; Sacramento County; California", "pop_total": 1900, "median_income": 58358.0, "pop_white": "1370", "pop_black": 129, "pop_native": "0", "pop_asian": "22", "pop_pacific": "0", "pop_other": "143", "pop_two_plus": "236", "pop_hispanic": 309, "pop_non_citizen": null, "poverty_universe": null, "pop_poverty": null, "total_households": 694, "renter_occupied": 601, "unemployed": "48", "single_parent_households": "239", "state": "06", "county": "067", "tract": "008139", "block group": "3", "surveilled_sites_count": 0, "surveilled_sites_list": "None", "surveilled_categories": "None", "pct_poverty": null, "pct_renter": 86.599423631123912, "pct_non_citizen": null, "pct_black": 6.7894736842105257, "pct_hispanic": 16.263157894736842 }, "geometry": { "type": "Point", "coordinates": [ -121.262416700000017, 38.678439299999944 ] } },
{ "type": "Feature", "properties": { "id": 13241624069, "lat": 38.6784095, "lon": -121.2623883, "direction": 170.0, "operator": "Unknown", "brand": "Unknown", "STATEFP": "06", "COUNTYFP": "067", "TRACTCE": "008139", "BLKGRPCE": "3", "AFFGEOID": "1500000US060670081393", "GEOID": "060670081393", "NAME_x": "3", "NAMELSAD": "Block Group 3", "LSAD": "BG", "ALAND": 794281, "AWATER": 0, "NAME_y": "Block Group 3; Census Tract 81.39; Sacramento County; California", "pop_total": 1900, "median_income": 58358.0, "pop_white": "1370", "pop_black": 129, "pop_native": "0", "pop_asian": "22", "pop_pacific": "0", "pop_other": "143", "pop_two_plus": "236", "pop_hispanic": 309, "pop_non_citizen": null, "poverty_universe": null, "pop_poverty": null, "total_households": 694, "renter_occupied": 601, "unemployed": "48", "single_parent_households": "239", "state": "06", "county": "067", "tract": "008139", "block group": "3", "surveilled_sites_count": 0, "surveilled_sites_list": "None", "surveilled_categories": "None", "pct_poverty": null, "pct_renter": 86.599423631123912, "pct_non_citizen": null, "pct_black": 6.7894736842105257, "pct_hispanic": 16.263157894736842 }, "geometry": { "type": "Point", "coordinates": [ -121.262388300000012, 38.6784095 ] } },
{ "type": "Feature", "properties": { "id": 13241624070, "lat": 38.6787591, "lon": -121.2620774, "direction": 350.0, "operator": "Unknown", "brand": "Unknown", "STATEFP": "06", "COUNTYFP": "067", "TRACTCE": "008144", "BLKGRPCE": "2", "AFFGEOID": "1500000US060670081442", "GEOID": "060670081442", "NAME_x": "2", "NAMELSAD": "Block Group 2", "LSAD": "BG", "ALAND": 1034825, "AWATER": 0, "NAME_y": "Block Group 2; Census Tract 81.44; Sacramento County; California", "pop_total": 2436, "median_income": 113125.0, "pop_white": "1890", "pop_black": 89, "pop_native": "0", "pop_asian": "151", "pop_pacific": "0", "pop_other": "40", "pop_two_plus": "266", "pop_hispanic": 333, "pop_non_citizen": null, "poverty_universe": null, "pop_poverty": null, "total_households": 852, "renter_occupied": 223, "unemployed": "124", "single_parent_households": "414", "state": "06", "county": "067", "tract": "008144", "block group": "2", "surveilled_sites_count": 0, "surveilled_sites_list": "None", "surveilled_categories": "None", "pct_poverty": null, "pct_renter": 26.173708920187792, "pct_non_citizen": null, "pct_black": 3.6535303776683086, "pct_hispanic": 13.669950738916256 }, "geometry": { "type": "Point", "coordinates": [ -121.2620774, 38.6787591 ] } },
{ "type": "Feature", "properties": { "id": 13241633224, "lat": 38.7187279, "lon": -121.2716599, "direction": 350.0, "operator": "Unknown", "brand": "Unknown", "STATEFP": "06", "COUNTYFP": "067", "TRACTCE": "008124", "BLKGRPCE": "2", "AFFGEOID": "1500000US060670081242", "GEOID": "060670081242", "NAME_x": "2", "NAMELSAD": "Block Group 2", "LSAD": "BG", "ALAND": 1367177, "AWATER": 0, "NAME_y": "Block Group 2; Census Tract 81.24; Sacramento County; California", "pop_total": 1922, "median_income": 81023.0, "pop_white": "1717", "pop_black": 21, "pop_native": "0", "pop_asian": "58", "pop_pacific": "0", "pop_other": "29", "pop_two_plus": "97", "pop_hispanic": 164, "pop_non_citizen": null, "poverty_universe": null, "pop_poverty": null, "total_households": 747, "renter_occupied": 105, "unemployed": "87", "single_parent_households": "173", "state": "06", "county": "067", "tract": "008124", "block group": "2", "surveilled_sites_count": 0, "surveilled_sites_list": "None", "surveilled_categories": "None", "pct_poverty": null, "pct_renter": 14.056224899598394, "pct_non_citizen": null, "pct_black": 1.0926118626430801, "pct_hispanic": 8.5327783558792927 }, "geometry": { "type": "Point", "coordinates": [ -121.271659900000017, 38.7187279 ] } },
{ "type": "Feature", "properties": { "id": 13241633225, "lat": 38.7184489, "lon": -121.2719129, "direction": 170.0, "operator": "Unknown", "brand": "Unknown", "STATEFP": "06", "COUNTYFP": "067", "TRACTCE": "008143", "BLKGRPCE": "1", "AFFGEOID": "1500000US060670081431", "GEOID": "060670081431", "NAME_x": "1", "NAMELSAD": "Block Group 1", "LSAD": "BG", "ALAND": 1188955, "AWATER": 0, "NAME_y": "Block Group 1; Census Tract 81.43; Sacramento County; California", "pop_total": 2286, "median_income": 57885.0, "pop_white": "1782", "pop_black": 183, "pop_native": "27", "pop_asian": "24", "pop_pacific": "4", "pop_other": "51", "pop_two_plus": "215", "pop_hispanic": 266, "pop_non_citizen": null, "poverty_universe": null, "pop_poverty": null, "total_households": 990, "renter_occupied": 563, "unemployed": "42", "single_parent_households": "218", "state": "06", "county": "067", "tract": "008143", "block group": "1", "surveilled_sites_count": 0, "surveilled_sites_list": "None", "surveilled_categories": "None", "pct_poverty": null, "pct_renter": 56.868686868686865, "pct_non_citizen": null, "pct_black": 8.0052493438320216, "pct_hispanic": 11.63604549431321 }, "geometry": { "type": "Point", "coordinates": [ -121.2719129, 38.718448899999977 ] } },
{ "type": "Feature", "properties": { "id": 13241636888, "lat": 38.7077376, "lon": -121.2720839, "direction": 270.0, "operator": "Unknown", "brand": "Unknown", "STATEFP": "06", "COUNTYFP": "067", "TRACTCE": "008143", "BLKGRPCE": "1", "AFFGEOID": "1500000US060670081431", "GEOID": "060670081431", "NAME_x": "1", "NAMELSAD": "Block Group 1", "LSAD": "BG", "ALAND": 1188955, "AWATER": 0, "NAME_y": "Block Group 1; Census Tract 81.43; Sacramento County; California", "pop_total": 2286, "median_income": 57885.0, "pop_white": "1782", "pop_black": 183, "pop_native": "27", "pop_asian": "24", "pop_pacific": "4", "pop_other": "51", "pop_two_plus": "215", "pop_hispanic": 266, "pop_non_citizen": null, "poverty_universe": null, "pop_poverty": null, "total_households": 990, "renter_occupied": 563, "unemployed": "42", "single_parent_households": "218", "state": "06", "county": "067", "tract": "008143", "block group": "1", "surveilled_sites_count": 0, "surveilled_sites_list": "None", "surveilled_categories": "None", "pct_poverty": null, "pct_renter": 56.868686868686865, "pct_non_citizen": null, "pct_black": 8.0052493438320216, "pct_hispanic": 11.63604549431321 }, "geometry": { "type": "Point", "coordinates": [ -121.272083900000013, 38.707737599999959 ] } },
{ "type": "Feature", "properties": { "id": 13241659043, "lat": 38.7059366, "lon": -121.2673051, "direction": 45.0, "operator": "Unknown", "brand": "Unknown", "STATEFP": "06", "COUNTYFP": "067", "TRACTCE": "008125", "BLKGRPCE": "2", "AFFGEOID": "1500000US060670081252", "GEOID": "060670081252", "NAME_x": "2", "NAMELSAD": "Block Group 2", "LSAD": "BG", "ALAND": 516196, "AWATER": 0, "NAME_y": "Block Group 2; Census Tract 81.25; Sacramento County; California", "pop_total": 945, "median_income": 71125.0, "pop_white": "863", "pop_black": 27, "pop_native": "0", "pop_asian": "24", "pop_pacific": "0", "pop_other": "31", "pop_two_plus": "0", "pop_hispanic": 53, "pop_non_citizen": null, "poverty_universe": null, "pop_poverty": null, "total_households": 318, "renter_occupied": 118, "unemployed": "29", "single_parent_households": "22", "state": "06", "county": "067", "tract": "008125", "block group": "2", "surveilled_sites_count": 0, "surveilled_sites_list": "None", "surveilled_categories": "None", "pct_poverty": null, "pct_renter": 37.106918238993707, "pct_non_citizen": null, "pct_black": 2.8571428571428572, "pct_hispanic": 5.6084656084656084 }, "geometry": { "type": "Point", "coordinates": [ -121.267305099999987, 38.70593659999998 ] } },
{ "type": "Feature", "properties": { "id": 13242755244, "lat": 38.5977688, "lon": -121.4197863, "direction": 325.0, "operator": "Unknown", "brand": "Unknown", "STATEFP": "06", "COUNTYFP": "067", "TRACTCE": "005502", "BLKGRPCE": "3", "AFFGEOID": "1500000US060670055023", "GEOID": "060670055023", "NAME_x": "3", "NAMELSAD": "Block Group 3", "LSAD": "BG", "ALAND": 665142, "AWATER": 0, "NAME_y": "Block Group 3; Census Tract 55.02; Sacramento County; California", "pop_total": 2791, "median_income": 46875.0, "pop_white": "1015", "pop_black": 419, "pop_native": "0", "pop_asian": "228", "pop_pacific": "0", "pop_other": "825", "pop_two_plus": "304", "pop_hispanic": 1294, "pop_non_citizen": null, "poverty_universe": null, "pop_poverty": null, "total_households": 950, "renter_occupied": 785, "unemployed": "102", "single_parent_households": "327", "state": "06", "county": "067", "tract": "005502", "block group": "3", "surveilled_sites_count": 0, "surveilled_sites_list": "None", "surveilled_categories": "None", "pct_poverty": null, "pct_renter": 82.631578947368425, "pct_non_citizen": null, "pct_black": 15.012540308133286, "pct_hispanic": 46.363310641347191 }, "geometry": { "type": "Point", "coordinates": [ -121.4197863, 38.597768799999962 ] } },
{ "type": "Feature", "properties": { "id": 13242765044, "lat": 38.5959392, "lon": -121.383319, "direction": 255.0, "operator": "Unknown", "brand": "Unknown", "STATEFP": "06", "COUNTYFP": "067", "TRACTCE": "005601", "BLKGRPCE": "4", "AFFGEOID": "1500000US060670056014", "GEOID": "060670056014", "NAME_x": "4", "NAMELSAD": "Block Group 4", "LSAD": "BG", "ALAND": 662045, "AWATER": 0, "NAME_y": "Block Group 4; Census Tract 56.01; Sacramento County; California", "pop_total": 2373, "median_income": 64444.0, "pop_white": "954", "pop_black": 255, "pop_native": "0", "pop_asian": "138", "pop_pacific": "10", "pop_other": "378", "pop_two_plus": "638", "pop_hispanic": 464, "pop_non_citizen": null, "poverty_universe": null, "pop_poverty": null, "total_households": 760, "renter_occupied": 597, "unemployed": "0", "single_parent_households": "182", "state": "06", "county": "067", "tract": "005601", "block group": "4", "surveilled_sites_count": 0, "surveilled_sites_list": "None", "surveilled_categories": "None", "pct_poverty": null, "pct_renter": 78.55263157894737, "pct_non_citizen": null, "pct_black": 10.745891276864729, "pct_hispanic": 19.55330804888327 }, "geometry": { "type": "Point", "coordinates": [ -121.383319, 38.595939200000025 ] } },
{ "type": "Feature", "properties": { "id": 13242776147, "lat": 38.6609161, "lon": -121.3642498, "direction": 60.0, "operator": "Unknown", "brand": "Unknown", "STATEFP": "06", "COUNTYFP": "067", "TRACTCE": "007413", "BLKGRPCE": "2", "AFFGEOID": "1500000US060670074132", "GEOID": "060670074132", "NAME_x": "2", "NAMELSAD": "Block Group 2", "LSAD": "BG", "ALAND": 662275, "AWATER": 0, "NAME_y": "Block Group 2; Census Tract 74.13; Sacramento County; California", "pop_total": 2856, "median_income": 58358.0, "pop_white": "1284", "pop_black": 471, "pop_native": "0", "pop_asian": "114", "pop_pacific": "0", "pop_other": "214", "pop_two_plus": "773", "pop_hispanic": 1176, "pop_non_citizen": null, "poverty_universe": null, "pop_poverty": null, "total_households": 909, "renter_occupied": 498, "unemployed": "71", "single_parent_households": "281", "state": "06", "county": "067", "tract": "007413", "block group": "2", "surveilled_sites_count": 0, "surveilled_sites_list": "None", "surveilled_categories": "None", "pct_poverty": null, "pct_renter": 54.78547854785478, "pct_non_citizen": null, "pct_black": 16.491596638655462, "pct_hispanic": 41.17647058823529 }, "geometry": { "type": "Point", "coordinates": [ -121.3642498, 38.660916099999923 ] } },
{ "type": "Feature", "properties": { "id": 13242776148, "lat": 38.6612373, "lon": -121.3646959, "direction": 240.0, "operator": "Unknown", "brand": "Unknown", "STATEFP": "06", "COUNTYFP": "067", "TRACTCE": "007424", "BLKGRPCE": "1", "AFFGEOID": "1500000US060670074241", "GEOID": "060670074241", "NAME_x": "1", "NAMELSAD": "Block Group 1", "LSAD": "BG", "ALAND": 884372, "AWATER": 0, "NAME_y": "Block Group 1; Census Tract 74.24; Sacramento County; California", "pop_total": 2539, "median_income": 53667.0, "pop_white": "1225", "pop_black": 92, "pop_native": "38", "pop_asian": "562", "pop_pacific": "31", "pop_other": "154", "pop_two_plus": "437", "pop_hispanic": 629, "pop_non_citizen": null, "poverty_universe": null, "pop_poverty": null, "total_households": 874, "renter_occupied": 511, "unemployed": "46", "single_parent_households": "350", "state": "06", "county": "067", "tract": "007424", "block group": "1", "surveilled_sites_count": 0, "surveilled_sites_list": "None", "surveilled_categories": "None", "pct_poverty": null, "pct_renter": 58.46681922196796, "pct_non_citizen": null, "pct_black": 3.6234738085860578, "pct_hispanic": 24.77353288696337 }, "geometry": { "type": "Point", "coordinates": [ -121.3646959, 38.661237300000032 ] } },
{ "type": "Feature", "properties": { "id": 13243083871, "lat": 38.6550559, "lon": -121.4777996, "direction": 90.0, "operator": "Sacramento Police Department", "brand": "Unknown", "STATEFP": "06", "COUNTYFP": "067", "TRACTCE": "007001", "BLKGRPCE": "1", "AFFGEOID": "1500000US060670070011", "GEOID": "060670070011", "NAME_x": "1", "NAMELSAD": "Block Group 1", "LSAD": "BG", "ALAND": 1973263, "AWATER": 28907, "NAME_y": "Block Group 1; Census Tract 70.01; Sacramento County; California", "pop_total": 2794, "median_income": 52321.0, "pop_white": "1078", "pop_black": 67, "pop_native": "32", "pop_asian": "462", "pop_pacific": "0", "pop_other": "685", "pop_two_plus": "470", "pop_hispanic": 1781, "pop_non_citizen": null, "poverty_universe": null, "pop_poverty": null, "total_households": 788, "renter_occupied": 341, "unemployed": "54", "single_parent_households": "382", "state": "06", "county": "067", "tract": "007001", "block group": "1", "surveilled_sites_count": 0, "surveilled_sites_list": "None", "surveilled_categories": "None", "pct_poverty": null, "pct_renter": 43.274111675126903, "pct_non_citizen": null, "pct_black": 2.3979957050823191, "pct_hispanic": 63.743736578382247 }, "geometry": { "type": "Point", "coordinates": [ -121.477799599999983, 38.655055900000029 ] } },
{ "type": "Feature", "properties": { "id": 13243109051, "lat": 38.6545208, "lon": -121.4288864, "direction": 90.0, "operator": "Sacramento Police Department", "brand": "Unknown", "STATEFP": "06", "COUNTYFP": "067", "TRACTCE": "006400", "BLKGRPCE": "2", "AFFGEOID": "1500000US060670064002", "GEOID": "060670064002", "NAME_x": "2", "NAMELSAD": "Block Group 2", "LSAD": "BG", "ALAND": 1170787, "AWATER": 0, "NAME_y": "Block Group 2; Census Tract 64; Sacramento County; California", "pop_total": 792, "median_income": 57552.0, "pop_white": "431", "pop_black": 79, "pop_native": "65", "pop_asian": "42", "pop_pacific": "0", "pop_other": "164", "pop_two_plus": "11", "pop_hispanic": 244, "pop_non_citizen": null, "poverty_universe": null, "pop_poverty": null, "total_households": 335, "renter_occupied": 127, "unemployed": "49", "single_parent_households": "40", "state": "06", "county": "067", "tract": "006400", "block group": "2", "surveilled_sites_count": 0, "surveilled_sites_list": "None", "surveilled_categories": "None", "pct_poverty": null, "pct_renter": 37.910447761194028, "pct_non_citizen": null, "pct_black": 9.9747474747474758, "pct_hispanic": 30.808080808080806 }, "geometry": { "type": "Point", "coordinates": [ -121.4288864, 38.6545208 ] } },
{ "type": "Feature", "properties": { "id": 13243121516, "lat": 38.6746473, "lon": -121.5909578, "direction": 0.0, "operator": "Unknown", "brand": "Unknown", "STATEFP": "06", "COUNTYFP": "067", "TRACTCE": "007101", "BLKGRPCE": "1", "AFFGEOID": "1500000US060670071011", "GEOID": "060670071011", "NAME_x": "1", "NAMELSAD": "Block Group 1", "LSAD": "BG", "ALAND": 75757022, "AWATER": 756966, "NAME_y": "Block Group 1; Census Tract 71.01; Sacramento County; California", "pop_total": 200, "median_income": 178438.0, "pop_white": "200", "pop_black": 0, "pop_native": "0", "pop_asian": "0", "pop_pacific": "0", "pop_other": "0", "pop_two_plus": "0", "pop_hispanic": 0, "pop_non_citizen": null, "poverty_universe": null, "pop_poverty": null, "total_households": 67, "renter_occupied": 20, "unemployed": "0", "single_parent_households": "4", "state": "06", "county": "067", "tract": "007101", "block group": "1", "surveilled_sites_count": 0, "surveilled_sites_list": "None", "surveilled_categories": "None", "pct_poverty": null, "pct_renter": 29.850746268656714, "pct_non_citizen": null, "pct_black": 0.0, "pct_hispanic": 0.0 }, "geometry": { "type": "Point", "coordinates": [ -121.5909578, 38.674647299999982 ] } },
{ "type": "Feature", "properties": { "id": 13243135838, "lat": 38.6298645, "lon": -121.4754684, "direction": 0.0, "operator": "Sacramento Police Department", "brand": "Unknown", "STATEFP": "06", "COUNTYFP": "067", "TRACTCE": "007001", "BLKGRPCE": "1", "AFFGEOID": "1500000US060670070011", "GEOID": "060670070011", "NAME_x": "1", "NAMELSAD": "Block Group 1", "LSAD": "BG", "ALAND": 1973263, "AWATER": 28907, "NAME_y": "Block Group 1; Census Tract 70.01; Sacramento County; California", "pop_total": 2794, "median_income": 52321.0, "pop_white": "1078", "pop_black": 67, "pop_native": "32", "pop_asian": "462", "pop_pacific": "0", "pop_other": "685", "pop_two_plus": "470", "pop_hispanic": 1781, "pop_non_citizen": null, "poverty_universe": null, "pop_poverty": null, "total_households": 788, "renter_occupied": 341, "unemployed": "54", "single_parent_households": "382", "state": "06", "county": "067", "tract": "007001", "block group": "1", "surveilled_sites_count": 0, "surveilled_sites_list": "None", "surveilled_categories": "None", "pct_poverty": null, "pct_renter": 43.274111675126903, "pct_non_citizen": null, "pct_black": 2.3979957050823191, "pct_hispanic": 63.743736578382247 }, "geometry": { "type": "Point", "coordinates": [ -121.475468400000011, 38.629864499999961 ] } },
{ "type": "Feature", "properties": { "id": 13243135839, "lat": 38.6298645, "lon": -121.475474, "direction": 350.0, "operator": "Unknown", "brand": "Unknown", "STATEFP": "06", "COUNTYFP": "067", "TRACTCE": "007001", "BLKGRPCE": "1", "AFFGEOID": "1500000US060670070011", "GEOID": "060670070011", "NAME_x": "1", "NAMELSAD": "Block Group 1", "LSAD": "BG", "ALAND": 1973263, "AWATER": 28907, "NAME_y": "Block Group 1; Census Tract 70.01; Sacramento County; California", "pop_total": 2794, "median_income": 52321.0, "pop_white": "1078", "pop_black": 67, "pop_native": "32", "pop_asian": "462", "pop_pacific": "0", "pop_other": "685", "pop_two_plus": "470", "pop_hispanic": 1781, "pop_non_citizen": null, "poverty_universe": null, "pop_poverty": null, "total_households": 788, "renter_occupied": 341, "unemployed": "54", "single_parent_households": "382", "state": "06", "county": "067", "tract": "007001", "block group": "1", "surveilled_sites_count": 0, "surveilled_sites_list": "None", "surveilled_categories": "None", "pct_poverty": null, "pct_renter": 43.274111675126903, "pct_non_citizen": null, "pct_black": 2.3979957050823191, "pct_hispanic": 63.743736578382247 }, "geometry": { "type": "Point", "coordinates": [ -121.475474, 38.629864499999982 ] } },
{ "type": "Feature", "properties": { "id": 13243135840, "lat": 38.6298648, "lon": -121.4754807, "direction": 220.0, "operator": "Sacramento Police Department", "brand": "Unknown", "STATEFP": "06", "COUNTYFP": "067", "TRACTCE": "007001", "BLKGRPCE": "1", "AFFGEOID": "1500000US060670070011", "GEOID": "060670070011", "NAME_x": "1", "NAMELSAD": "Block Group 1", "LSAD": "BG", "ALAND": 1973263, "AWATER": 28907, "NAME_y": "Block Group 1; Census Tract 70.01; Sacramento County; California", "pop_total": 2794, "median_income": 52321.0, "pop_white": "1078", "pop_black": 67, "pop_native": "32", "pop_asian": "462", "pop_pacific": "0", "pop_other": "685", "pop_two_plus": "470", "pop_hispanic": 1781, "pop_non_citizen": null, "poverty_universe": null, "pop_poverty": null, "total_households": 788, "renter_occupied": 341, "unemployed": "54", "single_parent_households": "382", "state": "06", "county": "067", "tract": "007001", "block group": "1", "surveilled_sites_count": 0, "surveilled_sites_list": "None", "surveilled_categories": "None", "pct_poverty": null, "pct_renter": 43.274111675126903, "pct_non_citizen": null, "pct_black": 2.3979957050823191, "pct_hispanic": 63.743736578382247 }, "geometry": { "type": "Point", "coordinates": [ -121.4754807, 38.629864800000028 ] } },
{ "type": "Feature", "properties": { "id": 13243136564, "lat": 38.612656, "lon": -121.4975968, "direction": 90.0, "operator": "Sacramento Police Department", "brand": "Unknown", "STATEFP": "06", "COUNTYFP": "067", "TRACTCE": "007024", "BLKGRPCE": "1", "AFFGEOID": "1500000US060670070241", "GEOID": "060670070241", "NAME_x": "1", "NAMELSAD": "Block Group 1", "LSAD": "BG", "ALAND": 692371, "AWATER": 0, "NAME_y": "Block Group 1; Census Tract 70.24; Sacramento County; California", "pop_total": 2049, "median_income": 73493.0, "pop_white": "948", "pop_black": 268, "pop_native": "0", "pop_asian": "171", "pop_pacific": "0", "pop_other": "338", "pop_two_plus": "324", "pop_hispanic": 695, "pop_non_citizen": null, "poverty_universe": null, "pop_poverty": null, "total_households": 801, "renter_occupied": 524, "unemployed": "0", "single_parent_households": "303", "state": "06", "county": "067", "tract": "007024", "block group": "1", "surveilled_sites_count": 0, "surveilled_sites_list": "None", "surveilled_categories": "None", "pct_poverty": null, "pct_renter": 65.418227215980025, "pct_non_citizen": null, "pct_black": 13.079551000488044, "pct_hispanic": 33.918984870668616 }, "geometry": { "type": "Point", "coordinates": [ -121.4975968, 38.612656 ] } },
{ "type": "Feature", "properties": { "id": 13243136565, "lat": 38.6126666, "lon": -121.4976054, "direction": 75.0, "operator": "Sacramento Police Department", "brand": "Unknown", "STATEFP": "06", "COUNTYFP": "067", "TRACTCE": "007024", "BLKGRPCE": "1", "AFFGEOID": "1500000US060670070241", "GEOID": "060670070241", "NAME_x": "1", "NAMELSAD": "Block Group 1", "LSAD": "BG", "ALAND": 692371, "AWATER": 0, "NAME_y": "Block Group 1; Census Tract 70.24; Sacramento County; California", "pop_total": 2049, "median_income": 73493.0, "pop_white": "948", "pop_black": 268, "pop_native": "0", "pop_asian": "171", "pop_pacific": "0", "pop_other": "338", "pop_two_plus": "324", "pop_hispanic": 695, "pop_non_citizen": null, "poverty_universe": null, "pop_poverty": null, "total_households": 801, "renter_occupied": 524, "unemployed": "0", "single_parent_households": "303", "state": "06", "county": "067", "tract": "007024", "block group": "1", "surveilled_sites_count": 0, "surveilled_sites_list": "None", "surveilled_categories": "None", "pct_poverty": null, "pct_renter": 65.418227215980025, "pct_non_citizen": null, "pct_black": 13.079551000488044, "pct_hispanic": 33.918984870668616 }, "geometry": { "type": "Point", "coordinates": [ -121.497605400000012, 38.612666599999969 ] } },
{ "type": "Feature", "properties": { "id": 13243136566, "lat": 38.6126808, "lon": -121.497605, "direction": 285.0, "operator": "Sacramento Police Department", "brand": "Unknown", "STATEFP": "06", "COUNTYFP": "067", "TRACTCE": "007024", "BLKGRPCE": "1", "AFFGEOID": "1500000US060670070241", "GEOID": "060670070241", "NAME_x": "1", "NAMELSAD": "Block Group 1", "LSAD": "BG", "ALAND": 692371, "AWATER": 0, "NAME_y": "Block Group 1; Census Tract 70.24; Sacramento County; California", "pop_total": 2049, "median_income": 73493.0, "pop_white": "948", "pop_black": 268, "pop_native": "0", "pop_asian": "171", "pop_pacific": "0", "pop_other": "338", "pop_two_plus": "324", "pop_hispanic": 695, "pop_non_citizen": null, "poverty_universe": null, "pop_poverty": null, "total_households": 801, "renter_occupied": 524, "unemployed": "0", "single_parent_households": "303", "state": "06", "county": "067", "tract": "007024", "block group": "1", "surveilled_sites_count": 0, "surveilled_sites_list": "None", "surveilled_categories": "None", "pct_poverty": null, "pct_renter": 65.418227215980025, "pct_non_citizen": null, "pct_black": 13.079551000488044, "pct_hispanic": 33.918984870668616 }, "geometry": { "type": "Point", "coordinates": [ -121.497605, 38.6126808 ] } },
{ "type": "Feature", "properties": { "id": 13248298474, "lat": 38.4746552, "lon": -121.4188293, "direction": 5.0, "operator": "Unknown", "brand": "Unknown", "STATEFP": "06", "COUNTYFP": "067", "TRACTCE": "005002", "BLKGRPCE": "3", "AFFGEOID": "1500000US060670050023", "GEOID": "060670050023", "NAME_x": "3", "NAMELSAD": "Block Group 3", "LSAD": "BG", "ALAND": 844911, "AWATER": 0, "NAME_y": "Block Group 3; Census Tract 50.02; Sacramento County; California", "pop_total": 2789, "median_income": 64004.0, "pop_white": "458", "pop_black": 350, "pop_native": "0", "pop_asian": "762", "pop_pacific": "0", "pop_other": "767", "pop_two_plus": "452", "pop_hispanic": 1028, "pop_non_citizen": null, "poverty_universe": null, "pop_poverty": null, "total_households": 970, "renter_occupied": 416, "unemployed": "138", "single_parent_households": "349", "state": "06", "county": "067", "tract": "005002", "block group": "3", "surveilled_sites_count": 0, "surveilled_sites_list": "None", "surveilled_categories": "None", "pct_poverty": null, "pct_renter": 42.886597938144327, "pct_non_citizen": null, "pct_black": 12.549300824668341, "pct_hispanic": 36.859089279311583 }, "geometry": { "type": "Point", "coordinates": [ -121.4188293, 38.474655200000051 ] } },
{ "type": "Feature", "properties": { "id": 13260777071, "lat": 38.5351594, "lon": -121.4938017, "direction": 195.0, "operator": "Sacramento PD", "brand": "Unknown", "STATEFP": "06", "COUNTYFP": "067", "TRACTCE": "002400", "BLKGRPCE": "4", "AFFGEOID": "1500000US060670024004", "GEOID": "060670024004", "NAME_x": "4", "NAMELSAD": "Block Group 4", "LSAD": "BG", "ALAND": 1410203, "AWATER": 0, "NAME_y": "Block Group 4; Census Tract 24; Sacramento County; California", "pop_total": 517, "median_income": 227917.0, "pop_white": "369", "pop_black": 2, "pop_native": "0", "pop_asian": "25", "pop_pacific": "0", "pop_other": "5", "pop_two_plus": "116", "pop_hispanic": 72, "pop_non_citizen": null, "poverty_universe": null, "pop_poverty": null, "total_households": 220, "renter_occupied": 26, "unemployed": "1", "single_parent_households": "67", "state": "06", "county": "067", "tract": "002400", "block group": "4", "surveilled_sites_count": 1, "surveilled_sites_list": "Logic Jiu-Jitsu", "surveilled_categories": "fitness_centre", "pct_poverty": null, "pct_renter": 11.818181818181818, "pct_non_citizen": null, "pct_black": 0.38684719535783368, "pct_hispanic": 13.926499032882012 }, "geometry": { "type": "Point", "coordinates": [ -121.4938017, 38.5351594 ] } },
{ "type": "Feature", "properties": { "id": 13265949845, "lat": 38.7014425, "lon": -121.1471375, "direction": 285.0, "operator": "Unknown", "brand": "Unknown", "STATEFP": "06", "COUNTYFP": "067", "TRACTCE": "988300", "BLKGRPCE": "1", "AFFGEOID": "1500000US060679883001", "GEOID": "060679883001", "NAME_x": "1", "NAMELSAD": "Block Group 1", "LSAD": "BG", "ALAND": 3824924, "AWATER": 166308, "NAME_y": "Block Group 1; Census Tract 9883; Sacramento County; California", "pop_total": 4478, "median_income": 157857.0, "pop_white": "1197", "pop_black": 1778, "pop_native": "85", "pop_asian": "88", "pop_pacific": "43", "pop_other": "698", "pop_two_plus": "589", "pop_hispanic": 1595, "pop_non_citizen": null, "poverty_universe": null, "pop_poverty": null, "total_households": 24, "renter_occupied": 24, "unemployed": "0", "single_parent_households": "0", "state": "06", "county": "067", "tract": "988300", "block group": "1", "surveilled_sites_count": 0, "surveilled_sites_list": "None", "surveilled_categories": "None", "pct_poverty": null, "pct_renter": 100.0, "pct_non_citizen": null, "pct_black": 39.705225547119248, "pct_hispanic": 35.618579723090669 }, "geometry": { "type": "Point", "coordinates": [ -121.147137500000014, 38.70144250000002 ] } },
{ "type": "Feature", "properties": { "id": 13270823308, "lat": 38.693904, "lon": -121.2905223, "direction": 170.0, "operator": "Unknown", "brand": "Unknown", "STATEFP": "06", "COUNTYFP": "067", "TRACTCE": "008136", "BLKGRPCE": "1", "AFFGEOID": "1500000US060670081361", "GEOID": "060670081361", "NAME_x": "1", "NAMELSAD": "Block Group 1", "LSAD": "BG", "ALAND": 511534, "AWATER": 0, "NAME_y": "Block Group 1; Census Tract 81.36; Sacramento County; California", "pop_total": 1514, "median_income": 97375.0, "pop_white": "1220", "pop_black": 37, "pop_native": "33", "pop_asian": "19", "pop_pacific": "0", "pop_other": "107", "pop_two_plus": "98", "pop_hispanic": 245, "pop_non_citizen": null, "poverty_universe": null, "pop_poverty": null, "total_households": 477, "renter_occupied": 439, "unemployed": "66", "single_parent_households": "190", "state": "06", "county": "067", "tract": "008136", "block group": "1", "surveilled_sites_count": 0, "surveilled_sites_list": "None", "surveilled_categories": "None", "pct_poverty": null, "pct_renter": 92.033542976939202, "pct_non_citizen": null, "pct_black": 2.4438573315719947, "pct_hispanic": 16.182298546895641 }, "geometry": { "type": "Point", "coordinates": [ -121.2905223, 38.693904 ] } },
{ "type": "Feature", "properties": { "id": 13271112689, "lat": 38.6786265, "lon": -121.2713841, "direction": 350.0, "operator": "Unknown", "brand": "Unknown", "STATEFP": "06", "COUNTYFP": "067", "TRACTCE": "008120", "BLKGRPCE": "3", "AFFGEOID": "1500000US060670081203", "GEOID": "060670081203", "NAME_x": "3", "NAMELSAD": "Block Group 3", "LSAD": "BG", "ALAND": 718557, "AWATER": 0, "NAME_y": "Block Group 3; Census Tract 81.20; Sacramento County; California", "pop_total": 1195, "median_income": 63279.0, "pop_white": "907", "pop_black": 40, "pop_native": "8", "pop_asian": "21", "pop_pacific": "0", "pop_other": "15", "pop_two_plus": "204", "pop_hispanic": 122, "pop_non_citizen": null, "poverty_universe": null, "pop_poverty": null, "total_households": 633, "renter_occupied": 627, "unemployed": "33", "single_parent_households": "29", "state": "06", "county": "067", "tract": "008120", "block group": "3", "surveilled_sites_count": 0, "surveilled_sites_list": "None", "surveilled_categories": "None", "pct_poverty": null, "pct_renter": 99.052132701421797, "pct_non_citizen": null, "pct_black": 3.3472803347280333, "pct_hispanic": 10.209205020920502 }, "geometry": { "type": "Point", "coordinates": [ -121.27138410000002, 38.678626499999979 ] } },
{ "type": "Feature", "properties": { "id": 13271112690, "lat": 38.6783124, "lon": -121.2713126, "direction": 80.0, "operator": "Unknown", "brand": "Unknown", "STATEFP": "06", "COUNTYFP": "067", "TRACTCE": "008139", "BLKGRPCE": "3", "AFFGEOID": "1500000US060670081393", "GEOID": "060670081393", "NAME_x": "3", "NAMELSAD": "Block Group 3", "LSAD": "BG", "ALAND": 794281, "AWATER": 0, "NAME_y": "Block Group 3; Census Tract 81.39; Sacramento County; California", "pop_total": 1900, "median_income": 58358.0, "pop_white": "1370", "pop_black": 129, "pop_native": "0", "pop_asian": "22", "pop_pacific": "0", "pop_other": "143", "pop_two_plus": "236", "pop_hispanic": 309, "pop_non_citizen": null, "poverty_universe": null, "pop_poverty": null, "total_households": 694, "renter_occupied": 601, "unemployed": "48", "single_parent_households": "239", "state": "06", "county": "067", "tract": "008139", "block group": "3", "surveilled_sites_count": 0, "surveilled_sites_list": "None", "surveilled_categories": "None", "pct_poverty": null, "pct_renter": 86.599423631123912, "pct_non_citizen": null, "pct_black": 6.7894736842105257, "pct_hispanic": 16.263157894736842 }, "geometry": { "type": "Point", "coordinates": [ -121.2713126, 38.678312400000053 ] } },
{ "type": "Feature", "properties": { "id": 13271112691, "lat": 38.6782524, "lon": -121.2717435, "direction": 170.0, "operator": "Unknown", "brand": "Unknown", "STATEFP": "06", "COUNTYFP": "067", "TRACTCE": "008138", "BLKGRPCE": "1", "AFFGEOID": "1500000US060670081381", "GEOID": "060670081381", "NAME_x": "1", "NAMELSAD": "Block Group 1", "LSAD": "BG", "ALAND": 722723, "AWATER": 0, "NAME_y": "Block Group 1; Census Tract 81.38; Sacramento County; California", "pop_total": 698, "median_income": 102500.0, "pop_white": "497", "pop_black": 69, "pop_native": "0", "pop_asian": "30", "pop_pacific": "0", "pop_other": "48", "pop_two_plus": "54", "pop_hispanic": 97, "pop_non_citizen": null, "poverty_universe": null, "pop_poverty": null, "total_households": 232, "renter_occupied": 125, "unemployed": "26", "single_parent_households": "64", "state": "06", "county": "067", "tract": "008138", "block group": "1", "surveilled_sites_count": 0, "surveilled_sites_list": "None", "surveilled_categories": "None", "pct_poverty": null, "pct_renter": 53.879310344827594, "pct_non_citizen": null, "pct_black": 9.8853868194842409, "pct_hispanic": 13.896848137535816 }, "geometry": { "type": "Point", "coordinates": [ -121.2717435, 38.678252400000019 ] } },
{ "type": "Feature", "properties": { "id": 13271112692, "lat": 38.6785734, "lon": -121.271824, "direction": 260.0, "operator": "Unknown", "brand": "Unknown", "STATEFP": "06", "COUNTYFP": "067", "TRACTCE": "008141", "BLKGRPCE": "5", "AFFGEOID": "1500000US060670081415", "GEOID": "060670081415", "NAME_x": "5", "NAMELSAD": "Block Group 5", "LSAD": "BG", "ALAND": 434064, "AWATER": 0, "NAME_y": "Block Group 5; Census Tract 81.41; Sacramento County; California", "pop_total": 1851, "median_income": 59421.0, "pop_white": "1671", "pop_black": 16, "pop_native": "0", "pop_asian": "0", "pop_pacific": "0", "pop_other": "108", "pop_two_plus": "56", "pop_hispanic": 540, "pop_non_citizen": null, "poverty_universe": null, "pop_poverty": null, "total_households": 753, "renter_occupied": 693, "unemployed": "176", "single_parent_households": "166", "state": "06", "county": "067", "tract": "008141", "block group": "5", "surveilled_sites_count": 0, "surveilled_sites_list": "None", "surveilled_categories": "None", "pct_poverty": null, "pct_renter": 92.031872509960152, "pct_non_citizen": null, "pct_black": 0.86439762290653699, "pct_hispanic": 29.17341977309562 }, "geometry": { "type": "Point", "coordinates": [ -121.271824, 38.6785734 ] } },
{ "type": "Feature", "properties": { "id": 13271152312, "lat": 38.6785218, "lon": -121.2758938, "direction": 350.0, "operator": "Unknown", "brand": "Unknown", "STATEFP": "06", "COUNTYFP": "067", "TRACTCE": "008141", "BLKGRPCE": "5", "AFFGEOID": "1500000US060670081415", "GEOID": "060670081415", "NAME_x": "5", "NAMELSAD": "Block Group 5", "LSAD": "BG", "ALAND": 434064, "AWATER": 0, "NAME_y": "Block Group 5; Census Tract 81.41; Sacramento County; California", "pop_total": 1851, "median_income": 59421.0, "pop_white": "1671", "pop_black": 16, "pop_native": "0", "pop_asian": "0", "pop_pacific": "0", "pop_other": "108", "pop_two_plus": "56", "pop_hispanic": 540, "pop_non_citizen": null, "poverty_universe": null, "pop_poverty": null, "total_households": 753, "renter_occupied": 693, "unemployed": "176", "single_parent_households": "166", "state": "06", "county": "067", "tract": "008141", "block group": "5", "surveilled_sites_count": 0, "surveilled_sites_list": "None", "surveilled_categories": "None", "pct_poverty": null, "pct_renter": 92.031872509960152, "pct_non_citizen": null, "pct_black": 0.86439762290653699, "pct_hispanic": 29.17341977309562 }, "geometry": { "type": "Point", "coordinates": [ -121.27589380000002, 38.678521799999935 ] } },
{ "type": "Feature", "properties": { "id": 13271152313, "lat": 38.6781644, "lon": -121.2761298, "direction": 170.0, "operator": "Unknown", "brand": "Unknown", "STATEFP": "06", "COUNTYFP": "067", "TRACTCE": "008138", "BLKGRPCE": "2", "AFFGEOID": "1500000US060670081382", "GEOID": "060670081382", "NAME_x": "2", "NAMELSAD": "Block Group 2", "LSAD": "BG", "ALAND": 492489, "AWATER": 0, "NAME_y": "Block Group 2; Census Tract 81.38; Sacramento County; California", "pop_total": 2990, "median_income": 79922.0, "pop_white": "1420", "pop_black": 133, "pop_native": "0", "pop_asian": "97", "pop_pacific": "0", "pop_other": "325", "pop_two_plus": "1015", "pop_hispanic": 1687, "pop_non_citizen": null, "poverty_universe": null, "pop_poverty": null, "total_households": 803, "renter_occupied": 331, "unemployed": "22", "single_parent_households": "385", "state": "06", "county": "067", "tract": "008138", "block group": "2", "surveilled_sites_count": 0, "surveilled_sites_list": "None", "surveilled_categories": "None", "pct_poverty": null, "pct_renter": 41.220423412204234, "pct_non_citizen": null, "pct_black": 4.4481605351170561, "pct_hispanic": 56.421404682274243 }, "geometry": { "type": "Point", "coordinates": [ -121.2761298, 38.678164399999986 ] } },
{ "type": "Feature", "properties": { "id": 13271171250, "lat": 38.6784408, "lon": -121.2923281, "direction": 350.0, "operator": "Unknown", "brand": "Unknown", "STATEFP": "06", "COUNTYFP": "067", "TRACTCE": "008136", "BLKGRPCE": "2", "AFFGEOID": "1500000US060670081362", "GEOID": "060670081362", "NAME_x": "2", "NAMELSAD": "Block Group 2", "LSAD": "BG", "ALAND": 960515, "AWATER": 0, "NAME_y": "Block Group 2; Census Tract 81.36; Sacramento County; California", "pop_total": 1600, "median_income": 58365.0, "pop_white": "1432", "pop_black": 9, "pop_native": "0", "pop_asian": "137", "pop_pacific": "8", "pop_other": "0", "pop_two_plus": "14", "pop_hispanic": 96, "pop_non_citizen": null, "poverty_universe": null, "pop_poverty": null, "total_households": 782, "renter_occupied": 410, "unemployed": "42", "single_parent_households": "112", "state": "06", "county": "067", "tract": "008136", "block group": "2", "surveilled_sites_count": 0, "surveilled_sites_list": "None", "surveilled_categories": "None", "pct_poverty": null, "pct_renter": 52.429667519181592, "pct_non_citizen": null, "pct_black": 0.5625, "pct_hispanic": 6.0 }, "geometry": { "type": "Point", "coordinates": [ -121.2923281, 38.678440799999976 ] } },
{ "type": "Feature", "properties": { "id": 13271171251, "lat": 38.6781835, "lon": -121.2922989, "direction": 75.0, "operator": "Unknown", "brand": "Unknown", "STATEFP": "06", "COUNTYFP": "067", "TRACTCE": "008137", "BLKGRPCE": "1", "AFFGEOID": "1500000US060670081371", "GEOID": "060670081371", "NAME_x": "1", "NAMELSAD": "Block Group 1", "LSAD": "BG", "ALAND": 460388, "AWATER": 0, "NAME_y": "Block Group 1; Census Tract 81.37; Sacramento County; California", "pop_total": 1272, "median_income": 66500.0, "pop_white": "1069", "pop_black": 120, "pop_native": "15", "pop_asian": "13", "pop_pacific": "0", "pop_other": "48", "pop_two_plus": "7", "pop_hispanic": 63, "pop_non_citizen": null, "poverty_universe": null, "pop_poverty": null, "total_households": 502, "renter_occupied": 338, "unemployed": "17", "single_parent_households": "131", "state": "06", "county": "067", "tract": "008137", "block group": "1", "surveilled_sites_count": 0, "surveilled_sites_list": "None", "surveilled_categories": "None", "pct_poverty": null, "pct_renter": 67.330677290836647, "pct_non_citizen": null, "pct_black": 9.433962264150944, "pct_hispanic": 4.9528301886792452 }, "geometry": { "type": "Point", "coordinates": [ -121.2922989, 38.678183499999989 ] } },
{ "type": "Feature", "properties": { "id": 13271171252, "lat": 38.6783516, "lon": -121.2927402, "direction": 260.0, "operator": "Unknown", "brand": "Unknown", "STATEFP": "06", "COUNTYFP": "067", "TRACTCE": "008136", "BLKGRPCE": "2", "AFFGEOID": "1500000US060670081362", "GEOID": "060670081362", "NAME_x": "2", "NAMELSAD": "Block Group 2", "LSAD": "BG", "ALAND": 960515, "AWATER": 0, "NAME_y": "Block Group 2; Census Tract 81.36; Sacramento County; California", "pop_total": 1600, "median_income": 58365.0, "pop_white": "1432", "pop_black": 9, "pop_native": "0", "pop_asian": "137", "pop_pacific": "8", "pop_other": "0", "pop_two_plus": "14", "pop_hispanic": 96, "pop_non_citizen": null, "poverty_universe": null, "pop_poverty": null, "total_households": 782, "renter_occupied": 410, "unemployed": "42", "single_parent_households": "112", "state": "06", "county": "067", "tract": "008136", "block group": "2", "surveilled_sites_count": 0, "surveilled_sites_list": "None", "surveilled_categories": "None", "pct_poverty": null, "pct_renter": 52.429667519181592, "pct_non_citizen": null, "pct_black": 0.5625, "pct_hispanic": 6.0 }, "geometry": { "type": "Point", "coordinates": [ -121.2927402, 38.678351599999971 ] } },
{ "type": "Feature", "properties": { "id": 13271171253, "lat": 38.678061, "lon": -121.2925833, "direction": 170.0, "operator": "Unknown", "brand": "Unknown", "STATEFP": "06", "COUNTYFP": "067", "TRACTCE": "008119", "BLKGRPCE": "1", "AFFGEOID": "1500000US060670081191", "GEOID": "060670081191", "NAME_x": "1", "NAMELSAD": "Block Group 1", "LSAD": "BG", "ALAND": 489617, "AWATER": 0, "NAME_y": "Block Group 1; Census Tract 81.19; Sacramento County; California", "pop_total": 2075, "median_income": 68920.0, "pop_white": "1259", "pop_black": 97, "pop_native": "4", "pop_asian": "90", "pop_pacific": "0", "pop_other": "274", "pop_two_plus": "351", "pop_hispanic": 787, "pop_non_citizen": null, "poverty_universe": null, "pop_poverty": null, "total_households": 780, "renter_occupied": 622, "unemployed": "149", "single_parent_households": "252", "state": "06", "county": "067", "tract": "008119", "block group": "1", "surveilled_sites_count": 0, "surveilled_sites_list": "None", "surveilled_categories": "None", "pct_poverty": null, "pct_renter": 79.743589743589752, "pct_non_citizen": null, "pct_black": 4.6746987951807224, "pct_hispanic": 37.927710843373497 }, "geometry": { "type": "Point", "coordinates": [ -121.292583300000018, 38.678061 ] } },
{ "type": "Feature", "properties": { "id": 13271171254, "lat": 38.6782935, "lon": -121.2878331, "direction": 270.0, "operator": "Unknown", "brand": "Unknown", "STATEFP": "06", "COUNTYFP": "067", "TRACTCE": "008141", "BLKGRPCE": "1", "AFFGEOID": "1500000US060670081411", "GEOID": "060670081411", "NAME_x": "1", "NAMELSAD": "Block Group 1", "LSAD": "BG", "ALAND": 761099, "AWATER": 0, "NAME_y": "Block Group 1; Census Tract 81.41; Sacramento County; California", "pop_total": 1297, "median_income": 92000.0, "pop_white": "1141", "pop_black": 0, "pop_native": "14", "pop_asian": "46", "pop_pacific": "0", "pop_other": "82", "pop_two_plus": "14", "pop_hispanic": 82, "pop_non_citizen": null, "poverty_universe": null, "pop_poverty": null, "total_households": 380, "renter_occupied": 127, "unemployed": "63", "single_parent_households": "169", "state": "06", "county": "067", "tract": "008141", "block group": "1", "surveilled_sites_count": 0, "surveilled_sites_list": "None", "surveilled_categories": "None", "pct_poverty": null, "pct_renter": 33.421052631578945, "pct_non_citizen": null, "pct_black": 0.0, "pct_hispanic": 6.3222821896684653 }, "geometry": { "type": "Point", "coordinates": [ -121.287833099999986, 38.6782935 ] } },
{ "type": "Feature", "properties": { "id": 13271523407, "lat": 38.451789, "lon": -121.3349152, "direction": 180.0, "operator": "Unknown", "brand": "Unknown", "STATEFP": "06", "COUNTYFP": "067", "TRACTCE": "009332", "BLKGRPCE": "1", "AFFGEOID": "1500000US060670093321", "GEOID": "060670093321", "NAME_x": "1", "NAMELSAD": "Block Group 1", "LSAD": "BG", "ALAND": 7870005, "AWATER": 0, "NAME_y": "Block Group 1; Census Tract 93.32; Sacramento County; California", "pop_total": 1648, "median_income": 162647.0, "pop_white": "702", "pop_black": 39, "pop_native": "0", "pop_asian": "642", "pop_pacific": "0", "pop_other": "55", "pop_two_plus": "210", "pop_hispanic": 62, "pop_non_citizen": null, "poverty_universe": null, "pop_poverty": null, "total_households": 410, "renter_occupied": 21, "unemployed": "5", "single_parent_households": "184", "state": "06", "county": "067", "tract": "009332", "block group": "1", "surveilled_sites_count": 0, "surveilled_sites_list": "None", "surveilled_categories": "None", "pct_poverty": null, "pct_renter": 5.1219512195121952, "pct_non_citizen": null, "pct_black": 2.366504854368932, "pct_hispanic": 3.762135922330097 }, "geometry": { "type": "Point", "coordinates": [ -121.3349152, 38.451789 ] } },
{ "type": "Feature", "properties": { "id": 13272915618, "lat": 38.7040888, "lon": -121.2716334, "direction": 70.0, "operator": "Unknown", "brand": "Unknown", "STATEFP": "06", "COUNTYFP": "067", "TRACTCE": "008124", "BLKGRPCE": "2", "AFFGEOID": "1500000US060670081242", "GEOID": "060670081242", "NAME_x": "2", "NAMELSAD": "Block Group 2", "LSAD": "BG", "ALAND": 1367177, "AWATER": 0, "NAME_y": "Block Group 2; Census Tract 81.24; Sacramento County; California", "pop_total": 1922, "median_income": 81023.0, "pop_white": "1717", "pop_black": 21, "pop_native": "0", "pop_asian": "58", "pop_pacific": "0", "pop_other": "29", "pop_two_plus": "97", "pop_hispanic": 164, "pop_non_citizen": null, "poverty_universe": null, "pop_poverty": null, "total_households": 747, "renter_occupied": 105, "unemployed": "87", "single_parent_households": "173", "state": "06", "county": "067", "tract": "008124", "block group": "2", "surveilled_sites_count": 0, "surveilled_sites_list": "None", "surveilled_categories": "None", "pct_poverty": null, "pct_renter": 14.056224899598394, "pct_non_citizen": null, "pct_black": 1.0926118626430801, "pct_hispanic": 8.5327783558792927 }, "geometry": { "type": "Point", "coordinates": [ -121.2716334, 38.7040888 ] } },
{ "type": "Feature", "properties": { "id": 13272946228, "lat": 38.7004534, "lon": -121.2716298, "direction": 100.0, "operator": "Unknown", "brand": "Unknown", "STATEFP": "06", "COUNTYFP": "067", "TRACTCE": "008125", "BLKGRPCE": "2", "AFFGEOID": "1500000US060670081252", "GEOID": "060670081252", "NAME_x": "2", "NAMELSAD": "Block Group 2", "LSAD": "BG", "ALAND": 516196, "AWATER": 0, "NAME_y": "Block Group 2; Census Tract 81.25; Sacramento County; California", "pop_total": 945, "median_income": 71125.0, "pop_white": "863", "pop_black": 27, "pop_native": "0", "pop_asian": "24", "pop_pacific": "0", "pop_other": "31", "pop_two_plus": "0", "pop_hispanic": 53, "pop_non_citizen": null, "poverty_universe": null, "pop_poverty": null, "total_households": 318, "renter_occupied": 118, "unemployed": "29", "single_parent_households": "22", "state": "06", "county": "067", "tract": "008125", "block group": "2", "surveilled_sites_count": 0, "surveilled_sites_list": "None", "surveilled_categories": "None", "pct_poverty": null, "pct_renter": 37.106918238993707, "pct_non_citizen": null, "pct_black": 2.8571428571428572, "pct_hispanic": 5.6084656084656084 }, "geometry": { "type": "Point", "coordinates": [ -121.2716298, 38.700453400000022 ] } },
{ "type": "Feature", "properties": { "id": 13272965144, "lat": 38.7006392, "lon": -121.2623566, "direction": 350.0, "operator": "Unknown", "brand": "Unknown", "STATEFP": "06", "COUNTYFP": "067", "TRACTCE": "008125", "BLKGRPCE": "3", "AFFGEOID": "1500000US060670081253", "GEOID": "060670081253", "NAME_x": "3", "NAMELSAD": "Block Group 3", "LSAD": "BG", "ALAND": 839107, "AWATER": 0, "NAME_y": "Block Group 3; Census Tract 81.25; Sacramento County; California", "pop_total": 1591, "median_income": 91174.0, "pop_white": "1272", "pop_black": 0, "pop_native": "39", "pop_asian": "0", "pop_pacific": "0", "pop_other": "22", "pop_two_plus": "258", "pop_hispanic": 337, "pop_non_citizen": null, "poverty_universe": null, "pop_poverty": null, "total_households": 655, "renter_occupied": 120, "unemployed": "47", "single_parent_households": "99", "state": "06", "county": "067", "tract": "008125", "block group": "3", "surveilled_sites_count": 0, "surveilled_sites_list": "None", "surveilled_categories": "None", "pct_poverty": null, "pct_renter": 18.320610687022899, "pct_non_citizen": null, "pct_black": 0.0, "pct_hispanic": 21.18164676304211 }, "geometry": { "type": "Point", "coordinates": [ -121.2623566, 38.7006392 ] } },
{ "type": "Feature", "properties": { "id": 13272965145, "lat": 38.6997253, "lon": -121.2626222, "direction": 170.0, "operator": "Unknown", "brand": "Unknown", "STATEFP": "06", "COUNTYFP": "067", "TRACTCE": "008120", "BLKGRPCE": "1", "AFFGEOID": "1500000US060670081201", "GEOID": "060670081201", "NAME_x": "1", "NAMELSAD": "Block Group 1", "LSAD": "BG", "ALAND": 753798, "AWATER": 0, "NAME_y": "Block Group 1; Census Tract 81.20; Sacramento County; California", "pop_total": 2121, "median_income": 89318.0, "pop_white": "1710", "pop_black": 21, "pop_native": "0", "pop_asian": "102", "pop_pacific": "0", "pop_other": "164", "pop_two_plus": "124", "pop_hispanic": 405, "pop_non_citizen": null, "poverty_universe": null, "pop_poverty": null, "total_households": 698, "renter_occupied": 257, "unemployed": "78", "single_parent_households": "282", "state": "06", "county": "067", "tract": "008120", "block group": "1", "surveilled_sites_count": 0, "surveilled_sites_list": "None", "surveilled_categories": "None", "pct_poverty": null, "pct_renter": 36.819484240687679, "pct_non_citizen": null, "pct_black": 0.99009900990099009, "pct_hispanic": 19.094766619519092 }, "geometry": { "type": "Point", "coordinates": [ -121.2626222, 38.699725299999955 ] } },
{ "type": "Feature", "properties": { "id": 13274445287, "lat": 38.6794547, "lon": -121.1924198, "direction": 205.0, "operator": "Unknown", "brand": "Unknown", "STATEFP": "06", "COUNTYFP": "067", "TRACTCE": "008209", "BLKGRPCE": "1", "AFFGEOID": "1500000US060670082091", "GEOID": "060670082091", "NAME_x": "1", "NAMELSAD": "Block Group 1", "LSAD": "BG", "ALAND": 1739559, "AWATER": 54226, "NAME_y": "Block Group 1; Census Tract 82.09; Sacramento County; California", "pop_total": 1851, "median_income": 98750.0, "pop_white": "1451", "pop_black": 55, "pop_native": "0", "pop_asian": "155", "pop_pacific": "0", "pop_other": "57", "pop_two_plus": "133", "pop_hispanic": 90, "pop_non_citizen": null, "poverty_universe": null, "pop_poverty": null, "total_households": 883, "renter_occupied": 370, "unemployed": "36", "single_parent_households": "149", "state": "06", "county": "067", "tract": "008209", "block group": "1", "surveilled_sites_count": 0, "surveilled_sites_list": "None", "surveilled_categories": "None", "pct_poverty": null, "pct_renter": 41.902604756511892, "pct_non_citizen": null, "pct_black": 2.9713668287412212, "pct_hispanic": 4.8622366288492707 }, "geometry": { "type": "Point", "coordinates": [ -121.1924198, 38.679454699999958 ] } },
{ "type": "Feature", "properties": { "id": 13274519844, "lat": 38.6805492, "lon": -121.1938871, "direction": 100.0, "operator": "Unknown", "brand": "Unknown", "STATEFP": "06", "COUNTYFP": "067", "TRACTCE": "008209", "BLKGRPCE": "1", "AFFGEOID": "1500000US060670082091", "GEOID": "060670082091", "NAME_x": "1", "NAMELSAD": "Block Group 1", "LSAD": "BG", "ALAND": 1739559, "AWATER": 54226, "NAME_y": "Block Group 1; Census Tract 82.09; Sacramento County; California", "pop_total": 1851, "median_income": 98750.0, "pop_white": "1451", "pop_black": 55, "pop_native": "0", "pop_asian": "155", "pop_pacific": "0", "pop_other": "57", "pop_two_plus": "133", "pop_hispanic": 90, "pop_non_citizen": null, "poverty_universe": null, "pop_poverty": null, "total_households": 883, "renter_occupied": 370, "unemployed": "36", "single_parent_households": "149", "state": "06", "county": "067", "tract": "008209", "block group": "1", "surveilled_sites_count": 0, "surveilled_sites_list": "None", "surveilled_categories": "None", "pct_poverty": null, "pct_renter": 41.902604756511892, "pct_non_citizen": null, "pct_black": 2.9713668287412212, "pct_hispanic": 4.8622366288492707 }, "geometry": { "type": "Point", "coordinates": [ -121.1938871, 38.6805492 ] } },
{ "type": "Feature", "properties": { "id": 13274555426, "lat": 38.6996016, "lon": -121.1940216, "direction": 65.0, "operator": "Unknown", "brand": "Unknown", "STATEFP": "06", "COUNTYFP": "067", "TRACTCE": "008211", "BLKGRPCE": "1", "AFFGEOID": "1500000US060670082111", "GEOID": "060670082111", "NAME_x": "1", "NAMELSAD": "Block Group 1", "LSAD": "BG", "ALAND": 4212830, "AWATER": 3934, "NAME_y": "Block Group 1; Census Tract 82.11; Sacramento County; California", "pop_total": 1914, "median_income": 82437.0, "pop_white": "1329", "pop_black": 56, "pop_native": "295", "pop_asian": "5", "pop_pacific": "0", "pop_other": "30", "pop_two_plus": "199", "pop_hispanic": 189, "pop_non_citizen": null, "poverty_universe": null, "pop_poverty": null, "total_households": 716, "renter_occupied": 84, "unemployed": "63", "single_parent_households": "198", "state": "06", "county": "067", "tract": "008211", "block group": "1", "surveilled_sites_count": 0, "surveilled_sites_list": "None", "surveilled_categories": "None", "pct_poverty": null, "pct_renter": 11.731843575418994, "pct_non_citizen": null, "pct_black": 2.9258098223615465, "pct_hispanic": 9.8746081504702197 }, "geometry": { "type": "Point", "coordinates": [ -121.1940216, 38.699601599999966 ] } },
{ "type": "Feature", "properties": { "id": 13274565365, "lat": 38.6775984, "lon": -121.1955051, "direction": 65.0, "operator": "Unknown", "brand": "Unknown", "STATEFP": "06", "COUNTYFP": "067", "TRACTCE": "008207", "BLKGRPCE": "2", "AFFGEOID": "1500000US060670082072", "GEOID": "060670082072", "NAME_x": "2", "NAMELSAD": "Block Group 2", "LSAD": "BG", "ALAND": 569074, "AWATER": 157141, "NAME_y": "Block Group 2; Census Tract 82.07; Sacramento County; California", "pop_total": 643, "median_income": 72303.0, "pop_white": "572", "pop_black": 0, "pop_native": "14", "pop_asian": "30", "pop_pacific": "0", "pop_other": "0", "pop_two_plus": "27", "pop_hispanic": 36, "pop_non_citizen": null, "poverty_universe": null, "pop_poverty": null, "total_households": 277, "renter_occupied": 106, "unemployed": "58", "single_parent_households": "42", "state": "06", "county": "067", "tract": "008207", "block group": "2", "surveilled_sites_count": 0, "surveilled_sites_list": "None", "surveilled_categories": "None", "pct_poverty": null, "pct_renter": 38.26714801444043, "pct_non_citizen": null, "pct_black": 0.0, "pct_hispanic": 5.598755832037325 }, "geometry": { "type": "Point", "coordinates": [ -121.1955051, 38.6775984 ] } },
{ "type": "Feature", "properties": { "id": 13274565366, "lat": 38.6776109, "lon": -121.1955116, "direction": 60.0, "operator": "Unknown", "brand": "Unknown", "STATEFP": "06", "COUNTYFP": "067", "TRACTCE": "008207", "BLKGRPCE": "2", "AFFGEOID": "1500000US060670082072", "GEOID": "060670082072", "NAME_x": "2", "NAMELSAD": "Block Group 2", "LSAD": "BG", "ALAND": 569074, "AWATER": 157141, "NAME_y": "Block Group 2; Census Tract 82.07; Sacramento County; California", "pop_total": 643, "median_income": 72303.0, "pop_white": "572", "pop_black": 0, "pop_native": "14", "pop_asian": "30", "pop_pacific": "0", "pop_other": "0", "pop_two_plus": "27", "pop_hispanic": 36, "pop_non_citizen": null, "poverty_universe": null, "pop_poverty": null, "total_households": 277, "renter_occupied": 106, "unemployed": "58", "single_parent_households": "42", "state": "06", "county": "067", "tract": "008207", "block group": "2", "surveilled_sites_count": 0, "surveilled_sites_list": "None", "surveilled_categories": "None", "pct_poverty": null, "pct_renter": 38.26714801444043, "pct_non_citizen": null, "pct_black": 0.0, "pct_hispanic": 5.598755832037325 }, "geometry": { "type": "Point", "coordinates": [ -121.195511600000017, 38.677610899999983 ] } },
{ "type": "Feature", "properties": { "id": 13274565367, "lat": 38.6776424, "lon": -121.1960829, "direction": 225.0, "operator": "Unknown", "brand": "Unknown", "STATEFP": "06", "COUNTYFP": "067", "TRACTCE": "008206", "BLKGRPCE": "1", "AFFGEOID": "1500000US060670082061", "GEOID": "060670082061", "NAME_x": "1", "NAMELSAD": "Block Group 1", "LSAD": "BG", "ALAND": 493642, "AWATER": 0, "NAME_y": "Block Group 1; Census Tract 82.06; Sacramento County; California", "pop_total": 677, "median_income": 63264.0, "pop_white": "482", "pop_black": 0, "pop_native": "31", "pop_asian": "0", "pop_pacific": "0", "pop_other": "123", "pop_two_plus": "41", "pop_hispanic": 165, "pop_non_citizen": null, "poverty_universe": null, "pop_poverty": null, "total_households": 293, "renter_occupied": 150, "unemployed": "0", "single_parent_households": "138", "state": "06", "county": "067", "tract": "008206", "block group": "1", "surveilled_sites_count": 0, "surveilled_sites_list": "None", "surveilled_categories": "None", "pct_poverty": null, "pct_renter": 51.19453924914675, "pct_non_citizen": null, "pct_black": 0.0, "pct_hispanic": 24.372230428360414 }, "geometry": { "type": "Point", "coordinates": [ -121.1960829, 38.6776424 ] } },
{ "type": "Feature", "properties": { "id": 13274565368, "lat": 38.677623, "lon": -121.1960649, "direction": 225.0, "operator": "Unknown", "brand": "Unknown", "STATEFP": "06", "COUNTYFP": "067", "TRACTCE": "008206", "BLKGRPCE": "1", "AFFGEOID": "1500000US060670082061", "GEOID": "060670082061", "NAME_x": "1", "NAMELSAD": "Block Group 1", "LSAD": "BG", "ALAND": 493642, "AWATER": 0, "NAME_y": "Block Group 1; Census Tract 82.06; Sacramento County; California", "pop_total": 677, "median_income": 63264.0, "pop_white": "482", "pop_black": 0, "pop_native": "31", "pop_asian": "0", "pop_pacific": "0", "pop_other": "123", "pop_two_plus": "41", "pop_hispanic": 165, "pop_non_citizen": null, "poverty_universe": null, "pop_poverty": null, "total_households": 293, "renter_occupied": 150, "unemployed": "0", "single_parent_households": "138", "state": "06", "county": "067", "tract": "008206", "block group": "1", "surveilled_sites_count": 0, "surveilled_sites_list": "None", "surveilled_categories": "None", "pct_poverty": null, "pct_renter": 51.19453924914675, "pct_non_citizen": null, "pct_black": 0.0, "pct_hispanic": 24.372230428360414 }, "geometry": { "type": "Point", "coordinates": [ -121.19606490000001, 38.677623 ] } },
{ "type": "Feature", "properties": { "id": 13284341360, "lat": 38.613326, "lon": -121.2695604, "direction": 5.0, "operator": "Unknown", "brand": "Unknown", "STATEFP": "06", "COUNTYFP": "067", "TRACTCE": "008908", "BLKGRPCE": "3", "AFFGEOID": "1500000US060670089083", "GEOID": "060670089083", "NAME_x": "3", "NAMELSAD": "Block Group 3", "LSAD": "BG", "ALAND": 323771, "AWATER": 0, "NAME_y": "Block Group 3; Census Tract 89.08; Sacramento County; California", "pop_total": 615, "median_income": 44280.0, "pop_white": "532", "pop_black": 10, "pop_native": "0", "pop_asian": "8", "pop_pacific": "0", "pop_other": "45", "pop_two_plus": "20", "pop_hispanic": 54, "pop_non_citizen": null, "poverty_universe": null, "pop_poverty": null, "total_households": 447, "renter_occupied": 19, "unemployed": "19", "single_parent_households": "0", "state": "06", "county": "067", "tract": "008908", "block group": "3", "surveilled_sites_count": 0, "surveilled_sites_list": "None", "surveilled_categories": "None", "pct_poverty": null, "pct_renter": 4.2505592841163313, "pct_non_citizen": null, "pct_black": 1.6260162601626018, "pct_hispanic": 8.7804878048780477 }, "geometry": { "type": "Point", "coordinates": [ -121.269560399999989, 38.613326 ] } },
{ "type": "Feature", "properties": { "id": 13288496298, "lat": 38.594094, "lon": -121.387552, "direction": 135.0, "operator": "Unknown", "brand": "Unknown", "STATEFP": "06", "COUNTYFP": "067", "TRACTCE": "005605", "BLKGRPCE": "2", "AFFGEOID": "1500000US060670056052", "GEOID": "060670056052", "NAME_x": "2", "NAMELSAD": "Block Group 2", "LSAD": "BG", "ALAND": 640424, "AWATER": 0, "NAME_y": "Block Group 2; Census Tract 56.05; Sacramento County; California", "pop_total": 2119, "median_income": 55313.0, "pop_white": "894", "pop_black": 97, "pop_native": "60", "pop_asian": "659", "pop_pacific": "0", "pop_other": "293", "pop_two_plus": "116", "pop_hispanic": 518, "pop_non_citizen": null, "poverty_universe": null, "pop_poverty": null, "total_households": 684, "renter_occupied": 350, "unemployed": "130", "single_parent_households": "325", "state": "06", "county": "067", "tract": "005605", "block group": "2", "surveilled_sites_count": 0, "surveilled_sites_list": "None", "surveilled_categories": "None", "pct_poverty": null, "pct_renter": 51.169590643274852, "pct_non_citizen": null, "pct_black": 4.5776309579990562, "pct_hispanic": 24.445493157149599 }, "geometry": { "type": "Point", "coordinates": [ -121.387552, 38.594094 ] } },
{ "type": "Feature", "properties": { "id": 13297326301, "lat": 38.5626044, "lon": -121.3359873, "direction": 0.0, "operator": "Unknown", "brand": "Unknown", "STATEFP": "06", "COUNTYFP": "067", "TRACTCE": "009004", "BLKGRPCE": "1", "AFFGEOID": "1500000US060670090041", "GEOID": "060670090041", "NAME_x": "1", "NAMELSAD": "Block Group 1", "LSAD": "BG", "ALAND": 936447, "AWATER": 0, "NAME_y": "Block Group 1; Census Tract 90.04; Sacramento County; California", "pop_total": 2217, "median_income": 95185.0, "pop_white": "1179", "pop_black": 236, "pop_native": "39", "pop_asian": "322", "pop_pacific": "0", "pop_other": "140", "pop_two_plus": "301", "pop_hispanic": 301, "pop_non_citizen": null, "poverty_universe": null, "pop_poverty": null, "total_households": 664, "renter_occupied": 158, "unemployed": "55", "single_parent_households": "319", "state": "06", "county": "067", "tract": "009004", "block group": "1", "surveilled_sites_count": 0, "surveilled_sites_list": "None", "surveilled_categories": "None", "pct_poverty": null, "pct_renter": 23.795180722891565, "pct_non_citizen": null, "pct_black": 10.645015787099684, "pct_hispanic": 13.576905728461885 }, "geometry": { "type": "Point", "coordinates": [ -121.335987300000014, 38.562604400000019 ] } },
{ "type": "Feature", "properties": { "id": 13298368401, "lat": 38.5547926, "lon": -121.3361082, "direction": 0.0, "operator": "Unknown", "brand": "Unknown", "STATEFP": "06", "COUNTYFP": "067", "TRACTCE": "009005", "BLKGRPCE": "2", "AFFGEOID": "1500000US060670090052", "GEOID": "060670090052", "NAME_x": "2", "NAMELSAD": "Block Group 2", "LSAD": "BG", "ALAND": 14851498, "AWATER": 15597, "NAME_y": "Block Group 2; Census Tract 90.05; Sacramento County; California", "pop_total": 359, "median_income": null, "pop_white": "179", "pop_black": 30, "pop_native": "0", "pop_asian": "98", "pop_pacific": "30", "pop_other": "6", "pop_two_plus": "16", "pop_hispanic": 22, "pop_non_citizen": null, "poverty_universe": null, "pop_poverty": null, "total_households": 183, "renter_occupied": 161, "unemployed": "0", "single_parent_households": "42", "state": "06", "county": "067", "tract": "009005", "block group": "2", "surveilled_sites_count": 0, "surveilled_sites_list": "None", "surveilled_categories": "None", "pct_poverty": null, "pct_renter": 87.978142076502735, "pct_non_citizen": null, "pct_black": 8.3565459610027855, "pct_hispanic": 6.1281337047353759 }, "geometry": { "type": "Point", "coordinates": [ -121.336108200000012, 38.554792599999956 ] } },
{ "type": "Feature", "properties": { "id": 13298721701, "lat": 38.5253151, "lon": -121.2432339, "direction": 182.0, "operator": "Unknown", "brand": "Unknown", "STATEFP": "06", "COUNTYFP": "067", "TRACTCE": "008602", "BLKGRPCE": "1", "AFFGEOID": "1500000US060670086021", "GEOID": "060670086021", "NAME_x": "1", "NAMELSAD": "Block Group 1", "LSAD": "BG", "ALAND": 131587038, "AWATER": 172211, "NAME_y": "Block Group 1; Census Tract 86.02; Sacramento County; California", "pop_total": 1009, "median_income": 85211.0, "pop_white": "508", "pop_black": 0, "pop_native": "69", "pop_asian": "169", "pop_pacific": "0", "pop_other": "186", "pop_two_plus": "77", "pop_hispanic": 277, "pop_non_citizen": null, "poverty_universe": null, "pop_poverty": null, "total_households": 388, "renter_occupied": 112, "unemployed": "14", "single_parent_households": "106", "state": "06", "county": "067", "tract": "008602", "block group": "1", "surveilled_sites_count": 0, "surveilled_sites_list": "None", "surveilled_categories": "None", "pct_poverty": null, "pct_renter": 28.865979381443296, "pct_non_citizen": null, "pct_black": 0.0, "pct_hispanic": 27.452923686818632 }, "geometry": { "type": "Point", "coordinates": [ -121.2432339, 38.525315100000014 ] } },
{ "type": "Feature", "properties": { "id": 13305267001, "lat": 38.6168352, "lon": -121.1411907, "direction": 74.0, "operator": "Unknown", "brand": "Unknown", "STATEFP": "06", "COUNTYFP": "067", "TRACTCE": "008602", "BLKGRPCE": "2", "AFFGEOID": "1500000US060670086022", "GEOID": "060670086022", "NAME_x": "2", "NAMELSAD": "Block Group 2", "LSAD": "BG", "ALAND": 153459119, "AWATER": 209134, "NAME_y": "Block Group 2; Census Tract 86.02; Sacramento County; California", "pop_total": 674, "median_income": 92679.0, "pop_white": "398", "pop_black": 4, "pop_native": "4", "pop_asian": "137", "pop_pacific": "0", "pop_other": "65", "pop_two_plus": "66", "pop_hispanic": 158, "pop_non_citizen": null, "poverty_universe": null, "pop_poverty": null, "total_households": 314, "renter_occupied": 37, "unemployed": "47", "single_parent_households": "47", "state": "06", "county": "067", "tract": "008602", "block group": "2", "surveilled_sites_count": 0, "surveilled_sites_list": "None", "surveilled_categories": "None", "pct_poverty": null, "pct_renter": 11.783439490445859, "pct_non_citizen": null, "pct_black": 0.59347181008902083, "pct_hispanic": 23.442136498516319 }, "geometry": { "type": "Point", "coordinates": [ -121.14119070000001, 38.616835200000018 ] } },
{ "type": "Feature", "properties": { "id": 13305273801, "lat": 38.6322858, "lon": -121.0795531, "direction": 23.0, "operator": "Unknown", "brand": "Unknown", "STATEFP": "06", "COUNTYFP": "067", "TRACTCE": "008508", "BLKGRPCE": "4", "AFFGEOID": "1500000US060670085084", "GEOID": "060670085084", "NAME_x": "4", "NAMELSAD": "Block Group 4", "LSAD": "BG", "ALAND": 14925417, "AWATER": 0, "NAME_y": "Block Group 4; Census Tract 85.08; Sacramento County; California", "pop_total": 664, "median_income": 250001.0, "pop_white": "293", "pop_black": 0, "pop_native": "0", "pop_asian": "295", "pop_pacific": "0", "pop_other": "0", "pop_two_plus": "76", "pop_hispanic": 191, "pop_non_citizen": null, "poverty_universe": null, "pop_poverty": null, "total_households": 265, "renter_occupied": 0, "unemployed": "0", "single_parent_households": "197", "state": "06", "county": "067", "tract": "008508", "block group": "4", "surveilled_sites_count": 0, "surveilled_sites_list": "None", "surveilled_categories": "None", "pct_poverty": null, "pct_renter": 0.0, "pct_non_citizen": null, "pct_black": 0.0, "pct_hispanic": 28.765060240963859 }, "geometry": { "type": "Point", "coordinates": [ -121.079553100000012, 38.632285800000034 ] } },
{ "type": "Feature", "properties": { "id": 13307235889, "lat": 38.6292114, "lon": -121.2161879, "direction": 225.0, "operator": "Unknown", "brand": "Unknown", "STATEFP": "06", "COUNTYFP": "067", "TRACTCE": "008703", "BLKGRPCE": "2", "AFFGEOID": "1500000US060670087032", "GEOID": "060670087032", "NAME_x": "2", "NAMELSAD": "Block Group 2", "LSAD": "BG", "ALAND": 1558609, "AWATER": 209021, "NAME_y": "Block Group 2; Census Tract 87.03; Sacramento County; California", "pop_total": 576, "median_income": 85750.0, "pop_white": "421", "pop_black": 21, "pop_native": "0", "pop_asian": "103", "pop_pacific": "0", "pop_other": "31", "pop_two_plus": "0", "pop_hispanic": 31, "pop_non_citizen": null, "poverty_universe": null, "pop_poverty": null, "total_households": 332, "renter_occupied": 295, "unemployed": "12", "single_parent_households": "67", "state": "06", "county": "067", "tract": "008703", "block group": "2", "surveilled_sites_count": 0, "surveilled_sites_list": "None", "surveilled_categories": "None", "pct_poverty": null, "pct_renter": 88.855421686746979, "pct_non_citizen": null, "pct_black": 3.6458333333333335, "pct_hispanic": 5.3819444444444446 }, "geometry": { "type": "Point", "coordinates": [ -121.21618789999998, 38.629211400000024 ] } },
{ "type": "Feature", "properties": { "id": 13307235890, "lat": 38.6292024, "lon": -121.2161815, "direction": 225.0, "operator": "Unknown", "brand": "Unknown", "STATEFP": "06", "COUNTYFP": "067", "TRACTCE": "008703", "BLKGRPCE": "2", "AFFGEOID": "1500000US060670087032", "GEOID": "060670087032", "NAME_x": "2", "NAMELSAD": "Block Group 2", "LSAD": "BG", "ALAND": 1558609, "AWATER": 209021, "NAME_y": "Block Group 2; Census Tract 87.03; Sacramento County; California", "pop_total": 576, "median_income": 85750.0, "pop_white": "421", "pop_black": 21, "pop_native": "0", "pop_asian": "103", "pop_pacific": "0", "pop_other": "31", "pop_two_plus": "0", "pop_hispanic": 31, "pop_non_citizen": null, "poverty_universe": null, "pop_poverty": null, "total_households": 332, "renter_occupied": 295, "unemployed": "12", "single_parent_households": "67", "state": "06", "county": "067", "tract": "008703", "block group": "2", "surveilled_sites_count": 0, "surveilled_sites_list": "None", "surveilled_categories": "None", "pct_poverty": null, "pct_renter": 88.855421686746979, "pct_non_citizen": null, "pct_black": 3.6458333333333335, "pct_hispanic": 5.3819444444444446 }, "geometry": { "type": "Point", "coordinates": [ -121.2161815, 38.629202399999969 ] } },
{ "type": "Feature", "properties": { "id": 13308832154, "lat": 38.4279014, "lon": -121.481095, "direction": 235.0, "operator": "Elk Grove Police Department", "brand": "Unknown", "STATEFP": "06", "COUNTYFP": "067", "TRACTCE": "009618", "BLKGRPCE": "2", "AFFGEOID": "1500000US060670096182", "GEOID": "060670096182", "NAME_x": "2", "NAMELSAD": "Block Group 2", "LSAD": "BG", "ALAND": 14130249, "AWATER": 219134, "NAME_y": "Block Group 2; Census Tract 96.18; Sacramento County; California", "pop_total": 2122, "median_income": 98341.0, "pop_white": "454", "pop_black": 403, "pop_native": "0", "pop_asian": "638", "pop_pacific": "19", "pop_other": "143", "pop_two_plus": "465", "pop_hispanic": 734, "pop_non_citizen": null, "poverty_universe": null, "pop_poverty": null, "total_households": 613, "renter_occupied": 63, "unemployed": "43", "single_parent_households": "274", "state": "06", "county": "067", "tract": "009618", "block group": "2", "surveilled_sites_count": 0, "surveilled_sites_list": "None", "surveilled_categories": "None", "pct_poverty": null, "pct_renter": 10.277324632952691, "pct_non_citizen": null, "pct_black": 18.991517436380771, "pct_hispanic": 34.59000942507069 }, "geometry": { "type": "Point", "coordinates": [ -121.481095, 38.427901399999939 ] } },
{ "type": "Feature", "properties": { "id": 13308866284, "lat": 38.4276912, "lon": -121.4805149, "direction": 50.0, "operator": "Elk Grove Police Department", "brand": "Unknown", "STATEFP": "06", "COUNTYFP": "067", "TRACTCE": "009645", "BLKGRPCE": "1", "AFFGEOID": "1500000US060670096451", "GEOID": "060670096451", "NAME_x": "1", "NAMELSAD": "Block Group 1", "LSAD": "BG", "ALAND": 627373, "AWATER": 68118, "NAME_y": "Block Group 1; Census Tract 96.45; Sacramento County; California", "pop_total": 2166, "median_income": 114535.0, "pop_white": "1054", "pop_black": 138, "pop_native": "0", "pop_asian": "632", "pop_pacific": "0", "pop_other": "113", "pop_two_plus": "229", "pop_hispanic": 182, "pop_non_citizen": null, "poverty_universe": null, "pop_poverty": null, "total_households": 892, "renter_occupied": 330, "unemployed": "44", "single_parent_households": "270", "state": "06", "county": "067", "tract": "009645", "block group": "1", "surveilled_sites_count": 0, "surveilled_sites_list": "None", "surveilled_categories": "None", "pct_poverty": null, "pct_renter": 36.995515695067269, "pct_non_citizen": null, "pct_black": 6.3711911357340725, "pct_hispanic": 8.4025854108956608 }, "geometry": { "type": "Point", "coordinates": [ -121.4805149, 38.427691200000041 ] } },
{ "type": "Feature", "properties": { "id": 13312724701, "lat": 38.6904416, "lon": -121.3830571, "direction": 244.0, "operator": "Unknown", "brand": "Unknown", "STATEFP": "06", "COUNTYFP": "067", "TRACTCE": "007435", "BLKGRPCE": "1", "AFFGEOID": "1500000US060670074351", "GEOID": "060670074351", "NAME_x": "1", "NAMELSAD": "Block Group 1", "LSAD": "BG", "ALAND": 2903270, "AWATER": 0, "NAME_y": "Block Group 1; Census Tract 74.35; Sacramento County; California", "pop_total": 2897, "median_income": 42005.0, "pop_white": "2068", "pop_black": 134, "pop_native": "0", "pop_asian": "242", "pop_pacific": "0", "pop_other": "67", "pop_two_plus": "386", "pop_hispanic": 419, "pop_non_citizen": null, "poverty_universe": null, "pop_poverty": null, "total_households": 845, "renter_occupied": 428, "unemployed": "0", "single_parent_households": "277", "state": "06", "county": "067", "tract": "007435", "block group": "1", "surveilled_sites_count": 0, "surveilled_sites_list": "None", "surveilled_categories": "None", "pct_poverty": null, "pct_renter": 50.650887573964496, "pct_non_citizen": null, "pct_black": 4.6254746289264759, "pct_hispanic": 14.463237832240248 }, "geometry": { "type": "Point", "coordinates": [ -121.3830571, 38.690441600000028 ] } },
{ "type": "Feature", "properties": { "id": 13312909001, "lat": 38.6058749, "lon": -121.2688549, "direction": 48.0, "operator": "Unknown", "brand": "Unknown", "STATEFP": "06", "COUNTYFP": "067", "TRACTCE": "008706", "BLKGRPCE": "2", "AFFGEOID": "1500000US060670087062", "GEOID": "060670087062", "NAME_x": "2", "NAMELSAD": "Block Group 2", "LSAD": "BG", "ALAND": 58921697, "AWATER": 0, "NAME_y": "Block Group 2; Census Tract 87.06; Sacramento County; California", "pop_total": 0, "median_income": null, "pop_white": "0", "pop_black": 0, "pop_native": "0", "pop_asian": "0", "pop_pacific": "0", "pop_other": "0", "pop_two_plus": "0", "pop_hispanic": 0, "pop_non_citizen": null, "poverty_universe": null, "pop_poverty": null, "total_households": 0, "renter_occupied": 0, "unemployed": "0", "single_parent_households": "0", "state": "06", "county": "067", "tract": "008706", "block group": "2", "surveilled_sites_count": 0, "surveilled_sites_list": "None", "surveilled_categories": "None", "pct_poverty": null, "pct_renter": 0.0, "pct_non_citizen": null, "pct_black": 0.0, "pct_hispanic": 0.0 }, "geometry": { "type": "Point", "coordinates": [ -121.2688549, 38.605874900000011 ] } },
{ "type": "Feature", "properties": { "id": 13312911601, "lat": 38.6055127, "lon": -121.2699773, "direction": 245.0, "operator": "Unknown", "brand": "Unknown", "STATEFP": "06", "COUNTYFP": "067", "TRACTCE": "008908", "BLKGRPCE": "2", "AFFGEOID": "1500000US060670089082", "GEOID": "060670089082", "NAME_x": "2", "NAMELSAD": "Block Group 2", "LSAD": "BG", "ALAND": 1186596, "AWATER": 0, "NAME_y": "Block Group 2; Census Tract 89.08; Sacramento County; California", "pop_total": 2156, "median_income": 92981.0, "pop_white": "1319", "pop_black": 99, "pop_native": "37", "pop_asian": "226", "pop_pacific": "37", "pop_other": "172", "pop_two_plus": "266", "pop_hispanic": 568, "pop_non_citizen": null, "poverty_universe": null, "pop_poverty": null, "total_households": 817, "renter_occupied": 396, "unemployed": "74", "single_parent_households": "309", "state": "06", "county": "067", "tract": "008908", "block group": "2", "surveilled_sites_count": 0, "surveilled_sites_list": "None", "surveilled_categories": "None", "pct_poverty": null, "pct_renter": 48.470012239902083, "pct_non_citizen": null, "pct_black": 4.591836734693878, "pct_hispanic": 26.345083487940631 }, "geometry": { "type": "Point", "coordinates": [ -121.2699773, 38.6055127 ] } },
{ "type": "Feature", "properties": { "id": 13315312201, "lat": 38.4270579, "lon": -121.3528468, "direction": 0.0, "operator": "Unknown", "brand": "Unknown", "STATEFP": "06", "COUNTYFP": "067", "TRACTCE": "009332", "BLKGRPCE": "1", "AFFGEOID": "1500000US060670093321", "GEOID": "060670093321", "NAME_x": "1", "NAMELSAD": "Block Group 1", "LSAD": "BG", "ALAND": 7870005, "AWATER": 0, "NAME_y": "Block Group 1; Census Tract 93.32; Sacramento County; California", "pop_total": 1648, "median_income": 162647.0, "pop_white": "702", "pop_black": 39, "pop_native": "0", "pop_asian": "642", "pop_pacific": "0", "pop_other": "55", "pop_two_plus": "210", "pop_hispanic": 62, "pop_non_citizen": null, "poverty_universe": null, "pop_poverty": null, "total_households": 410, "renter_occupied": 21, "unemployed": "5", "single_parent_households": "184", "state": "06", "county": "067", "tract": "009332", "block group": "1", "surveilled_sites_count": 0, "surveilled_sites_list": "None", "surveilled_categories": "None", "pct_poverty": null, "pct_renter": 5.1219512195121952, "pct_non_citizen": null, "pct_black": 2.366504854368932, "pct_hispanic": 3.762135922330097 }, "geometry": { "type": "Point", "coordinates": [ -121.3528468, 38.427057900000015 ] } },
{ "type": "Feature", "properties": { "id": 13315355702, "lat": 38.4523618, "lon": -121.3879965, "direction": 89.0, "operator": "Unknown", "brand": "Unknown", "STATEFP": "06", "COUNTYFP": "067", "TRACTCE": "009334", "BLKGRPCE": "3", "AFFGEOID": "1500000US060670093343", "GEOID": "060670093343", "NAME_x": "3", "NAMELSAD": "Block Group 3", "LSAD": "BG", "ALAND": 675702, "AWATER": 0, "NAME_y": "Block Group 3; Census Tract 93.34; Sacramento County; California", "pop_total": 1681, "median_income": 146910.0, "pop_white": "454", "pop_black": 370, "pop_native": "10", "pop_asian": "465", "pop_pacific": "0", "pop_other": "101", "pop_two_plus": "281", "pop_hispanic": 116, "pop_non_citizen": null, "poverty_universe": null, "pop_poverty": null, "total_households": 430, "renter_occupied": 178, "unemployed": "91", "single_parent_households": "225", "state": "06", "county": "067", "tract": "009334", "block group": "3", "surveilled_sites_count": 0, "surveilled_sites_list": "None", "surveilled_categories": "None", "pct_poverty": null, "pct_renter": 41.395348837209298, "pct_non_citizen": null, "pct_black": 22.010707911957169, "pct_hispanic": 6.9006543723973826 }, "geometry": { "type": "Point", "coordinates": [ -121.387996500000014, 38.4523618 ] } },
{ "type": "Feature", "properties": { "id": 13315357101, "lat": 38.4270579, "lon": -121.3528468, "direction": 0.0, "operator": "Unknown", "brand": "Unknown", "STATEFP": "06", "COUNTYFP": "067", "TRACTCE": "009332", "BLKGRPCE": "1", "AFFGEOID": "1500000US060670093321", "GEOID": "060670093321", "NAME_x": "1", "NAMELSAD": "Block Group 1", "LSAD": "BG", "ALAND": 7870005, "AWATER": 0, "NAME_y": "Block Group 1; Census Tract 93.32; Sacramento County; California", "pop_total": 1648, "median_income": 162647.0, "pop_white": "702", "pop_black": 39, "pop_native": "0", "pop_asian": "642", "pop_pacific": "0", "pop_other": "55", "pop_two_plus": "210", "pop_hispanic": 62, "pop_non_citizen": null, "poverty_universe": null, "pop_poverty": null, "total_households": 410, "renter_occupied": 21, "unemployed": "5", "single_parent_households": "184", "state": "06", "county": "067", "tract": "009332", "block group": "1", "surveilled_sites_count": 0, "surveilled_sites_list": "None", "surveilled_categories": "None", "pct_poverty": null, "pct_renter": 5.1219512195121952, "pct_non_citizen": null, "pct_black": 2.366504854368932, "pct_hispanic": 3.762135922330097 }, "geometry": { "type": "Point", "coordinates": [ -121.3528468, 38.427057900000015 ] } },
{ "type": "Feature", "properties": { "id": 13315358701, "lat": 38.4092296, "lon": -121.3345949, "direction": 0.0, "operator": "Unknown", "brand": "Unknown", "STATEFP": "06", "COUNTYFP": "067", "TRACTCE": "009336", "BLKGRPCE": "2", "AFFGEOID": "1500000US060670093362", "GEOID": "060670093362", "NAME_x": "2", "NAMELSAD": "Block Group 2", "LSAD": "BG", "ALAND": 4444768, "AWATER": 0, "NAME_y": "Block Group 2; Census Tract 93.36; Sacramento County; California", "pop_total": 1019, "median_income": 250001.0, "pop_white": "604", "pop_black": 13, "pop_native": "0", "pop_asian": "285", "pop_pacific": "10", "pop_other": "26", "pop_two_plus": "81", "pop_hispanic": 67, "pop_non_citizen": null, "poverty_universe": null, "pop_poverty": null, "total_households": 291, "renter_occupied": 18, "unemployed": "5", "single_parent_households": "132", "state": "06", "county": "067", "tract": "009336", "block group": "2", "surveilled_sites_count": 0, "surveilled_sites_list": "None", "surveilled_categories": "None", "pct_poverty": null, "pct_renter": 6.1855670103092786, "pct_non_citizen": null, "pct_black": 1.2757605495583906, "pct_hispanic": 6.5750736015701667 }, "geometry": { "type": "Point", "coordinates": [ -121.334594900000013, 38.40922960000001 ] } },
{ "type": "Feature", "properties": { "id": 13315358702, "lat": 38.4349085, "lon": -121.3719779, "direction": 182.0, "operator": "Unknown", "brand": "Unknown", "STATEFP": "06", "COUNTYFP": "067", "TRACTCE": "009323", "BLKGRPCE": "2", "AFFGEOID": "1500000US060670093232", "GEOID": "060670093232", "NAME_x": "2", "NAMELSAD": "Block Group 2", "LSAD": "BG", "ALAND": 1088235, "AWATER": 0, "NAME_y": "Block Group 2; Census Tract 93.23; Sacramento County; California", "pop_total": 2938, "median_income": 101856.0, "pop_white": "1577", "pop_black": 82, "pop_native": "52", "pop_asian": "704", "pop_pacific": "100", "pop_other": "170", "pop_two_plus": "253", "pop_hispanic": 333, "pop_non_citizen": null, "poverty_universe": null, "pop_poverty": null, "total_households": 949, "renter_occupied": 236, "unemployed": "74", "single_parent_households": "377", "state": "06", "county": "067", "tract": "009323", "block group": "2", "surveilled_sites_count": 0, "surveilled_sites_list": "None", "surveilled_categories": "None", "pct_poverty": null, "pct_renter": 24.868282402528976, "pct_non_citizen": null, "pct_black": 2.7910142954390742, "pct_hispanic": 11.334240980258679 }, "geometry": { "type": "Point", "coordinates": [ -121.371977900000019, 38.434908499999977 ] } },
{ "type": "Feature", "properties": { "id": 13315359301, "lat": 38.3933234, "lon": -121.3531005, "direction": 0.0, "operator": "Unknown", "brand": "Unknown", "STATEFP": "06", "COUNTYFP": "067", "TRACTCE": "009310", "BLKGRPCE": "5", "AFFGEOID": "1500000US060670093105", "GEOID": "060670093105", "NAME_x": "5", "NAMELSAD": "Block Group 5", "LSAD": "BG", "ALAND": 1695522, "AWATER": 0, "NAME_y": "Block Group 5; Census Tract 93.10; Sacramento County; California", "pop_total": 1197, "median_income": 63073.0, "pop_white": "931", "pop_black": 0, "pop_native": "0", "pop_asian": "0", "pop_pacific": "0", "pop_other": "110", "pop_two_plus": "156", "pop_hispanic": 420, "pop_non_citizen": null, "poverty_universe": null, "pop_poverty": null, "total_households": 426, "renter_occupied": 123, "unemployed": "0", "single_parent_households": "213", "state": "06", "county": "067", "tract": "009310", "block group": "5", "surveilled_sites_count": 0, "surveilled_sites_list": "None", "surveilled_categories": "None", "pct_poverty": null, "pct_renter": 28.87323943661972, "pct_non_citizen": null, "pct_black": 0.0, "pct_hispanic": 35.087719298245609 }, "geometry": { "type": "Point", "coordinates": [ -121.3531005, 38.393323399999971 ] } },
{ "type": "Feature", "properties": { "id": 13315361601, "lat": 38.4527987, "lon": -121.3714531, "direction": 266.0, "operator": "Unknown", "brand": "Unknown", "STATEFP": "06", "COUNTYFP": "067", "TRACTCE": "009312", "BLKGRPCE": "2", "AFFGEOID": "1500000US060670093122", "GEOID": "060670093122", "NAME_x": "2", "NAMELSAD": "Block Group 2", "LSAD": "BG", "ALAND": 672180, "AWATER": 0, "NAME_y": "Block Group 2; Census Tract 93.12; Sacramento County; California", "pop_total": 1900, "median_income": 116204.0, "pop_white": "357", "pop_black": 0, "pop_native": "0", "pop_asian": "1218", "pop_pacific": "67", "pop_other": "114", "pop_two_plus": "144", "pop_hispanic": 266, "pop_non_citizen": null, "poverty_universe": null, "pop_poverty": null, "total_households": 488, "renter_occupied": 54, "unemployed": "18", "single_parent_households": "317", "state": "06", "county": "067", "tract": "009312", "block group": "2", "surveilled_sites_count": 0, "surveilled_sites_list": "None", "surveilled_categories": "None", "pct_poverty": null, "pct_renter": 11.065573770491802, "pct_non_citizen": null, "pct_black": 0.0, "pct_hispanic": 14.000000000000002 }, "geometry": { "type": "Point", "coordinates": [ -121.3714531, 38.452798699999974 ] } },
{ "type": "Feature", "properties": { "id": 13315361801, "lat": 38.4527987, "lon": -121.3714531, "direction": 330.0, "operator": "Unknown", "brand": "Unknown", "STATEFP": "06", "COUNTYFP": "067", "TRACTCE": "009312", "BLKGRPCE": "2", "AFFGEOID": "1500000US060670093122", "GEOID": "060670093122", "NAME_x": "2", "NAMELSAD": "Block Group 2", "LSAD": "BG", "ALAND": 672180, "AWATER": 0, "NAME_y": "Block Group 2; Census Tract 93.12; Sacramento County; California", "pop_total": 1900, "median_income": 116204.0, "pop_white": "357", "pop_black": 0, "pop_native": "0", "pop_asian": "1218", "pop_pacific": "67", "pop_other": "114", "pop_two_plus": "144", "pop_hispanic": 266, "pop_non_citizen": null, "poverty_universe": null, "pop_poverty": null, "total_households": 488, "renter_occupied": 54, "unemployed": "18", "single_parent_households": "317", "state": "06", "county": "067", "tract": "009312", "block group": "2", "surveilled_sites_count": 0, "surveilled_sites_list": "None", "surveilled_categories": "None", "pct_poverty": null, "pct_renter": 11.065573770491802, "pct_non_citizen": null, "pct_black": 0.0, "pct_hispanic": 14.000000000000002 }, "geometry": { "type": "Point", "coordinates": [ -121.3714531, 38.452798699999974 ] } },
{ "type": "Feature", "properties": { "id": 13315363301, "lat": 38.4476727, "lon": -121.3719086, "direction": 185.0, "operator": "Unknown", "brand": "Unknown", "STATEFP": "06", "COUNTYFP": "067", "TRACTCE": "009333", "BLKGRPCE": "1", "AFFGEOID": "1500000US060670093331", "GEOID": "060670093331", "NAME_x": "1", "NAMELSAD": "Block Group 1", "LSAD": "BG", "ALAND": 878682, "AWATER": 0, "NAME_y": "Block Group 1; Census Tract 93.33; Sacramento County; California", "pop_total": 2512, "median_income": 92071.0, "pop_white": "906", "pop_black": 77, "pop_native": "0", "pop_asian": "1085", "pop_pacific": "113", "pop_other": "86", "pop_two_plus": "245", "pop_hispanic": 235, "pop_non_citizen": null, "poverty_universe": null, "pop_poverty": null, "total_households": 780, "renter_occupied": 171, "unemployed": "128", "single_parent_households": "356", "state": "06", "county": "067", "tract": "009333", "block group": "1", "surveilled_sites_count": 0, "surveilled_sites_list": "None", "surveilled_categories": "None", "pct_poverty": null, "pct_renter": 21.923076923076923, "pct_non_citizen": null, "pct_black": 3.0652866242038215, "pct_hispanic": 9.3550955414012726 }, "geometry": { "type": "Point", "coordinates": [ -121.371908600000012, 38.44767270000002 ] } },
{ "type": "Feature", "properties": { "id": 13315490301, "lat": 38.5817145, "lon": -121.2844314, "direction": 59.0, "operator": "Unknown", "brand": "Unknown", "STATEFP": "06", "COUNTYFP": "067", "TRACTCE": "009011", "BLKGRPCE": "2", "AFFGEOID": "1500000US060670090112", "GEOID": "060670090112", "NAME_x": "2", "NAMELSAD": "Block Group 2", "LSAD": "BG", "ALAND": 168691, "AWATER": 0, "NAME_y": "Block Group 2; Census Tract 90.11; Sacramento County; California", "pop_total": 1112, "median_income": 155982.0, "pop_white": "593", "pop_black": 0, "pop_native": "2", "pop_asian": "245", "pop_pacific": "0", "pop_other": "99", "pop_two_plus": "173", "pop_hispanic": 252, "pop_non_citizen": null, "poverty_universe": null, "pop_poverty": null, "total_households": 373, "renter_occupied": 91, "unemployed": "8", "single_parent_households": "160", "state": "06", "county": "067", "tract": "009011", "block group": "2", "surveilled_sites_count": 0, "surveilled_sites_list": "None", "surveilled_categories": "None", "pct_poverty": null, "pct_renter": 24.396782841823057, "pct_non_citizen": null, "pct_black": 0.0, "pct_hispanic": 22.661870503597122 }, "geometry": { "type": "Point", "coordinates": [ -121.284431399999988, 38.581714499999983 ] } },
{ "type": "Feature", "properties": { "id": 13315490401, "lat": 38.5816024, "lon": -121.2847067, "direction": 150.0, "operator": "Unknown", "brand": "Unknown", "STATEFP": "06", "COUNTYFP": "067", "TRACTCE": "009011", "BLKGRPCE": "1", "AFFGEOID": "1500000US060670090111", "GEOID": "060670090111", "NAME_x": "1", "NAMELSAD": "Block Group 1", "LSAD": "BG", "ALAND": 3496251, "AWATER": 0, "NAME_y": "Block Group 1; Census Tract 90.11; Sacramento County; California", "pop_total": 1325, "median_income": 111607.0, "pop_white": "460", "pop_black": 79, "pop_native": "0", "pop_asian": "445", "pop_pacific": "0", "pop_other": "152", "pop_two_plus": "189", "pop_hispanic": 259, "pop_non_citizen": null, "poverty_universe": null, "pop_poverty": null, "total_households": 458, "renter_occupied": 104, "unemployed": "16", "single_parent_households": "190", "state": "06", "county": "067", "tract": "009011", "block group": "1", "surveilled_sites_count": 0, "surveilled_sites_list": "None", "surveilled_categories": "None", "pct_poverty": null, "pct_renter": 22.707423580786028, "pct_non_citizen": null, "pct_black": 5.9622641509433967, "pct_hispanic": 19.547169811320757 }, "geometry": { "type": "Point", "coordinates": [ -121.2847067, 38.58160240000003 ] } },
{ "type": "Feature", "properties": { "id": 13315493301, "lat": 38.5818262, "lon": -121.2849133, "direction": 247.0, "operator": "Unknown", "brand": "Unknown", "STATEFP": "06", "COUNTYFP": "067", "TRACTCE": "009010", "BLKGRPCE": "4", "AFFGEOID": "1500000US060670090104", "GEOID": "060670090104", "NAME_x": "4", "NAMELSAD": "Block Group 4", "LSAD": "BG", "ALAND": 4137963, "AWATER": 0, "NAME_y": "Block Group 4; Census Tract 90.10; Sacramento County; California", "pop_total": 1708, "median_income": 101818.0, "pop_white": "723", "pop_black": 387, "pop_native": "0", "pop_asian": "185", "pop_pacific": "0", "pop_other": "91", "pop_two_plus": "322", "pop_hispanic": 151, "pop_non_citizen": null, "poverty_universe": null, "pop_poverty": null, "total_households": 756, "renter_occupied": 251, "unemployed": "71", "single_parent_households": "164", "state": "06", "county": "067", "tract": "009010", "block group": "4", "surveilled_sites_count": 0, "surveilled_sites_list": "None", "surveilled_categories": "None", "pct_poverty": null, "pct_renter": 33.201058201058203, "pct_non_citizen": null, "pct_black": 22.658079625292739, "pct_hispanic": 8.840749414519907 }, "geometry": { "type": "Point", "coordinates": [ -121.2849133, 38.5818262 ] } },
{ "type": "Feature", "properties": { "id": 13315493601, "lat": 38.5878173, "lon": -121.28665, "direction": 82.0, "operator": "Unknown", "brand": "Unknown", "STATEFP": "06", "COUNTYFP": "067", "TRACTCE": "009010", "BLKGRPCE": "4", "AFFGEOID": "1500000US060670090104", "GEOID": "060670090104", "NAME_x": "4", "NAMELSAD": "Block Group 4", "LSAD": "BG", "ALAND": 4137963, "AWATER": 0, "NAME_y": "Block Group 4; Census Tract 90.10; Sacramento County; California", "pop_total": 1708, "median_income": 101818.0, "pop_white": "723", "pop_black": 387, "pop_native": "0", "pop_asian": "185", "pop_pacific": "0", "pop_other": "91", "pop_two_plus": "322", "pop_hispanic": 151, "pop_non_citizen": null, "poverty_universe": null, "pop_poverty": null, "total_households": 756, "renter_occupied": 251, "unemployed": "71", "single_parent_households": "164", "state": "06", "county": "067", "tract": "009010", "block group": "4", "surveilled_sites_count": 0, "surveilled_sites_list": "None", "surveilled_categories": "None", "pct_poverty": null, "pct_renter": 33.201058201058203, "pct_non_citizen": null, "pct_black": 22.658079625292739, "pct_hispanic": 8.840749414519907 }, "geometry": { "type": "Point", "coordinates": [ -121.28665, 38.587817299999983 ] } },
{ "type": "Feature", "properties": { "id": 13315494901, "lat": 38.587875, "lon": -121.2869412, "direction": 258.0, "operator": "Unknown", "brand": "Unknown", "STATEFP": "06", "COUNTYFP": "067", "TRACTCE": "009010", "BLKGRPCE": "4", "AFFGEOID": "1500000US060670090104", "GEOID": "060670090104", "NAME_x": "4", "NAMELSAD": "Block Group 4", "LSAD": "BG", "ALAND": 4137963, "AWATER": 0, "NAME_y": "Block Group 4; Census Tract 90.10; Sacramento County; California", "pop_total": 1708, "median_income": 101818.0, "pop_white": "723", "pop_black": 387, "pop_native": "0", "pop_asian": "185", "pop_pacific": "0", "pop_other": "91", "pop_two_plus": "322", "pop_hispanic": 151, "pop_non_citizen": null, "poverty_universe": null, "pop_poverty": null, "total_households": 756, "renter_occupied": 251, "unemployed": "71", "single_parent_households": "164", "state": "06", "county": "067", "tract": "009010", "block group": "4", "surveilled_sites_count": 0, "surveilled_sites_list": "None", "surveilled_categories": "None", "pct_poverty": null, "pct_renter": 33.201058201058203, "pct_non_citizen": null, "pct_black": 22.658079625292739, "pct_hispanic": 8.840749414519907 }, "geometry": { "type": "Point", "coordinates": [ -121.2869412, 38.587875 ] } },
{ "type": "Feature", "properties": { "id": 13315499301, "lat": 38.5877689, "lon": -121.2869476, "direction": 169.0, "operator": "Unknown", "brand": "Unknown", "STATEFP": "06", "COUNTYFP": "067", "TRACTCE": "009010", "BLKGRPCE": "4", "AFFGEOID": "1500000US060670090104", "GEOID": "060670090104", "NAME_x": "4", "NAMELSAD": "Block Group 4", "LSAD": "BG", "ALAND": 4137963, "AWATER": 0, "NAME_y": "Block Group 4; Census Tract 90.10; Sacramento County; California", "pop_total": 1708, "median_income": 101818.0, "pop_white": "723", "pop_black": 387, "pop_native": "0", "pop_asian": "185", "pop_pacific": "0", "pop_other": "91", "pop_two_plus": "322", "pop_hispanic": 151, "pop_non_citizen": null, "poverty_universe": null, "pop_poverty": null, "total_households": 756, "renter_occupied": 251, "unemployed": "71", "single_parent_households": "164", "state": "06", "county": "067", "tract": "009010", "block group": "4", "surveilled_sites_count": 0, "surveilled_sites_list": "None", "surveilled_categories": "None", "pct_poverty": null, "pct_renter": 33.201058201058203, "pct_non_citizen": null, "pct_black": 22.658079625292739, "pct_hispanic": 8.840749414519907 }, "geometry": { "type": "Point", "coordinates": [ -121.286947600000019, 38.587768899999958 ] } },
{ "type": "Feature", "properties": { "id": 13315522102, "lat": 38.4810808, "lon": -121.4090448, "direction": 175.0, "operator": "Unknown", "brand": "Unknown", "STATEFP": "06", "COUNTYFP": "067", "TRACTCE": "005002", "BLKGRPCE": "3", "AFFGEOID": "1500000US060670050023", "GEOID": "060670050023", "NAME_x": "3", "NAMELSAD": "Block Group 3", "LSAD": "BG", "ALAND": 844911, "AWATER": 0, "NAME_y": "Block Group 3; Census Tract 50.02; Sacramento County; California", "pop_total": 2789, "median_income": 64004.0, "pop_white": "458", "pop_black": 350, "pop_native": "0", "pop_asian": "762", "pop_pacific": "0", "pop_other": "767", "pop_two_plus": "452", "pop_hispanic": 1028, "pop_non_citizen": null, "poverty_universe": null, "pop_poverty": null, "total_households": 970, "renter_occupied": 416, "unemployed": "138", "single_parent_households": "349", "state": "06", "county": "067", "tract": "005002", "block group": "3", "surveilled_sites_count": 0, "surveilled_sites_list": "None", "surveilled_categories": "None", "pct_poverty": null, "pct_renter": 42.886597938144327, "pct_non_citizen": null, "pct_black": 12.549300824668341, "pct_hispanic": 36.859089279311583 }, "geometry": { "type": "Point", "coordinates": [ -121.4090448, 38.48108079999998 ] } },
{ "type": "Feature", "properties": { "id": 13317188106, "lat": 38.640288, "lon": -121.1147222, "direction": 160.0, "operator": "Unknown", "brand": "Unknown", "STATEFP": "06", "COUNTYFP": "067", "TRACTCE": "008508", "BLKGRPCE": "4", "AFFGEOID": "1500000US060670085084", "GEOID": "060670085084", "NAME_x": "4", "NAMELSAD": "Block Group 4", "LSAD": "BG", "ALAND": 14925417, "AWATER": 0, "NAME_y": "Block Group 4; Census Tract 85.08; Sacramento County; California", "pop_total": 664, "median_income": 250001.0, "pop_white": "293", "pop_black": 0, "pop_native": "0", "pop_asian": "295", "pop_pacific": "0", "pop_other": "0", "pop_two_plus": "76", "pop_hispanic": 191, "pop_non_citizen": null, "poverty_universe": null, "pop_poverty": null, "total_households": 265, "renter_occupied": 0, "unemployed": "0", "single_parent_households": "197", "state": "06", "county": "067", "tract": "008508", "block group": "4", "surveilled_sites_count": 0, "surveilled_sites_list": "None", "surveilled_categories": "None", "pct_poverty": null, "pct_renter": 0.0, "pct_non_citizen": null, "pct_black": 0.0, "pct_hispanic": 28.765060240963859 }, "geometry": { "type": "Point", "coordinates": [ -121.114722200000017, 38.640288 ] } },
{ "type": "Feature", "properties": { "id": 13317199103, "lat": 38.6231846, "lon": -121.1141935, "direction": 171.0, "operator": "Unknown", "brand": "Unknown", "STATEFP": "06", "COUNTYFP": "067", "TRACTCE": "008508", "BLKGRPCE": "4", "AFFGEOID": "1500000US060670085084", "GEOID": "060670085084", "NAME_x": "4", "NAMELSAD": "Block Group 4", "LSAD": "BG", "ALAND": 14925417, "AWATER": 0, "NAME_y": "Block Group 4; Census Tract 85.08; Sacramento County; California", "pop_total": 664, "median_income": 250001.0, "pop_white": "293", "pop_black": 0, "pop_native": "0", "pop_asian": "295", "pop_pacific": "0", "pop_other": "0", "pop_two_plus": "76", "pop_hispanic": 191, "pop_non_citizen": null, "poverty_universe": null, "pop_poverty": null, "total_households": 265, "renter_occupied": 0, "unemployed": "0", "single_parent_households": "197", "state": "06", "county": "067", "tract": "008508", "block group": "4", "surveilled_sites_count": 0, "surveilled_sites_list": "None", "surveilled_categories": "None", "pct_poverty": null, "pct_renter": 0.0, "pct_non_citizen": null, "pct_black": 0.0, "pct_hispanic": 28.765060240963859 }, "geometry": { "type": "Point", "coordinates": [ -121.1141935, 38.6231846 ] } },
{ "type": "Feature", "properties": { "id": 13317224801, "lat": 38.6231846, "lon": -121.1141935, "direction": 171.0, "operator": "Unknown", "brand": "Unknown", "STATEFP": "06", "COUNTYFP": "067", "TRACTCE": "008508", "BLKGRPCE": "4", "AFFGEOID": "1500000US060670085084", "GEOID": "060670085084", "NAME_x": "4", "NAMELSAD": "Block Group 4", "LSAD": "BG", "ALAND": 14925417, "AWATER": 0, "NAME_y": "Block Group 4; Census Tract 85.08; Sacramento County; California", "pop_total": 664, "median_income": 250001.0, "pop_white": "293", "pop_black": 0, "pop_native": "0", "pop_asian": "295", "pop_pacific": "0", "pop_other": "0", "pop_two_plus": "76", "pop_hispanic": 191, "pop_non_citizen": null, "poverty_universe": null, "pop_poverty": null, "total_households": 265, "renter_occupied": 0, "unemployed": "0", "single_parent_households": "197", "state": "06", "county": "067", "tract": "008508", "block group": "4", "surveilled_sites_count": 0, "surveilled_sites_list": "None", "surveilled_categories": "None", "pct_poverty": null, "pct_renter": 0.0, "pct_non_citizen": null, "pct_black": 0.0, "pct_hispanic": 28.765060240963859 }, "geometry": { "type": "Point", "coordinates": [ -121.1141935, 38.6231846 ] } },
{ "type": "Feature", "properties": { "id": 13317311401, "lat": 38.592005, "lon": -121.2405561, "direction": 77.0, "operator": "Unknown", "brand": "Unknown", "STATEFP": "06", "COUNTYFP": "067", "TRACTCE": "008706", "BLKGRPCE": "2", "AFFGEOID": "1500000US060670087062", "GEOID": "060670087062", "NAME_x": "2", "NAMELSAD": "Block Group 2", "LSAD": "BG", "ALAND": 58921697, "AWATER": 0, "NAME_y": "Block Group 2; Census Tract 87.06; Sacramento County; California", "pop_total": 0, "median_income": null, "pop_white": "0", "pop_black": 0, "pop_native": "0", "pop_asian": "0", "pop_pacific": "0", "pop_other": "0", "pop_two_plus": "0", "pop_hispanic": 0, "pop_non_citizen": null, "poverty_universe": null, "pop_poverty": null, "total_households": 0, "renter_occupied": 0, "unemployed": "0", "single_parent_households": "0", "state": "06", "county": "067", "tract": "008706", "block group": "2", "surveilled_sites_count": 0, "surveilled_sites_list": "None", "surveilled_categories": "None", "pct_poverty": null, "pct_renter": 0.0, "pct_non_citizen": null, "pct_black": 0.0, "pct_hispanic": 0.0 }, "geometry": { "type": "Point", "coordinates": [ -121.2405561, 38.592005 ] } },
{ "type": "Feature", "properties": { "id": 13320030501, "lat": 38.4742729, "lon": -121.4175051, "direction": 92.0, "operator": "Unknown", "brand": "Unknown", "STATEFP": "06", "COUNTYFP": "067", "TRACTCE": "009319", "BLKGRPCE": "1", "AFFGEOID": "1500000US060670093191", "GEOID": "060670093191", "NAME_x": "1", "NAMELSAD": "Block Group 1", "LSAD": "BG", "ALAND": 1476100, "AWATER": 0, "NAME_y": "Block Group 1; Census Tract 93.19; Sacramento County; California", "pop_total": 2663, "median_income": 85150.0, "pop_white": "638", "pop_black": 15, "pop_native": "0", "pop_asian": "1418", "pop_pacific": "0", "pop_other": "90", "pop_two_plus": "502", "pop_hispanic": 580, "pop_non_citizen": null, "poverty_universe": null, "pop_poverty": null, "total_households": 801, "renter_occupied": 168, "unemployed": "43", "single_parent_households": "488", "state": "06", "county": "067", "tract": "009319", "block group": "1", "surveilled_sites_count": 0, "surveilled_sites_list": "None", "surveilled_categories": "None", "pct_poverty": null, "pct_renter": 20.973782771535582, "pct_non_citizen": null, "pct_black": 0.5632745024408562, "pct_hispanic": 21.779947427713108 }, "geometry": { "type": "Point", "coordinates": [ -121.417505100000014, 38.4742729 ] } },
{ "type": "Feature", "properties": { "id": 13320161701, "lat": 38.5390651, "lon": -121.2881047, "direction": 45.0, "operator": "Unknown", "brand": "Unknown", "STATEFP": "06", "COUNTYFP": "067", "TRACTCE": "008802", "BLKGRPCE": "1", "AFFGEOID": "1500000US060670088021", "GEOID": "060670088021", "NAME_x": "1", "NAMELSAD": "Block Group 1", "LSAD": "BG", "ALAND": 9196451, "AWATER": 0, "NAME_y": "Block Group 1; Census Tract 88.02; Sacramento County; California", "pop_total": 983, "median_income": 154000.0, "pop_white": "610", "pop_black": 65, "pop_native": "4", "pop_asian": "133", "pop_pacific": "0", "pop_other": "4", "pop_two_plus": "167", "pop_hispanic": 101, "pop_non_citizen": null, "poverty_universe": null, "pop_poverty": null, "total_households": 320, "renter_occupied": 5, "unemployed": "16", "single_parent_households": "127", "state": "06", "county": "067", "tract": "008802", "block group": "1", "surveilled_sites_count": 0, "surveilled_sites_list": "None", "surveilled_categories": "None", "pct_poverty": null, "pct_renter": 1.5625, "pct_non_citizen": null, "pct_black": 6.6124109867751777, "pct_hispanic": 10.274669379450661 }, "geometry": { "type": "Point", "coordinates": [ -121.2881047, 38.539065099999966 ] } },
{ "type": "Feature", "properties": { "id": 13320354001, "lat": 38.5103508, "lon": -121.4089712, "direction": 180.0, "operator": "Unknown", "brand": "Unknown", "STATEFP": "06", "COUNTYFP": "067", "TRACTCE": "009201", "BLKGRPCE": "3", "AFFGEOID": "1500000US060670092013", "GEOID": "060670092013", "NAME_x": "3", "NAMELSAD": "Block Group 3", "LSAD": "BG", "ALAND": 10731843, "AWATER": 0, "NAME_y": "Block Group 3; Census Tract 92.01; Sacramento County; California", "pop_total": 835, "median_income": 50958.0, "pop_white": "331", "pop_black": 0, "pop_native": "0", "pop_asian": "281", "pop_pacific": "34", "pop_other": "106", "pop_two_plus": "83", "pop_hispanic": 325, "pop_non_citizen": null, "poverty_universe": null, "pop_poverty": null, "total_households": 309, "renter_occupied": 92, "unemployed": "0", "single_parent_households": "66", "state": "06", "county": "067", "tract": "009201", "block group": "3", "surveilled_sites_count": 0, "surveilled_sites_list": "None", "surveilled_categories": "None", "pct_poverty": null, "pct_renter": 29.773462783171524, "pct_non_citizen": null, "pct_black": 0.0, "pct_hispanic": 38.922155688622759 }, "geometry": { "type": "Point", "coordinates": [ -121.4089712, 38.510350799999969 ] } },
{ "type": "Feature", "properties": { "id": 13320355401, "lat": 38.495904, "lon": -121.4091016, "direction": 166.0, "operator": "Unknown", "brand": "Unknown", "STATEFP": "06", "COUNTYFP": "067", "TRACTCE": "005004", "BLKGRPCE": "1", "AFFGEOID": "1500000US060670050041", "GEOID": "060670050041", "NAME_x": "1", "NAMELSAD": "Block Group 1", "LSAD": "BG", "ALAND": 266935, "AWATER": 0, "NAME_y": "Block Group 1; Census Tract 50.04; Sacramento County; California", "pop_total": 1496, "median_income": 69449.0, "pop_white": "190", "pop_black": 0, "pop_native": "0", "pop_asian": "740", "pop_pacific": "0", "pop_other": "249", "pop_two_plus": "317", "pop_hispanic": 532, "pop_non_citizen": null, "poverty_universe": null, "pop_poverty": null, "total_households": 285, "renter_occupied": 137, "unemployed": "0", "single_parent_households": "201", "state": "06", "county": "067", "tract": "005004", "block group": "1", "surveilled_sites_count": 0, "surveilled_sites_list": "None", "surveilled_categories": "None", "pct_poverty": null, "pct_renter": 48.070175438596493, "pct_non_citizen": null, "pct_black": 0.0, "pct_hispanic": 35.561497326203209 }, "geometry": { "type": "Point", "coordinates": [ -121.4091016, 38.495904 ] } },
{ "type": "Feature", "properties": { "id": 13320355402, "lat": 38.481496, "lon": -121.4085065, "direction": 81.0, "operator": "Unknown", "brand": "Unknown", "STATEFP": "06", "COUNTYFP": "067", "TRACTCE": "009318", "BLKGRPCE": "1", "AFFGEOID": "1500000US060670093181", "GEOID": "060670093181", "NAME_x": "1", "NAMELSAD": "Block Group 1", "LSAD": "BG", "ALAND": 1330305, "AWATER": 0, "NAME_y": "Block Group 1; Census Tract 93.18; Sacramento County; California", "pop_total": 1984, "median_income": 63295.0, "pop_white": "257", "pop_black": 220, "pop_native": "71", "pop_asian": "918", "pop_pacific": "40", "pop_other": "253", "pop_two_plus": "225", "pop_hispanic": 467, "pop_non_citizen": null, "poverty_universe": null, "pop_poverty": null, "total_households": 621, "renter_occupied": 165, "unemployed": "21", "single_parent_households": "228", "state": "06", "county": "067", "tract": "009318", "block group": "1", "surveilled_sites_count": 0, "surveilled_sites_list": "None", "surveilled_categories": "None", "pct_poverty": null, "pct_renter": 26.570048309178745, "pct_non_citizen": null, "pct_black": 11.088709677419354, "pct_hispanic": 23.538306451612904 }, "geometry": { "type": "Point", "coordinates": [ -121.408506500000016, 38.481496 ] } },
{ "type": "Feature", "properties": { "id": 13320480101, "lat": 38.5859544, "lon": -121.5050275, "direction": 281.0, "operator": "Unknown", "brand": "Unknown", "STATEFP": "06", "COUNTYFP": "067", "TRACTCE": "005301", "BLKGRPCE": "1", "AFFGEOID": "1500000US060670053011", "GEOID": "060670053011", "NAME_x": "1", "NAMELSAD": "Block Group 1", "LSAD": "BG", "ALAND": 3618503, "AWATER": 279016, "NAME_y": "Block Group 1; Census Tract 53.01; Sacramento County; California", "pop_total": 1241, "median_income": 18438.0, "pop_white": "542", "pop_black": 404, "pop_native": "36", "pop_asian": "103", "pop_pacific": "0", "pop_other": "65", "pop_two_plus": "91", "pop_hispanic": 216, "pop_non_citizen": null, "poverty_universe": null, "pop_poverty": null, "total_households": 371, "renter_occupied": 364, "unemployed": "70", "single_parent_households": "114", "state": "06", "county": "067", "tract": "005301", "block group": "1", "surveilled_sites_count": 0, "surveilled_sites_list": "None", "surveilled_categories": "None", "pct_poverty": null, "pct_renter": 98.113207547169807, "pct_non_citizen": null, "pct_black": 32.554391619661565, "pct_hispanic": 17.40531829170024 }, "geometry": { "type": "Point", "coordinates": [ -121.5050275, 38.5859544 ] } },
{ "type": "Feature", "properties": { "id": 13324231002, "lat": 38.7250724, "lon": -121.3926148, "direction": 180.0, "operator": "Unknown", "brand": "Unknown", "STATEFP": "06", "COUNTYFP": "067", "TRACTCE": "007417", "BLKGRPCE": "1", "AFFGEOID": "1500000US060670074171", "GEOID": "060670074171", "NAME_x": "1", "NAMELSAD": "Block Group 1", "LSAD": "BG", "ALAND": 1075246, "AWATER": 0, "NAME_y": "Block Group 1; Census Tract 74.17; Sacramento County; California", "pop_total": 1110, "median_income": 117596.0, "pop_white": "960", "pop_black": 21, "pop_native": "0", "pop_asian": "41", "pop_pacific": "0", "pop_other": "41", "pop_two_plus": "47", "pop_hispanic": 105, "pop_non_citizen": null, "poverty_universe": null, "pop_poverty": null, "total_households": 323, "renter_occupied": 21, "unemployed": "12", "single_parent_households": "163", "state": "06", "county": "067", "tract": "007417", "block group": "1", "surveilled_sites_count": 0, "surveilled_sites_list": "None", "surveilled_categories": "None", "pct_poverty": null, "pct_renter": 6.5015479876160995, "pct_non_citizen": null, "pct_black": 1.8918918918918921, "pct_hispanic": 9.4594594594594597 }, "geometry": { "type": "Point", "coordinates": [ -121.3926148, 38.725072400000045 ] } },
{ "type": "Feature", "properties": { "id": 13325116701, "lat": 38.3734353, "lon": -121.364947, "direction": 310.0, "operator": "Unknown", "brand": "Unknown", "STATEFP": "06", "COUNTYFP": "067", "TRACTCE": "009652", "BLKGRPCE": "1", "AFFGEOID": "1500000US060670096521", "GEOID": "060670096521", "NAME_x": "1", "NAMELSAD": "Block Group 1", "LSAD": "BG", "ALAND": 2111770, "AWATER": 0, "NAME_y": "Block Group 1; Census Tract 96.52; Sacramento County; California", "pop_total": 940, "median_income": 149706.0, "pop_white": "50", "pop_black": 0, "pop_native": "0", "pop_asian": "766", "pop_pacific": "0", "pop_other": "0", "pop_two_plus": "124", "pop_hispanic": 101, "pop_non_citizen": null, "poverty_universe": null, "pop_poverty": null, "total_households": 312, "renter_occupied": 0, "unemployed": "66", "single_parent_households": "128", "state": "06", "county": "067", "tract": "009652", "block group": "1", "surveilled_sites_count": 0, "surveilled_sites_list": "None", "surveilled_categories": "None", "pct_poverty": null, "pct_renter": 0.0, "pct_non_citizen": null, "pct_black": 0.0, "pct_hispanic": 10.74468085106383 }, "geometry": { "type": "Point", "coordinates": [ -121.364947, 38.373435300000011 ] } },
{ "type": "Feature", "properties": { "id": 13325116801, "lat": 38.3734353, "lon": -121.364947, "direction": 310.0, "operator": "Unknown", "brand": "Unknown", "STATEFP": "06", "COUNTYFP": "067", "TRACTCE": "009652", "BLKGRPCE": "1", "AFFGEOID": "1500000US060670096521", "GEOID": "060670096521", "NAME_x": "1", "NAMELSAD": "Block Group 1", "LSAD": "BG", "ALAND": 2111770, "AWATER": 0, "NAME_y": "Block Group 1; Census Tract 96.52; Sacramento County; California", "pop_total": 940, "median_income": 149706.0, "pop_white": "50", "pop_black": 0, "pop_native": "0", "pop_asian": "766", "pop_pacific": "0", "pop_other": "0", "pop_two_plus": "124", "pop_hispanic": 101, "pop_non_citizen": null, "poverty_universe": null, "pop_poverty": null, "total_households": 312, "renter_occupied": 0, "unemployed": "66", "single_parent_households": "128", "state": "06", "county": "067", "tract": "009652", "block group": "1", "surveilled_sites_count": 0, "surveilled_sites_list": "None", "surveilled_categories": "None", "pct_poverty": null, "pct_renter": 0.0, "pct_non_citizen": null, "pct_black": 0.0, "pct_hispanic": 10.74468085106383 }, "geometry": { "type": "Point", "coordinates": [ -121.364947, 38.373435300000011 ] } },
{ "type": "Feature", "properties": { "id": 13331227302, "lat": 38.6318641, "lon": -121.0800894, "direction": 205.0, "operator": "Unknown", "brand": "Unknown", "STATEFP": "06", "COUNTYFP": "067", "TRACTCE": "008508", "BLKGRPCE": "4", "AFFGEOID": "1500000US060670085084", "GEOID": "060670085084", "NAME_x": "4", "NAMELSAD": "Block Group 4", "LSAD": "BG", "ALAND": 14925417, "AWATER": 0, "NAME_y": "Block Group 4; Census Tract 85.08; Sacramento County; California", "pop_total": 664, "median_income": 250001.0, "pop_white": "293", "pop_black": 0, "pop_native": "0", "pop_asian": "295", "pop_pacific": "0", "pop_other": "0", "pop_two_plus": "76", "pop_hispanic": 191, "pop_non_citizen": null, "poverty_universe": null, "pop_poverty": null, "total_households": 265, "renter_occupied": 0, "unemployed": "0", "single_parent_households": "197", "state": "06", "county": "067", "tract": "008508", "block group": "4", "surveilled_sites_count": 0, "surveilled_sites_list": "None", "surveilled_categories": "None", "pct_poverty": null, "pct_renter": 0.0, "pct_non_citizen": null, "pct_black": 0.0, "pct_hispanic": 28.765060240963859 }, "geometry": { "type": "Point", "coordinates": [ -121.0800894, 38.6318641 ] } },
{ "type": "Feature", "properties": { "id": 13332850397, "lat": 38.6438155, "lon": -121.1344867, "direction": 320.0, "operator": "Unknown", "brand": "Unknown", "STATEFP": "06", "COUNTYFP": "067", "TRACTCE": "008507", "BLKGRPCE": "2", "AFFGEOID": "1500000US060670085072", "GEOID": "060670085072", "NAME_x": "2", "NAMELSAD": "Block Group 2", "LSAD": "BG", "ALAND": 2298357, "AWATER": 0, "NAME_y": "Block Group 2; Census Tract 85.07; Sacramento County; California", "pop_total": 2445, "median_income": 131894.0, "pop_white": "956", "pop_black": 238, "pop_native": "0", "pop_asian": "670", "pop_pacific": "0", "pop_other": "52", "pop_two_plus": "529", "pop_hispanic": 407, "pop_non_citizen": null, "poverty_universe": null, "pop_poverty": null, "total_households": 844, "renter_occupied": 423, "unemployed": "65", "single_parent_households": "328", "state": "06", "county": "067", "tract": "008507", "block group": "2", "surveilled_sites_count": 0, "surveilled_sites_list": "None", "surveilled_categories": "None", "pct_poverty": null, "pct_renter": 50.118483412322277, "pct_non_citizen": null, "pct_black": 9.7341513292433532, "pct_hispanic": 16.646216768916155 }, "geometry": { "type": "Point", "coordinates": [ -121.134486700000011, 38.643815500000031 ] } },
{ "type": "Feature", "properties": { "id": 13341885438, "lat": 38.574241, "lon": -121.4006185, "direction": 90.0, "operator": "Unknown", "brand": "Unknown", "STATEFP": "06", "COUNTYFP": "067", "TRACTCE": "005606", "BLKGRPCE": "1", "AFFGEOID": "1500000US060670056061", "GEOID": "060670056061", "NAME_x": "1", "NAMELSAD": "Block Group 1", "LSAD": "BG", "ALAND": 1305084, "AWATER": 0, "NAME_y": "Block Group 1; Census Tract 56.06; Sacramento County; California", "pop_total": 501, "median_income": 250001.0, "pop_white": "451", "pop_black": 0, "pop_native": "0", "pop_asian": "50", "pop_pacific": "0", "pop_other": "0", "pop_two_plus": "0", "pop_hispanic": 12, "pop_non_citizen": null, "poverty_universe": null, "pop_poverty": null, "total_households": 222, "renter_occupied": 0, "unemployed": "2", "single_parent_households": "31", "state": "06", "county": "067", "tract": "005606", "block group": "1", "surveilled_sites_count": 0, "surveilled_sites_list": "None", "surveilled_categories": "None", "pct_poverty": null, "pct_renter": 0.0, "pct_non_citizen": null, "pct_black": 0.0, "pct_hispanic": 2.3952095808383236 }, "geometry": { "type": "Point", "coordinates": [ -121.4006185, 38.574241 ] } },
{ "type": "Feature", "properties": { "id": 13356534101, "lat": 38.6108749, "lon": -121.2916635, "direction": 228.0, "operator": "Unknown", "brand": "Unknown", "STATEFP": "06", "COUNTYFP": "067", "TRACTCE": "008913", "BLKGRPCE": "3", "AFFGEOID": "1500000US060670089133", "GEOID": "060670089133", "NAME_x": "3", "NAMELSAD": "Block Group 3", "LSAD": "BG", "ALAND": 553481, "AWATER": 0, "NAME_y": "Block Group 3; Census Tract 89.13; Sacramento County; California", "pop_total": 1577, "median_income": 73861.0, "pop_white": "844", "pop_black": 108, "pop_native": "0", "pop_asian": "422", "pop_pacific": "0", "pop_other": "198", "pop_two_plus": "5", "pop_hispanic": 361, "pop_non_citizen": null, "poverty_universe": null, "pop_poverty": null, "total_households": 581, "renter_occupied": 341, "unemployed": "60", "single_parent_households": "207", "state": "06", "county": "067", "tract": "008913", "block group": "3", "surveilled_sites_count": 0, "surveilled_sites_list": "None", "surveilled_categories": "None", "pct_poverty": null, "pct_renter": 58.691910499139411, "pct_non_citizen": null, "pct_black": 6.8484464172479385, "pct_hispanic": 22.891566265060241 }, "geometry": { "type": "Point", "coordinates": [ -121.291663500000013, 38.6108749 ] } },
{ "type": "Feature", "properties": { "id": 13356534801, "lat": 38.6110707, "lon": -121.2907616, "direction": 33.0, "operator": "Unknown", "brand": "Unknown", "STATEFP": "06", "COUNTYFP": "067", "TRACTCE": "008907", "BLKGRPCE": "3", "AFFGEOID": "1500000US060670089073", "GEOID": "060670089073", "NAME_x": "3", "NAMELSAD": "Block Group 3", "LSAD": "BG", "ALAND": 334625, "AWATER": 0, "NAME_y": "Block Group 3; Census Tract 89.07; Sacramento County; California", "pop_total": 2139, "median_income": 58477.0, "pop_white": "1598", "pop_black": 125, "pop_native": "29", "pop_asian": "7", "pop_pacific": "0", "pop_other": "285", "pop_two_plus": "95", "pop_hispanic": 507, "pop_non_citizen": null, "poverty_universe": null, "pop_poverty": null, "total_households": 579, "renter_occupied": 129, "unemployed": "103", "single_parent_households": "256", "state": "06", "county": "067", "tract": "008907", "block group": "3", "surveilled_sites_count": 0, "surveilled_sites_list": "None", "surveilled_categories": "None", "pct_poverty": null, "pct_renter": 22.279792746113987, "pct_non_citizen": null, "pct_black": 5.8438522674146798, "pct_hispanic": 23.70266479663394 }, "geometry": { "type": "Point", "coordinates": [ -121.29076160000001, 38.611070699999964 ] } },
{ "type": "Feature", "properties": { "id": 13358186901, "lat": 38.1104844, "lon": -121.6967701, "direction": 267.0, "operator": "Unknown", "brand": "Unknown", "STATEFP": "06", "COUNTYFP": "067", "TRACTCE": "009800", "BLKGRPCE": "2", "AFFGEOID": "1500000US060670098002", "GEOID": "060670098002", "NAME_x": "2", "NAMELSAD": "Block Group 2", "LSAD": "BG", "ALAND": 95984505, "AWATER": 37501213, "NAME_y": "Block Group 2; Census Tract 98; Sacramento County; California", "pop_total": 743, "median_income": 38125.0, "pop_white": "663", "pop_black": 24, "pop_native": "0", "pop_asian": "0", "pop_pacific": "0", "pop_other": "24", "pop_two_plus": "32", "pop_hispanic": 29, "pop_non_citizen": null, "poverty_universe": null, "pop_poverty": null, "total_households": 414, "renter_occupied": 88, "unemployed": "34", "single_parent_households": "93", "state": "06", "county": "067", "tract": "009800", "block group": "2", "surveilled_sites_count": 0, "surveilled_sites_list": "None", "surveilled_categories": "None", "pct_poverty": null, "pct_renter": 21.256038647342994, "pct_non_citizen": null, "pct_black": 3.2301480484522207, "pct_hispanic": 3.9030955585464335 }, "geometry": { "type": "Point", "coordinates": [ -121.696770099999981, 38.110484399999983 ] } },
{ "type": "Feature", "properties": { "id": 13358529301, "lat": 38.6000221, "lon": -121.4012878, "direction": 330.0, "operator": "Unknown", "brand": "Unknown", "STATEFP": "06", "COUNTYFP": "067", "TRACTCE": "005601", "BLKGRPCE": "3", "AFFGEOID": "1500000US060670056013", "GEOID": "060670056013", "NAME_x": "3", "NAMELSAD": "Block Group 3", "LSAD": "BG", "ALAND": 663416, "AWATER": 0, "NAME_y": "Block Group 3; Census Tract 56.01; Sacramento County; California", "pop_total": 1619, "median_income": 53750.0, "pop_white": "890", "pop_black": 0, "pop_native": "0", "pop_asian": "339", "pop_pacific": "204", "pop_other": "0", "pop_two_plus": "186", "pop_hispanic": 97, "pop_non_citizen": null, "poverty_universe": null, "pop_poverty": null, "total_households": 578, "renter_occupied": 529, "unemployed": "200", "single_parent_households": "165", "state": "06", "county": "067", "tract": "005601", "block group": "3", "surveilled_sites_count": 0, "surveilled_sites_list": "None", "surveilled_categories": "None", "pct_poverty": null, "pct_renter": 91.522491349480973, "pct_non_citizen": null, "pct_black": 0.0, "pct_hispanic": 5.9913526868437312 }, "geometry": { "type": "Point", "coordinates": [ -121.40128780000002, 38.6000221 ] } },
{ "type": "Feature", "properties": { "id": 13358529401, "lat": 38.599686, "lon": -121.4016616, "direction": 150.0, "operator": "Unknown", "brand": "Unknown", "STATEFP": "06", "COUNTYFP": "067", "TRACTCE": "005505", "BLKGRPCE": "2", "AFFGEOID": "1500000US060670055052", "GEOID": "060670055052", "NAME_x": "2", "NAMELSAD": "Block Group 2", "LSAD": "BG", "ALAND": 557329, "AWATER": 0, "NAME_y": "Block Group 2; Census Tract 55.05; Sacramento County; California", "pop_total": 1152, "median_income": 59557.0, "pop_white": "567", "pop_black": 253, "pop_native": "0", "pop_asian": "149", "pop_pacific": "17", "pop_other": "39", "pop_two_plus": "127", "pop_hispanic": 276, "pop_non_citizen": null, "poverty_universe": null, "pop_poverty": null, "total_households": 503, "renter_occupied": 503, "unemployed": "166", "single_parent_households": "107", "state": "06", "county": "067", "tract": "005505", "block group": "2", "surveilled_sites_count": 0, "surveilled_sites_list": "None", "surveilled_categories": "None", "pct_poverty": null, "pct_renter": 100.0, "pct_non_citizen": null, "pct_black": 21.961805555555554, "pct_hispanic": 23.958333333333336 }, "geometry": { "type": "Point", "coordinates": [ -121.4016616, 38.599686 ] } },
{ "type": "Feature", "properties": { "id": 13362579207, "lat": 38.5599761, "lon": -121.3800934, "direction": 320.0, "operator": "Unknown", "brand": "Unknown", "STATEFP": "06", "COUNTYFP": "067", "TRACTCE": "009105", "BLKGRPCE": "1", "AFFGEOID": "1500000US060670091051", "GEOID": "060670091051", "NAME_x": "1", "NAMELSAD": "Block Group 1", "LSAD": "BG", "ALAND": 390271, "AWATER": 0, "NAME_y": "Block Group 1; Census Tract 91.05; Sacramento County; California", "pop_total": 834, "median_income": 78125.0, "pop_white": "457", "pop_black": 36, "pop_native": "0", "pop_asian": "124", "pop_pacific": "18", "pop_other": "35", "pop_two_plus": "164", "pop_hispanic": 235, "pop_non_citizen": null, "poverty_universe": null, "pop_poverty": null, "total_households": 325, "renter_occupied": 132, "unemployed": "28", "single_parent_households": "92", "state": "06", "county": "067", "tract": "009105", "block group": "1", "surveilled_sites_count": 0, "surveilled_sites_list": "None", "surveilled_categories": "None", "pct_poverty": null, "pct_renter": 40.615384615384613, "pct_non_citizen": null, "pct_black": 4.3165467625899279, "pct_hispanic": 28.177458033573146 }, "geometry": { "type": "Point", "coordinates": [ -121.3800934, 38.559976100000014 ] } },
{ "type": "Feature", "properties": { "id": 13362579208, "lat": 38.5599528, "lon": -121.3801432, "direction": 315.0, "operator": "Unknown", "brand": "Unknown", "STATEFP": "06", "COUNTYFP": "067", "TRACTCE": "009105", "BLKGRPCE": "1", "AFFGEOID": "1500000US060670091051", "GEOID": "060670091051", "NAME_x": "1", "NAMELSAD": "Block Group 1", "LSAD": "BG", "ALAND": 390271, "AWATER": 0, "NAME_y": "Block Group 1; Census Tract 91.05; Sacramento County; California", "pop_total": 834, "median_income": 78125.0, "pop_white": "457", "pop_black": 36, "pop_native": "0", "pop_asian": "124", "pop_pacific": "18", "pop_other": "35", "pop_two_plus": "164", "pop_hispanic": 235, "pop_non_citizen": null, "poverty_universe": null, "pop_poverty": null, "total_households": 325, "renter_occupied": 132, "unemployed": "28", "single_parent_households": "92", "state": "06", "county": "067", "tract": "009105", "block group": "1", "surveilled_sites_count": 0, "surveilled_sites_list": "None", "surveilled_categories": "None", "pct_poverty": null, "pct_renter": 40.615384615384613, "pct_non_citizen": null, "pct_black": 4.3165467625899279, "pct_hispanic": 28.177458033573146 }, "geometry": { "type": "Point", "coordinates": [ -121.3801432, 38.5599528 ] } },
{ "type": "Feature", "properties": { "id": 13362653738, "lat": 38.552195, "lon": -121.3772475, "direction": 215.0, "operator": "Sacramento Police Department", "brand": "Unknown", "STATEFP": "06", "COUNTYFP": "067", "TRACTCE": "005204", "BLKGRPCE": "3", "AFFGEOID": "1500000US060670052043", "GEOID": "060670052043", "NAME_x": "3", "NAMELSAD": "Block Group 3", "LSAD": "BG", "ALAND": 2318534, "AWATER": 0, "NAME_y": "Block Group 3; Census Tract 52.04; Sacramento County; California", "pop_total": 1281, "median_income": 99408.0, "pop_white": "1082", "pop_black": 0, "pop_native": "14", "pop_asian": "42", "pop_pacific": "0", "pop_other": "18", "pop_two_plus": "125", "pop_hispanic": 201, "pop_non_citizen": null, "poverty_universe": null, "pop_poverty": null, "total_households": 497, "renter_occupied": 101, "unemployed": "16", "single_parent_households": "181", "state": "06", "county": "067", "tract": "005204", "block group": "3", "surveilled_sites_count": 0, "surveilled_sites_list": "None", "surveilled_categories": "None", "pct_poverty": null, "pct_renter": 20.321931589537222, "pct_non_citizen": null, "pct_black": 0.0, "pct_hispanic": 15.690866510538642 }, "geometry": { "type": "Point", "coordinates": [ -121.3772475, 38.552195 ] } },
{ "type": "Feature", "properties": { "id": 13370108701, "lat": 38.5592422, "lon": -121.1875055, "direction": 235.0, "operator": "Unknown", "brand": "Unknown", "STATEFP": "06", "COUNTYFP": "067", "TRACTCE": "008706", "BLKGRPCE": "1", "AFFGEOID": "1500000US060670087061", "GEOID": "060670087061", "NAME_x": "1", "NAMELSAD": "Block Group 1", "LSAD": "BG", "ALAND": 2081311, "AWATER": 0, "NAME_y": "Block Group 1; Census Tract 87.06; Sacramento County; California", "pop_total": 1699, "median_income": 193500.0, "pop_white": "530", "pop_black": 341, "pop_native": "8", "pop_asian": "319", "pop_pacific": "0", "pop_other": "101", "pop_two_plus": "400", "pop_hispanic": 379, "pop_non_citizen": null, "poverty_universe": null, "pop_poverty": null, "total_households": 434, "renter_occupied": 0, "unemployed": "32", "single_parent_households": "260", "state": "06", "county": "067", "tract": "008706", "block group": "1", "surveilled_sites_count": 0, "surveilled_sites_list": "None", "surveilled_categories": "None", "pct_poverty": null, "pct_renter": 0.0, "pct_non_citizen": null, "pct_black": 20.070629782224838, "pct_hispanic": 22.307239552678045 }, "geometry": { "type": "Point", "coordinates": [ -121.187505499999986, 38.559242199999971 ] } },
{ "type": "Feature", "properties": { "id": 13372195501, "lat": 38.6173896, "lon": -121.4016083, "direction": 144.0, "operator": "Unknown", "brand": "Unknown", "STATEFP": "06", "COUNTYFP": "067", "TRACTCE": "006204", "BLKGRPCE": "1", "AFFGEOID": "1500000US060670062041", "GEOID": "060670062041", "NAME_x": "1", "NAMELSAD": "Block Group 1", "LSAD": "BG", "ALAND": 654572, "AWATER": 0, "NAME_y": "Block Group 1; Census Tract 62.04; Sacramento County; California", "pop_total": 1204, "median_income": 43125.0, "pop_white": "668", "pop_black": 64, "pop_native": "0", "pop_asian": "18", "pop_pacific": "0", "pop_other": "296", "pop_two_plus": "158", "pop_hispanic": 420, "pop_non_citizen": null, "poverty_universe": null, "pop_poverty": null, "total_households": 581, "renter_occupied": 337, "unemployed": "32", "single_parent_households": "60", "state": "06", "county": "067", "tract": "006204", "block group": "1", "surveilled_sites_count": 0, "surveilled_sites_list": "None", "surveilled_categories": "None", "pct_poverty": null, "pct_renter": 58.003442340791736, "pct_non_citizen": null, "pct_black": 5.3156146179401995, "pct_hispanic": 34.883720930232556 }, "geometry": { "type": "Point", "coordinates": [ -121.4016083, 38.617389600000052 ] } },
{ "type": "Feature", "properties": { "id": 13379090801, "lat": 38.5768031, "lon": -121.2910343, "direction": 315.0, "operator": "Kaiser Permanente", "brand": "Unknown", "STATEFP": "06", "COUNTYFP": "067", "TRACTCE": "009010", "BLKGRPCE": "2", "AFFGEOID": "1500000US060670090102", "GEOID": "060670090102", "NAME_x": "2", "NAMELSAD": "Block Group 2", "LSAD": "BG", "ALAND": 303557, "AWATER": 0, "NAME_y": "Block Group 2; Census Tract 90.10; Sacramento County; California", "pop_total": 1871, "median_income": 66083.0, "pop_white": "376", "pop_black": 1089, "pop_native": "0", "pop_asian": "70", "pop_pacific": "12", "pop_other": "165", "pop_two_plus": "159", "pop_hispanic": 205, "pop_non_citizen": null, "poverty_universe": null, "pop_poverty": null, "total_households": 704, "renter_occupied": 704, "unemployed": "23", "single_parent_households": "325", "state": "06", "county": "067", "tract": "009010", "block group": "2", "surveilled_sites_count": 0, "surveilled_sites_list": "None", "surveilled_categories": "None", "pct_poverty": null, "pct_renter": 100.0, "pct_non_citizen": null, "pct_black": 58.204168893639761, "pct_hispanic": 10.956707642971674 }, "geometry": { "type": "Point", "coordinates": [ -121.2910343, 38.57680309999995 ] } },
{ "type": "Feature", "properties": { "id": 13382177301, "lat": 38.5745757, "lon": -121.3036515, "direction": 98.0, "operator": "Unknown", "brand": "Unknown", "STATEFP": "06", "COUNTYFP": "067", "TRACTCE": "009007", "BLKGRPCE": "2", "AFFGEOID": "1500000US060670090072", "GEOID": "060670090072", "NAME_x": "2", "NAMELSAD": "Block Group 2", "LSAD": "BG", "ALAND": 709614, "AWATER": 0, "NAME_y": "Block Group 2; Census Tract 90.07; Sacramento County; California", "pop_total": 1090, "median_income": 49917.0, "pop_white": "338", "pop_black": 417, "pop_native": "8", "pop_asian": "62", "pop_pacific": "56", "pop_other": "40", "pop_two_plus": "169", "pop_hispanic": 136, "pop_non_citizen": null, "poverty_universe": null, "pop_poverty": null, "total_households": 437, "renter_occupied": 364, "unemployed": "26", "single_parent_households": "126", "state": "06", "county": "067", "tract": "009007", "block group": "2", "surveilled_sites_count": 1, "surveilled_sites_list": "Mount Zion Church of God in Christ", "surveilled_categories": "place_of_worship", "pct_poverty": null, "pct_renter": 83.295194508009146, "pct_non_citizen": null, "pct_black": 38.256880733944953, "pct_hispanic": 12.477064220183486 }, "geometry": { "type": "Point", "coordinates": [ -121.303651500000015, 38.574575700000011 ] } },
{ "type": "Feature", "properties": { "id": 13384245646, "lat": 38.6401898, "lon": -121.1560956, "direction": 145.0, "operator": "Unknown", "brand": "Unknown", "STATEFP": "06", "COUNTYFP": "067", "TRACTCE": "008706", "BLKGRPCE": "2", "AFFGEOID": "1500000US060670087062", "GEOID": "060670087062", "NAME_x": "2", "NAMELSAD": "Block Group 2", "LSAD": "BG", "ALAND": 58921697, "AWATER": 0, "NAME_y": "Block Group 2; Census Tract 87.06; Sacramento County; California", "pop_total": 0, "median_income": null, "pop_white": "0", "pop_black": 0, "pop_native": "0", "pop_asian": "0", "pop_pacific": "0", "pop_other": "0", "pop_two_plus": "0", "pop_hispanic": 0, "pop_non_citizen": null, "poverty_universe": null, "pop_poverty": null, "total_households": 0, "renter_occupied": 0, "unemployed": "0", "single_parent_households": "0", "state": "06", "county": "067", "tract": "008706", "block group": "2", "surveilled_sites_count": 0, "surveilled_sites_list": "None", "surveilled_categories": "None", "pct_poverty": null, "pct_renter": 0.0, "pct_non_citizen": null, "pct_black": 0.0, "pct_hispanic": 0.0 }, "geometry": { "type": "Point", "coordinates": [ -121.156095600000015, 38.6401898 ] } },
{ "type": "Feature", "properties": { "id": 13387039701, "lat": 38.5748953, "lon": -121.3036688, "direction": 19.0, "operator": "Unknown", "brand": "Unknown", "STATEFP": "06", "COUNTYFP": "067", "TRACTCE": "009007", "BLKGRPCE": "1", "AFFGEOID": "1500000US060670090071", "GEOID": "060670090071", "NAME_x": "1", "NAMELSAD": "Block Group 1", "LSAD": "BG", "ALAND": 273199, "AWATER": 0, "NAME_y": "Block Group 1; Census Tract 90.07; Sacramento County; California", "pop_total": 1226, "median_income": 48000.0, "pop_white": "392", "pop_black": 154, "pop_native": "0", "pop_asian": "62", "pop_pacific": "28", "pop_other": "334", "pop_two_plus": "256", "pop_hispanic": 630, "pop_non_citizen": null, "poverty_universe": null, "pop_poverty": null, "total_households": 554, "renter_occupied": 415, "unemployed": "13", "single_parent_households": "164", "state": "06", "county": "067", "tract": "009007", "block group": "1", "surveilled_sites_count": 0, "surveilled_sites_list": "None", "surveilled_categories": "None", "pct_poverty": null, "pct_renter": 74.909747292418771, "pct_non_citizen": null, "pct_black": 12.561174551386623, "pct_hispanic": 51.386623164763456 }, "geometry": { "type": "Point", "coordinates": [ -121.3036688, 38.574895299999959 ] } },
{ "type": "Feature", "properties": { "id": 13387224801, "lat": 38.6021965, "lon": -121.3924689, "direction": 190.0, "operator": "Kaiser Permanente", "brand": "Unknown", "STATEFP": "06", "COUNTYFP": "067", "TRACTCE": "005601", "BLKGRPCE": "3", "AFFGEOID": "1500000US060670056013", "GEOID": "060670056013", "NAME_x": "3", "NAMELSAD": "Block Group 3", "LSAD": "BG", "ALAND": 663416, "AWATER": 0, "NAME_y": "Block Group 3; Census Tract 56.01; Sacramento County; California", "pop_total": 1619, "median_income": 53750.0, "pop_white": "890", "pop_black": 0, "pop_native": "0", "pop_asian": "339", "pop_pacific": "204", "pop_other": "0", "pop_two_plus": "186", "pop_hispanic": 97, "pop_non_citizen": null, "poverty_universe": null, "pop_poverty": null, "total_households": 578, "renter_occupied": 529, "unemployed": "200", "single_parent_households": "165", "state": "06", "county": "067", "tract": "005601", "block group": "3", "surveilled_sites_count": 0, "surveilled_sites_list": "None", "surveilled_categories": "None", "pct_poverty": null, "pct_renter": 91.522491349480973, "pct_non_citizen": null, "pct_black": 0.0, "pct_hispanic": 5.9913526868437312 }, "geometry": { "type": "Point", "coordinates": [ -121.3924689, 38.602196499999984 ] } },
{ "type": "Feature", "properties": { "id": 13387225301, "lat": 38.6012401, "lon": -121.3923585, "direction": 240.0, "operator": "Kaiser Permanente", "brand": "Unknown", "STATEFP": "06", "COUNTYFP": "067", "TRACTCE": "005601", "BLKGRPCE": "3", "AFFGEOID": "1500000US060670056013", "GEOID": "060670056013", "NAME_x": "3", "NAMELSAD": "Block Group 3", "LSAD": "BG", "ALAND": 663416, "AWATER": 0, "NAME_y": "Block Group 3; Census Tract 56.01; Sacramento County; California", "pop_total": 1619, "median_income": 53750.0, "pop_white": "890", "pop_black": 0, "pop_native": "0", "pop_asian": "339", "pop_pacific": "204", "pop_other": "0", "pop_two_plus": "186", "pop_hispanic": 97, "pop_non_citizen": null, "poverty_universe": null, "pop_poverty": null, "total_households": 578, "renter_occupied": 529, "unemployed": "200", "single_parent_households": "165", "state": "06", "county": "067", "tract": "005601", "block group": "3", "surveilled_sites_count": 0, "surveilled_sites_list": "None", "surveilled_categories": "None", "pct_poverty": null, "pct_renter": 91.522491349480973, "pct_non_citizen": null, "pct_black": 0.0, "pct_hispanic": 5.9913526868437312 }, "geometry": { "type": "Point", "coordinates": [ -121.3923585, 38.601240099999984 ] } },
{ "type": "Feature", "properties": { "id": 13387811501, "lat": 38.69841, "lon": -121.32624, "direction": 64.0, "operator": "Unknown", "brand": "Unknown", "STATEFP": "06", "COUNTYFP": "067", "TRACTCE": "008130", "BLKGRPCE": "3", "AFFGEOID": "1500000US060670081303", "GEOID": "060670081303", "NAME_x": "3", "NAMELSAD": "Block Group 3", "LSAD": "BG", "ALAND": 514682, "AWATER": 0, "NAME_y": "Block Group 3; Census Tract 81.30; Sacramento County; California", "pop_total": 1040, "median_income": 81607.0, "pop_white": "507", "pop_black": 54, "pop_native": "0", "pop_asian": "192", "pop_pacific": "9", "pop_other": "69", "pop_two_plus": "209", "pop_hispanic": 199, "pop_non_citizen": null, "poverty_universe": null, "pop_poverty": null, "total_households": 359, "renter_occupied": 89, "unemployed": "96", "single_parent_households": "127", "state": "06", "county": "067", "tract": "008130", "block group": "3", "surveilled_sites_count": 0, "surveilled_sites_list": "None", "surveilled_categories": "None", "pct_poverty": null, "pct_renter": 24.791086350974929, "pct_non_citizen": null, "pct_black": 5.1923076923076925, "pct_hispanic": 19.134615384615383 }, "geometry": { "type": "Point", "coordinates": [ -121.32624, 38.69841 ] } },
{ "type": "Feature", "properties": { "id": 13395496401, "lat": 38.5252269, "lon": -121.4090131, "direction": 180.0, "operator": "Unknown", "brand": "Unknown", "STATEFP": "06", "COUNTYFP": "067", "TRACTCE": "005205", "BLKGRPCE": "1", "AFFGEOID": "1500000US060670052051", "GEOID": "060670052051", "NAME_x": "1", "NAMELSAD": "Block Group 1", "LSAD": "BG", "ALAND": 8562208, "AWATER": 0, "NAME_y": "Block Group 1; Census Tract 52.05; Sacramento County; California", "pop_total": 1532, "median_income": 32500.0, "pop_white": "1200", "pop_black": 74, "pop_native": "0", "pop_asian": "58", "pop_pacific": "0", "pop_other": "87", "pop_two_plus": "113", "pop_hispanic": 503, "pop_non_citizen": null, "poverty_universe": null, "pop_poverty": null, "total_households": 668, "renter_occupied": 416, "unemployed": "83", "single_parent_households": "14", "state": "06", "county": "067", "tract": "005205", "block group": "1", "surveilled_sites_count": 0, "surveilled_sites_list": "None", "surveilled_categories": "None", "pct_poverty": null, "pct_renter": 62.275449101796411, "pct_non_citizen": null, "pct_black": 4.830287206266318, "pct_hispanic": 32.832898172323759 }, "geometry": { "type": "Point", "coordinates": [ -121.4090131, 38.525226900000042 ] } },
{ "type": "Feature", "properties": { "id": 13395500801, "lat": 38.5396024, "lon": -121.4093052, "direction": 147.0, "operator": "Unknown", "brand": "Unknown", "STATEFP": "06", "COUNTYFP": "067", "TRACTCE": "005205", "BLKGRPCE": "1", "AFFGEOID": "1500000US060670052051", "GEOID": "060670052051", "NAME_x": "1", "NAMELSAD": "Block Group 1", "LSAD": "BG", "ALAND": 8562208, "AWATER": 0, "NAME_y": "Block Group 1; Census Tract 52.05; Sacramento County; California", "pop_total": 1532, "median_income": 32500.0, "pop_white": "1200", "pop_black": 74, "pop_native": "0", "pop_asian": "58", "pop_pacific": "0", "pop_other": "87", "pop_two_plus": "113", "pop_hispanic": 503, "pop_non_citizen": null, "poverty_universe": null, "pop_poverty": null, "total_households": 668, "renter_occupied": 416, "unemployed": "83", "single_parent_households": "14", "state": "06", "county": "067", "tract": "005205", "block group": "1", "surveilled_sites_count": 0, "surveilled_sites_list": "None", "surveilled_categories": "None", "pct_poverty": null, "pct_renter": 62.275449101796411, "pct_non_citizen": null, "pct_black": 4.830287206266318, "pct_hispanic": 32.832898172323759 }, "geometry": { "type": "Point", "coordinates": [ -121.4093052, 38.5396024 ] } },
{ "type": "Feature", "properties": { "id": 13396891401, "lat": 38.5797536, "lon": -121.3091289, "direction": 304.0, "operator": "Unknown", "brand": "Unknown", "STATEFP": "06", "COUNTYFP": "067", "TRACTCE": "009006", "BLKGRPCE": "1", "AFFGEOID": "1500000US060670090061", "GEOID": "060670090061", "NAME_x": "1", "NAMELSAD": "Block Group 1", "LSAD": "BG", "ALAND": 1799302, "AWATER": 0, "NAME_y": "Block Group 1; Census Tract 90.06; Sacramento County; California", "pop_total": 1695, "median_income": 59442.0, "pop_white": "888", "pop_black": 469, "pop_native": "8", "pop_asian": "67", "pop_pacific": "47", "pop_other": "94", "pop_two_plus": "122", "pop_hispanic": 421, "pop_non_citizen": null, "poverty_universe": null, "pop_poverty": null, "total_households": 773, "renter_occupied": 327, "unemployed": "84", "single_parent_households": "203", "state": "06", "county": "067", "tract": "009006", "block group": "1", "surveilled_sites_count": 0, "surveilled_sites_list": "None", "surveilled_categories": "None", "pct_poverty": null, "pct_renter": 42.302716688227683, "pct_non_citizen": null, "pct_black": 27.669616519174038, "pct_hispanic": 24.837758112094395 }, "geometry": { "type": "Point", "coordinates": [ -121.3091289, 38.579753600000011 ] } },
{ "type": "Feature", "properties": { "id": 13399328392, "lat": 38.6340659, "lon": -121.2215789, "direction": 5.0, "operator": "Unknown", "brand": "Unknown", "STATEFP": "06", "COUNTYFP": "067", "TRACTCE": "008703", "BLKGRPCE": "1", "AFFGEOID": "1500000US060670087031", "GEOID": "060670087031", "NAME_x": "1", "NAMELSAD": "Block Group 1", "LSAD": "BG", "ALAND": 1223665, "AWATER": 92101, "NAME_y": "Block Group 1; Census Tract 87.03; Sacramento County; California", "pop_total": 2056, "median_income": 139615.0, "pop_white": "1555", "pop_black": 0, "pop_native": "0", "pop_asian": "350", "pop_pacific": "0", "pop_other": "108", "pop_two_plus": "43", "pop_hispanic": 112, "pop_non_citizen": null, "poverty_universe": null, "pop_poverty": null, "total_households": 810, "renter_occupied": 143, "unemployed": "23", "single_parent_households": "272", "state": "06", "county": "067", "tract": "008703", "block group": "1", "surveilled_sites_count": 0, "surveilled_sites_list": "None", "surveilled_categories": "None", "pct_poverty": null, "pct_renter": 17.654320987654319, "pct_non_citizen": null, "pct_black": 0.0, "pct_hispanic": 5.4474708171206228 }, "geometry": { "type": "Point", "coordinates": [ -121.2215789, 38.634065900000024 ] } },
{ "type": "Feature", "properties": { "id": 13401768389, "lat": 38.7050265, "lon": -121.1690082, "direction": 90.0, "operator": "Unknown", "brand": "Unknown", "STATEFP": "06", "COUNTYFP": "067", "TRACTCE": "008210", "BLKGRPCE": "3", "AFFGEOID": "1500000US060670082103", "GEOID": "060670082103", "NAME_x": "3", "NAMELSAD": "Block Group 3", "LSAD": "BG", "ALAND": 2457056, "AWATER": 528280, "NAME_y": "Block Group 3; Census Tract 82.10; Sacramento County; California", "pop_total": 900, "median_income": 54813.0, "pop_white": "769", "pop_black": 4, "pop_native": "0", "pop_asian": "66", "pop_pacific": "0", "pop_other": "0", "pop_two_plus": "61", "pop_hispanic": 10, "pop_non_citizen": null, "poverty_universe": null, "pop_poverty": null, "total_households": 569, "renter_occupied": 156, "unemployed": "0", "single_parent_households": "30", "state": "06", "county": "067", "tract": "008210", "block group": "3", "surveilled_sites_count": 0, "surveilled_sites_list": "None", "surveilled_categories": "None", "pct_poverty": null, "pct_renter": 27.416520210896312, "pct_non_citizen": null, "pct_black": 0.44444444444444442, "pct_hispanic": 1.1111111111111112 }, "geometry": { "type": "Point", "coordinates": [ -121.1690082, 38.705026500000045 ] } },
{ "type": "Feature", "properties": { "id": 13402092307, "lat": 38.6430154, "lon": -121.1890916, "direction": 50.0, "operator": "Unknown", "brand": "Unknown", "STATEFP": "06", "COUNTYFP": "067", "TRACTCE": "008504", "BLKGRPCE": "3", "AFFGEOID": "1500000US060670085043", "GEOID": "060670085043", "NAME_x": "3", "NAMELSAD": "Block Group 3", "LSAD": "BG", "ALAND": 428261, "AWATER": 0, "NAME_y": "Block Group 3; Census Tract 85.04; Sacramento County; California", "pop_total": 642, "median_income": 116776.0, "pop_white": "479", "pop_black": 11, "pop_native": "0", "pop_asian": "117", "pop_pacific": "0", "pop_other": "0", "pop_two_plus": "35", "pop_hispanic": 0, "pop_non_citizen": null, "poverty_universe": null, "pop_poverty": null, "total_households": 327, "renter_occupied": 116, "unemployed": "22", "single_parent_households": "103", "state": "06", "county": "067", "tract": "008504", "block group": "3", "surveilled_sites_count": 0, "surveilled_sites_list": "None", "surveilled_categories": "None", "pct_poverty": null, "pct_renter": 35.474006116207953, "pct_non_citizen": null, "pct_black": 1.7133956386292832, "pct_hispanic": 0.0 }, "geometry": { "type": "Point", "coordinates": [ -121.1890916, 38.6430154 ] } },
{ "type": "Feature", "properties": { "id": 13402092308, "lat": 38.6448425, "lon": -121.1869013, "direction": 185.0, "operator": "Unknown", "brand": "Unknown", "STATEFP": "06", "COUNTYFP": "067", "TRACTCE": "008504", "BLKGRPCE": "3", "AFFGEOID": "1500000US060670085043", "GEOID": "060670085043", "NAME_x": "3", "NAMELSAD": "Block Group 3", "LSAD": "BG", "ALAND": 428261, "AWATER": 0, "NAME_y": "Block Group 3; Census Tract 85.04; Sacramento County; California", "pop_total": 642, "median_income": 116776.0, "pop_white": "479", "pop_black": 11, "pop_native": "0", "pop_asian": "117", "pop_pacific": "0", "pop_other": "0", "pop_two_plus": "35", "pop_hispanic": 0, "pop_non_citizen": null, "poverty_universe": null, "pop_poverty": null, "total_households": 327, "renter_occupied": 116, "unemployed": "22", "single_parent_households": "103", "state": "06", "county": "067", "tract": "008504", "block group": "3", "surveilled_sites_count": 0, "surveilled_sites_list": "None", "surveilled_categories": "None", "pct_poverty": null, "pct_renter": 35.474006116207953, "pct_non_citizen": null, "pct_black": 1.7133956386292832, "pct_hispanic": 0.0 }, "geometry": { "type": "Point", "coordinates": [ -121.1869013, 38.644842500000017 ] } },
{ "type": "Feature", "properties": { "id": 13414650255, "lat": 38.4087061, "lon": -121.4775025, "direction": 265.0, "operator": "Elk Grove Police Department", "brand": "Unknown", "STATEFP": "06", "COUNTYFP": "067", "TRACTCE": "009622", "BLKGRPCE": "5", "AFFGEOID": "1500000US060670096225", "GEOID": "060670096225", "NAME_x": "5", "NAMELSAD": "Block Group 5", "LSAD": "BG", "ALAND": 452254, "AWATER": 0, "NAME_y": "Block Group 5; Census Tract 96.22; Sacramento County; California", "pop_total": 481, "median_income": 81563.0, "pop_white": "275", "pop_black": 24, "pop_native": "0", "pop_asian": "127", "pop_pacific": "0", "pop_other": "1", "pop_two_plus": "54", "pop_hispanic": 2, "pop_non_citizen": null, "poverty_universe": null, "pop_poverty": null, "total_households": 190, "renter_occupied": 124, "unemployed": "4", "single_parent_households": "73", "state": "06", "county": "067", "tract": "009622", "block group": "5", "surveilled_sites_count": 0, "surveilled_sites_list": "None", "surveilled_categories": "None", "pct_poverty": null, "pct_renter": 65.26315789473685, "pct_non_citizen": null, "pct_black": 4.9896049896049899, "pct_hispanic": 0.41580041580041582 }, "geometry": { "type": "Point", "coordinates": [ -121.477502500000014, 38.408706100000025 ] } },
{ "type": "Feature", "properties": { "id": 13414704922, "lat": 38.4081044, "lon": -121.4601599, "direction": 215.0, "operator": "Elk Grove Police Department", "brand": "Unknown", "STATEFP": "06", "COUNTYFP": "067", "TRACTCE": "009622", "BLKGRPCE": "4", "AFFGEOID": "1500000US060670096224", "GEOID": "060670096224", "NAME_x": "4", "NAMELSAD": "Block Group 4", "LSAD": "BG", "ALAND": 1144326, "AWATER": 89940, "NAME_y": "Block Group 4; Census Tract 96.22; Sacramento County; California", "pop_total": 2257, "median_income": 126728.0, "pop_white": "877", "pop_black": 247, "pop_native": "14", "pop_asian": "665", "pop_pacific": "16", "pop_other": "44", "pop_two_plus": "394", "pop_hispanic": 248, "pop_non_citizen": null, "poverty_universe": null, "pop_poverty": null, "total_households": 887, "renter_occupied": 103, "unemployed": "22", "single_parent_households": "249", "state": "06", "county": "067", "tract": "009622", "block group": "4", "surveilled_sites_count": 0, "surveilled_sites_list": "None", "surveilled_categories": "None", "pct_poverty": null, "pct_renter": 11.61217587373168, "pct_non_citizen": null, "pct_black": 10.943730615861764, "pct_hispanic": 10.988037217545415 }, "geometry": { "type": "Point", "coordinates": [ -121.4601599, 38.408104399999978 ] } },
{ "type": "Feature", "properties": { "id": 13416380301, "lat": 38.5847338, "lon": -121.2656016, "direction": 257.0, "operator": "Unknown", "brand": "Unknown", "STATEFP": "06", "COUNTYFP": "067", "TRACTCE": "009011", "BLKGRPCE": "1", "AFFGEOID": "1500000US060670090111", "GEOID": "060670090111", "NAME_x": "1", "NAMELSAD": "Block Group 1", "LSAD": "BG", "ALAND": 3496251, "AWATER": 0, "NAME_y": "Block Group 1; Census Tract 90.11; Sacramento County; California", "pop_total": 1325, "median_income": 111607.0, "pop_white": "460", "pop_black": 79, "pop_native": "0", "pop_asian": "445", "pop_pacific": "0", "pop_other": "152", "pop_two_plus": "189", "pop_hispanic": 259, "pop_non_citizen": null, "poverty_universe": null, "pop_poverty": null, "total_households": 458, "renter_occupied": 104, "unemployed": "16", "single_parent_households": "190", "state": "06", "county": "067", "tract": "009011", "block group": "1", "surveilled_sites_count": 0, "surveilled_sites_list": "None", "surveilled_categories": "None", "pct_poverty": null, "pct_renter": 22.707423580786028, "pct_non_citizen": null, "pct_black": 5.9622641509433967, "pct_hispanic": 19.547169811320757 }, "geometry": { "type": "Point", "coordinates": [ -121.265601600000011, 38.58473379999996 ] } },
{ "type": "Feature", "properties": { "id": 13417197501, "lat": 38.4088706, "lon": -121.3843867, "direction": 87.0, "operator": "Unknown", "brand": "Unknown", "STATEFP": "06", "COUNTYFP": "067", "TRACTCE": "009309", "BLKGRPCE": "1", "AFFGEOID": "1500000US060670093091", "GEOID": "060670093091", "NAME_x": "1", "NAMELSAD": "Block Group 1", "LSAD": "BG", "ALAND": 1057124, "AWATER": 0, "NAME_y": "Block Group 1; Census Tract 93.09; Sacramento County; California", "pop_total": 1726, "median_income": 76875.0, "pop_white": "1107", "pop_black": 69, "pop_native": "44", "pop_asian": "190", "pop_pacific": "30", "pop_other": "131", "pop_two_plus": "155", "pop_hispanic": 335, "pop_non_citizen": null, "poverty_universe": null, "pop_poverty": null, "total_households": 633, "renter_occupied": 93, "unemployed": "72", "single_parent_households": "177", "state": "06", "county": "067", "tract": "009309", "block group": "1", "surveilled_sites_count": 0, "surveilled_sites_list": "None", "surveilled_categories": "None", "pct_poverty": null, "pct_renter": 14.691943127962084, "pct_non_citizen": null, "pct_black": 3.9976825028968719, "pct_hispanic": 19.409038238702202 }, "geometry": { "type": "Point", "coordinates": [ -121.3843867, 38.408870599999986 ] } },
{ "type": "Feature", "properties": { "id": 13423921301, "lat": 38.452478, "lon": -121.3693544, "direction": 90.0, "operator": "Unknown", "brand": "Unknown", "STATEFP": "06", "COUNTYFP": "067", "TRACTCE": "009314", "BLKGRPCE": "1", "AFFGEOID": "1500000US060670093141", "GEOID": "060670093141", "NAME_x": "1", "NAMELSAD": "Block Group 1", "LSAD": "BG", "ALAND": 778677, "AWATER": 0, "NAME_y": "Block Group 1; Census Tract 93.14; Sacramento County; California", "pop_total": 2349, "median_income": 72425.0, "pop_white": "712", "pop_black": 395, "pop_native": "24", "pop_asian": "884", "pop_pacific": "95", "pop_other": "10", "pop_two_plus": "229", "pop_hispanic": 383, "pop_non_citizen": null, "poverty_universe": null, "pop_poverty": null, "total_households": 637, "renter_occupied": 275, "unemployed": "123", "single_parent_households": "365", "state": "06", "county": "067", "tract": "009314", "block group": "1", "surveilled_sites_count": 0, "surveilled_sites_list": "None", "surveilled_categories": "None", "pct_poverty": null, "pct_renter": 43.171114599686028, "pct_non_citizen": null, "pct_black": 16.815666240953597, "pct_hispanic": 16.304810557684121 }, "geometry": { "type": "Point", "coordinates": [ -121.36935440000002, 38.452478 ] } },
{ "type": "Feature", "properties": { "id": 13427786701, "lat": 38.6780219, "lon": -121.3194958, "direction": 92.0, "operator": "Unknown", "brand": "Unknown", "STATEFP": "06", "COUNTYFP": "067", "TRACTCE": "008134", "BLKGRPCE": "2", "AFFGEOID": "1500000US060670081342", "GEOID": "060670081342", "NAME_x": "2", "NAMELSAD": "Block Group 2", "LSAD": "BG", "ALAND": 574216, "AWATER": 0, "NAME_y": "Block Group 2; Census Tract 81.34; Sacramento County; California", "pop_total": 2780, "median_income": 86518.0, "pop_white": "2289", "pop_black": 121, "pop_native": "34", "pop_asian": "161", "pop_pacific": "7", "pop_other": "44", "pop_two_plus": "124", "pop_hispanic": 376, "pop_non_citizen": null, "poverty_universe": null, "pop_poverty": null, "total_households": 1107, "renter_occupied": 698, "unemployed": "224", "single_parent_households": "329", "state": "06", "county": "067", "tract": "008134", "block group": "2", "surveilled_sites_count": 0, "surveilled_sites_list": "None", "surveilled_categories": "None", "pct_poverty": null, "pct_renter": 63.053297199638656, "pct_non_citizen": null, "pct_black": 4.3525179856115104, "pct_hispanic": 13.525179856115107 }, "geometry": { "type": "Point", "coordinates": [ -121.319495800000013, 38.678021900000026 ] } },
{ "type": "Feature", "properties": { "id": 13431262901, "lat": 38.6527845, "lon": -121.5482846, "direction": 223.0, "operator": "Unknown", "brand": "Unknown", "STATEFP": "06", "COUNTYFP": "067", "TRACTCE": "007026", "BLKGRPCE": "1", "AFFGEOID": "1500000US060670070261", "GEOID": "060670070261", "NAME_x": "1", "NAMELSAD": "Block Group 1", "LSAD": "BG", "ALAND": 2399546, "AWATER": 174803, "NAME_y": "Block Group 1; Census Tract 70.26; Sacramento County; California", "pop_total": 2470, "median_income": 115989.0, "pop_white": "1159", "pop_black": 449, "pop_native": "20", "pop_asian": "290", "pop_pacific": "0", "pop_other": "0", "pop_two_plus": "552", "pop_hispanic": 587, "pop_non_citizen": null, "poverty_universe": null, "pop_poverty": null, "total_households": 1084, "renter_occupied": 293, "unemployed": "0", "single_parent_households": "351", "state": "06", "county": "067", "tract": "007026", "block group": "1", "surveilled_sites_count": 0, "surveilled_sites_list": "None", "surveilled_categories": "None", "pct_poverty": null, "pct_renter": 27.029520295202953, "pct_non_citizen": null, "pct_black": 18.178137651821864, "pct_hispanic": 23.765182186234817 }, "geometry": { "type": "Point", "coordinates": [ -121.548284599999988, 38.6527845 ] } },
{ "type": "Feature", "properties": { "id": 13431265201, "lat": 38.6525541, "lon": -121.548012, "direction": 66.0, "operator": "Unknown", "brand": "Unknown", "STATEFP": "06", "COUNTYFP": "067", "TRACTCE": "007026", "BLKGRPCE": "1", "AFFGEOID": "1500000US060670070261", "GEOID": "060670070261", "NAME_x": "1", "NAMELSAD": "Block Group 1", "LSAD": "BG", "ALAND": 2399546, "AWATER": 174803, "NAME_y": "Block Group 1; Census Tract 70.26; Sacramento County; California", "pop_total": 2470, "median_income": 115989.0, "pop_white": "1159", "pop_black": 449, "pop_native": "20", "pop_asian": "290", "pop_pacific": "0", "pop_other": "0", "pop_two_plus": "552", "pop_hispanic": 587, "pop_non_citizen": null, "poverty_universe": null, "pop_poverty": null, "total_households": 1084, "renter_occupied": 293, "unemployed": "0", "single_parent_households": "351", "state": "06", "county": "067", "tract": "007026", "block group": "1", "surveilled_sites_count": 0, "surveilled_sites_list": "None", "surveilled_categories": "None", "pct_poverty": null, "pct_renter": 27.029520295202953, "pct_non_citizen": null, "pct_black": 18.178137651821864, "pct_hispanic": 23.765182186234817 }, "geometry": { "type": "Point", "coordinates": [ -121.548012, 38.652554099999946 ] } },
{ "type": "Feature", "properties": { "id": 13433006002, "lat": 38.5746134, "lon": -121.4083781, "direction": 157.0, "operator": "Unknown", "brand": "Unknown", "STATEFP": "06", "COUNTYFP": "067", "TRACTCE": "005508", "BLKGRPCE": "3", "AFFGEOID": "1500000US060670055083", "GEOID": "060670055083", "NAME_x": "3", "NAMELSAD": "Block Group 3", "LSAD": "BG", "ALAND": 487479, "AWATER": 0, "NAME_y": "Block Group 3; Census Tract 55.08; Sacramento County; California", "pop_total": 1471, "median_income": 57007.0, "pop_white": "783", "pop_black": 130, "pop_native": "14", "pop_asian": "245", "pop_pacific": "0", "pop_other": "246", "pop_two_plus": "53", "pop_hispanic": 335, "pop_non_citizen": null, "poverty_universe": null, "pop_poverty": null, "total_households": 608, "renter_occupied": 513, "unemployed": "211", "single_parent_households": "30", "state": "06", "county": "067", "tract": "005508", "block group": "3", "surveilled_sites_count": 0, "surveilled_sites_list": "None", "surveilled_categories": "None", "pct_poverty": null, "pct_renter": 84.375, "pct_non_citizen": null, "pct_black": 8.8375254928619995, "pct_hispanic": 22.773623385452073 }, "geometry": { "type": "Point", "coordinates": [ -121.4083781, 38.574613400000025 ] } },
{ "type": "Feature", "properties": { "id": 13433010401, "lat": 38.5745726, "lon": -121.4082549, "direction": 324.0, "operator": "Unknown", "brand": "Unknown", "STATEFP": "06", "COUNTYFP": "067", "TRACTCE": "005508", "BLKGRPCE": "3", "AFFGEOID": "1500000US060670055083", "GEOID": "060670055083", "NAME_x": "3", "NAMELSAD": "Block Group 3", "LSAD": "BG", "ALAND": 487479, "AWATER": 0, "NAME_y": "Block Group 3; Census Tract 55.08; Sacramento County; California", "pop_total": 1471, "median_income": 57007.0, "pop_white": "783", "pop_black": 130, "pop_native": "14", "pop_asian": "245", "pop_pacific": "0", "pop_other": "246", "pop_two_plus": "53", "pop_hispanic": 335, "pop_non_citizen": null, "poverty_universe": null, "pop_poverty": null, "total_households": 608, "renter_occupied": 513, "unemployed": "211", "single_parent_households": "30", "state": "06", "county": "067", "tract": "005508", "block group": "3", "surveilled_sites_count": 0, "surveilled_sites_list": "None", "surveilled_categories": "None", "pct_poverty": null, "pct_renter": 84.375, "pct_non_citizen": null, "pct_black": 8.8375254928619995, "pct_hispanic": 22.773623385452073 }, "geometry": { "type": "Point", "coordinates": [ -121.4082549, 38.574572600000032 ] } },
{ "type": "Feature", "properties": { "id": 13433020101, "lat": 38.5744689, "lon": -121.4104019, "direction": 228.0, "operator": "Unknown", "brand": "Unknown", "STATEFP": "06", "COUNTYFP": "067", "TRACTCE": "005508", "BLKGRPCE": "3", "AFFGEOID": "1500000US060670055083", "GEOID": "060670055083", "NAME_x": "3", "NAMELSAD": "Block Group 3", "LSAD": "BG", "ALAND": 487479, "AWATER": 0, "NAME_y": "Block Group 3; Census Tract 55.08; Sacramento County; California", "pop_total": 1471, "median_income": 57007.0, "pop_white": "783", "pop_black": 130, "pop_native": "14", "pop_asian": "245", "pop_pacific": "0", "pop_other": "246", "pop_two_plus": "53", "pop_hispanic": 335, "pop_non_citizen": null, "poverty_universe": null, "pop_poverty": null, "total_households": 608, "renter_occupied": 513, "unemployed": "211", "single_parent_households": "30", "state": "06", "county": "067", "tract": "005508", "block group": "3", "surveilled_sites_count": 0, "surveilled_sites_list": "None", "surveilled_categories": "None", "pct_poverty": null, "pct_renter": 84.375, "pct_non_citizen": null, "pct_black": 8.8375254928619995, "pct_hispanic": 22.773623385452073 }, "geometry": { "type": "Point", "coordinates": [ -121.4104019, 38.574468899999985 ] } },
{ "type": "Feature", "properties": { "id": 13433022001, "lat": 38.5742288, "lon": -121.4100179, "direction": 63.0, "operator": "Unknown", "brand": "Unknown", "STATEFP": "06", "COUNTYFP": "067", "TRACTCE": "005404", "BLKGRPCE": "3", "AFFGEOID": "1500000US060670054043", "GEOID": "060670054043", "NAME_x": "3", "NAMELSAD": "Block Group 3", "LSAD": "BG", "ALAND": 506715, "AWATER": 0, "NAME_y": "Block Group 3; Census Tract 54.04; Sacramento County; California", "pop_total": 515, "median_income": null, "pop_white": "308", "pop_black": 172, "pop_native": "0", "pop_asian": "18", "pop_pacific": "0", "pop_other": "0", "pop_two_plus": "17", "pop_hispanic": 39, "pop_non_citizen": null, "poverty_universe": null, "pop_poverty": null, "total_households": 296, "renter_occupied": 230, "unemployed": "17", "single_parent_households": "0", "state": "06", "county": "067", "tract": "005404", "block group": "3", "surveilled_sites_count": 0, "surveilled_sites_list": "None", "surveilled_categories": "None", "pct_poverty": null, "pct_renter": 77.702702702702695, "pct_non_citizen": null, "pct_black": 33.398058252427184, "pct_hispanic": 7.5728155339805827 }, "geometry": { "type": "Point", "coordinates": [ -121.4100179, 38.574228800000043 ] } },
{ "type": "Feature", "properties": { "id": 13433022801, "lat": 38.5744517, "lon": -121.4070067, "direction": 218.0, "operator": "Unknown", "brand": "Unknown", "STATEFP": "06", "COUNTYFP": "067", "TRACTCE": "005508", "BLKGRPCE": "3", "AFFGEOID": "1500000US060670055083", "GEOID": "060670055083", "NAME_x": "3", "NAMELSAD": "Block Group 3", "LSAD": "BG", "ALAND": 487479, "AWATER": 0, "NAME_y": "Block Group 3; Census Tract 55.08; Sacramento County; California", "pop_total": 1471, "median_income": 57007.0, "pop_white": "783", "pop_black": 130, "pop_native": "14", "pop_asian": "245", "pop_pacific": "0", "pop_other": "246", "pop_two_plus": "53", "pop_hispanic": 335, "pop_non_citizen": null, "poverty_universe": null, "pop_poverty": null, "total_households": 608, "renter_occupied": 513, "unemployed": "211", "single_parent_households": "30", "state": "06", "county": "067", "tract": "005508", "block group": "3", "surveilled_sites_count": 0, "surveilled_sites_list": "None", "surveilled_categories": "None", "pct_poverty": null, "pct_renter": 84.375, "pct_non_citizen": null, "pct_black": 8.8375254928619995, "pct_hispanic": 22.773623385452073 }, "geometry": { "type": "Point", "coordinates": [ -121.407006700000011, 38.5744517 ] } },
{ "type": "Feature", "properties": { "id": 13433371501, "lat": 38.6110969, "lon": -121.4752325, "direction": 177.0, "operator": "Unknown", "brand": "Unknown", "STATEFP": "06", "COUNTYFP": "067", "TRACTCE": "007001", "BLKGRPCE": "3", "AFFGEOID": "1500000US060670070013", "GEOID": "060670070013", "NAME_x": "3", "NAMELSAD": "Block Group 3", "LSAD": "BG", "ALAND": 764006, "AWATER": 84530, "NAME_y": "Block Group 3; Census Tract 70.01; Sacramento County; California", "pop_total": 970, "median_income": 58802.0, "pop_white": "294", "pop_black": 259, "pop_native": "0", "pop_asian": "11", "pop_pacific": "0", "pop_other": "204", "pop_two_plus": "202", "pop_hispanic": 436, "pop_non_citizen": null, "poverty_universe": null, "pop_poverty": null, "total_households": 246, "renter_occupied": 130, "unemployed": "0", "single_parent_households": "119", "state": "06", "county": "067", "tract": "007001", "block group": "3", "surveilled_sites_count": 0, "surveilled_sites_list": "None", "surveilled_categories": "None", "pct_poverty": null, "pct_renter": 52.845528455284551, "pct_non_citizen": null, "pct_black": 26.701030927835053, "pct_hispanic": 44.948453608247426 }, "geometry": { "type": "Point", "coordinates": [ -121.475232500000018, 38.61109689999995 ] } },
{ "type": "Feature", "properties": { "id": 13433425501, "lat": 38.5835723, "lon": -121.3099279, "direction": 157.0, "operator": "Unknown", "brand": "Unknown", "STATEFP": "06", "COUNTYFP": "067", "TRACTCE": "009006", "BLKGRPCE": "1", "AFFGEOID": "1500000US060670090061", "GEOID": "060670090061", "NAME_x": "1", "NAMELSAD": "Block Group 1", "LSAD": "BG", "ALAND": 1799302, "AWATER": 0, "NAME_y": "Block Group 1; Census Tract 90.06; Sacramento County; California", "pop_total": 1695, "median_income": 59442.0, "pop_white": "888", "pop_black": 469, "pop_native": "8", "pop_asian": "67", "pop_pacific": "47", "pop_other": "94", "pop_two_plus": "122", "pop_hispanic": 421, "pop_non_citizen": null, "poverty_universe": null, "pop_poverty": null, "total_households": 773, "renter_occupied": 327, "unemployed": "84", "single_parent_households": "203", "state": "06", "county": "067", "tract": "009006", "block group": "1", "surveilled_sites_count": 0, "surveilled_sites_list": "None", "surveilled_categories": "None", "pct_poverty": null, "pct_renter": 42.302716688227683, "pct_non_citizen": null, "pct_black": 27.669616519174038, "pct_hispanic": 24.837758112094395 }, "geometry": { "type": "Point", "coordinates": [ -121.3099279, 38.583572299999986 ] } },
{ "type": "Feature", "properties": { "id": 13433426101, "lat": 38.5856915, "lon": -121.3101162, "direction": 213.0, "operator": "Unknown", "brand": "Unknown", "STATEFP": "06", "COUNTYFP": "067", "TRACTCE": "008910", "BLKGRPCE": "2", "AFFGEOID": "1500000US060670089102", "GEOID": "060670089102", "NAME_x": "2", "NAMELSAD": "Block Group 2", "LSAD": "BG", "ALAND": 969359, "AWATER": 30490, "NAME_y": "Block Group 2; Census Tract 89.10; Sacramento County; California", "pop_total": 2004, "median_income": 76667.0, "pop_white": "1274", "pop_black": 39, "pop_native": "27", "pop_asian": "118", "pop_pacific": "0", "pop_other": "265", "pop_two_plus": "281", "pop_hispanic": 630, "pop_non_citizen": null, "poverty_universe": null, "pop_poverty": null, "total_households": 818, "renter_occupied": 357, "unemployed": "38", "single_parent_households": "281", "state": "06", "county": "067", "tract": "008910", "block group": "2", "surveilled_sites_count": 1, "surveilled_sites_list": "Folsom Lake College", "surveilled_categories": "college", "pct_poverty": null, "pct_renter": 43.643031784841071, "pct_non_citizen": null, "pct_black": 1.9461077844311379, "pct_hispanic": 31.437125748502993 }, "geometry": { "type": "Point", "coordinates": [ -121.31011620000001, 38.5856915 ] } },
{ "type": "Feature", "properties": { "id": 13433429601, "lat": 38.5858401, "lon": -121.3092884, "direction": 23.0, "operator": "Unknown", "brand": "Unknown", "STATEFP": "06", "COUNTYFP": "067", "TRACTCE": "009008", "BLKGRPCE": "1", "AFFGEOID": "1500000US060670090081", "GEOID": "060670090081", "NAME_x": "1", "NAMELSAD": "Block Group 1", "LSAD": "BG", "ALAND": 524881, "AWATER": 0, "NAME_y": "Block Group 1; Census Tract 90.08; Sacramento County; California", "pop_total": 1879, "median_income": 70625.0, "pop_white": "1011", "pop_black": 178, "pop_native": "32", "pop_asian": "502", "pop_pacific": "0", "pop_other": "44", "pop_two_plus": "112", "pop_hispanic": 228, "pop_non_citizen": null, "poverty_universe": null, "pop_poverty": null, "total_households": 603, "renter_occupied": 158, "unemployed": "41", "single_parent_households": "244", "state": "06", "county": "067", "tract": "009008", "block group": "1", "surveilled_sites_count": 0, "surveilled_sites_list": "None", "surveilled_categories": "None", "pct_poverty": null, "pct_renter": 26.202321724709783, "pct_non_citizen": null, "pct_black": 9.4731240021287917, "pct_hispanic": 12.134113890367217 }, "geometry": { "type": "Point", "coordinates": [ -121.309288400000014, 38.585840099999956 ] } },
{ "type": "Feature", "properties": { "id": 13433443301, "lat": 38.5802116, "lon": -121.3184576, "direction": 117.0, "operator": "Unknown", "brand": "Unknown", "STATEFP": "06", "COUNTYFP": "067", "TRACTCE": "009006", "BLKGRPCE": "1", "AFFGEOID": "1500000US060670090061", "GEOID": "060670090061", "NAME_x": "1", "NAMELSAD": "Block Group 1", "LSAD": "BG", "ALAND": 1799302, "AWATER": 0, "NAME_y": "Block Group 1; Census Tract 90.06; Sacramento County; California", "pop_total": 1695, "median_income": 59442.0, "pop_white": "888", "pop_black": 469, "pop_native": "8", "pop_asian": "67", "pop_pacific": "47", "pop_other": "94", "pop_two_plus": "122", "pop_hispanic": 421, "pop_non_citizen": null, "poverty_universe": null, "pop_poverty": null, "total_households": 773, "renter_occupied": 327, "unemployed": "84", "single_parent_households": "203", "state": "06", "county": "067", "tract": "009006", "block group": "1", "surveilled_sites_count": 0, "surveilled_sites_list": "None", "surveilled_categories": "None", "pct_poverty": null, "pct_renter": 42.302716688227683, "pct_non_citizen": null, "pct_black": 27.669616519174038, "pct_hispanic": 24.837758112094395 }, "geometry": { "type": "Point", "coordinates": [ -121.3184576, 38.58021160000002 ] } },
{ "type": "Feature", "properties": { "id": 13433445801, "lat": 38.5700532, "lon": -121.3366287, "direction": 154.0, "operator": "Unknown", "brand": "Unknown", "STATEFP": "06", "COUNTYFP": "067", "TRACTCE": "009107", "BLKGRPCE": "2", "AFFGEOID": "1500000US060670091072", "GEOID": "060670091072", "NAME_x": "2", "NAMELSAD": "Block Group 2", "LSAD": "BG", "ALAND": 1869147, "AWATER": 167427, "NAME_y": "Block Group 2; Census Tract 91.07; Sacramento County; California", "pop_total": 2543, "median_income": 90417.0, "pop_white": "1412", "pop_black": 424, "pop_native": "14", "pop_asian": "193", "pop_pacific": "2", "pop_other": "266", "pop_two_plus": "232", "pop_hispanic": 560, "pop_non_citizen": null, "poverty_universe": null, "pop_poverty": null, "total_households": 935, "renter_occupied": 308, "unemployed": "42", "single_parent_households": "197", "state": "06", "county": "067", "tract": "009107", "block group": "2", "surveilled_sites_count": 0, "surveilled_sites_list": "None", "surveilled_categories": "None", "pct_poverty": null, "pct_renter": 32.941176470588232, "pct_non_citizen": null, "pct_black": 16.673220605583953, "pct_hispanic": 22.021234762092018 }, "geometry": { "type": "Point", "coordinates": [ -121.33662870000002, 38.5700532 ] } },
{ "type": "Feature", "properties": { "id": 13433456101, "lat": 38.5945498, "lon": -121.3831861, "direction": 224.0, "operator": "Unknown", "brand": "Unknown", "STATEFP": "06", "COUNTYFP": "067", "TRACTCE": "005605", "BLKGRPCE": "2", "AFFGEOID": "1500000US060670056052", "GEOID": "060670056052", "NAME_x": "2", "NAMELSAD": "Block Group 2", "LSAD": "BG", "ALAND": 640424, "AWATER": 0, "NAME_y": "Block Group 2; Census Tract 56.05; Sacramento County; California", "pop_total": 2119, "median_income": 55313.0, "pop_white": "894", "pop_black": 97, "pop_native": "60", "pop_asian": "659", "pop_pacific": "0", "pop_other": "293", "pop_two_plus": "116", "pop_hispanic": 518, "pop_non_citizen": null, "poverty_universe": null, "pop_poverty": null, "total_households": 684, "renter_occupied": 350, "unemployed": "130", "single_parent_households": "325", "state": "06", "county": "067", "tract": "005605", "block group": "2", "surveilled_sites_count": 0, "surveilled_sites_list": "None", "surveilled_categories": "None", "pct_poverty": null, "pct_renter": 51.169590643274852, "pct_non_citizen": null, "pct_black": 4.5776309579990562, "pct_hispanic": 24.445493157149599 }, "geometry": { "type": "Point", "coordinates": [ -121.3831861, 38.594549799999982 ] } },
{ "type": "Feature", "properties": { "id": 13433456102, "lat": 38.5959976, "lon": -121.3828182, "direction": 334.0, "operator": "Unknown", "brand": "Unknown", "STATEFP": "06", "COUNTYFP": "067", "TRACTCE": "005701", "BLKGRPCE": "2", "AFFGEOID": "1500000US060670057012", "GEOID": "060670057012", "NAME_x": "2", "NAMELSAD": "Block Group 2", "LSAD": "BG", "ALAND": 980719, "AWATER": 0, "NAME_y": "Block Group 2; Census Tract 57.01; Sacramento County; California", "pop_total": 819, "median_income": null, "pop_white": "510", "pop_black": 65, "pop_native": "0", "pop_asian": "72", "pop_pacific": "0", "pop_other": "9", "pop_two_plus": "163", "pop_hispanic": 8, "pop_non_citizen": null, "poverty_universe": null, "pop_poverty": null, "total_households": 341, "renter_occupied": 10, "unemployed": "9", "single_parent_households": "120", "state": "06", "county": "067", "tract": "005701", "block group": "2", "surveilled_sites_count": 0, "surveilled_sites_list": "None", "surveilled_categories": "None", "pct_poverty": null, "pct_renter": 2.9325513196480939, "pct_non_citizen": null, "pct_black": 7.9365079365079358, "pct_hispanic": 0.97680097680097677 }, "geometry": { "type": "Point", "coordinates": [ -121.3828182, 38.595997600000011 ] } },
{ "type": "Feature", "properties": { "id": 13433463201, "lat": 38.600015, "lon": -121.3943736, "direction": 344.0, "operator": "Kaiser Permanente", "brand": "Unknown", "STATEFP": "06", "COUNTYFP": "067", "TRACTCE": "005601", "BLKGRPCE": "3", "AFFGEOID": "1500000US060670056013", "GEOID": "060670056013", "NAME_x": "3", "NAMELSAD": "Block Group 3", "LSAD": "BG", "ALAND": 663416, "AWATER": 0, "NAME_y": "Block Group 3; Census Tract 56.01; Sacramento County; California", "pop_total": 1619, "median_income": 53750.0, "pop_white": "890", "pop_black": 0, "pop_native": "0", "pop_asian": "339", "pop_pacific": "204", "pop_other": "0", "pop_two_plus": "186", "pop_hispanic": 97, "pop_non_citizen": null, "poverty_universe": null, "pop_poverty": null, "total_households": 578, "renter_occupied": 529, "unemployed": "200", "single_parent_households": "165", "state": "06", "county": "067", "tract": "005601", "block group": "3", "surveilled_sites_count": 0, "surveilled_sites_list": "None", "surveilled_categories": "None", "pct_poverty": null, "pct_renter": 91.522491349480973, "pct_non_citizen": null, "pct_black": 0.0, "pct_hispanic": 5.9913526868437312 }, "geometry": { "type": "Point", "coordinates": [ -121.3943736, 38.600015 ] } },
{ "type": "Feature", "properties": { "id": 13433468702, "lat": 38.6031128, "lon": -121.3913095, "direction": 154.0, "operator": "Kaiser Permanente", "brand": "Unknown", "STATEFP": "06", "COUNTYFP": "067", "TRACTCE": "005601", "BLKGRPCE": "4", "AFFGEOID": "1500000US060670056014", "GEOID": "060670056014", "NAME_x": "4", "NAMELSAD": "Block Group 4", "LSAD": "BG", "ALAND": 662045, "AWATER": 0, "NAME_y": "Block Group 4; Census Tract 56.01; Sacramento County; California", "pop_total": 2373, "median_income": 64444.0, "pop_white": "954", "pop_black": 255, "pop_native": "0", "pop_asian": "138", "pop_pacific": "10", "pop_other": "378", "pop_two_plus": "638", "pop_hispanic": 464, "pop_non_citizen": null, "poverty_universe": null, "pop_poverty": null, "total_households": 760, "renter_occupied": 597, "unemployed": "0", "single_parent_households": "182", "state": "06", "county": "067", "tract": "005601", "block group": "4", "surveilled_sites_count": 0, "surveilled_sites_list": "None", "surveilled_categories": "None", "pct_poverty": null, "pct_renter": 78.55263157894737, "pct_non_citizen": null, "pct_black": 10.745891276864729, "pct_hispanic": 19.55330804888327 }, "geometry": { "type": "Point", "coordinates": [ -121.3913095, 38.603112799999977 ] } },
{ "type": "Feature", "properties": { "id": 13433470101, "lat": 38.6031985, "lon": -121.3917848, "direction": 15.0, "operator": "Kaiser Permanente", "brand": "Unknown", "STATEFP": "06", "COUNTYFP": "067", "TRACTCE": "005601", "BLKGRPCE": "4", "AFFGEOID": "1500000US060670056014", "GEOID": "060670056014", "NAME_x": "4", "NAMELSAD": "Block Group 4", "LSAD": "BG", "ALAND": 662045, "AWATER": 0, "NAME_y": "Block Group 4; Census Tract 56.01; Sacramento County; California", "pop_total": 2373, "median_income": 64444.0, "pop_white": "954", "pop_black": 255, "pop_native": "0", "pop_asian": "138", "pop_pacific": "10", "pop_other": "378", "pop_two_plus": "638", "pop_hispanic": 464, "pop_non_citizen": null, "poverty_universe": null, "pop_poverty": null, "total_households": 760, "renter_occupied": 597, "unemployed": "0", "single_parent_households": "182", "state": "06", "county": "067", "tract": "005601", "block group": "4", "surveilled_sites_count": 0, "surveilled_sites_list": "None", "surveilled_categories": "None", "pct_poverty": null, "pct_renter": 78.55263157894737, "pct_non_citizen": null, "pct_black": 10.745891276864729, "pct_hispanic": 19.55330804888327 }, "geometry": { "type": "Point", "coordinates": [ -121.3917848, 38.603198499999976 ] } },
{ "type": "Feature", "properties": { "id": 13436467701, "lat": 38.7058843, "lon": -121.3129481, "direction": 0.0, "operator": "Unknown", "brand": "Unknown", "STATEFP": "06", "COUNTYFP": "067", "TRACTCE": "008129", "BLKGRPCE": "2", "AFFGEOID": "1500000US060670081292", "GEOID": "060670081292", "NAME_x": "2", "NAMELSAD": "Block Group 2", "LSAD": "BG", "ALAND": 650891, "AWATER": 0, "NAME_y": "Block Group 2; Census Tract 81.29; Sacramento County; California", "pop_total": 1626, "median_income": 71782.0, "pop_white": "930", "pop_black": 231, "pop_native": "7", "pop_asian": "48", "pop_pacific": "15", "pop_other": "218", "pop_two_plus": "177", "pop_hispanic": 419, "pop_non_citizen": null, "poverty_universe": null, "pop_poverty": null, "total_households": 565, "renter_occupied": 109, "unemployed": "94", "single_parent_households": "195", "state": "06", "county": "067", "tract": "008129", "block group": "2", "surveilled_sites_count": 0, "surveilled_sites_list": "None", "surveilled_categories": "None", "pct_poverty": null, "pct_renter": 19.292035398230091, "pct_non_citizen": null, "pct_black": 14.206642066420663, "pct_hispanic": 25.768757687576876 }, "geometry": { "type": "Point", "coordinates": [ -121.312948100000014, 38.705884299999973 ] } },
{ "type": "Feature", "properties": { "id": 13440381901, "lat": 38.6296841, "lon": -121.5223625, "direction": 235.0, "operator": "Unknown", "brand": "Unknown", "STATEFP": "06", "COUNTYFP": "067", "TRACTCE": "007016", "BLKGRPCE": "3", "AFFGEOID": "1500000US060670070163", "GEOID": "060670070163", "NAME_x": "3", "NAMELSAD": "Block Group 3", "LSAD": "BG", "ALAND": 4125096, "AWATER": 102502, "NAME_y": "Block Group 3; Census Tract 70.16; Sacramento County; California", "pop_total": 2469, "median_income": 96500.0, "pop_white": "748", "pop_black": 258, "pop_native": "109", "pop_asian": "963", "pop_pacific": "0", "pop_other": "173", "pop_two_plus": "218", "pop_hispanic": 686, "pop_non_citizen": null, "poverty_universe": null, "pop_poverty": null, "total_households": 722, "renter_occupied": 284, "unemployed": "52", "single_parent_households": "230", "state": "06", "county": "067", "tract": "007016", "block group": "3", "surveilled_sites_count": 0, "surveilled_sites_list": "None", "surveilled_categories": "None", "pct_poverty": null, "pct_renter": 39.335180055401665, "pct_non_citizen": null, "pct_black": 10.449574726609963, "pct_hispanic": 27.784528149048199 }, "geometry": { "type": "Point", "coordinates": [ -121.522362500000014, 38.62968410000002 ] } },
{ "type": "Feature", "properties": { "id": 13440385801, "lat": 38.4817908, "lon": -121.4099815, "direction": 264.0, "operator": "Unknown", "brand": "Unknown", "STATEFP": "06", "COUNTYFP": "067", "TRACTCE": "005004", "BLKGRPCE": "3", "AFFGEOID": "1500000US060670050043", "GEOID": "060670050043", "NAME_x": "3", "NAMELSAD": "Block Group 3", "LSAD": "BG", "ALAND": 224144, "AWATER": 0, "NAME_y": "Block Group 3; Census Tract 50.04; Sacramento County; California", "pop_total": 1678, "median_income": 96582.0, "pop_white": "256", "pop_black": 68, "pop_native": "123", "pop_asian": "354", "pop_pacific": "0", "pop_other": "397", "pop_two_plus": "480", "pop_hispanic": 1165, "pop_non_citizen": null, "poverty_universe": null, "pop_poverty": null, "total_households": 384, "renter_occupied": 34, "unemployed": "147", "single_parent_households": "160", "state": "06", "county": "067", "tract": "005004", "block group": "3", "surveilled_sites_count": 0, "surveilled_sites_list": "None", "surveilled_categories": "None", "pct_poverty": null, "pct_renter": 8.8541666666666679, "pct_non_citizen": null, "pct_black": 4.052443384982122, "pct_hispanic": 69.427890345649573 }, "geometry": { "type": "Point", "coordinates": [ -121.4099815, 38.481790799999985 ] } },
{ "type": "Feature", "properties": { "id": 13448385401, "lat": 38.6305606, "lon": -121.5228043, "direction": 217.0, "operator": "Unknown", "brand": "Unknown", "STATEFP": "06", "COUNTYFP": "067", "TRACTCE": "007016", "BLKGRPCE": "3", "AFFGEOID": "1500000US060670070163", "GEOID": "060670070163", "NAME_x": "3", "NAMELSAD": "Block Group 3", "LSAD": "BG", "ALAND": 4125096, "AWATER": 102502, "NAME_y": "Block Group 3; Census Tract 70.16; Sacramento County; California", "pop_total": 2469, "median_income": 96500.0, "pop_white": "748", "pop_black": 258, "pop_native": "109", "pop_asian": "963", "pop_pacific": "0", "pop_other": "173", "pop_two_plus": "218", "pop_hispanic": 686, "pop_non_citizen": null, "poverty_universe": null, "pop_poverty": null, "total_households": 722, "renter_occupied": 284, "unemployed": "52", "single_parent_households": "230", "state": "06", "county": "067", "tract": "007016", "block group": "3", "surveilled_sites_count": 0, "surveilled_sites_list": "None", "surveilled_categories": "None", "pct_poverty": null, "pct_renter": 39.335180055401665, "pct_non_citizen": null, "pct_black": 10.449574726609963, "pct_hispanic": 27.784528149048199 }, "geometry": { "type": "Point", "coordinates": [ -121.5228043, 38.6305606 ] } },
{ "type": "Feature", "properties": { "id": 13449357505, "lat": 38.5664968, "lon": -121.2548371, "direction": 185.0, "operator": "Unknown", "brand": "Unknown", "STATEFP": "06", "COUNTYFP": "067", "TRACTCE": "009011", "BLKGRPCE": "1", "AFFGEOID": "1500000US060670090111", "GEOID": "060670090111", "NAME_x": "1", "NAMELSAD": "Block Group 1", "LSAD": "BG", "ALAND": 3496251, "AWATER": 0, "NAME_y": "Block Group 1; Census Tract 90.11; Sacramento County; California", "pop_total": 1325, "median_income": 111607.0, "pop_white": "460", "pop_black": 79, "pop_native": "0", "pop_asian": "445", "pop_pacific": "0", "pop_other": "152", "pop_two_plus": "189", "pop_hispanic": 259, "pop_non_citizen": null, "poverty_universe": null, "pop_poverty": null, "total_households": 458, "renter_occupied": 104, "unemployed": "16", "single_parent_households": "190", "state": "06", "county": "067", "tract": "009011", "block group": "1", "surveilled_sites_count": 0, "surveilled_sites_list": "None", "surveilled_categories": "None", "pct_poverty": null, "pct_renter": 22.707423580786028, "pct_non_citizen": null, "pct_black": 5.9622641509433967, "pct_hispanic": 19.547169811320757 }, "geometry": { "type": "Point", "coordinates": [ -121.2548371, 38.566496800000017 ] } },
{ "type": "Feature", "properties": { "id": 13450894604, "lat": 38.6799355, "lon": -121.5278018, "direction": 53.0, "operator": "Unknown", "brand": "Unknown", "STATEFP": "06", "COUNTYFP": "067", "TRACTCE": "007111", "BLKGRPCE": "1", "AFFGEOID": "1500000US060670071111", "GEOID": "060670071111", "NAME_x": "1", "NAMELSAD": "Block Group 1", "LSAD": "BG", "ALAND": 692365, "AWATER": 0, "NAME_y": "Block Group 1; Census Tract 71.11; Sacramento County; California", "pop_total": 3036, "median_income": 138711.0, "pop_white": "863", "pop_black": 614, "pop_native": "11", "pop_asian": "1220", "pop_pacific": "0", "pop_other": "75", "pop_two_plus": "253", "pop_hispanic": 381, "pop_non_citizen": null, "poverty_universe": null, "pop_poverty": null, "total_households": 871, "renter_occupied": 161, "unemployed": "28", "single_parent_households": "481", "state": "06", "county": "067", "tract": "007111", "block group": "1", "surveilled_sites_count": 0, "surveilled_sites_list": "None", "surveilled_categories": "None", "pct_poverty": null, "pct_renter": 18.484500574052813, "pct_non_citizen": null, "pct_black": 20.223978919631094, "pct_hispanic": 12.549407114624506 }, "geometry": { "type": "Point", "coordinates": [ -121.5278018, 38.679935500000035 ] } },
{ "type": "Feature", "properties": { "id": 13450909203, "lat": 38.6799493, "lon": -121.5281063, "direction": 136.0, "operator": "Unknown", "brand": "Unknown", "STATEFP": "06", "COUNTYFP": "067", "TRACTCE": "007111", "BLKGRPCE": "1", "AFFGEOID": "1500000US060670071111", "GEOID": "060670071111", "NAME_x": "1", "NAMELSAD": "Block Group 1", "LSAD": "BG", "ALAND": 692365, "AWATER": 0, "NAME_y": "Block Group 1; Census Tract 71.11; Sacramento County; California", "pop_total": 3036, "median_income": 138711.0, "pop_white": "863", "pop_black": 614, "pop_native": "11", "pop_asian": "1220", "pop_pacific": "0", "pop_other": "75", "pop_two_plus": "253", "pop_hispanic": 381, "pop_non_citizen": null, "poverty_universe": null, "pop_poverty": null, "total_households": 871, "renter_occupied": 161, "unemployed": "28", "single_parent_households": "481", "state": "06", "county": "067", "tract": "007111", "block group": "1", "surveilled_sites_count": 0, "surveilled_sites_list": "None", "surveilled_categories": "None", "pct_poverty": null, "pct_renter": 18.484500574052813, "pct_non_citizen": null, "pct_black": 20.223978919631094, "pct_hispanic": 12.549407114624506 }, "geometry": { "type": "Point", "coordinates": [ -121.5281063, 38.6799493 ] } },
{ "type": "Feature", "properties": { "id": 13450914901, "lat": 38.6800746, "lon": -121.5277573, "direction": 246.0, "operator": "Unknown", "brand": "Unknown", "STATEFP": "06", "COUNTYFP": "067", "TRACTCE": "007109", "BLKGRPCE": "1", "AFFGEOID": "1500000US060670071091", "GEOID": "060670071091", "NAME_x": "1", "NAMELSAD": "Block Group 1", "LSAD": "BG", "ALAND": 871412, "AWATER": 0, "NAME_y": "Block Group 1; Census Tract 71.09; Sacramento County; California", "pop_total": 1540, "median_income": 114583.0, "pop_white": "795", "pop_black": 166, "pop_native": "0", "pop_asian": "450", "pop_pacific": "0", "pop_other": "40", "pop_two_plus": "89", "pop_hispanic": 124, "pop_non_citizen": null, "poverty_universe": null, "pop_poverty": null, "total_households": 729, "renter_occupied": 63, "unemployed": "0", "single_parent_households": "134", "state": "06", "county": "067", "tract": "007109", "block group": "1", "surveilled_sites_count": 0, "surveilled_sites_list": "None", "surveilled_categories": "None", "pct_poverty": null, "pct_renter": 8.6419753086419746, "pct_non_citizen": null, "pct_black": 10.779220779220779, "pct_hispanic": 8.0519480519480524 }, "geometry": { "type": "Point", "coordinates": [ -121.5277573, 38.680074600000026 ] } },
{ "type": "Feature", "properties": { "id": 13450926101, "lat": 38.6778942, "lon": -121.5281539, "direction": 64.0, "operator": "Unknown", "brand": "Unknown", "STATEFP": "06", "COUNTYFP": "067", "TRACTCE": "007111", "BLKGRPCE": "1", "AFFGEOID": "1500000US060670071111", "GEOID": "060670071111", "NAME_x": "1", "NAMELSAD": "Block Group 1", "LSAD": "BG", "ALAND": 692365, "AWATER": 0, "NAME_y": "Block Group 1; Census Tract 71.11; Sacramento County; California", "pop_total": 3036, "median_income": 138711.0, "pop_white": "863", "pop_black": 614, "pop_native": "11", "pop_asian": "1220", "pop_pacific": "0", "pop_other": "75", "pop_two_plus": "253", "pop_hispanic": 381, "pop_non_citizen": null, "poverty_universe": null, "pop_poverty": null, "total_households": 871, "renter_occupied": 161, "unemployed": "28", "single_parent_households": "481", "state": "06", "county": "067", "tract": "007111", "block group": "1", "surveilled_sites_count": 0, "surveilled_sites_list": "None", "surveilled_categories": "None", "pct_poverty": null, "pct_renter": 18.484500574052813, "pct_non_citizen": null, "pct_black": 20.223978919631094, "pct_hispanic": 12.549407114624506 }, "geometry": { "type": "Point", "coordinates": [ -121.5281539, 38.6778942 ] } },
{ "type": "Feature", "properties": { "id": 13456982401, "lat": 38.4306001, "lon": -121.300327, "direction": 82.0, "operator": "Unknown", "brand": "Unknown", "STATEFP": "06", "COUNTYFP": "067", "TRACTCE": "009336", "BLKGRPCE": "1", "AFFGEOID": "1500000US060670093361", "GEOID": "060670093361", "NAME_x": "1", "NAMELSAD": "Block Group 1", "LSAD": "BG", "ALAND": 46678217, "AWATER": 112446, "NAME_y": "Block Group 1; Census Tract 93.36; Sacramento County; California", "pop_total": 991, "median_income": 157143.0, "pop_white": "626", "pop_black": 32, "pop_native": "0", "pop_asian": "51", "pop_pacific": "12", "pop_other": "126", "pop_two_plus": "144", "pop_hispanic": 316, "pop_non_citizen": null, "poverty_universe": null, "pop_poverty": null, "total_households": 360, "renter_occupied": 85, "unemployed": "28", "single_parent_households": "95", "state": "06", "county": "067", "tract": "009336", "block group": "1", "surveilled_sites_count": 0, "surveilled_sites_list": "None", "surveilled_categories": "None", "pct_poverty": null, "pct_renter": 23.611111111111111, "pct_non_citizen": null, "pct_black": 3.2290615539858729, "pct_hispanic": 31.886982845610497 }, "geometry": { "type": "Point", "coordinates": [ -121.300327, 38.430600100000042 ] } },
{ "type": "Feature", "properties": { "id": 13457083101, "lat": 38.4238041, "lon": -121.3929387, "direction": 68.0, "operator": "Unknown", "brand": "Unknown", "STATEFP": "06", "COUNTYFP": "067", "TRACTCE": "009308", "BLKGRPCE": "2", "AFFGEOID": "1500000US060670093082", "GEOID": "060670093082", "NAME_x": "2", "NAMELSAD": "Block Group 2", "LSAD": "BG", "ALAND": 1297760, "AWATER": 0, "NAME_y": "Block Group 2; Census Tract 93.08; Sacramento County; California", "pop_total": 3069, "median_income": 121173.0, "pop_white": "1931", "pop_black": 42, "pop_native": "0", "pop_asian": "409", "pop_pacific": "0", "pop_other": "200", "pop_two_plus": "487", "pop_hispanic": 686, "pop_non_citizen": null, "poverty_universe": null, "pop_poverty": null, "total_households": 1094, "renter_occupied": 110, "unemployed": "101", "single_parent_households": "472", "state": "06", "county": "067", "tract": "009308", "block group": "2", "surveilled_sites_count": 0, "surveilled_sites_list": "None", "surveilled_categories": "None", "pct_poverty": null, "pct_renter": 10.054844606946983, "pct_non_citizen": null, "pct_black": 1.3685239491691104, "pct_hispanic": 22.352557836428804 }, "geometry": { "type": "Point", "coordinates": [ -121.3929387, 38.423804099999977 ] } },
{ "type": "Feature", "properties": { "id": 13457351301, "lat": 38.4236233, "lon": -121.3984082, "direction": 232.0, "operator": "Unknown", "brand": "Unknown", "STATEFP": "06", "COUNTYFP": "067", "TRACTCE": "009639", "BLKGRPCE": "1", "AFFGEOID": "1500000US060670096391", "GEOID": "060670096391", "NAME_x": "1", "NAMELSAD": "Block Group 1", "LSAD": "BG", "ALAND": 1190313, "AWATER": 0, "NAME_y": "Block Group 1; Census Tract 96.39; Sacramento County; California", "pop_total": 1121, "median_income": 140313.0, "pop_white": "338", "pop_black": 59, "pop_native": "0", "pop_asian": "594", "pop_pacific": "0", "pop_other": "117", "pop_two_plus": "13", "pop_hispanic": 143, "pop_non_citizen": null, "poverty_universe": null, "pop_poverty": null, "total_households": 276, "renter_occupied": 75, "unemployed": "86", "single_parent_households": "156", "state": "06", "county": "067", "tract": "009639", "block group": "1", "surveilled_sites_count": 0, "surveilled_sites_list": "None", "surveilled_categories": "None", "pct_poverty": null, "pct_renter": 27.173913043478258, "pct_non_citizen": null, "pct_black": 5.2631578947368416, "pct_hispanic": 12.756467439785906 }, "geometry": { "type": "Point", "coordinates": [ -121.39840820000002, 38.423623299999953 ] } },
{ "type": "Feature", "properties": { "id": 13458370901, "lat": 38.5105831, "lon": -121.4090073, "direction": 359.0, "operator": "Sacramento Police Department", "brand": "Unknown", "STATEFP": "06", "COUNTYFP": "067", "TRACTCE": "009201", "BLKGRPCE": "3", "AFFGEOID": "1500000US060670092013", "GEOID": "060670092013", "NAME_x": "3", "NAMELSAD": "Block Group 3", "LSAD": "BG", "ALAND": 10731843, "AWATER": 0, "NAME_y": "Block Group 3; Census Tract 92.01; Sacramento County; California", "pop_total": 835, "median_income": 50958.0, "pop_white": "331", "pop_black": 0, "pop_native": "0", "pop_asian": "281", "pop_pacific": "34", "pop_other": "106", "pop_two_plus": "83", "pop_hispanic": 325, "pop_non_citizen": null, "poverty_universe": null, "pop_poverty": null, "total_households": 309, "renter_occupied": 92, "unemployed": "0", "single_parent_households": "66", "state": "06", "county": "067", "tract": "009201", "block group": "3", "surveilled_sites_count": 0, "surveilled_sites_list": "None", "surveilled_categories": "None", "pct_poverty": null, "pct_renter": 29.773462783171524, "pct_non_citizen": null, "pct_black": 0.0, "pct_hispanic": 38.922155688622759 }, "geometry": { "type": "Point", "coordinates": [ -121.409007299999985, 38.510583099999984 ] } },
{ "type": "Feature", "properties": { "id": 13458371901, "lat": 38.5105479, "lon": -121.408977, "direction": 249.0, "operator": "Sacramento Police Department", "brand": "Unknown", "STATEFP": "06", "COUNTYFP": "067", "TRACTCE": "009201", "BLKGRPCE": "3", "AFFGEOID": "1500000US060670092013", "GEOID": "060670092013", "NAME_x": "3", "NAMELSAD": "Block Group 3", "LSAD": "BG", "ALAND": 10731843, "AWATER": 0, "NAME_y": "Block Group 3; Census Tract 92.01; Sacramento County; California", "pop_total": 835, "median_income": 50958.0, "pop_white": "331", "pop_black": 0, "pop_native": "0", "pop_asian": "281", "pop_pacific": "34", "pop_other": "106", "pop_two_plus": "83", "pop_hispanic": 325, "pop_non_citizen": null, "poverty_universe": null, "pop_poverty": null, "total_households": 309, "renter_occupied": 92, "unemployed": "0", "single_parent_households": "66", "state": "06", "county": "067", "tract": "009201", "block group": "3", "surveilled_sites_count": 0, "surveilled_sites_list": "None", "surveilled_categories": "None", "pct_poverty": null, "pct_renter": 29.773462783171524, "pct_non_citizen": null, "pct_black": 0.0, "pct_hispanic": 38.922155688622759 }, "geometry": { "type": "Point", "coordinates": [ -121.408977, 38.5105479 ] } },
{ "type": "Feature", "properties": { "id": 13458375901, "lat": 38.5251433, "lon": -121.4090128, "direction": 243.0, "operator": "Unknown", "brand": "Unknown", "STATEFP": "06", "COUNTYFP": "067", "TRACTCE": "005205", "BLKGRPCE": "1", "AFFGEOID": "1500000US060670052051", "GEOID": "060670052051", "NAME_x": "1", "NAMELSAD": "Block Group 1", "LSAD": "BG", "ALAND": 8562208, "AWATER": 0, "NAME_y": "Block Group 1; Census Tract 52.05; Sacramento County; California", "pop_total": 1532, "median_income": 32500.0, "pop_white": "1200", "pop_black": 74, "pop_native": "0", "pop_asian": "58", "pop_pacific": "0", "pop_other": "87", "pop_two_plus": "113", "pop_hispanic": 503, "pop_non_citizen": null, "poverty_universe": null, "pop_poverty": null, "total_households": 668, "renter_occupied": 416, "unemployed": "83", "single_parent_households": "14", "state": "06", "county": "067", "tract": "005205", "block group": "1", "surveilled_sites_count": 0, "surveilled_sites_list": "None", "surveilled_categories": "None", "pct_poverty": null, "pct_renter": 62.275449101796411, "pct_non_citizen": null, "pct_black": 4.830287206266318, "pct_hispanic": 32.832898172323759 }, "geometry": { "type": "Point", "coordinates": [ -121.4090128, 38.525143299999968 ] } },
{ "type": "Feature", "properties": { "id": 13458394001, "lat": 38.5448347, "lon": -121.4090994, "direction": 155.0, "operator": "Unknown", "brand": "Unknown", "STATEFP": "06", "COUNTYFP": "067", "TRACTCE": "005205", "BLKGRPCE": "1", "AFFGEOID": "1500000US060670052051", "GEOID": "060670052051", "NAME_x": "1", "NAMELSAD": "Block Group 1", "LSAD": "BG", "ALAND": 8562208, "AWATER": 0, "NAME_y": "Block Group 1; Census Tract 52.05; Sacramento County; California", "pop_total": 1532, "median_income": 32500.0, "pop_white": "1200", "pop_black": 74, "pop_native": "0", "pop_asian": "58", "pop_pacific": "0", "pop_other": "87", "pop_two_plus": "113", "pop_hispanic": 503, "pop_non_citizen": null, "poverty_universe": null, "pop_poverty": null, "total_households": 668, "renter_occupied": 416, "unemployed": "83", "single_parent_households": "14", "state": "06", "county": "067", "tract": "005205", "block group": "1", "surveilled_sites_count": 0, "surveilled_sites_list": "None", "surveilled_categories": "None", "pct_poverty": null, "pct_renter": 62.275449101796411, "pct_non_citizen": null, "pct_black": 4.830287206266318, "pct_hispanic": 32.832898172323759 }, "geometry": { "type": "Point", "coordinates": [ -121.4090994, 38.5448347 ] } },
{ "type": "Feature", "properties": { "id": 13458402001, "lat": 38.5574906, "lon": -121.4079471, "direction": 85.0, "operator": "Sacramento Police Department", "brand": "Unknown", "STATEFP": "06", "COUNTYFP": "067", "TRACTCE": "005202", "BLKGRPCE": "2", "AFFGEOID": "1500000US060670052022", "GEOID": "060670052022", "NAME_x": "2", "NAMELSAD": "Block Group 2", "LSAD": "BG", "ALAND": 140631, "AWATER": 0, "NAME_y": "Block Group 2; Census Tract 52.02; Sacramento County; California", "pop_total": 696, "median_income": null, "pop_white": "289", "pop_black": 63, "pop_native": "0", "pop_asian": "112", "pop_pacific": "0", "pop_other": "9", "pop_two_plus": "223", "pop_hispanic": 154, "pop_non_citizen": null, "poverty_universe": null, "pop_poverty": null, "total_households": 288, "renter_occupied": 264, "unemployed": "64", "single_parent_households": "44", "state": "06", "county": "067", "tract": "005202", "block group": "2", "surveilled_sites_count": 0, "surveilled_sites_list": "None", "surveilled_categories": "None", "pct_poverty": null, "pct_renter": 91.666666666666657, "pct_non_citizen": null, "pct_black": 9.0517241379310338, "pct_hispanic": 22.126436781609197 }, "geometry": { "type": "Point", "coordinates": [ -121.4079471, 38.557490599999987 ] } },
{ "type": "Feature", "properties": { "id": 13461638601, "lat": 38.5813056, "lon": -121.318995, "direction": 61.0, "operator": "Unknown", "brand": "Unknown", "STATEFP": "06", "COUNTYFP": "067", "TRACTCE": "008909", "BLKGRPCE": "1", "AFFGEOID": "1500000US060670089091", "GEOID": "060670089091", "NAME_x": "1", "NAMELSAD": "Block Group 1", "LSAD": "BG", "ALAND": 2424914, "AWATER": 180473, "NAME_y": "Block Group 1; Census Tract 89.09; Sacramento County; California", "pop_total": 1826, "median_income": 93542.0, "pop_white": "781", "pop_black": 71, "pop_native": "0", "pop_asian": "654", "pop_pacific": "0", "pop_other": "94", "pop_two_plus": "226", "pop_hispanic": 308, "pop_non_citizen": null, "poverty_universe": null, "pop_poverty": null, "total_households": 694, "renter_occupied": 245, "unemployed": "63", "single_parent_households": "172", "state": "06", "county": "067", "tract": "008909", "block group": "1", "surveilled_sites_count": 0, "surveilled_sites_list": "None", "surveilled_categories": "None", "pct_poverty": null, "pct_renter": 35.30259365994236, "pct_non_citizen": null, "pct_black": 3.8882803943044908, "pct_hispanic": 16.867469879518072 }, "geometry": { "type": "Point", "coordinates": [ -121.318995, 38.581305600000015 ] } },
{ "type": "Feature", "properties": { "id": 13461638801, "lat": 38.5811925, "lon": -121.3187352, "direction": 250.0, "operator": "Unknown", "brand": "Unknown", "STATEFP": "06", "COUNTYFP": "067", "TRACTCE": "009006", "BLKGRPCE": "1", "AFFGEOID": "1500000US060670090061", "GEOID": "060670090061", "NAME_x": "1", "NAMELSAD": "Block Group 1", "LSAD": "BG", "ALAND": 1799302, "AWATER": 0, "NAME_y": "Block Group 1; Census Tract 90.06; Sacramento County; California", "pop_total": 1695, "median_income": 59442.0, "pop_white": "888", "pop_black": 469, "pop_native": "8", "pop_asian": "67", "pop_pacific": "47", "pop_other": "94", "pop_two_plus": "122", "pop_hispanic": 421, "pop_non_citizen": null, "poverty_universe": null, "pop_poverty": null, "total_households": 773, "renter_occupied": 327, "unemployed": "84", "single_parent_households": "203", "state": "06", "county": "067", "tract": "009006", "block group": "1", "surveilled_sites_count": 0, "surveilled_sites_list": "None", "surveilled_categories": "None", "pct_poverty": null, "pct_renter": 42.302716688227683, "pct_non_citizen": null, "pct_black": 27.669616519174038, "pct_hispanic": 24.837758112094395 }, "geometry": { "type": "Point", "coordinates": [ -121.31873520000002, 38.5811925 ] } },
{ "type": "Feature", "properties": { "id": 13462633302, "lat": 38.6654902, "lon": -121.5092673, "direction": 54.0, "operator": "Unknown", "brand": "Unknown", "STATEFP": "06", "COUNTYFP": "067", "TRACTCE": "007110", "BLKGRPCE": "2", "AFFGEOID": "1500000US060670071102", "GEOID": "060670071102", "NAME_x": "2", "NAMELSAD": "Block Group 2", "LSAD": "BG", "ALAND": 542953, "AWATER": 13032, "NAME_y": "Block Group 2; Census Tract 71.10; Sacramento County; California", "pop_total": 1954, "median_income": 111889.0, "pop_white": "834", "pop_black": 723, "pop_native": "0", "pop_asian": "263", "pop_pacific": "0", "pop_other": "56", "pop_two_plus": "78", "pop_hispanic": 168, "pop_non_citizen": null, "poverty_universe": null, "pop_poverty": null, "total_households": 594, "renter_occupied": 107, "unemployed": "0", "single_parent_households": "303", "state": "06", "county": "067", "tract": "007110", "block group": "2", "surveilled_sites_count": 0, "surveilled_sites_list": "None", "surveilled_categories": "None", "pct_poverty": null, "pct_renter": 18.013468013468014, "pct_non_citizen": null, "pct_black": 37.001023541453428, "pct_hispanic": 8.5977482088024573 }, "geometry": { "type": "Point", "coordinates": [ -121.5092673, 38.665490199999951 ] } },
{ "type": "Feature", "properties": { "id": 13462651801, "lat": 38.6654899, "lon": -121.5083194, "direction": 261.0, "operator": "Unknown", "brand": "Unknown", "STATEFP": "06", "COUNTYFP": "067", "TRACTCE": "007110", "BLKGRPCE": "2", "AFFGEOID": "1500000US060670071102", "GEOID": "060670071102", "NAME_x": "2", "NAMELSAD": "Block Group 2", "LSAD": "BG", "ALAND": 542953, "AWATER": 13032, "NAME_y": "Block Group 2; Census Tract 71.10; Sacramento County; California", "pop_total": 1954, "median_income": 111889.0, "pop_white": "834", "pop_black": 723, "pop_native": "0", "pop_asian": "263", "pop_pacific": "0", "pop_other": "56", "pop_two_plus": "78", "pop_hispanic": 168, "pop_non_citizen": null, "poverty_universe": null, "pop_poverty": null, "total_households": 594, "renter_occupied": 107, "unemployed": "0", "single_parent_households": "303", "state": "06", "county": "067", "tract": "007110", "block group": "2", "surveilled_sites_count": 0, "surveilled_sites_list": "None", "surveilled_categories": "None", "pct_poverty": null, "pct_renter": 18.013468013468014, "pct_non_citizen": null, "pct_black": 37.001023541453428, "pct_hispanic": 8.5977482088024573 }, "geometry": { "type": "Point", "coordinates": [ -121.5083194, 38.665489900000026 ] } },
{ "type": "Feature", "properties": { "id": 13462717701, "lat": 38.676955, "lon": -121.5086752, "direction": 252.0, "operator": "Unknown", "brand": "Unknown", "STATEFP": "06", "COUNTYFP": "067", "TRACTCE": "007109", "BLKGRPCE": "2", "AFFGEOID": "1500000US060670071092", "GEOID": "060670071092", "NAME_x": "2", "NAMELSAD": "Block Group 2", "LSAD": "BG", "ALAND": 789879, "AWATER": 11511, "NAME_y": "Block Group 2; Census Tract 71.09; Sacramento County; California", "pop_total": 2237, "median_income": 49734.0, "pop_white": "1218", "pop_black": 273, "pop_native": "14", "pop_asian": "131", "pop_pacific": "0", "pop_other": "153", "pop_two_plus": "448", "pop_hispanic": 350, "pop_non_citizen": null, "poverty_universe": null, "pop_poverty": null, "total_households": 1022, "renter_occupied": 486, "unemployed": "84", "single_parent_households": "116", "state": "06", "county": "067", "tract": "007109", "block group": "2", "surveilled_sites_count": 0, "surveilled_sites_list": "None", "surveilled_categories": "None", "pct_poverty": null, "pct_renter": 47.55381604696673, "pct_non_citizen": null, "pct_black": 12.203844434510506, "pct_hispanic": 15.645954403218596 }, "geometry": { "type": "Point", "coordinates": [ -121.5086752, 38.676955 ] } },
{ "type": "Feature", "properties": { "id": 13462824101, "lat": 38.5725266, "lon": -121.3366006, "direction": 250.0, "operator": "Unknown", "brand": "Unknown", "STATEFP": "06", "COUNTYFP": "067", "TRACTCE": "009107", "BLKGRPCE": "2", "AFFGEOID": "1500000US060670091072", "GEOID": "060670091072", "NAME_x": "2", "NAMELSAD": "Block Group 2", "LSAD": "BG", "ALAND": 1869147, "AWATER": 167427, "NAME_y": "Block Group 2; Census Tract 91.07; Sacramento County; California", "pop_total": 2543, "median_income": 90417.0, "pop_white": "1412", "pop_black": 424, "pop_native": "14", "pop_asian": "193", "pop_pacific": "2", "pop_other": "266", "pop_two_plus": "232", "pop_hispanic": 560, "pop_non_citizen": null, "poverty_universe": null, "pop_poverty": null, "total_households": 935, "renter_occupied": 308, "unemployed": "42", "single_parent_households": "197", "state": "06", "county": "067", "tract": "009107", "block group": "2", "surveilled_sites_count": 0, "surveilled_sites_list": "None", "surveilled_categories": "None", "pct_poverty": null, "pct_renter": 32.941176470588232, "pct_non_citizen": null, "pct_black": 16.673220605583953, "pct_hispanic": 22.021234762092018 }, "geometry": { "type": "Point", "coordinates": [ -121.336600599999983, 38.57252660000001 ] } },
{ "type": "Feature", "properties": { "id": 13463051701, "lat": 38.676061, "lon": -121.5267686, "direction": 34.0, "operator": "Unknown", "brand": "Unknown", "STATEFP": "06", "COUNTYFP": "067", "TRACTCE": "007111", "BLKGRPCE": "1", "AFFGEOID": "1500000US060670071111", "GEOID": "060670071111", "NAME_x": "1", "NAMELSAD": "Block Group 1", "LSAD": "BG", "ALAND": 692365, "AWATER": 0, "NAME_y": "Block Group 1; Census Tract 71.11; Sacramento County; California", "pop_total": 3036, "median_income": 138711.0, "pop_white": "863", "pop_black": 614, "pop_native": "11", "pop_asian": "1220", "pop_pacific": "0", "pop_other": "75", "pop_two_plus": "253", "pop_hispanic": 381, "pop_non_citizen": null, "poverty_universe": null, "pop_poverty": null, "total_households": 871, "renter_occupied": 161, "unemployed": "28", "single_parent_households": "481", "state": "06", "county": "067", "tract": "007111", "block group": "1", "surveilled_sites_count": 0, "surveilled_sites_list": "None", "surveilled_categories": "None", "pct_poverty": null, "pct_renter": 18.484500574052813, "pct_non_citizen": null, "pct_black": 20.223978919631094, "pct_hispanic": 12.549407114624506 }, "geometry": { "type": "Point", "coordinates": [ -121.5267686, 38.676061 ] } },
{ "type": "Feature", "properties": { "id": 13463057801, "lat": 38.6763012, "lon": -121.5266683, "direction": 217.0, "operator": "Unknown", "brand": "Unknown", "STATEFP": "06", "COUNTYFP": "067", "TRACTCE": "007111", "BLKGRPCE": "1", "AFFGEOID": "1500000US060670071111", "GEOID": "060670071111", "NAME_x": "1", "NAMELSAD": "Block Group 1", "LSAD": "BG", "ALAND": 692365, "AWATER": 0, "NAME_y": "Block Group 1; Census Tract 71.11; Sacramento County; California", "pop_total": 3036, "median_income": 138711.0, "pop_white": "863", "pop_black": 614, "pop_native": "11", "pop_asian": "1220", "pop_pacific": "0", "pop_other": "75", "pop_two_plus": "253", "pop_hispanic": 381, "pop_non_citizen": null, "poverty_universe": null, "pop_poverty": null, "total_households": 871, "renter_occupied": 161, "unemployed": "28", "single_parent_households": "481", "state": "06", "county": "067", "tract": "007111", "block group": "1", "surveilled_sites_count": 0, "surveilled_sites_list": "None", "surveilled_categories": "None", "pct_poverty": null, "pct_renter": 18.484500574052813, "pct_non_citizen": null, "pct_black": 20.223978919631094, "pct_hispanic": 12.549407114624506 }, "geometry": { "type": "Point", "coordinates": [ -121.5266683, 38.6763012 ] } },
{ "type": "Feature", "properties": { "id": 13463067601, "lat": 38.666296, "lon": -121.5235755, "direction": 74.0, "operator": "Unknown", "brand": "Unknown", "STATEFP": "06", "COUNTYFP": "067", "TRACTCE": "007103", "BLKGRPCE": "2", "AFFGEOID": "1500000US060670071032", "GEOID": "060670071032", "NAME_x": "2", "NAMELSAD": "Block Group 2", "LSAD": "BG", "ALAND": 1615601, "AWATER": 24353, "NAME_y": "Block Group 2; Census Tract 71.03; Sacramento County; California", "pop_total": 1596, "median_income": 91513.0, "pop_white": "613", "pop_black": 520, "pop_native": "7", "pop_asian": "237", "pop_pacific": "0", "pop_other": "53", "pop_two_plus": "166", "pop_hispanic": 335, "pop_non_citizen": null, "poverty_universe": null, "pop_poverty": null, "total_households": 737, "renter_occupied": 737, "unemployed": "34", "single_parent_households": "319", "state": "06", "county": "067", "tract": "007103", "block group": "2", "surveilled_sites_count": 0, "surveilled_sites_list": "None", "surveilled_categories": "None", "pct_poverty": null, "pct_renter": 100.0, "pct_non_citizen": null, "pct_black": 32.581453634085214, "pct_hispanic": 20.989974937343359 }, "geometry": { "type": "Point", "coordinates": [ -121.5235755, 38.666296 ] } },
{ "type": "Feature", "properties": { "id": 13463070101, "lat": 38.6665583, "lon": -121.5238966, "direction": 339.0, "operator": "Unknown", "brand": "Unknown", "STATEFP": "06", "COUNTYFP": "067", "TRACTCE": "007111", "BLKGRPCE": "2", "AFFGEOID": "1500000US060670071112", "GEOID": "060670071112", "NAME_x": "2", "NAMELSAD": "Block Group 2", "LSAD": "BG", "ALAND": 410681, "AWATER": 0, "NAME_y": "Block Group 2; Census Tract 71.11; Sacramento County; California", "pop_total": 1557, "median_income": 164688.0, "pop_white": "813", "pop_black": 0, "pop_native": "0", "pop_asian": "436", "pop_pacific": "18", "pop_other": "99", "pop_two_plus": "191", "pop_hispanic": 382, "pop_non_citizen": null, "poverty_universe": null, "pop_poverty": null, "total_households": 489, "renter_occupied": 144, "unemployed": "26", "single_parent_households": "246", "state": "06", "county": "067", "tract": "007111", "block group": "2", "surveilled_sites_count": 0, "surveilled_sites_list": "None", "surveilled_categories": "None", "pct_poverty": null, "pct_renter": 29.447852760736197, "pct_non_citizen": null, "pct_black": 0.0, "pct_hispanic": 24.534360950545921 }, "geometry": { "type": "Point", "coordinates": [ -121.5238966, 38.666558300000034 ] } },
{ "type": "Feature", "properties": { "id": 13463072802, "lat": 38.6678768, "lon": -121.5173885, "direction": 27.0, "operator": "Unknown", "brand": "Unknown", "STATEFP": "06", "COUNTYFP": "067", "TRACTCE": "007111", "BLKGRPCE": "2", "AFFGEOID": "1500000US060670071112", "GEOID": "060670071112", "NAME_x": "2", "NAMELSAD": "Block Group 2", "LSAD": "BG", "ALAND": 410681, "AWATER": 0, "NAME_y": "Block Group 2; Census Tract 71.11; Sacramento County; California", "pop_total": 1557, "median_income": 164688.0, "pop_white": "813", "pop_black": 0, "pop_native": "0", "pop_asian": "436", "pop_pacific": "18", "pop_other": "99", "pop_two_plus": "191", "pop_hispanic": 382, "pop_non_citizen": null, "poverty_universe": null, "pop_poverty": null, "total_households": 489, "renter_occupied": 144, "unemployed": "26", "single_parent_households": "246", "state": "06", "county": "067", "tract": "007111", "block group": "2", "surveilled_sites_count": 0, "surveilled_sites_list": "None", "surveilled_categories": "None", "pct_poverty": null, "pct_renter": 29.447852760736197, "pct_non_citizen": null, "pct_black": 0.0, "pct_hispanic": 24.534360950545921 }, "geometry": { "type": "Point", "coordinates": [ -121.5173885, 38.667876800000045 ] } },
{ "type": "Feature", "properties": { "id": 13463074601, "lat": 38.6677406, "lon": -121.51719, "direction": 196.0, "operator": "Unknown", "brand": "Unknown", "STATEFP": "06", "COUNTYFP": "067", "TRACTCE": "007110", "BLKGRPCE": "2", "AFFGEOID": "1500000US060670071102", "GEOID": "060670071102", "NAME_x": "2", "NAMELSAD": "Block Group 2", "LSAD": "BG", "ALAND": 542953, "AWATER": 13032, "NAME_y": "Block Group 2; Census Tract 71.10; Sacramento County; California", "pop_total": 1954, "median_income": 111889.0, "pop_white": "834", "pop_black": 723, "pop_native": "0", "pop_asian": "263", "pop_pacific": "0", "pop_other": "56", "pop_two_plus": "78", "pop_hispanic": 168, "pop_non_citizen": null, "poverty_universe": null, "pop_poverty": null, "total_households": 594, "renter_occupied": 107, "unemployed": "0", "single_parent_households": "303", "state": "06", "county": "067", "tract": "007110", "block group": "2", "surveilled_sites_count": 0, "surveilled_sites_list": "None", "surveilled_categories": "None", "pct_poverty": null, "pct_renter": 18.013468013468014, "pct_non_citizen": null, "pct_black": 37.001023541453428, "pct_hispanic": 8.5977482088024573 }, "geometry": { "type": "Point", "coordinates": [ -121.51719, 38.667740599999988 ] } },
{ "type": "Feature", "properties": { "id": 13463084401, "lat": 38.670569, "lon": -121.531595, "direction": 87.0, "operator": "Unknown", "brand": "Unknown", "STATEFP": "06", "COUNTYFP": "067", "TRACTCE": "007108", "BLKGRPCE": "2", "AFFGEOID": "1500000US060670071082", "GEOID": "060670071082", "NAME_x": "2", "NAMELSAD": "Block Group 2", "LSAD": "BG", "ALAND": 951772, "AWATER": 0, "NAME_y": "Block Group 2; Census Tract 71.08; Sacramento County; California", "pop_total": 1923, "median_income": 145500.0, "pop_white": "732", "pop_black": 237, "pop_native": "0", "pop_asian": "817", "pop_pacific": "10", "pop_other": "25", "pop_two_plus": "102", "pop_hispanic": 61, "pop_non_citizen": null, "poverty_universe": null, "pop_poverty": null, "total_households": 606, "renter_occupied": 140, "unemployed": "19", "single_parent_households": "261", "state": "06", "county": "067", "tract": "007108", "block group": "2", "surveilled_sites_count": 0, "surveilled_sites_list": "None", "surveilled_categories": "None", "pct_poverty": null, "pct_renter": 23.1023102310231, "pct_non_citizen": null, "pct_black": 12.324492979719189, "pct_hispanic": 3.1721268850754032 }, "geometry": { "type": "Point", "coordinates": [ -121.531595, 38.670569 ] } },
{ "type": "Feature", "properties": { "id": 13463096901, "lat": 38.6769059, "lon": -121.5317576, "direction": 183.0, "operator": "Unknown", "brand": "Unknown", "STATEFP": "06", "COUNTYFP": "067", "TRACTCE": "007108", "BLKGRPCE": "2", "AFFGEOID": "1500000US060670071082", "GEOID": "060670071082", "NAME_x": "2", "NAMELSAD": "Block Group 2", "LSAD": "BG", "ALAND": 951772, "AWATER": 0, "NAME_y": "Block Group 2; Census Tract 71.08; Sacramento County; California", "pop_total": 1923, "median_income": 145500.0, "pop_white": "732", "pop_black": 237, "pop_native": "0", "pop_asian": "817", "pop_pacific": "10", "pop_other": "25", "pop_two_plus": "102", "pop_hispanic": 61, "pop_non_citizen": null, "poverty_universe": null, "pop_poverty": null, "total_households": 606, "renter_occupied": 140, "unemployed": "19", "single_parent_households": "261", "state": "06", "county": "067", "tract": "007108", "block group": "2", "surveilled_sites_count": 0, "surveilled_sites_list": "None", "surveilled_categories": "None", "pct_poverty": null, "pct_renter": 23.1023102310231, "pct_non_citizen": null, "pct_black": 12.324492979719189, "pct_hispanic": 3.1721268850754032 }, "geometry": { "type": "Point", "coordinates": [ -121.5317576, 38.676905899999973 ] } },
{ "type": "Feature", "properties": { "id": 13463097801, "lat": 38.6754546, "lon": -121.5333984, "direction": 99.0, "operator": "Unknown", "brand": "Unknown", "STATEFP": "06", "COUNTYFP": "067", "TRACTCE": "007108", "BLKGRPCE": "2", "AFFGEOID": "1500000US060670071082", "GEOID": "060670071082", "NAME_x": "2", "NAMELSAD": "Block Group 2", "LSAD": "BG", "ALAND": 951772, "AWATER": 0, "NAME_y": "Block Group 2; Census Tract 71.08; Sacramento County; California", "pop_total": 1923, "median_income": 145500.0, "pop_white": "732", "pop_black": 237, "pop_native": "0", "pop_asian": "817", "pop_pacific": "10", "pop_other": "25", "pop_two_plus": "102", "pop_hispanic": 61, "pop_non_citizen": null, "poverty_universe": null, "pop_poverty": null, "total_households": 606, "renter_occupied": 140, "unemployed": "19", "single_parent_households": "261", "state": "06", "county": "067", "tract": "007108", "block group": "2", "surveilled_sites_count": 0, "surveilled_sites_list": "None", "surveilled_categories": "None", "pct_poverty": null, "pct_renter": 23.1023102310231, "pct_non_citizen": null, "pct_black": 12.324492979719189, "pct_hispanic": 3.1721268850754032 }, "geometry": { "type": "Point", "coordinates": [ -121.5333984, 38.6754546 ] } },
{ "type": "Feature", "properties": { "id": 13463097802, "lat": 38.6775443, "lon": -121.5326372, "direction": 287.0, "operator": "Unknown", "brand": "Unknown", "STATEFP": "06", "COUNTYFP": "067", "TRACTCE": "007108", "BLKGRPCE": "1", "AFFGEOID": "1500000US060670071081", "GEOID": "060670071081", "NAME_x": "1", "NAMELSAD": "Block Group 1", "LSAD": "BG", "ALAND": 1877712, "AWATER": 0, "NAME_y": "Block Group 1; Census Tract 71.08; Sacramento County; California", "pop_total": 3853, "median_income": 116698.0, "pop_white": "917", "pop_black": 195, "pop_native": "26", "pop_asian": "1764", "pop_pacific": "0", "pop_other": "576", "pop_two_plus": "375", "pop_hispanic": 832, "pop_non_citizen": null, "poverty_universe": null, "pop_poverty": null, "total_households": 1230, "renter_occupied": 293, "unemployed": "79", "single_parent_households": "483", "state": "06", "county": "067", "tract": "007108", "block group": "1", "surveilled_sites_count": 0, "surveilled_sites_list": "None", "surveilled_categories": "None", "pct_poverty": null, "pct_renter": 23.821138211382113, "pct_non_citizen": null, "pct_black": 5.0609914352452634, "pct_hispanic": 21.593563457046457 }, "geometry": { "type": "Point", "coordinates": [ -121.532637199999982, 38.677544299999958 ] } },
{ "type": "Feature", "properties": { "id": 13463111401, "lat": 38.6726771, "lon": -121.5237531, "direction": 211.0, "operator": "Unknown", "brand": "Unknown", "STATEFP": "06", "COUNTYFP": "067", "TRACTCE": "007111", "BLKGRPCE": "1", "AFFGEOID": "1500000US060670071111", "GEOID": "060670071111", "NAME_x": "1", "NAMELSAD": "Block Group 1", "LSAD": "BG", "ALAND": 692365, "AWATER": 0, "NAME_y": "Block Group 1; Census Tract 71.11; Sacramento County; California", "pop_total": 3036, "median_income": 138711.0, "pop_white": "863", "pop_black": 614, "pop_native": "11", "pop_asian": "1220", "pop_pacific": "0", "pop_other": "75", "pop_two_plus": "253", "pop_hispanic": 381, "pop_non_citizen": null, "poverty_universe": null, "pop_poverty": null, "total_households": 871, "renter_occupied": 161, "unemployed": "28", "single_parent_households": "481", "state": "06", "county": "067", "tract": "007111", "block group": "1", "surveilled_sites_count": 0, "surveilled_sites_list": "None", "surveilled_categories": "None", "pct_poverty": null, "pct_renter": 18.484500574052813, "pct_non_citizen": null, "pct_black": 20.223978919631094, "pct_hispanic": 12.549407114624506 }, "geometry": { "type": "Point", "coordinates": [ -121.5237531, 38.6726771 ] } },
{ "type": "Feature", "properties": { "id": 13463111901, "lat": 38.6722267, "lon": -121.5254586, "direction": 18.0, "operator": "Unknown", "brand": "Unknown", "STATEFP": "06", "COUNTYFP": "067", "TRACTCE": "007108", "BLKGRPCE": "2", "AFFGEOID": "1500000US060670071082", "GEOID": "060670071082", "NAME_x": "2", "NAMELSAD": "Block Group 2", "LSAD": "BG", "ALAND": 951772, "AWATER": 0, "NAME_y": "Block Group 2; Census Tract 71.08; Sacramento County; California", "pop_total": 1923, "median_income": 145500.0, "pop_white": "732", "pop_black": 237, "pop_native": "0", "pop_asian": "817", "pop_pacific": "10", "pop_other": "25", "pop_two_plus": "102", "pop_hispanic": 61, "pop_non_citizen": null, "poverty_universe": null, "pop_poverty": null, "total_households": 606, "renter_occupied": 140, "unemployed": "19", "single_parent_households": "261", "state": "06", "county": "067", "tract": "007108", "block group": "2", "surveilled_sites_count": 0, "surveilled_sites_list": "None", "surveilled_categories": "None", "pct_poverty": null, "pct_renter": 23.1023102310231, "pct_non_citizen": null, "pct_black": 12.324492979719189, "pct_hispanic": 3.1721268850754032 }, "geometry": { "type": "Point", "coordinates": [ -121.5254586, 38.672226700000024 ] } },
{ "type": "Feature", "properties": { "id": 13463111902, "lat": 38.6712605, "lon": -121.5298525, "direction": 111.0, "operator": "Unknown", "brand": "Unknown", "STATEFP": "06", "COUNTYFP": "067", "TRACTCE": "007108", "BLKGRPCE": "2", "AFFGEOID": "1500000US060670071082", "GEOID": "060670071082", "NAME_x": "2", "NAMELSAD": "Block Group 2", "LSAD": "BG", "ALAND": 951772, "AWATER": 0, "NAME_y": "Block Group 2; Census Tract 71.08; Sacramento County; California", "pop_total": 1923, "median_income": 145500.0, "pop_white": "732", "pop_black": 237, "pop_native": "0", "pop_asian": "817", "pop_pacific": "10", "pop_other": "25", "pop_two_plus": "102", "pop_hispanic": 61, "pop_non_citizen": null, "poverty_universe": null, "pop_poverty": null, "total_households": 606, "renter_occupied": 140, "unemployed": "19", "single_parent_households": "261", "state": "06", "county": "067", "tract": "007108", "block group": "2", "surveilled_sites_count": 0, "surveilled_sites_list": "None", "surveilled_categories": "None", "pct_poverty": null, "pct_renter": 23.1023102310231, "pct_non_citizen": null, "pct_black": 12.324492979719189, "pct_hispanic": 3.1721268850754032 }, "geometry": { "type": "Point", "coordinates": [ -121.529852500000018, 38.671260499999988 ] } },
{ "type": "Feature", "properties": { "id": 13463111903, "lat": 38.6678125, "lon": -121.5302437, "direction": 315.0, "operator": "Unknown", "brand": "Unknown", "STATEFP": "06", "COUNTYFP": "067", "TRACTCE": "007108", "BLKGRPCE": "2", "AFFGEOID": "1500000US060670071082", "GEOID": "060670071082", "NAME_x": "2", "NAMELSAD": "Block Group 2", "LSAD": "BG", "ALAND": 951772, "AWATER": 0, "NAME_y": "Block Group 2; Census Tract 71.08; Sacramento County; California", "pop_total": 1923, "median_income": 145500.0, "pop_white": "732", "pop_black": 237, "pop_native": "0", "pop_asian": "817", "pop_pacific": "10", "pop_other": "25", "pop_two_plus": "102", "pop_hispanic": 61, "pop_non_citizen": null, "poverty_universe": null, "pop_poverty": null, "total_households": 606, "renter_occupied": 140, "unemployed": "19", "single_parent_households": "261", "state": "06", "county": "067", "tract": "007108", "block group": "2", "surveilled_sites_count": 0, "surveilled_sites_list": "None", "surveilled_categories": "None", "pct_poverty": null, "pct_renter": 23.1023102310231, "pct_non_citizen": null, "pct_black": 12.324492979719189, "pct_hispanic": 3.1721268850754032 }, "geometry": { "type": "Point", "coordinates": [ -121.5302437, 38.667812500000046 ] } },
{ "type": "Feature", "properties": { "id": 13463119301, "lat": 38.6589592, "lon": -121.5254987, "direction": 325.0, "operator": "Unknown", "brand": "Unknown", "STATEFP": "06", "COUNTYFP": "067", "TRACTCE": "007103", "BLKGRPCE": "1", "AFFGEOID": "1500000US060670071031", "GEOID": "060670071031", "NAME_x": "1", "NAMELSAD": "Block Group 1", "LSAD": "BG", "ALAND": 550943, "AWATER": 0, "NAME_y": "Block Group 1; Census Tract 71.03; Sacramento County; California", "pop_total": 2781, "median_income": 96632.0, "pop_white": "492", "pop_black": 225, "pop_native": "47", "pop_asian": "1129", "pop_pacific": "34", "pop_other": "586", "pop_two_plus": "268", "pop_hispanic": 685, "pop_non_citizen": null, "poverty_universe": null, "pop_poverty": null, "total_households": 1095, "renter_occupied": 568, "unemployed": "193", "single_parent_households": "296", "state": "06", "county": "067", "tract": "007103", "block group": "1", "surveilled_sites_count": 0, "surveilled_sites_list": "None", "surveilled_categories": "None", "pct_poverty": null, "pct_renter": 51.87214611872146, "pct_non_citizen": null, "pct_black": 8.090614886731391, "pct_hispanic": 24.631427544048904 }, "geometry": { "type": "Point", "coordinates": [ -121.525498699999986, 38.65895920000002 ] } },
{ "type": "Feature", "properties": { "id": 13463361401, "lat": 38.4719736, "lon": -121.4236189, "direction": 306.0, "operator": "Unknown", "brand": "Unknown", "STATEFP": "06", "COUNTYFP": "067", "TRACTCE": "009641", "BLKGRPCE": "1", "AFFGEOID": "1500000US060670096411", "GEOID": "060670096411", "NAME_x": "1", "NAMELSAD": "Block Group 1", "LSAD": "BG", "ALAND": 1261547, "AWATER": 0, "NAME_y": "Block Group 1; Census Tract 96.41; Sacramento County; California", "pop_total": 1159, "median_income": 65987.0, "pop_white": "176", "pop_black": 127, "pop_native": "25", "pop_asian": "508", "pop_pacific": "187", "pop_other": "84", "pop_two_plus": "52", "pop_hispanic": 156, "pop_non_citizen": null, "poverty_universe": null, "pop_poverty": null, "total_households": 359, "renter_occupied": 159, "unemployed": "29", "single_parent_households": "73", "state": "06", "county": "067", "tract": "009641", "block group": "1", "surveilled_sites_count": 0, "surveilled_sites_list": "None", "surveilled_categories": "None", "pct_poverty": null, "pct_renter": 44.289693593314759, "pct_non_citizen": null, "pct_black": 10.957722174288181, "pct_hispanic": 13.459879206212252 }, "geometry": { "type": "Point", "coordinates": [ -121.4236189, 38.471973600000048 ] } },
{ "type": "Feature", "properties": { "id": 13463361402, "lat": 38.4721359, "lon": -121.4230353, "direction": 330.0, "operator": "Unknown", "brand": "Unknown", "STATEFP": "06", "COUNTYFP": "067", "TRACTCE": "009641", "BLKGRPCE": "1", "AFFGEOID": "1500000US060670096411", "GEOID": "060670096411", "NAME_x": "1", "NAMELSAD": "Block Group 1", "LSAD": "BG", "ALAND": 1261547, "AWATER": 0, "NAME_y": "Block Group 1; Census Tract 96.41; Sacramento County; California", "pop_total": 1159, "median_income": 65987.0, "pop_white": "176", "pop_black": 127, "pop_native": "25", "pop_asian": "508", "pop_pacific": "187", "pop_other": "84", "pop_two_plus": "52", "pop_hispanic": 156, "pop_non_citizen": null, "poverty_universe": null, "pop_poverty": null, "total_households": 359, "renter_occupied": 159, "unemployed": "29", "single_parent_households": "73", "state": "06", "county": "067", "tract": "009641", "block group": "1", "surveilled_sites_count": 0, "surveilled_sites_list": "None", "surveilled_categories": "None", "pct_poverty": null, "pct_renter": 44.289693593314759, "pct_non_citizen": null, "pct_black": 10.957722174288181, "pct_hispanic": 13.459879206212252 }, "geometry": { "type": "Point", "coordinates": [ -121.4230353, 38.472135900000019 ] } },
{ "type": "Feature", "properties": { "id": 13463362801, "lat": 38.4722314, "lon": -121.4246946, "direction": 45.0, "operator": "Unknown", "brand": "Unknown", "STATEFP": "06", "COUNTYFP": "067", "TRACTCE": "009641", "BLKGRPCE": "1", "AFFGEOID": "1500000US060670096411", "GEOID": "060670096411", "NAME_x": "1", "NAMELSAD": "Block Group 1", "LSAD": "BG", "ALAND": 1261547, "AWATER": 0, "NAME_y": "Block Group 1; Census Tract 96.41; Sacramento County; California", "pop_total": 1159, "median_income": 65987.0, "pop_white": "176", "pop_black": 127, "pop_native": "25", "pop_asian": "508", "pop_pacific": "187", "pop_other": "84", "pop_two_plus": "52", "pop_hispanic": 156, "pop_non_citizen": null, "poverty_universe": null, "pop_poverty": null, "total_households": 359, "renter_occupied": 159, "unemployed": "29", "single_parent_households": "73", "state": "06", "county": "067", "tract": "009641", "block group": "1", "surveilled_sites_count": 0, "surveilled_sites_list": "None", "surveilled_categories": "None", "pct_poverty": null, "pct_renter": 44.289693593314759, "pct_non_citizen": null, "pct_black": 10.957722174288181, "pct_hispanic": 13.459879206212252 }, "geometry": { "type": "Point", "coordinates": [ -121.4246946, 38.472231400000027 ] } },
{ "type": "Feature", "properties": { "id": 13464395601, "lat": 38.4464802, "lon": -121.3536946, "direction": 149.0, "operator": "Unknown", "brand": "Unknown", "STATEFP": "06", "COUNTYFP": "067", "TRACTCE": "009314", "BLKGRPCE": "2", "AFFGEOID": "1500000US060670093142", "GEOID": "060670093142", "NAME_x": "2", "NAMELSAD": "Block Group 2", "LSAD": "BG", "ALAND": 1814064, "AWATER": 0, "NAME_y": "Block Group 2; Census Tract 93.14; Sacramento County; California", "pop_total": 2387, "median_income": 77372.0, "pop_white": "881", "pop_black": 142, "pop_native": "11", "pop_asian": "844", "pop_pacific": "85", "pop_other": "0", "pop_two_plus": "424", "pop_hispanic": 343, "pop_non_citizen": null, "poverty_universe": null, "pop_poverty": null, "total_households": 728, "renter_occupied": 167, "unemployed": "45", "single_parent_households": "185", "state": "06", "county": "067", "tract": "009314", "block group": "2", "surveilled_sites_count": 0, "surveilled_sites_list": "None", "surveilled_categories": "None", "pct_poverty": null, "pct_renter": 22.939560439560438, "pct_non_citizen": null, "pct_black": 5.9488898198575617, "pct_hispanic": 14.369501466275661 }, "geometry": { "type": "Point", "coordinates": [ -121.3536946, 38.4464802 ] } },
{ "type": "Feature", "properties": { "id": 13464475602, "lat": 38.4814944, "lon": -121.422069, "direction": 92.0, "operator": "Unknown", "brand": "Unknown", "STATEFP": "06", "COUNTYFP": "067", "TRACTCE": "005002", "BLKGRPCE": "3", "AFFGEOID": "1500000US060670050023", "GEOID": "060670050023", "NAME_x": "3", "NAMELSAD": "Block Group 3", "LSAD": "BG", "ALAND": 844911, "AWATER": 0, "NAME_y": "Block Group 3; Census Tract 50.02; Sacramento County; California", "pop_total": 2789, "median_income": 64004.0, "pop_white": "458", "pop_black": 350, "pop_native": "0", "pop_asian": "762", "pop_pacific": "0", "pop_other": "767", "pop_two_plus": "452", "pop_hispanic": 1028, "pop_non_citizen": null, "poverty_universe": null, "pop_poverty": null, "total_households": 970, "renter_occupied": 416, "unemployed": "138", "single_parent_households": "349", "state": "06", "county": "067", "tract": "005002", "block group": "3", "surveilled_sites_count": 0, "surveilled_sites_list": "None", "surveilled_categories": "None", "pct_poverty": null, "pct_renter": 42.886597938144327, "pct_non_citizen": null, "pct_black": 12.549300824668341, "pct_hispanic": 36.859089279311583 }, "geometry": { "type": "Point", "coordinates": [ -121.422069, 38.481494399999967 ] } },
{ "type": "Feature", "properties": { "id": 13464487901, "lat": 38.4818536, "lon": -121.4223812, "direction": 341.0, "operator": "Unknown", "brand": "Unknown", "STATEFP": "06", "COUNTYFP": "067", "TRACTCE": "005003", "BLKGRPCE": "1", "AFFGEOID": "1500000US060670050031", "GEOID": "060670050031", "NAME_x": "1", "NAMELSAD": "Block Group 1", "LSAD": "BG", "ALAND": 385179, "AWATER": 0, "NAME_y": "Block Group 1; Census Tract 50.03; Sacramento County; California", "pop_total": 1302, "median_income": 53786.0, "pop_white": "450", "pop_black": 82, "pop_native": "0", "pop_asian": "455", "pop_pacific": "72", "pop_other": "94", "pop_two_plus": "149", "pop_hispanic": 314, "pop_non_citizen": null, "poverty_universe": null, "pop_poverty": null, "total_households": 514, "renter_occupied": 148, "unemployed": "46", "single_parent_households": "102", "state": "06", "county": "067", "tract": "005003", "block group": "1", "surveilled_sites_count": 0, "surveilled_sites_list": "None", "surveilled_categories": "None", "pct_poverty": null, "pct_renter": 28.793774319066145, "pct_non_citizen": null, "pct_black": 6.2980030721966198, "pct_hispanic": 24.116743471582179 }, "geometry": { "type": "Point", "coordinates": [ -121.4223812, 38.481853599999987 ] } },
{ "type": "Feature", "properties": { "id": 13464489201, "lat": 38.5724227, "lon": -121.3361907, "direction": 45.0, "operator": "Unknown", "brand": "Unknown", "STATEFP": "06", "COUNTYFP": "067", "TRACTCE": "009006", "BLKGRPCE": "1", "AFFGEOID": "1500000US060670090061", "GEOID": "060670090061", "NAME_x": "1", "NAMELSAD": "Block Group 1", "LSAD": "BG", "ALAND": 1799302, "AWATER": 0, "NAME_y": "Block Group 1; Census Tract 90.06; Sacramento County; California", "pop_total": 1695, "median_income": 59442.0, "pop_white": "888", "pop_black": 469, "pop_native": "8", "pop_asian": "67", "pop_pacific": "47", "pop_other": "94", "pop_two_plus": "122", "pop_hispanic": 421, "pop_non_citizen": null, "poverty_universe": null, "pop_poverty": null, "total_households": 773, "renter_occupied": 327, "unemployed": "84", "single_parent_households": "203", "state": "06", "county": "067", "tract": "009006", "block group": "1", "surveilled_sites_count": 0, "surveilled_sites_list": "None", "surveilled_categories": "None", "pct_poverty": null, "pct_renter": 42.302716688227683, "pct_non_citizen": null, "pct_black": 27.669616519174038, "pct_hispanic": 24.837758112094395 }, "geometry": { "type": "Point", "coordinates": [ -121.336190699999989, 38.572422699999983 ] } },
{ "type": "Feature", "properties": { "id": 13464672101, "lat": 38.4810017, "lon": -121.4222163, "direction": 163.0, "operator": "Unknown", "brand": "Unknown", "STATEFP": "06", "COUNTYFP": "067", "TRACTCE": "005002", "BLKGRPCE": "2", "AFFGEOID": "1500000US060670050022", "GEOID": "060670050022", "NAME_x": "2", "NAMELSAD": "Block Group 2", "LSAD": "BG", "ALAND": 1495193, "AWATER": 0, "NAME_y": "Block Group 2; Census Tract 50.02; Sacramento County; California", "pop_total": 1733, "median_income": 38491.0, "pop_white": "322", "pop_black": 123, "pop_native": "15", "pop_asian": "563", "pop_pacific": "0", "pop_other": "557", "pop_two_plus": "153", "pop_hispanic": 670, "pop_non_citizen": null, "poverty_universe": null, "pop_poverty": null, "total_households": 606, "renter_occupied": 438, "unemployed": "138", "single_parent_households": "249", "state": "06", "county": "067", "tract": "005002", "block group": "2", "surveilled_sites_count": 0, "surveilled_sites_list": "None", "surveilled_categories": "None", "pct_poverty": null, "pct_renter": 72.277227722772281, "pct_non_citizen": null, "pct_black": 7.0975187536064634, "pct_hispanic": 38.661281015579917 }, "geometry": { "type": "Point", "coordinates": [ -121.4222163, 38.4810017 ] } },
{ "type": "Feature", "properties": { "id": 13475051101, "lat": 38.4382219, "lon": -121.3592336, "direction": 248.0, "operator": "Unknown", "brand": "Unknown", "STATEFP": "06", "COUNTYFP": "067", "TRACTCE": "009314", "BLKGRPCE": "2", "AFFGEOID": "1500000US060670093142", "GEOID": "060670093142", "NAME_x": "2", "NAMELSAD": "Block Group 2", "LSAD": "BG", "ALAND": 1814064, "AWATER": 0, "NAME_y": "Block Group 2; Census Tract 93.14; Sacramento County; California", "pop_total": 2387, "median_income": 77372.0, "pop_white": "881", "pop_black": 142, "pop_native": "11", "pop_asian": "844", "pop_pacific": "85", "pop_other": "0", "pop_two_plus": "424", "pop_hispanic": 343, "pop_non_citizen": null, "poverty_universe": null, "pop_poverty": null, "total_households": 728, "renter_occupied": 167, "unemployed": "45", "single_parent_households": "185", "state": "06", "county": "067", "tract": "009314", "block group": "2", "surveilled_sites_count": 0, "surveilled_sites_list": "None", "surveilled_categories": "None", "pct_poverty": null, "pct_renter": 22.939560439560438, "pct_non_citizen": null, "pct_black": 5.9488898198575617, "pct_hispanic": 14.369501466275661 }, "geometry": { "type": "Point", "coordinates": [ -121.3592336, 38.4382219 ] } },
{ "type": "Feature", "properties": { "id": 13475052401, "lat": 38.4378183, "lon": -121.4088836, "direction": 162.0, "operator": "Unknown", "brand": "Unknown", "STATEFP": "06", "COUNTYFP": "067", "TRACTCE": "009639", "BLKGRPCE": "2", "AFFGEOID": "1500000US060670096392", "GEOID": "060670096392", "NAME_x": "2", "NAMELSAD": "Block Group 2", "LSAD": "BG", "ALAND": 1039857, "AWATER": 0, "NAME_y": "Block Group 2; Census Tract 96.39; Sacramento County; California", "pop_total": 1285, "median_income": null, "pop_white": "145", "pop_black": 127, "pop_native": "0", "pop_asian": "768", "pop_pacific": "52", "pop_other": "11", "pop_two_plus": "182", "pop_hispanic": 37, "pop_non_citizen": null, "poverty_universe": null, "pop_poverty": null, "total_households": 335, "renter_occupied": 137, "unemployed": "70", "single_parent_households": "149", "state": "06", "county": "067", "tract": "009639", "block group": "2", "surveilled_sites_count": 0, "surveilled_sites_list": "None", "surveilled_categories": "None", "pct_poverty": null, "pct_renter": 40.895522388059703, "pct_non_citizen": null, "pct_black": 9.8832684824902728, "pct_hispanic": 2.8793774319066148 }, "geometry": { "type": "Point", "coordinates": [ -121.4088836, 38.4378183 ] } },
{ "type": "Feature", "properties": { "id": 13477605965, "lat": 38.4365293, "lon": -121.3975423, "direction": 0.0, "operator": "Unknown", "brand": "Unknown", "STATEFP": "06", "COUNTYFP": "067", "TRACTCE": "009323", "BLKGRPCE": "2", "AFFGEOID": "1500000US060670093232", "GEOID": "060670093232", "NAME_x": "2", "NAMELSAD": "Block Group 2", "LSAD": "BG", "ALAND": 1088235, "AWATER": 0, "NAME_y": "Block Group 2; Census Tract 93.23; Sacramento County; California", "pop_total": 2938, "median_income": 101856.0, "pop_white": "1577", "pop_black": 82, "pop_native": "52", "pop_asian": "704", "pop_pacific": "100", "pop_other": "170", "pop_two_plus": "253", "pop_hispanic": 333, "pop_non_citizen": null, "poverty_universe": null, "pop_poverty": null, "total_households": 949, "renter_occupied": 236, "unemployed": "74", "single_parent_households": "377", "state": "06", "county": "067", "tract": "009323", "block group": "2", "surveilled_sites_count": 0, "surveilled_sites_list": "None", "surveilled_categories": "None", "pct_poverty": null, "pct_renter": 24.868282402528976, "pct_non_citizen": null, "pct_black": 2.7910142954390742, "pct_hispanic": 11.334240980258679 }, "geometry": { "type": "Point", "coordinates": [ -121.3975423, 38.436529299999968 ] } },
{ "type": "Feature", "properties": { "id": 13477606224, "lat": 38.4381239, "lon": -121.4037678, "direction": 245.0, "operator": "Unknown", "brand": "Unknown", "STATEFP": "06", "COUNTYFP": "067", "TRACTCE": "009608", "BLKGRPCE": "3", "AFFGEOID": "1500000US060670096083", "GEOID": "060670096083", "NAME_x": "3", "NAMELSAD": "Block Group 3", "LSAD": "BG", "ALAND": 752562, "AWATER": 0, "NAME_y": "Block Group 3; Census Tract 96.08; Sacramento County; California", "pop_total": 2995, "median_income": 84332.0, "pop_white": "292", "pop_black": 218, "pop_native": "0", "pop_asian": "1576", "pop_pacific": "251", "pop_other": "189", "pop_two_plus": "469", "pop_hispanic": 383, "pop_non_citizen": null, "poverty_universe": null, "pop_poverty": null, "total_households": 987, "renter_occupied": 413, "unemployed": "134", "single_parent_households": "445", "state": "06", "county": "067", "tract": "009608", "block group": "3", "surveilled_sites_count": 0, "surveilled_sites_list": "None", "surveilled_categories": "None", "pct_poverty": null, "pct_renter": 41.843971631205676, "pct_non_citizen": null, "pct_black": 7.2787979966611012, "pct_hispanic": 12.787979966611019 }, "geometry": { "type": "Point", "coordinates": [ -121.4037678, 38.438123899999987 ] } },
{ "type": "Feature", "properties": { "id": 13477644852, "lat": 38.429381, "lon": -121.4122966, "direction": 270.0, "operator": "Unknown", "brand": "Unknown", "STATEFP": "06", "COUNTYFP": "067", "TRACTCE": "009639", "BLKGRPCE": "1", "AFFGEOID": "1500000US060670096391", "GEOID": "060670096391", "NAME_x": "1", "NAMELSAD": "Block Group 1", "LSAD": "BG", "ALAND": 1190313, "AWATER": 0, "NAME_y": "Block Group 1; Census Tract 96.39; Sacramento County; California", "pop_total": 1121, "median_income": 140313.0, "pop_white": "338", "pop_black": 59, "pop_native": "0", "pop_asian": "594", "pop_pacific": "0", "pop_other": "117", "pop_two_plus": "13", "pop_hispanic": 143, "pop_non_citizen": null, "poverty_universe": null, "pop_poverty": null, "total_households": 276, "renter_occupied": 75, "unemployed": "86", "single_parent_households": "156", "state": "06", "county": "067", "tract": "009639", "block group": "1", "surveilled_sites_count": 0, "surveilled_sites_list": "None", "surveilled_categories": "None", "pct_poverty": null, "pct_renter": 27.173913043478258, "pct_non_citizen": null, "pct_black": 5.2631578947368416, "pct_hispanic": 12.756467439785906 }, "geometry": { "type": "Point", "coordinates": [ -121.412296600000019, 38.429381 ] } },
{ "type": "Feature", "properties": { "id": 13478054601, "lat": 38.616226, "lon": -121.2690689, "direction": 176.0, "operator": "Unknown", "brand": "Unknown", "STATEFP": "06", "COUNTYFP": "067", "TRACTCE": "008907", "BLKGRPCE": "1", "AFFGEOID": "1500000US060670089071", "GEOID": "060670089071", "NAME_x": "1", "NAMELSAD": "Block Group 1", "LSAD": "BG", "ALAND": 352662, "AWATER": 0, "NAME_y": "Block Group 1; Census Tract 89.07; Sacramento County; California", "pop_total": 1308, "median_income": 60380.0, "pop_white": "784", "pop_black": 187, "pop_native": "0", "pop_asian": "220", "pop_pacific": "22", "pop_other": "21", "pop_two_plus": "74", "pop_hispanic": 150, "pop_non_citizen": null, "poverty_universe": null, "pop_poverty": null, "total_households": 647, "renter_occupied": 573, "unemployed": "8", "single_parent_households": "205", "state": "06", "county": "067", "tract": "008907", "block group": "1", "surveilled_sites_count": 0, "surveilled_sites_list": "None", "surveilled_categories": "None", "pct_poverty": null, "pct_renter": 88.562596599690877, "pct_non_citizen": null, "pct_black": 14.296636085626913, "pct_hispanic": 11.467889908256881 }, "geometry": { "type": "Point", "coordinates": [ -121.2690689, 38.616226 ] } },
{ "type": "Feature", "properties": { "id": 13478085401, "lat": 38.4381727, "lon": -121.3714823, "direction": 333.0, "operator": "Unknown", "brand": "Unknown", "STATEFP": "06", "COUNTYFP": "067", "TRACTCE": "009314", "BLKGRPCE": "2", "AFFGEOID": "1500000US060670093142", "GEOID": "060670093142", "NAME_x": "2", "NAMELSAD": "Block Group 2", "LSAD": "BG", "ALAND": 1814064, "AWATER": 0, "NAME_y": "Block Group 2; Census Tract 93.14; Sacramento County; California", "pop_total": 2387, "median_income": 77372.0, "pop_white": "881", "pop_black": 142, "pop_native": "11", "pop_asian": "844", "pop_pacific": "85", "pop_other": "0", "pop_two_plus": "424", "pop_hispanic": 343, "pop_non_citizen": null, "poverty_universe": null, "pop_poverty": null, "total_households": 728, "renter_occupied": 167, "unemployed": "45", "single_parent_households": "185", "state": "06", "county": "067", "tract": "009314", "block group": "2", "surveilled_sites_count": 0, "surveilled_sites_list": "None", "surveilled_categories": "None", "pct_poverty": null, "pct_renter": 22.939560439560438, "pct_non_citizen": null, "pct_black": 5.9488898198575617, "pct_hispanic": 14.369501466275661 }, "geometry": { "type": "Point", "coordinates": [ -121.371482300000011, 38.438172699999974 ] } },
{ "type": "Feature", "properties": { "id": 13478087801, "lat": 38.4538084, "lon": -121.3164281, "direction": 253.0, "operator": "Unknown", "brand": "Unknown", "STATEFP": "06", "COUNTYFP": "067", "TRACTCE": "009326", "BLKGRPCE": "2", "AFFGEOID": "1500000US060670093262", "GEOID": "060670093262", "NAME_x": "2", "NAMELSAD": "Block Group 2", "LSAD": "BG", "ALAND": 917889, "AWATER": 0, "NAME_y": "Block Group 2; Census Tract 93.26; Sacramento County; California", "pop_total": 844, "median_income": 197019.0, "pop_white": "460", "pop_black": 0, "pop_native": "0", "pop_asian": "247", "pop_pacific": "9", "pop_other": "34", "pop_two_plus": "94", "pop_hispanic": 61, "pop_non_citizen": null, "poverty_universe": null, "pop_poverty": null, "total_households": 297, "renter_occupied": 8, "unemployed": "0", "single_parent_households": "125", "state": "06", "county": "067", "tract": "009326", "block group": "2", "surveilled_sites_count": 0, "surveilled_sites_list": "None", "surveilled_categories": "None", "pct_poverty": null, "pct_renter": 2.6936026936026933, "pct_non_citizen": null, "pct_black": 0.0, "pct_hispanic": 7.2274881516587675 }, "geometry": { "type": "Point", "coordinates": [ -121.31642810000001, 38.4538084 ] } },
{ "type": "Feature", "properties": { "id": 13478089501, "lat": 38.4521169, "lon": -121.277192, "direction": 3.0, "operator": "Unknown", "brand": "Unknown", "STATEFP": "06", "COUNTYFP": "067", "TRACTCE": "009336", "BLKGRPCE": "3", "AFFGEOID": "1500000US060670093363", "GEOID": "060670093363", "NAME_x": "3", "NAMELSAD": "Block Group 3", "LSAD": "BG", "ALAND": 7755220, "AWATER": 0, "NAME_y": "Block Group 3; Census Tract 93.36; Sacramento County; California", "pop_total": 2228, "median_income": 132333.0, "pop_white": "1170", "pop_black": 18, "pop_native": "20", "pop_asian": "410", "pop_pacific": "5", "pop_other": "188", "pop_two_plus": "417", "pop_hispanic": 597, "pop_non_citizen": null, "poverty_universe": null, "pop_poverty": null, "total_households": 658, "renter_occupied": 137, "unemployed": "15", "single_parent_households": "236", "state": "06", "county": "067", "tract": "009336", "block group": "3", "surveilled_sites_count": 0, "surveilled_sites_list": "None", "surveilled_categories": "None", "pct_poverty": null, "pct_renter": 20.820668693009118, "pct_non_citizen": null, "pct_black": 0.80789946140035895, "pct_hispanic": 26.795332136445243 }, "geometry": { "type": "Point", "coordinates": [ -121.277192, 38.452116900000014 ] } },
{ "type": "Feature", "properties": { "id": 13478313201, "lat": 38.520795, "lon": -121.2024095, "direction": 195.0, "operator": "Unknown", "brand": "Unknown", "STATEFP": "06", "COUNTYFP": "067", "TRACTCE": "008708", "BLKGRPCE": "2", "AFFGEOID": "1500000US060670087082", "GEOID": "060670087082", "NAME_x": "2", "NAMELSAD": "Block Group 2", "LSAD": "BG", "ALAND": 14611281, "AWATER": 217316, "NAME_y": "Block Group 2; Census Tract 87.08; Sacramento County; California", "pop_total": 38, "median_income": null, "pop_white": "15", "pop_black": 0, "pop_native": "0", "pop_asian": "0", "pop_pacific": "12", "pop_other": "0", "pop_two_plus": "11", "pop_hispanic": 0, "pop_non_citizen": null, "poverty_universe": null, "pop_poverty": null, "total_households": 12, "renter_occupied": 0, "unemployed": "0", "single_parent_households": "12", "state": "06", "county": "067", "tract": "008708", "block group": "2", "surveilled_sites_count": 0, "surveilled_sites_list": "None", "surveilled_categories": "None", "pct_poverty": null, "pct_renter": 0.0, "pct_non_citizen": null, "pct_black": 0.0, "pct_hispanic": 0.0 }, "geometry": { "type": "Point", "coordinates": [ -121.202409500000016, 38.520795 ] } },
{ "type": "Feature", "properties": { "id": 13479451401, "lat": 38.4088442, "lon": -121.3904664, "direction": 77.0, "operator": "Unknown", "brand": "Unknown", "STATEFP": "06", "COUNTYFP": "067", "TRACTCE": "009650", "BLKGRPCE": "1", "AFFGEOID": "1500000US060670096501", "GEOID": "060670096501", "NAME_x": "1", "NAMELSAD": "Block Group 1", "LSAD": "BG", "ALAND": 1324706, "AWATER": 0, "NAME_y": "Block Group 1; Census Tract 96.50; Sacramento County; California", "pop_total": 422, "median_income": 223375.0, "pop_white": "146", "pop_black": 17, "pop_native": "0", "pop_asian": "118", "pop_pacific": "10", "pop_other": "31", "pop_two_plus": "100", "pop_hispanic": 31, "pop_non_citizen": null, "poverty_universe": null, "pop_poverty": null, "total_households": 154, "renter_occupied": 0, "unemployed": "0", "single_parent_households": "54", "state": "06", "county": "067", "tract": "009650", "block group": "1", "surveilled_sites_count": 0, "surveilled_sites_list": "None", "surveilled_categories": "None", "pct_poverty": null, "pct_renter": 0.0, "pct_non_citizen": null, "pct_black": 4.028436018957346, "pct_hispanic": 7.3459715639810419 }, "geometry": { "type": "Point", "coordinates": [ -121.3904664, 38.4088442 ] } },
{ "type": "Feature", "properties": { "id": 13479459202, "lat": 38.4236801, "lon": -121.3737414, "direction": 228.0, "operator": "Unknown", "brand": "Unknown", "STATEFP": "06", "COUNTYFP": "067", "TRACTCE": "009323", "BLKGRPCE": "1", "AFFGEOID": "1500000US060670093231", "GEOID": "060670093231", "NAME_x": "1", "NAMELSAD": "Block Group 1", "LSAD": "BG", "ALAND": 2703630, "AWATER": 0, "NAME_y": "Block Group 1; Census Tract 93.23; Sacramento County; California", "pop_total": 2809, "median_income": 146818.0, "pop_white": "1290", "pop_black": 613, "pop_native": "0", "pop_asian": "587", "pop_pacific": "20", "pop_other": "62", "pop_two_plus": "237", "pop_hispanic": 295, "pop_non_citizen": null, "poverty_universe": null, "pop_poverty": null, "total_households": 822, "renter_occupied": 65, "unemployed": "77", "single_parent_households": "292", "state": "06", "county": "067", "tract": "009323", "block group": "1", "surveilled_sites_count": 0, "surveilled_sites_list": "None", "surveilled_categories": "None", "pct_poverty": null, "pct_renter": 7.9075425790754261, "pct_non_citizen": null, "pct_black": 21.822712709149165, "pct_hispanic": 10.501957992168032 }, "geometry": { "type": "Point", "coordinates": [ -121.373741400000014, 38.4236801 ] } },
{ "type": "Feature", "properties": { "id": 13479657601, "lat": 38.4378924, "lon": -121.3995307, "direction": 288.0, "operator": "Unknown", "brand": "Unknown", "STATEFP": "06", "COUNTYFP": "067", "TRACTCE": "009335", "BLKGRPCE": "2", "AFFGEOID": "1500000US060670093352", "GEOID": "060670093352", "NAME_x": "2", "NAMELSAD": "Block Group 2", "LSAD": "BG", "ALAND": 807017, "AWATER": 0, "NAME_y": "Block Group 2; Census Tract 93.35; Sacramento County; California", "pop_total": 2326, "median_income": 119732.0, "pop_white": "137", "pop_black": 220, "pop_native": "0", "pop_asian": "1208", "pop_pacific": "411", "pop_other": "280", "pop_two_plus": "70", "pop_hispanic": 155, "pop_non_citizen": null, "poverty_universe": null, "pop_poverty": null, "total_households": 493, "renter_occupied": 102, "unemployed": "62", "single_parent_households": "339", "state": "06", "county": "067", "tract": "009335", "block group": "2", "surveilled_sites_count": 0, "surveilled_sites_list": "None", "surveilled_categories": "None", "pct_poverty": null, "pct_renter": 20.689655172413794, "pct_non_citizen": null, "pct_black": 9.4582975064488384, "pct_hispanic": 6.6638005159071367 }, "geometry": { "type": "Point", "coordinates": [ -121.399530699999985, 38.437892399999988 ] } },
{ "type": "Feature", "properties": { "id": 13484042801, "lat": 38.4528891, "lon": -121.3326109, "direction": 307.0, "operator": "Unknown", "brand": "Unknown", "STATEFP": "06", "COUNTYFP": "067", "TRACTCE": "009326", "BLKGRPCE": "1", "AFFGEOID": "1500000US060670093261", "GEOID": "060670093261", "NAME_x": "1", "NAMELSAD": "Block Group 1", "LSAD": "BG", "ALAND": 1399370, "AWATER": 0, "NAME_y": "Block Group 1; Census Tract 93.26; Sacramento County; California", "pop_total": 2000, "median_income": 159973.0, "pop_white": "643", "pop_black": 87, "pop_native": "7", "pop_asian": "881", "pop_pacific": "11", "pop_other": "70", "pop_two_plus": "301", "pop_hispanic": 265, "pop_non_citizen": null, "poverty_universe": null, "pop_poverty": null, "total_households": 521, "renter_occupied": 21, "unemployed": "0", "single_parent_households": "264", "state": "06", "county": "067", "tract": "009326", "block group": "1", "surveilled_sites_count": 0, "surveilled_sites_list": "None", "surveilled_categories": "None", "pct_poverty": null, "pct_renter": 4.0307101727447217, "pct_non_citizen": null, "pct_black": 4.35, "pct_hispanic": 13.25 }, "geometry": { "type": "Point", "coordinates": [ -121.3326109, 38.4528891 ] } },
{ "type": "Feature", "properties": { "id": 13484044601, "lat": 38.4541595, "lon": -121.3344957, "direction": 53.0, "operator": "Unknown", "brand": "Unknown", "STATEFP": "06", "COUNTYFP": "067", "TRACTCE": "009326", "BLKGRPCE": "1", "AFFGEOID": "1500000US060670093261", "GEOID": "060670093261", "NAME_x": "1", "NAMELSAD": "Block Group 1", "LSAD": "BG", "ALAND": 1399370, "AWATER": 0, "NAME_y": "Block Group 1; Census Tract 93.26; Sacramento County; California", "pop_total": 2000, "median_income": 159973.0, "pop_white": "643", "pop_black": 87, "pop_native": "7", "pop_asian": "881", "pop_pacific": "11", "pop_other": "70", "pop_two_plus": "301", "pop_hispanic": 265, "pop_non_citizen": null, "poverty_universe": null, "pop_poverty": null, "total_households": 521, "renter_occupied": 21, "unemployed": "0", "single_parent_households": "264", "state": "06", "county": "067", "tract": "009326", "block group": "1", "surveilled_sites_count": 0, "surveilled_sites_list": "None", "surveilled_categories": "None", "pct_poverty": null, "pct_renter": 4.0307101727447217, "pct_non_citizen": null, "pct_black": 4.35, "pct_hispanic": 13.25 }, "geometry": { "type": "Point", "coordinates": [ -121.3344957, 38.454159500000038 ] } },
{ "type": "Feature", "properties": { "id": 13505583701, "lat": 38.4088527, "lon": -121.3708662, "direction": 93.0, "operator": "Unknown", "brand": "Unknown", "STATEFP": "06", "COUNTYFP": "067", "TRACTCE": "009310", "BLKGRPCE": "1", "AFFGEOID": "1500000US060670093101", "GEOID": "060670093101", "NAME_x": "1", "NAMELSAD": "Block Group 1", "LSAD": "BG", "ALAND": 616466, "AWATER": 0, "NAME_y": "Block Group 1; Census Tract 93.10; Sacramento County; California", "pop_total": 2428, "median_income": 59188.0, "pop_white": "1381", "pop_black": 303, "pop_native": "0", "pop_asian": "291", "pop_pacific": "0", "pop_other": "264", "pop_two_plus": "189", "pop_hispanic": 683, "pop_non_citizen": null, "poverty_universe": null, "pop_poverty": null, "total_households": 764, "renter_occupied": 441, "unemployed": "201", "single_parent_households": "333", "state": "06", "county": "067", "tract": "009310", "block group": "1", "surveilled_sites_count": 0, "surveilled_sites_list": "None", "surveilled_categories": "None", "pct_poverty": null, "pct_renter": 57.722513089005233, "pct_non_citizen": null, "pct_black": 12.479406919275124, "pct_hispanic": 28.13014827018122 }, "geometry": { "type": "Point", "coordinates": [ -121.3708662, 38.408852700000025 ] } },
{ "type": "Feature", "properties": { "id": 13505587501, "lat": 38.4092422, "lon": -121.3903642, "direction": 249.0, "operator": "Unknown", "brand": "Unknown", "STATEFP": "06", "COUNTYFP": "067", "TRACTCE": "009611", "BLKGRPCE": "2", "AFFGEOID": "1500000US060670096112", "GEOID": "060670096112", "NAME_x": "2", "NAMELSAD": "Block Group 2", "LSAD": "BG", "ALAND": 1223479, "AWATER": 0, "NAME_y": "Block Group 2; Census Tract 96.11; Sacramento County; California", "pop_total": 3128, "median_income": 112583.0, "pop_white": "994", "pop_black": 376, "pop_native": "3", "pop_asian": "824", "pop_pacific": "0", "pop_other": "142", "pop_two_plus": "789", "pop_hispanic": 471, "pop_non_citizen": null, "poverty_universe": null, "pop_poverty": null, "total_households": 871, "renter_occupied": 211, "unemployed": "82", "single_parent_households": "432", "state": "06", "county": "067", "tract": "009611", "block group": "2", "surveilled_sites_count": 0, "surveilled_sites_list": "None", "surveilled_categories": "None", "pct_poverty": null, "pct_renter": 24.225028702640643, "pct_non_citizen": null, "pct_black": 12.020460358056265, "pct_hispanic": 15.057544757033249 }, "geometry": { "type": "Point", "coordinates": [ -121.3903642, 38.4092422 ] } },
{ "type": "Feature", "properties": { "id": 13512297801, "lat": 38.4245607, "lon": -121.4071425, "direction": 45.0, "operator": "Unknown", "brand": "Unknown", "STATEFP": "06", "COUNTYFP": "067", "TRACTCE": "009639", "BLKGRPCE": "1", "AFFGEOID": "1500000US060670096391", "GEOID": "060670096391", "NAME_x": "1", "NAMELSAD": "Block Group 1", "LSAD": "BG", "ALAND": 1190313, "AWATER": 0, "NAME_y": "Block Group 1; Census Tract 96.39; Sacramento County; California", "pop_total": 1121, "median_income": 140313.0, "pop_white": "338", "pop_black": 59, "pop_native": "0", "pop_asian": "594", "pop_pacific": "0", "pop_other": "117", "pop_two_plus": "13", "pop_hispanic": 143, "pop_non_citizen": null, "poverty_universe": null, "pop_poverty": null, "total_households": 276, "renter_occupied": 75, "unemployed": "86", "single_parent_households": "156", "state": "06", "county": "067", "tract": "009639", "block group": "1", "surveilled_sites_count": 0, "surveilled_sites_list": "None", "surveilled_categories": "None", "pct_poverty": null, "pct_renter": 27.173913043478258, "pct_non_citizen": null, "pct_black": 5.2631578947368416, "pct_hispanic": 12.756467439785906 }, "geometry": { "type": "Point", "coordinates": [ -121.40714250000002, 38.424560700000036 ] } },
{ "type": "Feature", "properties": { "id": 13512300001, "lat": 38.4255926, "lon": -121.4079937, "direction": 77.0, "operator": "Unknown", "brand": "Unknown", "STATEFP": "06", "COUNTYFP": "067", "TRACTCE": "009639", "BLKGRPCE": "1", "AFFGEOID": "1500000US060670096391", "GEOID": "060670096391", "NAME_x": "1", "NAMELSAD": "Block Group 1", "LSAD": "BG", "ALAND": 1190313, "AWATER": 0, "NAME_y": "Block Group 1; Census Tract 96.39; Sacramento County; California", "pop_total": 1121, "median_income": 140313.0, "pop_white": "338", "pop_black": 59, "pop_native": "0", "pop_asian": "594", "pop_pacific": "0", "pop_other": "117", "pop_two_plus": "13", "pop_hispanic": 143, "pop_non_citizen": null, "poverty_universe": null, "pop_poverty": null, "total_households": 276, "renter_occupied": 75, "unemployed": "86", "single_parent_households": "156", "state": "06", "county": "067", "tract": "009639", "block group": "1", "surveilled_sites_count": 0, "surveilled_sites_list": "None", "surveilled_categories": "None", "pct_poverty": null, "pct_renter": 27.173913043478258, "pct_non_citizen": null, "pct_black": 5.2631578947368416, "pct_hispanic": 12.756467439785906 }, "geometry": { "type": "Point", "coordinates": [ -121.40799370000002, 38.4255926 ] } },
{ "type": "Feature", "properties": { "id": 13513765601, "lat": 38.6921818, "lon": -121.2625057, "direction": 204.0, "operator": "Unknown", "brand": "Unknown", "STATEFP": "06", "COUNTYFP": "067", "TRACTCE": "008120", "BLKGRPCE": "1", "AFFGEOID": "1500000US060670081201", "GEOID": "060670081201", "NAME_x": "1", "NAMELSAD": "Block Group 1", "LSAD": "BG", "ALAND": 753798, "AWATER": 0, "NAME_y": "Block Group 1; Census Tract 81.20; Sacramento County; California", "pop_total": 2121, "median_income": 89318.0, "pop_white": "1710", "pop_black": 21, "pop_native": "0", "pop_asian": "102", "pop_pacific": "0", "pop_other": "164", "pop_two_plus": "124", "pop_hispanic": 405, "pop_non_citizen": null, "poverty_universe": null, "pop_poverty": null, "total_households": 698, "renter_occupied": 257, "unemployed": "78", "single_parent_households": "282", "state": "06", "county": "067", "tract": "008120", "block group": "1", "surveilled_sites_count": 0, "surveilled_sites_list": "None", "surveilled_categories": "None", "pct_poverty": null, "pct_renter": 36.819484240687679, "pct_non_citizen": null, "pct_black": 0.99009900990099009, "pct_hispanic": 19.094766619519092 }, "geometry": { "type": "Point", "coordinates": [ -121.2625057, 38.692181799999979 ] } },
{ "type": "Feature", "properties": { "id": 13515780001, "lat": 38.4087097, "lon": -121.4813656, "direction": 62.0, "operator": "Unknown", "brand": "Unknown", "STATEFP": "06", "COUNTYFP": "067", "TRACTCE": "009635", "BLKGRPCE": "2", "AFFGEOID": "1500000US060670096352", "GEOID": "060670096352", "NAME_x": "2", "NAMELSAD": "Block Group 2", "LSAD": "BG", "ALAND": 6955467, "AWATER": 105901, "NAME_y": "Block Group 2; Census Tract 96.35; Sacramento County; California", "pop_total": 724, "median_income": 148750.0, "pop_white": "198", "pop_black": 0, "pop_native": "0", "pop_asian": "255", "pop_pacific": "0", "pop_other": "13", "pop_two_plus": "258", "pop_hispanic": 256, "pop_non_citizen": null, "poverty_universe": null, "pop_poverty": null, "total_households": 274, "renter_occupied": 13, "unemployed": "29", "single_parent_households": "60", "state": "06", "county": "067", "tract": "009635", "block group": "2", "surveilled_sites_count": 0, "surveilled_sites_list": "None", "surveilled_categories": "None", "pct_poverty": null, "pct_renter": 4.7445255474452548, "pct_non_citizen": null, "pct_black": 0.0, "pct_hispanic": 35.359116022099442 }, "geometry": { "type": "Point", "coordinates": [ -121.481365600000018, 38.40870970000001 ] } },
{ "type": "Feature", "properties": { "id": 13515796301, "lat": 38.4086817, "lon": -121.4814114, "direction": 62.0, "operator": "Unknown", "brand": "Unknown", "STATEFP": "06", "COUNTYFP": "067", "TRACTCE": "009635", "BLKGRPCE": "2", "AFFGEOID": "1500000US060670096352", "GEOID": "060670096352", "NAME_x": "2", "NAMELSAD": "Block Group 2", "LSAD": "BG", "ALAND": 6955467, "AWATER": 105901, "NAME_y": "Block Group 2; Census Tract 96.35; Sacramento County; California", "pop_total": 724, "median_income": 148750.0, "pop_white": "198", "pop_black": 0, "pop_native": "0", "pop_asian": "255", "pop_pacific": "0", "pop_other": "13", "pop_two_plus": "258", "pop_hispanic": 256, "pop_non_citizen": null, "poverty_universe": null, "pop_poverty": null, "total_households": 274, "renter_occupied": 13, "unemployed": "29", "single_parent_households": "60", "state": "06", "county": "067", "tract": "009635", "block group": "2", "surveilled_sites_count": 0, "surveilled_sites_list": "None", "surveilled_categories": "None", "pct_poverty": null, "pct_renter": 4.7445255474452548, "pct_non_citizen": null, "pct_black": 0.0, "pct_hispanic": 35.359116022099442 }, "geometry": { "type": "Point", "coordinates": [ -121.4814114, 38.40868169999996 ] } },
{ "type": "Feature", "properties": { "id": 13520361742, "lat": 38.6728339, "lon": -121.3098174, "direction": 130.0, "operator": "Unknown", "brand": "Unknown", "STATEFP": "06", "COUNTYFP": "067", "TRACTCE": "008134", "BLKGRPCE": "1", "AFFGEOID": "1500000US060670081341", "GEOID": "060670081341", "NAME_x": "1", "NAMELSAD": "Block Group 1", "LSAD": "BG", "ALAND": 645980, "AWATER": 0, "NAME_y": "Block Group 1; Census Tract 81.34; Sacramento County; California", "pop_total": 837, "median_income": 102679.0, "pop_white": "712", "pop_black": 0, "pop_native": "0", "pop_asian": "40", "pop_pacific": "0", "pop_other": "32", "pop_two_plus": "53", "pop_hispanic": 39, "pop_non_citizen": null, "poverty_universe": null, "pop_poverty": null, "total_households": 276, "renter_occupied": 43, "unemployed": "34", "single_parent_households": "71", "state": "06", "county": "067", "tract": "008134", "block group": "1", "surveilled_sites_count": 0, "surveilled_sites_list": "None", "surveilled_categories": "None", "pct_poverty": null, "pct_renter": 15.579710144927535, "pct_non_citizen": null, "pct_black": 0.0, "pct_hispanic": 4.6594982078853047 }, "geometry": { "type": "Point", "coordinates": [ -121.309817399999986, 38.672833900000015 ] } },
{ "type": "Feature", "properties": { "id": 13520361743, "lat": 38.6720613, "lon": -121.3090904, "direction": 300.0, "operator": "Unknown", "brand": "Unknown", "STATEFP": "06", "COUNTYFP": "067", "TRACTCE": "008119", "BLKGRPCE": "3", "AFFGEOID": "1500000US060670081193", "GEOID": "060670081193", "NAME_x": "3", "NAMELSAD": "Block Group 3", "LSAD": "BG", "ALAND": 405464, "AWATER": 0, "NAME_y": "Block Group 3; Census Tract 81.19; Sacramento County; California", "pop_total": 548, "median_income": 62639.0, "pop_white": "443", "pop_black": 39, "pop_native": "0", "pop_asian": "21", "pop_pacific": "0", "pop_other": "31", "pop_two_plus": "14", "pop_hispanic": 31, "pop_non_citizen": null, "poverty_universe": null, "pop_poverty": null, "total_households": 262, "renter_occupied": 97, "unemployed": "15", "single_parent_households": "45", "state": "06", "county": "067", "tract": "008119", "block group": "3", "surveilled_sites_count": 0, "surveilled_sites_list": "None", "surveilled_categories": "None", "pct_poverty": null, "pct_renter": 37.022900763358777, "pct_non_citizen": null, "pct_black": 7.1167883211678831, "pct_hispanic": 5.6569343065693429 }, "geometry": { "type": "Point", "coordinates": [ -121.309090399999988, 38.6720613 ] } },
{ "type": "Feature", "properties": { "id": 13520389446, "lat": 38.6800741, "lon": -121.3222664, "direction": 100.0, "operator": "Unknown", "brand": "Unknown", "STATEFP": "06", "COUNTYFP": "067", "TRACTCE": "008131", "BLKGRPCE": "4", "AFFGEOID": "1500000US060670081314", "GEOID": "060670081314", "NAME_x": "4", "NAMELSAD": "Block Group 4", "LSAD": "BG", "ALAND": 1040084, "AWATER": 0, "NAME_y": "Block Group 4; Census Tract 81.31; Sacramento County; California", "pop_total": 1377, "median_income": 101654.0, "pop_white": "1231", "pop_black": 0, "pop_native": "0", "pop_asian": "0", "pop_pacific": "0", "pop_other": "64", "pop_two_plus": "82", "pop_hispanic": 65, "pop_non_citizen": null, "poverty_universe": null, "pop_poverty": null, "total_households": 609, "renter_occupied": 40, "unemployed": "31", "single_parent_households": "137", "state": "06", "county": "067", "tract": "008131", "block group": "4", "surveilled_sites_count": 0, "surveilled_sites_list": "None", "surveilled_categories": "None", "pct_poverty": null, "pct_renter": 6.5681444991789819, "pct_non_citizen": null, "pct_black": 0.0, "pct_hispanic": 4.7204066811909948 }, "geometry": { "type": "Point", "coordinates": [ -121.3222664, 38.6800741 ] } },
{ "type": "Feature", "properties": { "id": 13523415908, "lat": 38.7132138, "lon": -121.364176, "direction": 70.0, "operator": "Unknown", "brand": "Unknown", "STATEFP": "06", "COUNTYFP": "067", "TRACTCE": "007438", "BLKGRPCE": "1", "AFFGEOID": "1500000US060670074381", "GEOID": "060670074381", "NAME_x": "1", "NAMELSAD": "Block Group 1", "LSAD": "BG", "ALAND": 742335, "AWATER": 0, "NAME_y": "Block Group 1; Census Tract 74.38; Sacramento County; California", "pop_total": 3091, "median_income": 64141.0, "pop_white": "1896", "pop_black": 158, "pop_native": "0", "pop_asian": "498", "pop_pacific": "0", "pop_other": "218", "pop_two_plus": "321", "pop_hispanic": 607, "pop_non_citizen": null, "poverty_universe": null, "pop_poverty": null, "total_households": 1191, "renter_occupied": 600, "unemployed": "113", "single_parent_households": "463", "state": "06", "county": "067", "tract": "007438", "block group": "1", "surveilled_sites_count": 0, "surveilled_sites_list": "None", "surveilled_categories": "None", "pct_poverty": null, "pct_renter": 50.377833753148614, "pct_non_citizen": null, "pct_black": 5.1116143642834029, "pct_hispanic": 19.63765771594953 }, "geometry": { "type": "Point", "coordinates": [ -121.364176, 38.713213800000041 ] } },
{ "type": "Feature", "properties": { "id": 13525359084, "lat": 38.6175171, "lon": -121.4697888, "direction": 105.0, "operator": "Sacramento Police Department", "brand": "Unknown", "STATEFP": "06", "COUNTYFP": "067", "TRACTCE": "007001", "BLKGRPCE": "1", "AFFGEOID": "1500000US060670070011", "GEOID": "060670070011", "NAME_x": "1", "NAMELSAD": "Block Group 1", "LSAD": "BG", "ALAND": 1973263, "AWATER": 28907, "NAME_y": "Block Group 1; Census Tract 70.01; Sacramento County; California", "pop_total": 2794, "median_income": 52321.0, "pop_white": "1078", "pop_black": 67, "pop_native": "32", "pop_asian": "462", "pop_pacific": "0", "pop_other": "685", "pop_two_plus": "470", "pop_hispanic": 1781, "pop_non_citizen": null, "poverty_universe": null, "pop_poverty": null, "total_households": 788, "renter_occupied": 341, "unemployed": "54", "single_parent_households": "382", "state": "06", "county": "067", "tract": "007001", "block group": "1", "surveilled_sites_count": 0, "surveilled_sites_list": "None", "surveilled_categories": "None", "pct_poverty": null, "pct_renter": 43.274111675126903, "pct_non_citizen": null, "pct_black": 2.3979957050823191, "pct_hispanic": 63.743736578382247 }, "geometry": { "type": "Point", "coordinates": [ -121.469788800000018, 38.6175171 ] } },
{ "type": "Feature", "properties": { "id": 13525359087, "lat": 38.6347628, "lon": -121.4406032, "direction": 270.0, "operator": "Sacramento Police Department", "brand": "Unknown", "STATEFP": "06", "COUNTYFP": "067", "TRACTCE": "006501", "BLKGRPCE": "2", "AFFGEOID": "1500000US060670065012", "GEOID": "060670065012", "NAME_x": "2", "NAMELSAD": "Block Group 2", "LSAD": "BG", "ALAND": 317838, "AWATER": 0, "NAME_y": "Block Group 2; Census Tract 65.01; Sacramento County; California", "pop_total": 540, "median_income": 19135.0, "pop_white": "83", "pop_black": 258, "pop_native": "0", "pop_asian": "115", "pop_pacific": "0", "pop_other": "84", "pop_two_plus": "0", "pop_hispanic": 73, "pop_non_citizen": null, "poverty_universe": null, "pop_poverty": null, "total_households": 281, "renter_occupied": 222, "unemployed": "0", "single_parent_households": "10", "state": "06", "county": "067", "tract": "006501", "block group": "2", "surveilled_sites_count": 0, "surveilled_sites_list": "None", "surveilled_categories": "None", "pct_poverty": null, "pct_renter": 79.003558718861214, "pct_non_citizen": null, "pct_black": 47.777777777777779, "pct_hispanic": 13.518518518518519 }, "geometry": { "type": "Point", "coordinates": [ -121.4406032, 38.634762800000011 ] } },
{ "type": "Feature", "properties": { "id": 13525363902, "lat": 38.406153, "lon": -121.3714079, "direction": 0.0, "operator": "Unknown", "brand": "Unknown", "STATEFP": "06", "COUNTYFP": "067", "TRACTCE": "009310", "BLKGRPCE": "1", "AFFGEOID": "1500000US060670093101", "GEOID": "060670093101", "NAME_x": "1", "NAMELSAD": "Block Group 1", "LSAD": "BG", "ALAND": 616466, "AWATER": 0, "NAME_y": "Block Group 1; Census Tract 93.10; Sacramento County; California", "pop_total": 2428, "median_income": 59188.0, "pop_white": "1381", "pop_black": 303, "pop_native": "0", "pop_asian": "291", "pop_pacific": "0", "pop_other": "264", "pop_two_plus": "189", "pop_hispanic": 683, "pop_non_citizen": null, "poverty_universe": null, "pop_poverty": null, "total_households": 764, "renter_occupied": 441, "unemployed": "201", "single_parent_households": "333", "state": "06", "county": "067", "tract": "009310", "block group": "1", "surveilled_sites_count": 0, "surveilled_sites_list": "None", "surveilled_categories": "None", "pct_poverty": null, "pct_renter": 57.722513089005233, "pct_non_citizen": null, "pct_black": 12.479406919275124, "pct_hispanic": 28.13014827018122 }, "geometry": { "type": "Point", "coordinates": [ -121.3714079, 38.406153 ] } },
{ "type": "Feature", "properties": { "id": 13525378501, "lat": 38.4080097, "lon": -121.3849354, "direction": 204.0, "operator": "Unknown", "brand": "Unknown", "STATEFP": "06", "COUNTYFP": "067", "TRACTCE": "009309", "BLKGRPCE": "1", "AFFGEOID": "1500000US060670093091", "GEOID": "060670093091", "NAME_x": "1", "NAMELSAD": "Block Group 1", "LSAD": "BG", "ALAND": 1057124, "AWATER": 0, "NAME_y": "Block Group 1; Census Tract 93.09; Sacramento County; California", "pop_total": 1726, "median_income": 76875.0, "pop_white": "1107", "pop_black": 69, "pop_native": "44", "pop_asian": "190", "pop_pacific": "30", "pop_other": "131", "pop_two_plus": "155", "pop_hispanic": 335, "pop_non_citizen": null, "poverty_universe": null, "pop_poverty": null, "total_households": 633, "renter_occupied": 93, "unemployed": "72", "single_parent_households": "177", "state": "06", "county": "067", "tract": "009309", "block group": "1", "surveilled_sites_count": 0, "surveilled_sites_list": "None", "surveilled_categories": "None", "pct_poverty": null, "pct_renter": 14.691943127962084, "pct_non_citizen": null, "pct_black": 3.9976825028968719, "pct_hispanic": 19.409038238702202 }, "geometry": { "type": "Point", "coordinates": [ -121.384935399999989, 38.408009699999972 ] } },
{ "type": "Feature", "properties": { "id": 13525378601, "lat": 38.4070648, "lon": -121.3857868, "direction": 214.0, "operator": "Unknown", "brand": "Unknown", "STATEFP": "06", "COUNTYFP": "067", "TRACTCE": "009309", "BLKGRPCE": "1", "AFFGEOID": "1500000US060670093091", "GEOID": "060670093091", "NAME_x": "1", "NAMELSAD": "Block Group 1", "LSAD": "BG", "ALAND": 1057124, "AWATER": 0, "NAME_y": "Block Group 1; Census Tract 93.09; Sacramento County; California", "pop_total": 1726, "median_income": 76875.0, "pop_white": "1107", "pop_black": 69, "pop_native": "44", "pop_asian": "190", "pop_pacific": "30", "pop_other": "131", "pop_two_plus": "155", "pop_hispanic": 335, "pop_non_citizen": null, "poverty_universe": null, "pop_poverty": null, "total_households": 633, "renter_occupied": 93, "unemployed": "72", "single_parent_households": "177", "state": "06", "county": "067", "tract": "009309", "block group": "1", "surveilled_sites_count": 0, "surveilled_sites_list": "None", "surveilled_categories": "None", "pct_poverty": null, "pct_renter": 14.691943127962084, "pct_non_citizen": null, "pct_black": 3.9976825028968719, "pct_hispanic": 19.409038238702202 }, "geometry": { "type": "Point", "coordinates": [ -121.38578680000002, 38.4070648 ] } },
{ "type": "Feature", "properties": { "id": 13525383986, "lat": 38.6365847, "lon": -121.4299716, "direction": 260.0, "operator": "Sacramento Police Department", "brand": "Unknown", "STATEFP": "06", "COUNTYFP": "067", "TRACTCE": "006501", "BLKGRPCE": "1", "AFFGEOID": "1500000US060670065011", "GEOID": "060670065011", "NAME_x": "1", "NAMELSAD": "Block Group 1", "LSAD": "BG", "ALAND": 877417, "AWATER": 0, "NAME_y": "Block Group 1; Census Tract 65.01; Sacramento County; California", "pop_total": 1209, "median_income": 48625.0, "pop_white": "314", "pop_black": 285, "pop_native": "35", "pop_asian": "166", "pop_pacific": "0", "pop_other": "258", "pop_two_plus": "151", "pop_hispanic": 644, "pop_non_citizen": null, "poverty_universe": null, "pop_poverty": null, "total_households": 445, "renter_occupied": 248, "unemployed": "93", "single_parent_households": "141", "state": "06", "county": "067", "tract": "006501", "block group": "1", "surveilled_sites_count": 0, "surveilled_sites_list": "None", "surveilled_categories": "None", "pct_poverty": null, "pct_renter": 55.730337078651679, "pct_non_citizen": null, "pct_black": 23.573200992555833, "pct_hispanic": 53.267162944582303 }, "geometry": { "type": "Point", "coordinates": [ -121.4299716, 38.636584699999972 ] } },
{ "type": "Feature", "properties": { "id": 13525383987, "lat": 38.6365209, "lon": -121.4383247, "direction": 90.0, "operator": "Sacramento Police Department", "brand": "Unknown", "STATEFP": "06", "COUNTYFP": "067", "TRACTCE": "006501", "BLKGRPCE": "1", "AFFGEOID": "1500000US060670065011", "GEOID": "060670065011", "NAME_x": "1", "NAMELSAD": "Block Group 1", "LSAD": "BG", "ALAND": 877417, "AWATER": 0, "NAME_y": "Block Group 1; Census Tract 65.01; Sacramento County; California", "pop_total": 1209, "median_income": 48625.0, "pop_white": "314", "pop_black": 285, "pop_native": "35", "pop_asian": "166", "pop_pacific": "0", "pop_other": "258", "pop_two_plus": "151", "pop_hispanic": 644, "pop_non_citizen": null, "poverty_universe": null, "pop_poverty": null, "total_households": 445, "renter_occupied": 248, "unemployed": "93", "single_parent_households": "141", "state": "06", "county": "067", "tract": "006501", "block group": "1", "surveilled_sites_count": 1, "surveilled_sites_list": "Allen Chapel African Methodist Episcopal Church", "surveilled_categories": "place_of_worship", "pct_poverty": null, "pct_renter": 55.730337078651679, "pct_non_citizen": null, "pct_black": 23.573200992555833, "pct_hispanic": 53.267162944582303 }, "geometry": { "type": "Point", "coordinates": [ -121.4383247, 38.636520899999965 ] } },
{ "type": "Feature", "properties": { "id": 13525383988, "lat": 38.6441707, "lon": -121.4568134, "direction": 0.0, "operator": "Sacramento Police Department", "brand": "Unknown", "STATEFP": "06", "COUNTYFP": "067", "TRACTCE": "006704", "BLKGRPCE": "2", "AFFGEOID": "1500000US060670067042", "GEOID": "060670067042", "NAME_x": "2", "NAMELSAD": "Block Group 2", "LSAD": "BG", "ALAND": 161660, "AWATER": 0, "NAME_y": "Block Group 2; Census Tract 67.04; Sacramento County; California", "pop_total": 1827, "median_income": 72813.0, "pop_white": "600", "pop_black": 340, "pop_native": "68", "pop_asian": "449", "pop_pacific": "0", "pop_other": "295", "pop_two_plus": "75", "pop_hispanic": 807, "pop_non_citizen": null, "poverty_universe": null, "pop_poverty": null, "total_households": 415, "renter_occupied": 227, "unemployed": "165", "single_parent_households": "164", "state": "06", "county": "067", "tract": "006704", "block group": "2", "surveilled_sites_count": 0, "surveilled_sites_list": "None", "surveilled_categories": "None", "pct_poverty": null, "pct_renter": 54.69879518072289, "pct_non_citizen": null, "pct_black": 18.609742747673781, "pct_hispanic": 44.170771756978652 }, "geometry": { "type": "Point", "coordinates": [ -121.456813400000016, 38.6441707 ] } },
{ "type": "Feature", "properties": { "id": 13525393292, "lat": 38.6381349, "lon": -121.3802622, "direction": 40.0, "operator": "Sacramento Police Department", "brand": "Unknown", "STATEFP": "06", "COUNTYFP": "067", "TRACTCE": "006003", "BLKGRPCE": "2", "AFFGEOID": "1500000US060670060032", "GEOID": "060670060032", "NAME_x": "2", "NAMELSAD": "Block Group 2", "LSAD": "BG", "ALAND": 571896, "AWATER": 0, "NAME_y": "Block Group 2; Census Tract 60.03; Sacramento County; California", "pop_total": 1699, "median_income": 45500.0, "pop_white": "750", "pop_black": 197, "pop_native": "0", "pop_asian": "29", "pop_pacific": "0", "pop_other": "572", "pop_two_plus": "151", "pop_hispanic": 662, "pop_non_citizen": null, "poverty_universe": null, "pop_poverty": null, "total_households": 714, "renter_occupied": 579, "unemployed": "137", "single_parent_households": "267", "state": "06", "county": "067", "tract": "006003", "block group": "2", "surveilled_sites_count": 0, "surveilled_sites_list": "None", "surveilled_categories": "None", "pct_poverty": null, "pct_renter": 81.092436974789919, "pct_non_citizen": null, "pct_black": 11.595055915244261, "pct_hispanic": 38.964096527369044 }, "geometry": { "type": "Point", "coordinates": [ -121.3802622, 38.638134899999976 ] } },
{ "type": "Feature", "properties": { "id": 13525393293, "lat": 38.6582596, "lon": -121.4268683, "direction": 270.0, "operator": "Sacramento Police Department", "brand": "Unknown", "STATEFP": "06", "COUNTYFP": "067", "TRACTCE": "007204", "BLKGRPCE": "1", "AFFGEOID": "1500000US060670072041", "GEOID": "060670072041", "NAME_x": "1", "NAMELSAD": "Block Group 1", "LSAD": "BG", "ALAND": 4145885, "AWATER": 0, "NAME_y": "Block Group 1; Census Tract 72.04; Sacramento County; California", "pop_total": 2756, "median_income": 72019.0, "pop_white": "1518", "pop_black": 154, "pop_native": "15", "pop_asian": "496", "pop_pacific": "23", "pop_other": "223", "pop_two_plus": "327", "pop_hispanic": 1130, "pop_non_citizen": null, "poverty_universe": null, "pop_poverty": null, "total_households": 793, "renter_occupied": 164, "unemployed": "146", "single_parent_households": "417", "state": "06", "county": "067", "tract": "007204", "block group": "1", "surveilled_sites_count": 0, "surveilled_sites_list": "None", "surveilled_categories": "None", "pct_poverty": null, "pct_renter": 20.680958385876419, "pct_non_citizen": null, "pct_black": 5.5878084179970973, "pct_hispanic": 41.001451378809868 }, "geometry": { "type": "Point", "coordinates": [ -121.42686830000001, 38.6582596 ] } },
{ "type": "Feature", "properties": { "id": 13525393294, "lat": 38.6575507, "lon": -121.4234123, "direction": 170.0, "operator": "Sacramento Police Department", "brand": "Unknown", "STATEFP": "06", "COUNTYFP": "067", "TRACTCE": "007204", "BLKGRPCE": "1", "AFFGEOID": "1500000US060670072041", "GEOID": "060670072041", "NAME_x": "1", "NAMELSAD": "Block Group 1", "LSAD": "BG", "ALAND": 4145885, "AWATER": 0, "NAME_y": "Block Group 1; Census Tract 72.04; Sacramento County; California", "pop_total": 2756, "median_income": 72019.0, "pop_white": "1518", "pop_black": 154, "pop_native": "15", "pop_asian": "496", "pop_pacific": "23", "pop_other": "223", "pop_two_plus": "327", "pop_hispanic": 1130, "pop_non_citizen": null, "poverty_universe": null, "pop_poverty": null, "total_households": 793, "renter_occupied": 164, "unemployed": "146", "single_parent_households": "417", "state": "06", "county": "067", "tract": "007204", "block group": "1", "surveilled_sites_count": 0, "surveilled_sites_list": "None", "surveilled_categories": "None", "pct_poverty": null, "pct_renter": 20.680958385876419, "pct_non_citizen": null, "pct_black": 5.5878084179970973, "pct_hispanic": 41.001451378809868 }, "geometry": { "type": "Point", "coordinates": [ -121.42341230000001, 38.6575507 ] } },
{ "type": "Feature", "properties": { "id": 13525393295, "lat": 38.6166743, "lon": -121.4460989, "direction": 0.0, "operator": "Sacramento Police Department", "brand": "Unknown", "STATEFP": "06", "COUNTYFP": "067", "TRACTCE": "006600", "BLKGRPCE": "5", "AFFGEOID": "1500000US060670066005", "GEOID": "060670066005", "NAME_x": "5", "NAMELSAD": "Block Group 5", "LSAD": "BG", "ALAND": 511142, "AWATER": 0, "NAME_y": "Block Group 5; Census Tract 66; Sacramento County; California", "pop_total": 2278, "median_income": 42357.0, "pop_white": "932", "pop_black": 149, "pop_native": "0", "pop_asian": "338", "pop_pacific": "0", "pop_other": "628", "pop_two_plus": "231", "pop_hispanic": 910, "pop_non_citizen": null, "poverty_universe": null, "pop_poverty": null, "total_households": 752, "renter_occupied": 616, "unemployed": "117", "single_parent_households": "357", "state": "06", "county": "067", "tract": "006600", "block group": "5", "surveilled_sites_count": 0, "surveilled_sites_list": "None", "surveilled_categories": "None", "pct_poverty": null, "pct_renter": 81.914893617021278, "pct_non_citizen": null, "pct_black": 6.5408252853380162, "pct_hispanic": 39.947322212467078 }, "geometry": { "type": "Point", "coordinates": [ -121.4460989, 38.616674300000021 ] } },
{ "type": "Feature", "properties": { "id": 13525425099, "lat": 38.6288737, "lon": -121.4315831, "direction": 5.0, "operator": "Sacramento Police Department", "brand": "Unknown", "STATEFP": "06", "COUNTYFP": "067", "TRACTCE": "006300", "BLKGRPCE": "1", "AFFGEOID": "1500000US060670063001", "GEOID": "060670063001", "NAME_x": "1", "NAMELSAD": "Block Group 1", "LSAD": "BG", "ALAND": 676184, "AWATER": 0, "NAME_y": "Block Group 1; Census Tract 63; Sacramento County; California", "pop_total": 1280, "median_income": null, "pop_white": "448", "pop_black": 165, "pop_native": "15", "pop_asian": "117", "pop_pacific": "0", "pop_other": "96", "pop_two_plus": "439", "pop_hispanic": 420, "pop_non_citizen": null, "poverty_universe": null, "pop_poverty": null, "total_households": 452, "renter_occupied": 263, "unemployed": "74", "single_parent_households": "202", "state": "06", "county": "067", "tract": "006300", "block group": "1", "surveilled_sites_count": 0, "surveilled_sites_list": "None", "surveilled_categories": "None", "pct_poverty": null, "pct_renter": 58.185840707964601, "pct_non_citizen": null, "pct_black": 12.890625, "pct_hispanic": 32.8125 }, "geometry": { "type": "Point", "coordinates": [ -121.4315831, 38.628873700000021 ] } },
{ "type": "Feature", "properties": { "id": 13525447408, "lat": 38.5411103, "lon": -121.4724055, "direction": 75.0, "operator": "Sacramento Police Department", "brand": "Unknown", "STATEFP": "06", "COUNTYFP": "067", "TRACTCE": "003700", "BLKGRPCE": "2", "AFFGEOID": "1500000US060670037002", "GEOID": "060670037002", "NAME_x": "2", "NAMELSAD": "Block Group 2", "LSAD": "BG", "ALAND": 314660, "AWATER": 0, "NAME_y": "Block Group 2; Census Tract 37; Sacramento County; California", "pop_total": 776, "median_income": 89347.0, "pop_white": "137", "pop_black": 260, "pop_native": "0", "pop_asian": "39", "pop_pacific": "0", "pop_other": "225", "pop_two_plus": "115", "pop_hispanic": 365, "pop_non_citizen": null, "poverty_universe": null, "pop_poverty": null, "total_households": 273, "renter_occupied": 77, "unemployed": "0", "single_parent_households": "53", "state": "06", "county": "067", "tract": "003700", "block group": "2", "surveilled_sites_count": 1, "surveilled_sites_list": "New Hope Baptist Church", "surveilled_categories": "place_of_worship", "pct_poverty": null, "pct_renter": 28.205128205128204, "pct_non_citizen": null, "pct_black": 33.505154639175252, "pct_hispanic": 47.036082474226802 }, "geometry": { "type": "Point", "coordinates": [ -121.472405499999979, 38.5411103 ] } },
{ "type": "Feature", "properties": { "id": 13525447409, "lat": 38.6206275, "lon": -121.4207004, "direction": 300.0, "operator": "Sacramento Police Department", "brand": "Unknown", "STATEFP": "06", "COUNTYFP": "067", "TRACTCE": "006202", "BLKGRPCE": "1", "AFFGEOID": "1500000US060670062021", "GEOID": "060670062021", "NAME_x": "1", "NAMELSAD": "Block Group 1", "LSAD": "BG", "ALAND": 836595, "AWATER": 0, "NAME_y": "Block Group 1; Census Tract 62.02; Sacramento County; California", "pop_total": 1792, "median_income": 40976.0, "pop_white": "597", "pop_black": 161, "pop_native": "11", "pop_asian": "100", "pop_pacific": "0", "pop_other": "269", "pop_two_plus": "654", "pop_hispanic": 932, "pop_non_citizen": null, "poverty_universe": null, "pop_poverty": null, "total_households": 580, "renter_occupied": 333, "unemployed": "24", "single_parent_households": "257", "state": "06", "county": "067", "tract": "006202", "block group": "1", "surveilled_sites_count": 0, "surveilled_sites_list": "None", "surveilled_categories": "None", "pct_poverty": null, "pct_renter": 57.41379310344827, "pct_non_citizen": null, "pct_black": 8.984375, "pct_hispanic": 52.008928571428569 }, "geometry": { "type": "Point", "coordinates": [ -121.420700400000015, 38.620627500000012 ] } },
{ "type": "Feature", "properties": { "id": 13525447410, "lat": 38.5988094, "lon": -121.4201254, "direction": 270.0, "operator": "Sacramento Police Department", "brand": "Unknown", "STATEFP": "06", "COUNTYFP": "067", "TRACTCE": "005502", "BLKGRPCE": "2", "AFFGEOID": "1500000US060670055022", "GEOID": "060670055022", "NAME_x": "2", "NAMELSAD": "Block Group 2", "LSAD": "BG", "ALAND": 880433, "AWATER": 0, "NAME_y": "Block Group 2; Census Tract 55.02; Sacramento County; California", "pop_total": 1993, "median_income": 59596.0, "pop_white": "566", "pop_black": 421, "pop_native": "37", "pop_asian": "90", "pop_pacific": "0", "pop_other": "603", "pop_two_plus": "276", "pop_hispanic": 1040, "pop_non_citizen": null, "poverty_universe": null, "pop_poverty": null, "total_households": 726, "renter_occupied": 191, "unemployed": "56", "single_parent_households": "186", "state": "06", "county": "067", "tract": "005502", "block group": "2", "surveilled_sites_count": 0, "surveilled_sites_list": "None", "surveilled_categories": "None", "pct_poverty": null, "pct_renter": 26.308539944903579, "pct_non_citizen": null, "pct_black": 21.12393376818866, "pct_hispanic": 52.182639237330655 }, "geometry": { "type": "Point", "coordinates": [ -121.4201254, 38.598809399999965 ] } },
{ "type": "Feature", "properties": { "id": 13525447413, "lat": 38.5974081, "lon": -121.5020937, "direction": 215.0, "operator": "Sacramento Police Department", "brand": "Unknown", "STATEFP": "06", "COUNTYFP": "067", "TRACTCE": "005301", "BLKGRPCE": "1", "AFFGEOID": "1500000US060670053011", "GEOID": "060670053011", "NAME_x": "1", "NAMELSAD": "Block Group 1", "LSAD": "BG", "ALAND": 3618503, "AWATER": 279016, "NAME_y": "Block Group 1; Census Tract 53.01; Sacramento County; California", "pop_total": 1241, "median_income": 18438.0, "pop_white": "542", "pop_black": 404, "pop_native": "36", "pop_asian": "103", "pop_pacific": "0", "pop_other": "65", "pop_two_plus": "91", "pop_hispanic": 216, "pop_non_citizen": null, "poverty_universe": null, "pop_poverty": null, "total_households": 371, "renter_occupied": 364, "unemployed": "70", "single_parent_households": "114", "state": "06", "county": "067", "tract": "005301", "block group": "1", "surveilled_sites_count": 0, "surveilled_sites_list": "None", "surveilled_categories": "None", "pct_poverty": null, "pct_renter": 98.113207547169807, "pct_non_citizen": null, "pct_black": 32.554391619661565, "pct_hispanic": 17.40531829170024 }, "geometry": { "type": "Point", "coordinates": [ -121.502093700000017, 38.5974081 ] } },
{ "type": "Feature", "properties": { "id": 13525494878, "lat": 38.5248024, "lon": -121.4719158, "direction": 180.0, "operator": "Sacramento Police Department", "brand": "Unknown", "STATEFP": "06", "COUNTYFP": "067", "TRACTCE": "004501", "BLKGRPCE": "1", "AFFGEOID": "1500000US060670045011", "GEOID": "060670045011", "NAME_x": "1", "NAMELSAD": "Block Group 1", "LSAD": "BG", "ALAND": 1111424, "AWATER": 0, "NAME_y": "Block Group 1; Census Tract 45.01; Sacramento County; California", "pop_total": 1632, "median_income": 79464.0, "pop_white": "574", "pop_black": 3, "pop_native": "5", "pop_asian": "243", "pop_pacific": "0", "pop_other": "676", "pop_two_plus": "131", "pop_hispanic": 1179, "pop_non_citizen": null, "poverty_universe": null, "pop_poverty": null, "total_households": 445, "renter_occupied": 206, "unemployed": "60", "single_parent_households": "218", "state": "06", "county": "067", "tract": "004501", "block group": "1", "surveilled_sites_count": 0, "surveilled_sites_list": "None", "surveilled_categories": "None", "pct_poverty": null, "pct_renter": 46.292134831460672, "pct_non_citizen": null, "pct_black": 0.18382352941176469, "pct_hispanic": 72.242647058823522 }, "geometry": { "type": "Point", "coordinates": [ -121.4719158, 38.5248024 ] } },
{ "type": "Feature", "properties": { "id": 13525494879, "lat": 38.5109905, "lon": -121.4829433, "direction": 345.0, "operator": "Sacramento Police Department", "brand": "Unknown", "STATEFP": "06", "COUNTYFP": "067", "TRACTCE": "004100", "BLKGRPCE": "2", "AFFGEOID": "1500000US060670041002", "GEOID": "060670041002", "NAME_x": "2", "NAMELSAD": "Block Group 2", "LSAD": "BG", "ALAND": 652592, "AWATER": 0, "NAME_y": "Block Group 2; Census Tract 41; Sacramento County; California", "pop_total": 1302, "median_income": 71815.0, "pop_white": "278", "pop_black": 73, "pop_native": "64", "pop_asian": "246", "pop_pacific": "28", "pop_other": "259", "pop_two_plus": "354", "pop_hispanic": 522, "pop_non_citizen": null, "poverty_universe": null, "pop_poverty": null, "total_households": 436, "renter_occupied": 36, "unemployed": "37", "single_parent_households": "172", "state": "06", "county": "067", "tract": "004100", "block group": "2", "surveilled_sites_count": 0, "surveilled_sites_list": "None", "surveilled_categories": "None", "pct_poverty": null, "pct_renter": 8.2568807339449553, "pct_non_citizen": null, "pct_black": 5.6067588325652835, "pct_hispanic": 40.092165898617509 }, "geometry": { "type": "Point", "coordinates": [ -121.4829433, 38.510990499999984 ] } },
{ "type": "Feature", "properties": { "id": 13525494880, "lat": 38.5147834, "lon": -121.5276153, "direction": 220.0, "operator": "Sacramento Police Department", "brand": "Unknown", "STATEFP": "06", "COUNTYFP": "067", "TRACTCE": "004006", "BLKGRPCE": "2", "AFFGEOID": "1500000US060670040062", "GEOID": "060670040062", "NAME_x": "2", "NAMELSAD": "Block Group 2", "LSAD": "BG", "ALAND": 519396, "AWATER": 0, "NAME_y": "Block Group 2; Census Tract 40.06; Sacramento County; California", "pop_total": 1554, "median_income": 54757.0, "pop_white": "479", "pop_black": 435, "pop_native": "0", "pop_asian": "97", "pop_pacific": "0", "pop_other": "489", "pop_two_plus": "54", "pop_hispanic": 333, "pop_non_citizen": null, "poverty_universe": null, "pop_poverty": null, "total_households": 748, "renter_occupied": 554, "unemployed": "15", "single_parent_households": "208", "state": "06", "county": "067", "tract": "004006", "block group": "2", "surveilled_sites_count": 0, "surveilled_sites_list": "None", "surveilled_categories": "None", "pct_poverty": null, "pct_renter": 74.064171122994651, "pct_non_citizen": null, "pct_black": 27.992277992277991, "pct_hispanic": 21.428571428571427 }, "geometry": { "type": "Point", "coordinates": [ -121.5276153, 38.5147834 ] } },
{ "type": "Feature", "properties": { "id": 13525494881, "lat": 38.4961381, "lon": -121.5237414, "direction": 270.0, "operator": "Sacramento Police Department", "brand": "Unknown", "STATEFP": "06", "COUNTYFP": "067", "TRACTCE": "004006", "BLKGRPCE": "3", "AFFGEOID": "1500000US060670040063", "GEOID": "060670040063", "NAME_x": "3", "NAMELSAD": "Block Group 3", "LSAD": "BG", "ALAND": 493692, "AWATER": 0, "NAME_y": "Block Group 3; Census Tract 40.06; Sacramento County; California", "pop_total": 1256, "median_income": 169464.0, "pop_white": "295", "pop_black": 0, "pop_native": "0", "pop_asian": "863", "pop_pacific": "0", "pop_other": "0", "pop_two_plus": "98", "pop_hispanic": 36, "pop_non_citizen": null, "poverty_universe": null, "pop_poverty": null, "total_households": 539, "renter_occupied": 164, "unemployed": "3", "single_parent_households": "241", "state": "06", "county": "067", "tract": "004006", "block group": "3", "surveilled_sites_count": 0, "surveilled_sites_list": "None", "surveilled_categories": "None", "pct_poverty": null, "pct_renter": 30.426716141001855, "pct_non_citizen": null, "pct_black": 0.0, "pct_hispanic": 2.8662420382165608 }, "geometry": { "type": "Point", "coordinates": [ -121.5237414, 38.496138099999953 ] } },
{ "type": "Feature", "properties": { "id": 13525494882, "lat": 38.5132673, "lon": -121.5012194, "direction": 245.0, "operator": "Sacramento Police Department", "brand": "Unknown", "STATEFP": "06", "COUNTYFP": "067", "TRACTCE": "003400", "BLKGRPCE": "1", "AFFGEOID": "1500000US060670034001", "GEOID": "060670034001", "NAME_x": "1", "NAMELSAD": "Block Group 1", "LSAD": "BG", "ALAND": 743316, "AWATER": 0, "NAME_y": "Block Group 1; Census Tract 34; Sacramento County; California", "pop_total": 1204, "median_income": 102109.0, "pop_white": "274", "pop_black": 10, "pop_native": "0", "pop_asian": "252", "pop_pacific": "30", "pop_other": "259", "pop_two_plus": "379", "pop_hispanic": 660, "pop_non_citizen": null, "poverty_universe": null, "pop_poverty": null, "total_households": 471, "renter_occupied": 88, "unemployed": "26", "single_parent_households": "134", "state": "06", "county": "067", "tract": "003400", "block group": "1", "surveilled_sites_count": 0, "surveilled_sites_list": "None", "surveilled_categories": "None", "pct_poverty": null, "pct_renter": 18.683651804670912, "pct_non_citizen": null, "pct_black": 0.83056478405315626, "pct_hispanic": 54.817275747508312 }, "geometry": { "type": "Point", "coordinates": [ -121.5012194, 38.513267300000017 ] } },
{ "type": "Feature", "properties": { "id": 13525494883, "lat": 38.4805491, "lon": -121.5165378, "direction": 225.0, "operator": "Sacramento Police Department", "brand": "Unknown", "STATEFP": "06", "COUNTYFP": "067", "TRACTCE": "004011", "BLKGRPCE": "2", "AFFGEOID": "1500000US060670040112", "GEOID": "060670040112", "NAME_x": "2", "NAMELSAD": "Block Group 2", "LSAD": "BG", "ALAND": 611388, "AWATER": 0, "NAME_y": "Block Group 2; Census Tract 40.11; Sacramento County; California", "pop_total": 2063, "median_income": 137500.0, "pop_white": "847", "pop_black": 128, "pop_native": "0", "pop_asian": "807", "pop_pacific": "0", "pop_other": "139", "pop_two_plus": "142", "pop_hispanic": 259, "pop_non_citizen": null, "poverty_universe": null, "pop_poverty": null, "total_households": 936, "renter_occupied": 370, "unemployed": "14", "single_parent_households": "274", "state": "06", "county": "067", "tract": "004011", "block group": "2", "surveilled_sites_count": 0, "surveilled_sites_list": "None", "surveilled_categories": "None", "pct_poverty": null, "pct_renter": 39.529914529914528, "pct_non_citizen": null, "pct_black": 6.2045564711585071, "pct_hispanic": 12.554532234609791 }, "geometry": { "type": "Point", "coordinates": [ -121.5165378, 38.480549100000019 ] } },
{ "type": "Feature", "properties": { "id": 13525494884, "lat": 38.4882541, "lon": -121.5170848, "direction": 0.0, "operator": "Sacramento Police Department", "brand": "Unknown", "STATEFP": "06", "COUNTYFP": "067", "TRACTCE": "004020", "BLKGRPCE": "1", "AFFGEOID": "1500000US060670040201", "GEOID": "060670040201", "NAME_x": "1", "NAMELSAD": "Block Group 1", "LSAD": "BG", "ALAND": 496148, "AWATER": 0, "NAME_y": "Block Group 1; Census Tract 40.20; Sacramento County; California", "pop_total": 1481, "median_income": 54833.0, "pop_white": "338", "pop_black": 719, "pop_native": "0", "pop_asian": "314", "pop_pacific": "0", "pop_other": "18", "pop_two_plus": "92", "pop_hispanic": 84, "pop_non_citizen": null, "poverty_universe": null, "pop_poverty": null, "total_households": 654, "renter_occupied": 654, "unemployed": "34", "single_parent_households": "303", "state": "06", "county": "067", "tract": "004020", "block group": "1", "surveilled_sites_count": 0, "surveilled_sites_list": "None", "surveilled_categories": "None", "pct_poverty": null, "pct_renter": 100.0, "pct_non_citizen": null, "pct_black": 48.548278190411885, "pct_hispanic": 5.6718433490884541 }, "geometry": { "type": "Point", "coordinates": [ -121.5170848, 38.488254100000034 ] } },
{ "type": "Feature", "properties": { "id": 13525494885, "lat": 38.5080148, "lon": -121.5238822, "direction": 245.0, "operator": "Sacramento Police Department", "brand": "Unknown", "STATEFP": "06", "COUNTYFP": "067", "TRACTCE": "004006", "BLKGRPCE": "4", "AFFGEOID": "1500000US060670040064", "GEOID": "060670040064", "NAME_x": "4", "NAMELSAD": "Block Group 4", "LSAD": "BG", "ALAND": 519094, "AWATER": 0, "NAME_y": "Block Group 4; Census Tract 40.06; Sacramento County; California", "pop_total": 971, "median_income": 114135.0, "pop_white": "221", "pop_black": 69, "pop_native": "0", "pop_asian": "416", "pop_pacific": "8", "pop_other": "240", "pop_two_plus": "17", "pop_hispanic": 348, "pop_non_citizen": null, "poverty_universe": null, "pop_poverty": null, "total_households": 441, "renter_occupied": 187, "unemployed": "57", "single_parent_households": "41", "state": "06", "county": "067", "tract": "004006", "block group": "4", "surveilled_sites_count": 0, "surveilled_sites_list": "None", "surveilled_categories": "None", "pct_poverty": null, "pct_renter": 42.403628117913833, "pct_non_citizen": null, "pct_black": 7.106076210092688, "pct_hispanic": 35.839340885684862 }, "geometry": { "type": "Point", "coordinates": [ -121.5238822, 38.50801479999997 ] } },
{ "type": "Feature", "properties": { "id": 13525505837, "lat": 38.5754189, "lon": -121.4879934, "direction": 180.0, "operator": "Sacramento Police Department", "brand": "Unknown", "STATEFP": "06", "COUNTYFP": "067", "TRACTCE": "001103", "BLKGRPCE": "3", "AFFGEOID": "1500000US060670011033", "GEOID": "060670011033", "NAME_x": "3", "NAMELSAD": "Block Group 3", "LSAD": "BG", "ALAND": 570909, "AWATER": 0, "NAME_y": "Block Group 3; Census Tract 11.03; Sacramento County; California", "pop_total": 837, "median_income": null, "pop_white": "543", "pop_black": 111, "pop_native": "0", "pop_asian": "61", "pop_pacific": "20", "pop_other": "24", "pop_two_plus": "78", "pop_hispanic": 172, "pop_non_citizen": null, "poverty_universe": null, "pop_poverty": null, "total_households": 664, "renter_occupied": 652, "unemployed": "39", "single_parent_households": "13", "state": "06", "county": "067", "tract": "001103", "block group": "3", "surveilled_sites_count": 0, "surveilled_sites_list": "None", "surveilled_categories": "None", "pct_poverty": null, "pct_renter": 98.192771084337352, "pct_non_citizen": null, "pct_black": 13.261648745519713, "pct_hispanic": 20.54958183990442 }, "geometry": { "type": "Point", "coordinates": [ -121.4879934, 38.575418899999981 ] } },
{ "type": "Feature", "properties": { "id": 13525505838, "lat": 38.5800794, "lon": -121.5058276, "direction": 45.0, "operator": "Sacramento Police Department", "brand": "Unknown", "STATEFP": "06", "COUNTYFP": "067", "TRACTCE": "000700", "BLKGRPCE": "1", "AFFGEOID": "1500000US060670007001", "GEOID": "060670007001", "NAME_x": "1", "NAMELSAD": "Block Group 1", "LSAD": "BG", "ALAND": 471398, "AWATER": 42394, "NAME_y": "Block Group 1; Census Tract 7; Sacramento County; California", "pop_total": 2614, "median_income": 14676.0, "pop_white": "983", "pop_black": 775, "pop_native": "22", "pop_asian": "448", "pop_pacific": "24", "pop_other": "260", "pop_two_plus": "102", "pop_hispanic": 458, "pop_non_citizen": null, "poverty_universe": null, "pop_poverty": null, "total_households": 595, "renter_occupied": 558, "unemployed": "27", "single_parent_households": "0", "state": "06", "county": "067", "tract": "000700", "block group": "1", "surveilled_sites_count": 0, "surveilled_sites_list": "None", "surveilled_categories": "None", "pct_poverty": null, "pct_renter": 93.78151260504201, "pct_non_citizen": null, "pct_black": 29.648048967100234, "pct_hispanic": 17.521040550879878 }, "geometry": { "type": "Point", "coordinates": [ -121.5058276, 38.580079400000017 ] } },
{ "type": "Feature", "properties": { "id": 13525505840, "lat": 38.5821339, "lon": -121.4998959, "direction": 120.0, "operator": "Sacramento Police Department", "brand": "Unknown", "STATEFP": "06", "COUNTYFP": "067", "TRACTCE": "000700", "BLKGRPCE": "1", "AFFGEOID": "1500000US060670007001", "GEOID": "060670007001", "NAME_x": "1", "NAMELSAD": "Block Group 1", "LSAD": "BG", "ALAND": 471398, "AWATER": 42394, "NAME_y": "Block Group 1; Census Tract 7; Sacramento County; California", "pop_total": 2614, "median_income": 14676.0, "pop_white": "983", "pop_black": 775, "pop_native": "22", "pop_asian": "448", "pop_pacific": "24", "pop_other": "260", "pop_two_plus": "102", "pop_hispanic": 458, "pop_non_citizen": null, "poverty_universe": null, "pop_poverty": null, "total_households": 595, "renter_occupied": 558, "unemployed": "27", "single_parent_households": "0", "state": "06", "county": "067", "tract": "000700", "block group": "1", "surveilled_sites_count": 0, "surveilled_sites_list": "None", "surveilled_categories": "None", "pct_poverty": null, "pct_renter": 93.78151260504201, "pct_non_citizen": null, "pct_black": 29.648048967100234, "pct_hispanic": 17.521040550879878 }, "geometry": { "type": "Point", "coordinates": [ -121.4998959, 38.582133900000024 ] } },
{ "type": "Feature", "properties": { "id": 13525505841, "lat": 38.5803921, "lon": -121.4933446, "direction": 0.0, "operator": "Sacramento Police Department", "brand": "Unknown", "STATEFP": "06", "COUNTYFP": "067", "TRACTCE": "001103", "BLKGRPCE": "1", "AFFGEOID": "1500000US060670011031", "GEOID": "060670011031", "NAME_x": "1", "NAMELSAD": "Block Group 1", "LSAD": "BG", "ALAND": 288277, "AWATER": 0, "NAME_y": "Block Group 1; Census Tract 11.03; Sacramento County; California", "pop_total": 121, "median_income": 24844.0, "pop_white": "66", "pop_black": 0, "pop_native": "0", "pop_asian": "0", "pop_pacific": "0", "pop_other": "29", "pop_two_plus": "26", "pop_hispanic": 45, "pop_non_citizen": null, "poverty_universe": null, "pop_poverty": null, "total_households": 86, "renter_occupied": 79, "unemployed": "16", "single_parent_households": "17", "state": "06", "county": "067", "tract": "001103", "block group": "1", "surveilled_sites_count": 0, "surveilled_sites_list": "None", "surveilled_categories": "None", "pct_poverty": null, "pct_renter": 91.860465116279073, "pct_non_citizen": null, "pct_black": 0.0, "pct_hispanic": 37.190082644628099 }, "geometry": { "type": "Point", "coordinates": [ -121.4933446, 38.5803921 ] } },
{ "type": "Feature", "properties": { "id": 13525505842, "lat": 38.5784936, "lon": -121.4912018, "direction": 0.0, "operator": "Sacramento Police Department", "brand": "Unknown", "STATEFP": "06", "COUNTYFP": "067", "TRACTCE": "001103", "BLKGRPCE": "3", "AFFGEOID": "1500000US060670011033", "GEOID": "060670011033", "NAME_x": "3", "NAMELSAD": "Block Group 3", "LSAD": "BG", "ALAND": 570909, "AWATER": 0, "NAME_y": "Block Group 3; Census Tract 11.03; Sacramento County; California", "pop_total": 837, "median_income": null, "pop_white": "543", "pop_black": 111, "pop_native": "0", "pop_asian": "61", "pop_pacific": "20", "pop_other": "24", "pop_two_plus": "78", "pop_hispanic": 172, "pop_non_citizen": null, "poverty_universe": null, "pop_poverty": null, "total_households": 664, "renter_occupied": 652, "unemployed": "39", "single_parent_households": "13", "state": "06", "county": "067", "tract": "001103", "block group": "3", "surveilled_sites_count": 0, "surveilled_sites_list": "None", "surveilled_categories": "None", "pct_poverty": null, "pct_renter": 98.192771084337352, "pct_non_citizen": null, "pct_black": 13.261648745519713, "pct_hispanic": 20.54958183990442 }, "geometry": { "type": "Point", "coordinates": [ -121.4912018, 38.5784936 ] } },
{ "type": "Feature", "properties": { "id": 13525505843, "lat": 38.5803118, "lon": -121.5069292, "direction": 270.0, "operator": "Sacramento Police Department", "brand": "Unknown", "STATEFP": "06", "COUNTYFP": "067", "TRACTCE": "000700", "BLKGRPCE": "1", "AFFGEOID": "1500000US060670007001", "GEOID": "060670007001", "NAME_x": "1", "NAMELSAD": "Block Group 1", "LSAD": "BG", "ALAND": 471398, "AWATER": 42394, "NAME_y": "Block Group 1; Census Tract 7; Sacramento County; California", "pop_total": 2614, "median_income": 14676.0, "pop_white": "983", "pop_black": 775, "pop_native": "22", "pop_asian": "448", "pop_pacific": "24", "pop_other": "260", "pop_two_plus": "102", "pop_hispanic": 458, "pop_non_citizen": null, "poverty_universe": null, "pop_poverty": null, "total_households": 595, "renter_occupied": 558, "unemployed": "27", "single_parent_households": "0", "state": "06", "county": "067", "tract": "000700", "block group": "1", "surveilled_sites_count": 0, "surveilled_sites_list": "None", "surveilled_categories": "None", "pct_poverty": null, "pct_renter": 93.78151260504201, "pct_non_citizen": null, "pct_black": 29.648048967100234, "pct_hispanic": 17.521040550879878 }, "geometry": { "type": "Point", "coordinates": [ -121.506929200000016, 38.580311799999954 ] } },
{ "type": "Feature", "properties": { "id": 13525510822, "lat": 38.5839127, "lon": -121.4935339, "direction": 180.0, "operator": "Sacramento Police Department", "brand": "Unknown", "STATEFP": "06", "COUNTYFP": "067", "TRACTCE": "000600", "BLKGRPCE": "1", "AFFGEOID": "1500000US060670006001", "GEOID": "060670006001", "NAME_x": "1", "NAMELSAD": "Block Group 1", "LSAD": "BG", "ALAND": 236139, "AWATER": 0, "NAME_y": "Block Group 1; Census Tract 6; Sacramento County; California", "pop_total": 699, "median_income": null, "pop_white": "469", "pop_black": 0, "pop_native": "2", "pop_asian": "73", "pop_pacific": "0", "pop_other": "51", "pop_two_plus": "104", "pop_hispanic": 96, "pop_non_citizen": null, "poverty_universe": null, "pop_poverty": null, "total_households": 342, "renter_occupied": 314, "unemployed": "55", "single_parent_households": "12", "state": "06", "county": "067", "tract": "000600", "block group": "1", "surveilled_sites_count": 0, "surveilled_sites_list": "None", "surveilled_categories": "None", "pct_poverty": null, "pct_renter": 91.812865497076018, "pct_non_citizen": null, "pct_black": 0.0, "pct_hispanic": 13.733905579399142 }, "geometry": { "type": "Point", "coordinates": [ -121.4935339, 38.583912699999978 ] } },
{ "type": "Feature", "properties": { "id": 13525510823, "lat": 38.563887, "lon": -121.4912992, "direction": 0.0, "operator": "Sacramento Police Department", "brand": "Unknown", "STATEFP": "06", "COUNTYFP": "067", "TRACTCE": "002000", "BLKGRPCE": "3", "AFFGEOID": "1500000US060670020003", "GEOID": "060670020003", "NAME_x": "3", "NAMELSAD": "Block Group 3", "LSAD": "BG", "ALAND": 379297, "AWATER": 0, "NAME_y": "Block Group 3; Census Tract 20; Sacramento County; California", "pop_total": 953, "median_income": 65234.0, "pop_white": "292", "pop_black": 54, "pop_native": "0", "pop_asian": "278", "pop_pacific": "0", "pop_other": "185", "pop_two_plus": "144", "pop_hispanic": 319, "pop_non_citizen": null, "poverty_universe": null, "pop_poverty": null, "total_households": 473, "renter_occupied": 439, "unemployed": "53", "single_parent_households": "66", "state": "06", "county": "067", "tract": "002000", "block group": "3", "surveilled_sites_count": 0, "surveilled_sites_list": "None", "surveilled_categories": "None", "pct_poverty": null, "pct_renter": 92.811839323467225, "pct_non_citizen": null, "pct_black": 5.6663168940188875, "pct_hispanic": 33.473242392444917 }, "geometry": { "type": "Point", "coordinates": [ -121.491299199999986, 38.563887 ] } },
{ "type": "Feature", "properties": { "id": 13525510824, "lat": 38.5872197, "lon": -121.4876498, "direction": 180.0, "operator": "Sacramento Police Department", "brand": "Unknown", "STATEFP": "06", "COUNTYFP": "067", "TRACTCE": "000600", "BLKGRPCE": "2", "AFFGEOID": "1500000US060670006002", "GEOID": "060670006002", "NAME_x": "2", "NAMELSAD": "Block Group 2", "LSAD": "BG", "ALAND": 170169, "AWATER": 0, "NAME_y": "Block Group 2; Census Tract 6; Sacramento County; California", "pop_total": 769, "median_income": 41607.0, "pop_white": "478", "pop_black": 46, "pop_native": "0", "pop_asian": "97", "pop_pacific": "3", "pop_other": "27", "pop_two_plus": "118", "pop_hispanic": 198, "pop_non_citizen": null, "poverty_universe": null, "pop_poverty": null, "total_households": 473, "renter_occupied": 389, "unemployed": "28", "single_parent_households": "43", "state": "06", "county": "067", "tract": "000600", "block group": "2", "surveilled_sites_count": 1, "surveilled_sites_list": "Unnamed Facility", "surveilled_categories": "social_facility", "pct_poverty": null, "pct_renter": 82.241014799154328, "pct_non_citizen": null, "pct_black": 5.9817945383615081, "pct_hispanic": 25.747724317295191 }, "geometry": { "type": "Point", "coordinates": [ -121.4876498, 38.58721970000002 ] } },
{ "type": "Feature", "properties": { "id": 13525510825, "lat": 38.5619388, "lon": -121.4849248, "direction": 30.0, "operator": "Sacramento Police Department", "brand": "Unknown", "STATEFP": "06", "COUNTYFP": "067", "TRACTCE": "002000", "BLKGRPCE": "2", "AFFGEOID": "1500000US060670020002", "GEOID": "060670020002", "NAME_x": "2", "NAMELSAD": "Block Group 2", "LSAD": "BG", "ALAND": 408516, "AWATER": 0, "NAME_y": "Block Group 2; Census Tract 20; Sacramento County; California", "pop_total": 1178, "median_income": 112685.0, "pop_white": "865", "pop_black": 0, "pop_native": "9", "pop_asian": "113", "pop_pacific": "4", "pop_other": "78", "pop_two_plus": "109", "pop_hispanic": 354, "pop_non_citizen": null, "poverty_universe": null, "pop_poverty": null, "total_households": 648, "renter_occupied": 487, "unemployed": "79", "single_parent_households": "18", "state": "06", "county": "067", "tract": "002000", "block group": "2", "surveilled_sites_count": 0, "surveilled_sites_list": "None", "surveilled_categories": "None", "pct_poverty": null, "pct_renter": 75.154320987654316, "pct_non_citizen": null, "pct_black": 0.0, "pct_hispanic": 30.050933786078097 }, "geometry": { "type": "Point", "coordinates": [ -121.484924800000016, 38.561938800000021 ] } },
{ "type": "Feature", "properties": { "id": 13525510826, "lat": 38.5848376, "lon": -121.4643454, "direction": 70.0, "operator": "Sacramento Police Department", "brand": "Unknown", "STATEFP": "06", "COUNTYFP": "067", "TRACTCE": "005301", "BLKGRPCE": "3", "AFFGEOID": "1500000US060670053013", "GEOID": "060670053013", "NAME_x": "3", "NAMELSAD": "Block Group 3", "LSAD": "BG", "ALAND": 2049265, "AWATER": 212744, "NAME_y": "Block Group 3; Census Tract 53.01; Sacramento County; California", "pop_total": 238, "median_income": 15729.0, "pop_white": "135", "pop_black": 58, "pop_native": "1", "pop_asian": "0", "pop_pacific": "0", "pop_other": "20", "pop_two_plus": "24", "pop_hispanic": 29, "pop_non_citizen": null, "poverty_universe": null, "pop_poverty": null, "total_households": 53, "renter_occupied": 49, "unemployed": "10", "single_parent_households": "0", "state": "06", "county": "067", "tract": "005301", "block group": "3", "surveilled_sites_count": 0, "surveilled_sites_list": "None", "surveilled_categories": "None", "pct_poverty": null, "pct_renter": 92.452830188679243, "pct_non_citizen": null, "pct_black": 24.369747899159663, "pct_hispanic": 12.184873949579831 }, "geometry": { "type": "Point", "coordinates": [ -121.4643454, 38.584837600000043 ] } },
{ "type": "Feature", "properties": { "id": 13525510827, "lat": 38.5756763, "lon": -121.4804282, "direction": 270.0, "operator": "Sacramento Police Department", "brand": "Unknown", "STATEFP": "06", "COUNTYFP": "067", "TRACTCE": "001102", "BLKGRPCE": "2", "AFFGEOID": "1500000US060670011022", "GEOID": "060670011022", "NAME_x": "2", "NAMELSAD": "Block Group 2", "LSAD": "BG", "ALAND": 237562, "AWATER": 0, "NAME_y": "Block Group 2; Census Tract 11.02; Sacramento County; California", "pop_total": 892, "median_income": 103897.0, "pop_white": "564", "pop_black": 49, "pop_native": "0", "pop_asian": "119", "pop_pacific": "0", "pop_other": "97", "pop_two_plus": "63", "pop_hispanic": 146, "pop_non_citizen": null, "poverty_universe": null, "pop_poverty": null, "total_households": 537, "renter_occupied": 420, "unemployed": "41", "single_parent_households": "23", "state": "06", "county": "067", "tract": "001102", "block group": "2", "surveilled_sites_count": 1, "surveilled_sites_list": "Asha Yoga", "surveilled_categories": "sports_centre", "pct_poverty": null, "pct_renter": 78.212290502793294, "pct_non_citizen": null, "pct_black": 5.493273542600897, "pct_hispanic": 16.367713004484305 }, "geometry": { "type": "Point", "coordinates": [ -121.4804282, 38.575676299999984 ] } },
{ "type": "Feature", "properties": { "id": 13525510828, "lat": 38.5737426, "lon": -121.4691476, "direction": 90.0, "operator": "Sacramento Police Department", "brand": "Unknown", "STATEFP": "06", "COUNTYFP": "067", "TRACTCE": "001400", "BLKGRPCE": "2", "AFFGEOID": "1500000US060670014002", "GEOID": "060670014002", "NAME_x": "2", "NAMELSAD": "Block Group 2", "LSAD": "BG", "ALAND": 396925, "AWATER": 0, "NAME_y": "Block Group 2; Census Tract 14; Sacramento County; California", "pop_total": 619, "median_income": 87841.0, "pop_white": "440", "pop_black": 46, "pop_native": "0", "pop_asian": "18", "pop_pacific": "2", "pop_other": "39", "pop_two_plus": "74", "pop_hispanic": 105, "pop_non_citizen": null, "poverty_universe": null, "pop_poverty": null, "total_households": 383, "renter_occupied": 268, "unemployed": "0", "single_parent_households": "0", "state": "06", "county": "067", "tract": "001400", "block group": "2", "surveilled_sites_count": 0, "surveilled_sites_list": "None", "surveilled_categories": "None", "pct_poverty": null, "pct_renter": 69.973890339425594, "pct_non_citizen": null, "pct_black": 7.4313408723747978, "pct_hispanic": 16.962843295638123 }, "geometry": { "type": "Point", "coordinates": [ -121.4691476, 38.573742600000024 ] } },
{ "type": "Feature", "properties": { "id": 13525525320, "lat": 38.5577977, "lon": -121.5104716, "direction": 300.0, "operator": "Sacramento Police Department", "brand": "Unknown", "STATEFP": "06", "COUNTYFP": "067", "TRACTCE": "002200", "BLKGRPCE": "3", "AFFGEOID": "1500000US060670022003", "GEOID": "060670022003", "NAME_x": "3", "NAMELSAD": "Block Group 3", "LSAD": "BG", "ALAND": 526043, "AWATER": 155659, "NAME_y": "Block Group 3; Census Tract 22; Sacramento County; California", "pop_total": 782, "median_income": 141131.0, "pop_white": "343", "pop_black": 54, "pop_native": "21", "pop_asian": "79", "pop_pacific": "7", "pop_other": "39", "pop_two_plus": "239", "pop_hispanic": 141, "pop_non_citizen": null, "poverty_universe": null, "pop_poverty": null, "total_households": 349, "renter_occupied": 223, "unemployed": "0", "single_parent_households": "101", "state": "06", "county": "067", "tract": "002200", "block group": "3", "surveilled_sites_count": 0, "surveilled_sites_list": "None", "surveilled_categories": "None", "pct_poverty": null, "pct_renter": 63.896848137535819, "pct_non_citizen": null, "pct_black": 6.9053708439897692, "pct_hispanic": 18.0306905370844 }, "geometry": { "type": "Point", "coordinates": [ -121.510471600000017, 38.557797700000016 ] } },
{ "type": "Feature", "properties": { "id": 13525576438, "lat": 38.4848398, "lon": -121.5337897, "direction": 180.0, "operator": "Sacramento Police Department", "brand": "Unknown", "STATEFP": "06", "COUNTYFP": "067", "TRACTCE": "004017", "BLKGRPCE": "1", "AFFGEOID": "1500000US060670040171", "GEOID": "060670040171", "NAME_x": "1", "NAMELSAD": "Block Group 1", "LSAD": "BG", "ALAND": 560309, "AWATER": 0, "NAME_y": "Block Group 1; Census Tract 40.17; Sacramento County; California", "pop_total": 1422, "median_income": 85882.0, "pop_white": "313", "pop_black": 297, "pop_native": "0", "pop_asian": "466", "pop_pacific": "0", "pop_other": "223", "pop_two_plus": "123", "pop_hispanic": 336, "pop_non_citizen": null, "poverty_universe": null, "pop_poverty": null, "total_households": 676, "renter_occupied": 250, "unemployed": "62", "single_parent_households": "46", "state": "06", "county": "067", "tract": "004017", "block group": "1", "surveilled_sites_count": 0, "surveilled_sites_list": "None", "surveilled_categories": "None", "pct_poverty": null, "pct_renter": 36.982248520710058, "pct_non_citizen": null, "pct_black": 20.88607594936709, "pct_hispanic": 23.628691983122362 }, "geometry": { "type": "Point", "coordinates": [ -121.5337897, 38.484839799999989 ] } },
{ "type": "Feature", "properties": { "id": 13525576440, "lat": 38.4712274, "lon": -121.5032751, "direction": 240.0, "operator": "Sacramento Police Department", "brand": "Unknown", "STATEFP": "06", "COUNTYFP": "067", "TRACTCE": "004302", "BLKGRPCE": "2", "AFFGEOID": "1500000US060670043022", "GEOID": "060670043022", "NAME_x": "2", "NAMELSAD": "Block Group 2", "LSAD": "BG", "ALAND": 1581392, "AWATER": 0, "NAME_y": "Block Group 2; Census Tract 43.02; Sacramento County; California", "pop_total": 2471, "median_income": 98136.0, "pop_white": "350", "pop_black": 170, "pop_native": "51", "pop_asian": "1297", "pop_pacific": "184", "pop_other": "208", "pop_two_plus": "211", "pop_hispanic": 383, "pop_non_citizen": null, "poverty_universe": null, "pop_poverty": null, "total_households": 617, "renter_occupied": 220, "unemployed": "131", "single_parent_households": "307", "state": "06", "county": "067", "tract": "004302", "block group": "2", "surveilled_sites_count": 0, "surveilled_sites_list": "None", "surveilled_categories": "None", "pct_poverty": null, "pct_renter": 35.656401944894647, "pct_non_citizen": null, "pct_black": 6.8798057466612699, "pct_hispanic": 15.499797652772157 }, "geometry": { "type": "Point", "coordinates": [ -121.5032751, 38.4712274 ] } },
{ "type": "Feature", "properties": { "id": 13525576442, "lat": 38.4814185, "lon": -121.5014504, "direction": 240.0, "operator": "Sacramento Police Department", "brand": "Unknown", "STATEFP": "06", "COUNTYFP": "067", "TRACTCE": "004201", "BLKGRPCE": "2", "AFFGEOID": "1500000US060670042012", "GEOID": "060670042012", "NAME_x": "2", "NAMELSAD": "Block Group 2", "LSAD": "BG", "ALAND": 915710, "AWATER": 0, "NAME_y": "Block Group 2; Census Tract 42.01; Sacramento County; California", "pop_total": 3284, "median_income": 78500.0, "pop_white": "1236", "pop_black": 643, "pop_native": "33", "pop_asian": "382", "pop_pacific": "17", "pop_other": "710", "pop_two_plus": "263", "pop_hispanic": 1629, "pop_non_citizen": null, "poverty_universe": null, "pop_poverty": null, "total_households": 956, "renter_occupied": 400, "unemployed": "244", "single_parent_households": "462", "state": "06", "county": "067", "tract": "004201", "block group": "2", "surveilled_sites_count": 0, "surveilled_sites_list": "None", "surveilled_categories": "None", "pct_poverty": null, "pct_renter": 41.841004184100413, "pct_non_citizen": null, "pct_black": 19.579780755176614, "pct_hispanic": 49.604141291108405 }, "geometry": { "type": "Point", "coordinates": [ -121.5014504, 38.481418499999961 ] } },
{ "type": "Feature", "properties": { "id": 13525576443, "lat": 38.4816641, "lon": -121.4683267, "direction": 220.0, "operator": "Sacramento Police Department", "brand": "Unknown", "STATEFP": "06", "COUNTYFP": "067", "TRACTCE": "004203", "BLKGRPCE": "2", "AFFGEOID": "1500000US060670042032", "GEOID": "060670042032", "NAME_x": "2", "NAMELSAD": "Block Group 2", "LSAD": "BG", "ALAND": 884038, "AWATER": 0, "NAME_y": "Block Group 2; Census Tract 42.03; Sacramento County; California", "pop_total": 3246, "median_income": 72063.0, "pop_white": "873", "pop_black": 701, "pop_native": "0", "pop_asian": "550", "pop_pacific": "234", "pop_other": "371", "pop_two_plus": "517", "pop_hispanic": 1227, "pop_non_citizen": null, "poverty_universe": null, "pop_poverty": null, "total_households": 925, "renter_occupied": 403, "unemployed": "100", "single_parent_households": "526", "state": "06", "county": "067", "tract": "004203", "block group": "2", "surveilled_sites_count": 0, "surveilled_sites_list": "None", "surveilled_categories": "None", "pct_poverty": null, "pct_renter": 43.567567567567565, "pct_non_citizen": null, "pct_black": 21.595810227972891, "pct_hispanic": 37.800369685767102 }, "geometry": { "type": "Point", "coordinates": [ -121.4683267, 38.481664100000039 ] } },
{ "type": "Feature", "properties": { "id": 13525576444, "lat": 38.4920474, "lon": -121.4824391, "direction": 225.0, "operator": "Sacramento Police Department", "brand": "Unknown", "STATEFP": "06", "COUNTYFP": "067", "TRACTCE": "004202", "BLKGRPCE": "1", "AFFGEOID": "1500000US060670042021", "GEOID": "060670042021", "NAME_x": "1", "NAMELSAD": "Block Group 1", "LSAD": "BG", "ALAND": 626410, "AWATER": 0, "NAME_y": "Block Group 1; Census Tract 42.02; Sacramento County; California", "pop_total": 1861, "median_income": 56179.0, "pop_white": "498", "pop_black": 629, "pop_native": "0", "pop_asian": "428", "pop_pacific": "21", "pop_other": "166", "pop_two_plus": "119", "pop_hispanic": 512, "pop_non_citizen": null, "poverty_universe": null, "pop_poverty": null, "total_households": 737, "renter_occupied": 437, "unemployed": "53", "single_parent_households": "221", "state": "06", "county": "067", "tract": "004202", "block group": "1", "surveilled_sites_count": 0, "surveilled_sites_list": "None", "surveilled_categories": "None", "pct_poverty": null, "pct_renter": 59.2944369063772, "pct_non_citizen": null, "pct_black": 33.799032778076302, "pct_hispanic": 27.512090274046212 }, "geometry": { "type": "Point", "coordinates": [ -121.4824391, 38.4920474 ] } },
{ "type": "Feature", "properties": { "id": 13525576448, "lat": 38.474124, "lon": -121.450008, "direction": 90.0, "operator": "Sacramento Police Department", "brand": "Unknown", "STATEFP": "06", "COUNTYFP": "067", "TRACTCE": "009634", "BLKGRPCE": "1", "AFFGEOID": "1500000US060670096341", "GEOID": "060670096341", "NAME_x": "1", "NAMELSAD": "Block Group 1", "LSAD": "BG", "ALAND": 430924, "AWATER": 0, "NAME_y": "Block Group 1; Census Tract 96.34; Sacramento County; California", "pop_total": 2845, "median_income": 46518.0, "pop_white": "317", "pop_black": 919, "pop_native": "13", "pop_asian": "636", "pop_pacific": "336", "pop_other": "358", "pop_two_plus": "266", "pop_hispanic": 745, "pop_non_citizen": null, "poverty_universe": null, "pop_poverty": null, "total_households": 1022, "renter_occupied": 854, "unemployed": "159", "single_parent_households": "406", "state": "06", "county": "067", "tract": "009634", "block group": "1", "surveilled_sites_count": 0, "surveilled_sites_list": "None", "surveilled_categories": "None", "pct_poverty": null, "pct_renter": 83.561643835616437, "pct_non_citizen": null, "pct_black": 32.302284710017574, "pct_hispanic": 26.18629173989455 }, "geometry": { "type": "Point", "coordinates": [ -121.450008, 38.474124 ] } },
{ "type": "Feature", "properties": { "id": 13525584696, "lat": 38.5253847, "lon": -121.5206015, "direction": 90.0, "operator": "Sacramento Police Department", "brand": "Unknown", "STATEFP": "06", "COUNTYFP": "067", "TRACTCE": "003900", "BLKGRPCE": "2", "AFFGEOID": "1500000US060670039002", "GEOID": "060670039002", "NAME_x": "2", "NAMELSAD": "Block Group 2", "LSAD": "BG", "ALAND": 731678, "AWATER": 0, "NAME_y": "Block Group 2; Census Tract 39; Sacramento County; California", "pop_total": 1209, "median_income": 104405.0, "pop_white": "375", "pop_black": 113, "pop_native": "0", "pop_asian": "371", "pop_pacific": "0", "pop_other": "55", "pop_two_plus": "295", "pop_hispanic": 441, "pop_non_citizen": null, "poverty_universe": null, "pop_poverty": null, "total_households": 468, "renter_occupied": 188, "unemployed": "12", "single_parent_households": "163", "state": "06", "county": "067", "tract": "003900", "block group": "2", "surveilled_sites_count": 0, "surveilled_sites_list": "None", "surveilled_categories": "None", "pct_poverty": null, "pct_renter": 40.17094017094017, "pct_non_citizen": null, "pct_black": 9.3465674110835391, "pct_hispanic": 36.476426799007442 }, "geometry": { "type": "Point", "coordinates": [ -121.5206015, 38.525384699999975 ] } },
{ "type": "Feature", "properties": { "id": 13525584698, "lat": 38.4451832, "lon": -121.4291817, "direction": 180.0, "operator": "Sacramento Police Department", "brand": "Unknown", "STATEFP": "06", "COUNTYFP": "067", "TRACTCE": "009609", "BLKGRPCE": "3", "AFFGEOID": "1500000US060670096093", "GEOID": "060670096093", "NAME_x": "3", "NAMELSAD": "Block Group 3", "LSAD": "BG", "ALAND": 461858, "AWATER": 0, "NAME_y": "Block Group 3; Census Tract 96.09; Sacramento County; California", "pop_total": 2411, "median_income": 73919.0, "pop_white": "758", "pop_black": 458, "pop_native": "0", "pop_asian": "460", "pop_pacific": "0", "pop_other": "228", "pop_two_plus": "507", "pop_hispanic": 866, "pop_non_citizen": null, "poverty_universe": null, "pop_poverty": null, "total_households": 795, "renter_occupied": 421, "unemployed": "146", "single_parent_households": "412", "state": "06", "county": "067", "tract": "009609", "block group": "3", "surveilled_sites_count": 0, "surveilled_sites_list": "None", "surveilled_categories": "None", "pct_poverty": null, "pct_renter": 52.955974842767297, "pct_non_citizen": null, "pct_black": 18.996267109083366, "pct_hispanic": 35.918705931148907 }, "geometry": { "type": "Point", "coordinates": [ -121.4291817, 38.445183199999967 ] } },
{ "type": "Feature", "properties": { "id": 13525584699, "lat": 38.4785152, "lon": -121.4304824, "direction": 200.0, "operator": "Sacramento Police Department", "brand": "Unknown", "STATEFP": "06", "COUNTYFP": "067", "TRACTCE": "004909", "BLKGRPCE": "2", "AFFGEOID": "1500000US060670049092", "GEOID": "060670049092", "NAME_x": "2", "NAMELSAD": "Block Group 2", "LSAD": "BG", "ALAND": 527275, "AWATER": 0, "NAME_y": "Block Group 2; Census Tract 49.09; Sacramento County; California", "pop_total": 1907, "median_income": 80000.0, "pop_white": "199", "pop_black": 506, "pop_native": "11", "pop_asian": "517", "pop_pacific": "0", "pop_other": "507", "pop_two_plus": "167", "pop_hispanic": 763, "pop_non_citizen": null, "poverty_universe": null, "pop_poverty": null, "total_households": 450, "renter_occupied": 130, "unemployed": "50", "single_parent_households": "255", "state": "06", "county": "067", "tract": "004909", "block group": "2", "surveilled_sites_count": 0, "surveilled_sites_list": "None", "surveilled_categories": "None", "pct_poverty": null, "pct_renter": 28.888888888888886, "pct_non_citizen": null, "pct_black": 26.533822758259046, "pct_hispanic": 40.010487676979551 }, "geometry": { "type": "Point", "coordinates": [ -121.430482399999988, 38.478515199999968 ] } },
{ "type": "Feature", "properties": { "id": 13525680072, "lat": 38.5252544, "lon": -121.4273597, "direction": 349.0, "operator": "Sacramento Police Department", "brand": "Unknown", "STATEFP": "06", "COUNTYFP": "067", "TRACTCE": "003101", "BLKGRPCE": "4", "AFFGEOID": "1500000US060670031014", "GEOID": "060670031014", "NAME_x": "4", "NAMELSAD": "Block Group 4", "LSAD": "BG", "ALAND": 497469, "AWATER": 0, "NAME_y": "Block Group 4; Census Tract 31.01; Sacramento County; California", "pop_total": 878, "median_income": 78276.0, "pop_white": "213", "pop_black": 55, "pop_native": "18", "pop_asian": "80", "pop_pacific": "0", "pop_other": "282", "pop_two_plus": "230", "pop_hispanic": 543, "pop_non_citizen": null, "poverty_universe": null, "pop_poverty": null, "total_households": 320, "renter_occupied": 189, "unemployed": "20", "single_parent_households": "123", "state": "06", "county": "067", "tract": "003101", "block group": "4", "surveilled_sites_count": 0, "surveilled_sites_list": "None", "surveilled_categories": "None", "pct_poverty": null, "pct_renter": 59.0625, "pct_non_citizen": null, "pct_black": 6.264236902050115, "pct_hispanic": 61.845102505694761 }, "geometry": { "type": "Point", "coordinates": [ -121.427359700000011, 38.525254399999987 ] } },
{ "type": "Feature", "properties": { "id": 13525680074, "lat": 38.5828406, "lon": -121.4521605, "direction": 330.0, "operator": "Sacramento Police Department", "brand": "Unknown", "STATEFP": "06", "COUNTYFP": "067", "TRACTCE": "005301", "BLKGRPCE": "2", "AFFGEOID": "1500000US060670053012", "GEOID": "060670053012", "NAME_x": "2", "NAMELSAD": "Block Group 2", "LSAD": "BG", "ALAND": 312020, "AWATER": 0, "NAME_y": "Block Group 2; Census Tract 53.01; Sacramento County; California", "pop_total": 598, "median_income": 211667.0, "pop_white": "350", "pop_black": 22, "pop_native": "7", "pop_asian": "106", "pop_pacific": "0", "pop_other": "37", "pop_two_plus": "76", "pop_hispanic": 85, "pop_non_citizen": null, "poverty_universe": null, "pop_poverty": null, "total_households": 274, "renter_occupied": 32, "unemployed": "6", "single_parent_households": "95", "state": "06", "county": "067", "tract": "005301", "block group": "2", "surveilled_sites_count": 0, "surveilled_sites_list": "None", "surveilled_categories": "None", "pct_poverty": null, "pct_renter": 11.678832116788321, "pct_non_citizen": null, "pct_black": 3.6789297658862878, "pct_hispanic": 14.214046822742473 }, "geometry": { "type": "Point", "coordinates": [ -121.4521605, 38.582840599999969 ] } },
{ "type": "Feature", "properties": { "id": 13525680075, "lat": 38.5693109, "lon": -121.4665563, "direction": 120.0, "operator": "Sacramento Police Department", "brand": "Unknown", "STATEFP": "06", "COUNTYFP": "067", "TRACTCE": "001500", "BLKGRPCE": "3", "AFFGEOID": "1500000US060670015003", "GEOID": "060670015003", "NAME_x": "3", "NAMELSAD": "Block Group 3", "LSAD": "BG", "ALAND": 397923, "AWATER": 0, "NAME_y": "Block Group 3; Census Tract 15; Sacramento County; California", "pop_total": 628, "median_income": 157625.0, "pop_white": "453", "pop_black": 9, "pop_native": "32", "pop_asian": "54", "pop_pacific": "0", "pop_other": "0", "pop_two_plus": "80", "pop_hispanic": 104, "pop_non_citizen": null, "poverty_universe": null, "pop_poverty": null, "total_households": 250, "renter_occupied": 93, "unemployed": "0", "single_parent_households": "51", "state": "06", "county": "067", "tract": "001500", "block group": "3", "surveilled_sites_count": 0, "surveilled_sites_list": "None", "surveilled_categories": "None", "pct_poverty": null, "pct_renter": 37.2, "pct_non_citizen": null, "pct_black": 1.4331210191082804, "pct_hispanic": 16.560509554140125 }, "geometry": { "type": "Point", "coordinates": [ -121.4665563, 38.569310899999984 ] } },
{ "type": "Feature", "properties": { "id": 13525680076, "lat": 38.5679004, "lon": -121.4290834, "direction": 330.0, "operator": "Sacramento Police Department", "brand": "Unknown", "STATEFP": "06", "COUNTYFP": "067", "TRACTCE": "000100", "BLKGRPCE": "3", "AFFGEOID": "1500000US060670001003", "GEOID": "060670001003", "NAME_x": "3", "NAMELSAD": "Block Group 3", "LSAD": "BG", "ALAND": 500630, "AWATER": 30685, "NAME_y": "Block Group 3; Census Tract 1; Sacramento County; California", "pop_total": 795, "median_income": 122750.0, "pop_white": "666", "pop_black": 0, "pop_native": "0", "pop_asian": "46", "pop_pacific": "0", "pop_other": "36", "pop_two_plus": "47", "pop_hispanic": 63, "pop_non_citizen": null, "poverty_universe": null, "pop_poverty": null, "total_households": 360, "renter_occupied": 71, "unemployed": "8", "single_parent_households": "108", "state": "06", "county": "067", "tract": "000100", "block group": "3", "surveilled_sites_count": 0, "surveilled_sites_list": "None", "surveilled_categories": "None", "pct_poverty": null, "pct_renter": 19.722222222222221, "pct_non_citizen": null, "pct_black": 0.0, "pct_hispanic": 7.9245283018867925 }, "geometry": { "type": "Point", "coordinates": [ -121.42908340000001, 38.5679004 ] } },
{ "type": "Feature", "properties": { "id": 13526744937, "lat": 38.5476007, "lon": -121.3923079, "direction": 340.0, "operator": "Sacramento Police Department", "brand": "Unknown", "STATEFP": "06", "COUNTYFP": "067", "TRACTCE": "005204", "BLKGRPCE": "4", "AFFGEOID": "1500000US060670052044", "GEOID": "060670052044", "NAME_x": "4", "NAMELSAD": "Block Group 4", "LSAD": "BG", "ALAND": 459670, "AWATER": 0, "NAME_y": "Block Group 4; Census Tract 52.04; Sacramento County; California", "pop_total": 658, "median_income": 64412.0, "pop_white": "455", "pop_black": 0, "pop_native": "0", "pop_asian": "95", "pop_pacific": "0", "pop_other": "38", "pop_two_plus": "70", "pop_hispanic": 147, "pop_non_citizen": null, "poverty_universe": null, "pop_poverty": null, "total_households": 318, "renter_occupied": 96, "unemployed": "9", "single_parent_households": "55", "state": "06", "county": "067", "tract": "005204", "block group": "4", "surveilled_sites_count": 0, "surveilled_sites_list": "None", "surveilled_categories": "None", "pct_poverty": null, "pct_renter": 30.188679245283019, "pct_non_citizen": null, "pct_black": 0.0, "pct_hispanic": 22.340425531914892 }, "geometry": { "type": "Point", "coordinates": [ -121.3923079, 38.547600700000061 ] } },
{ "type": "Feature", "properties": { "id": 13526744938, "lat": 38.564043, "lon": -121.3840084, "direction": 240.0, "operator": "Sacramento Police Department", "brand": "Unknown", "STATEFP": "06", "COUNTYFP": "067", "TRACTCE": "005202", "BLKGRPCE": "1", "AFFGEOID": "1500000US060670052021", "GEOID": "060670052021", "NAME_x": "1", "NAMELSAD": "Block Group 1", "LSAD": "BG", "ALAND": 653136, "AWATER": 75247, "NAME_y": "Block Group 1; Census Tract 52.02; Sacramento County; California", "pop_total": 1286, "median_income": 110045.0, "pop_white": "740", "pop_black": 101, "pop_native": "0", "pop_asian": "99", "pop_pacific": "0", "pop_other": "0", "pop_two_plus": "346", "pop_hispanic": 146, "pop_non_citizen": null, "poverty_universe": null, "pop_poverty": null, "total_households": 593, "renter_occupied": 89, "unemployed": "50", "single_parent_households": "111", "state": "06", "county": "067", "tract": "005202", "block group": "1", "surveilled_sites_count": 0, "surveilled_sites_list": "None", "surveilled_categories": "None", "pct_poverty": null, "pct_renter": 15.008431703204048, "pct_non_citizen": null, "pct_black": 7.8538102643856922, "pct_hispanic": 11.353032659409021 }, "geometry": { "type": "Point", "coordinates": [ -121.3840084, 38.564043 ] } },
{ "type": "Feature", "properties": { "id": 13526744939, "lat": 38.5472553, "lon": -121.3991835, "direction": 240.0, "operator": "Sacramento Police Department", "brand": "Unknown", "STATEFP": "06", "COUNTYFP": "067", "TRACTCE": "005205", "BLKGRPCE": "1", "AFFGEOID": "1500000US060670052051", "GEOID": "060670052051", "NAME_x": "1", "NAMELSAD": "Block Group 1", "LSAD": "BG", "ALAND": 8562208, "AWATER": 0, "NAME_y": "Block Group 1; Census Tract 52.05; Sacramento County; California", "pop_total": 1532, "median_income": 32500.0, "pop_white": "1200", "pop_black": 74, "pop_native": "0", "pop_asian": "58", "pop_pacific": "0", "pop_other": "87", "pop_two_plus": "113", "pop_hispanic": 503, "pop_non_citizen": null, "poverty_universe": null, "pop_poverty": null, "total_households": 668, "renter_occupied": 416, "unemployed": "83", "single_parent_households": "14", "state": "06", "county": "067", "tract": "005205", "block group": "1", "surveilled_sites_count": 0, "surveilled_sites_list": "None", "surveilled_categories": "None", "pct_poverty": null, "pct_renter": 62.275449101796411, "pct_non_citizen": null, "pct_black": 4.830287206266318, "pct_hispanic": 32.832898172323759 }, "geometry": { "type": "Point", "coordinates": [ -121.399183500000021, 38.547255300000039 ] } },
{ "type": "Feature", "properties": { "id": 13526881760, "lat": 38.6412295, "lon": -121.4293357, "direction": 180.0, "operator": "Sacramento Police Department", "brand": "Unknown", "STATEFP": "06", "COUNTYFP": "067", "TRACTCE": "006501", "BLKGRPCE": "1", "AFFGEOID": "1500000US060670065011", "GEOID": "060670065011", "NAME_x": "1", "NAMELSAD": "Block Group 1", "LSAD": "BG", "ALAND": 877417, "AWATER": 0, "NAME_y": "Block Group 1; Census Tract 65.01; Sacramento County; California", "pop_total": 1209, "median_income": 48625.0, "pop_white": "314", "pop_black": 285, "pop_native": "35", "pop_asian": "166", "pop_pacific": "0", "pop_other": "258", "pop_two_plus": "151", "pop_hispanic": 644, "pop_non_citizen": null, "poverty_universe": null, "pop_poverty": null, "total_households": 445, "renter_occupied": 248, "unemployed": "93", "single_parent_households": "141", "state": "06", "county": "067", "tract": "006501", "block group": "1", "surveilled_sites_count": 0, "surveilled_sites_list": "None", "surveilled_categories": "None", "pct_poverty": null, "pct_renter": 55.730337078651679, "pct_non_citizen": null, "pct_black": 23.573200992555833, "pct_hispanic": 53.267162944582303 }, "geometry": { "type": "Point", "coordinates": [ -121.42933570000001, 38.64122949999998 ] } },
{ "type": "Feature", "properties": { "id": 13527307601, "lat": 38.4070441, "lon": -121.4157658, "direction": 319.0, "operator": "Unknown", "brand": "Unknown", "STATEFP": "06", "COUNTYFP": "067", "TRACTCE": "009651", "BLKGRPCE": "2", "AFFGEOID": "1500000US060670096512", "GEOID": "060670096512", "NAME_x": "2", "NAMELSAD": "Block Group 2", "LSAD": "BG", "ALAND": 1680579, "AWATER": 0, "NAME_y": "Block Group 2; Census Tract 96.51; Sacramento County; California", "pop_total": 4188, "median_income": 159138.0, "pop_white": "1112", "pop_black": 325, "pop_native": "0", "pop_asian": "2219", "pop_pacific": "40", "pop_other": "206", "pop_two_plus": "286", "pop_hispanic": 936, "pop_non_citizen": null, "poverty_universe": null, "pop_poverty": null, "total_households": 1132, "renter_occupied": 237, "unemployed": "45", "single_parent_households": "670", "state": "06", "county": "067", "tract": "009651", "block group": "2", "surveilled_sites_count": 0, "surveilled_sites_list": "None", "surveilled_categories": "None", "pct_poverty": null, "pct_renter": 20.936395759717314, "pct_non_citizen": null, "pct_black": 7.7602674307545376, "pct_hispanic": 22.349570200573066 }, "geometry": { "type": "Point", "coordinates": [ -121.415765800000017, 38.407044099999972 ] } },
{ "type": "Feature", "properties": { "id": 13531390502, "lat": 38.4067555, "lon": -121.4158304, "direction": 151.0, "operator": "Unknown", "brand": "Unknown", "STATEFP": "06", "COUNTYFP": "067", "TRACTCE": "009651", "BLKGRPCE": "2", "AFFGEOID": "1500000US060670096512", "GEOID": "060670096512", "NAME_x": "2", "NAMELSAD": "Block Group 2", "LSAD": "BG", "ALAND": 1680579, "AWATER": 0, "NAME_y": "Block Group 2; Census Tract 96.51; Sacramento County; California", "pop_total": 4188, "median_income": 159138.0, "pop_white": "1112", "pop_black": 325, "pop_native": "0", "pop_asian": "2219", "pop_pacific": "40", "pop_other": "206", "pop_two_plus": "286", "pop_hispanic": 936, "pop_non_citizen": null, "poverty_universe": null, "pop_poverty": null, "total_households": 1132, "renter_occupied": 237, "unemployed": "45", "single_parent_households": "670", "state": "06", "county": "067", "tract": "009651", "block group": "2", "surveilled_sites_count": 0, "surveilled_sites_list": "None", "surveilled_categories": "None", "pct_poverty": null, "pct_renter": 20.936395759717314, "pct_non_citizen": null, "pct_black": 7.7602674307545376, "pct_hispanic": 22.349570200573066 }, "geometry": { "type": "Point", "coordinates": [ -121.4158304, 38.406755499999989 ] } },
{ "type": "Feature", "properties": { "id": 13531402301, "lat": 38.4080394, "lon": -121.4172166, "direction": 107.0, "operator": "Unknown", "brand": "Unknown", "STATEFP": "06", "COUNTYFP": "067", "TRACTCE": "009651", "BLKGRPCE": "2", "AFFGEOID": "1500000US060670096512", "GEOID": "060670096512", "NAME_x": "2", "NAMELSAD": "Block Group 2", "LSAD": "BG", "ALAND": 1680579, "AWATER": 0, "NAME_y": "Block Group 2; Census Tract 96.51; Sacramento County; California", "pop_total": 4188, "median_income": 159138.0, "pop_white": "1112", "pop_black": 325, "pop_native": "0", "pop_asian": "2219", "pop_pacific": "40", "pop_other": "206", "pop_two_plus": "286", "pop_hispanic": 936, "pop_non_citizen": null, "poverty_universe": null, "pop_poverty": null, "total_households": 1132, "renter_occupied": 237, "unemployed": "45", "single_parent_households": "670", "state": "06", "county": "067", "tract": "009651", "block group": "2", "surveilled_sites_count": 1, "surveilled_sites_list": "Mayweather Boxing Fitness", "surveilled_categories": "fitness_centre", "pct_poverty": null, "pct_renter": 20.936395759717314, "pct_non_citizen": null, "pct_black": 7.7602674307545376, "pct_hispanic": 22.349570200573066 }, "geometry": { "type": "Point", "coordinates": [ -121.4172166, 38.408039400000035 ] } },
{ "type": "Feature", "properties": { "id": 13531405301, "lat": 38.4066929, "lon": -121.4169372, "direction": 65.0, "operator": "Unknown", "brand": "Unknown", "STATEFP": "06", "COUNTYFP": "067", "TRACTCE": "009651", "BLKGRPCE": "2", "AFFGEOID": "1500000US060670096512", "GEOID": "060670096512", "NAME_x": "2", "NAMELSAD": "Block Group 2", "LSAD": "BG", "ALAND": 1680579, "AWATER": 0, "NAME_y": "Block Group 2; Census Tract 96.51; Sacramento County; California", "pop_total": 4188, "median_income": 159138.0, "pop_white": "1112", "pop_black": 325, "pop_native": "0", "pop_asian": "2219", "pop_pacific": "40", "pop_other": "206", "pop_two_plus": "286", "pop_hispanic": 936, "pop_non_citizen": null, "poverty_universe": null, "pop_poverty": null, "total_households": 1132, "renter_occupied": 237, "unemployed": "45", "single_parent_households": "670", "state": "06", "county": "067", "tract": "009651", "block group": "2", "surveilled_sites_count": 0, "surveilled_sites_list": "None", "surveilled_categories": "None", "pct_poverty": null, "pct_renter": 20.936395759717314, "pct_non_citizen": null, "pct_black": 7.7602674307545376, "pct_hispanic": 22.349570200573066 }, "geometry": { "type": "Point", "coordinates": [ -121.4169372, 38.4066929 ] } },
{ "type": "Feature", "properties": { "id": 13531409601, "lat": 38.4074364, "lon": -121.4140504, "direction": 118.0, "operator": "Unknown", "brand": "Unknown", "STATEFP": "06", "COUNTYFP": "067", "TRACTCE": "009651", "BLKGRPCE": "2", "AFFGEOID": "1500000US060670096512", "GEOID": "060670096512", "NAME_x": "2", "NAMELSAD": "Block Group 2", "LSAD": "BG", "ALAND": 1680579, "AWATER": 0, "NAME_y": "Block Group 2; Census Tract 96.51; Sacramento County; California", "pop_total": 4188, "median_income": 159138.0, "pop_white": "1112", "pop_black": 325, "pop_native": "0", "pop_asian": "2219", "pop_pacific": "40", "pop_other": "206", "pop_two_plus": "286", "pop_hispanic": 936, "pop_non_citizen": null, "poverty_universe": null, "pop_poverty": null, "total_households": 1132, "renter_occupied": 237, "unemployed": "45", "single_parent_households": "670", "state": "06", "county": "067", "tract": "009651", "block group": "2", "surveilled_sites_count": 0, "surveilled_sites_list": "None", "surveilled_categories": "None", "pct_poverty": null, "pct_renter": 20.936395759717314, "pct_non_citizen": null, "pct_black": 7.7602674307545376, "pct_hispanic": 22.349570200573066 }, "geometry": { "type": "Point", "coordinates": [ -121.4140504, 38.40743639999998 ] } },
{ "type": "Feature", "properties": { "id": 13536056001, "lat": 38.3871133, "lon": -121.3715295, "direction": 161.0, "operator": "Unknown", "brand": "Unknown", "STATEFP": "06", "COUNTYFP": "067", "TRACTCE": "009309", "BLKGRPCE": "2", "AFFGEOID": "1500000US060670093092", "GEOID": "060670093092", "NAME_x": "2", "NAMELSAD": "Block Group 2", "LSAD": "BG", "ALAND": 1039438, "AWATER": 0, "NAME_y": "Block Group 2; Census Tract 93.09; Sacramento County; California", "pop_total": 686, "median_income": 114000.0, "pop_white": "400", "pop_black": 0, "pop_native": "4", "pop_asian": "93", "pop_pacific": "0", "pop_other": "60", "pop_two_plus": "129", "pop_hispanic": 150, "pop_non_citizen": null, "poverty_universe": null, "pop_poverty": null, "total_households": 222, "renter_occupied": 14, "unemployed": "20", "single_parent_households": "89", "state": "06", "county": "067", "tract": "009309", "block group": "2", "surveilled_sites_count": 0, "surveilled_sites_list": "None", "surveilled_categories": "None", "pct_poverty": null, "pct_renter": 6.3063063063063058, "pct_non_citizen": null, "pct_black": 0.0, "pct_hispanic": 21.865889212827987 }, "geometry": { "type": "Point", "coordinates": [ -121.37152949999998, 38.38711330000001 ] } },
{ "type": "Feature", "properties": { "id": 13539175871, "lat": 38.7135317, "lon": -121.364771, "direction": 250.0, "operator": "Unknown", "brand": "Unknown", "STATEFP": "06", "COUNTYFP": "067", "TRACTCE": "007430", "BLKGRPCE": "2", "AFFGEOID": "1500000US060670074302", "GEOID": "060670074302", "NAME_x": "2", "NAMELSAD": "Block Group 2", "LSAD": "BG", "ALAND": 494724, "AWATER": 0, "NAME_y": "Block Group 2; Census Tract 74.30; Sacramento County; California", "pop_total": 2266, "median_income": 91071.0, "pop_white": "1196", "pop_black": 225, "pop_native": "182", "pop_asian": "328", "pop_pacific": "0", "pop_other": "12", "pop_two_plus": "323", "pop_hispanic": 379, "pop_non_citizen": null, "poverty_universe": null, "pop_poverty": null, "total_households": 568, "renter_occupied": 318, "unemployed": "81", "single_parent_households": "279", "state": "06", "county": "067", "tract": "007430", "block group": "2", "surveilled_sites_count": 0, "surveilled_sites_list": "None", "surveilled_categories": "None", "pct_poverty": null, "pct_renter": 55.985915492957751, "pct_non_citizen": null, "pct_black": 9.9293909973521632, "pct_hispanic": 16.725507502206533 }, "geometry": { "type": "Point", "coordinates": [ -121.364771, 38.7135317 ] } },
{ "type": "Feature", "properties": { "id": 13544790301, "lat": 38.4080794, "lon": -121.384621, "direction": 0.0, "operator": "Unknown", "brand": "Unknown", "STATEFP": "06", "COUNTYFP": "067", "TRACTCE": "009309", "BLKGRPCE": "1", "AFFGEOID": "1500000US060670093091", "GEOID": "060670093091", "NAME_x": "1", "NAMELSAD": "Block Group 1", "LSAD": "BG", "ALAND": 1057124, "AWATER": 0, "NAME_y": "Block Group 1; Census Tract 93.09; Sacramento County; California", "pop_total": 1726, "median_income": 76875.0, "pop_white": "1107", "pop_black": 69, "pop_native": "44", "pop_asian": "190", "pop_pacific": "30", "pop_other": "131", "pop_two_plus": "155", "pop_hispanic": 335, "pop_non_citizen": null, "poverty_universe": null, "pop_poverty": null, "total_households": 633, "renter_occupied": 93, "unemployed": "72", "single_parent_households": "177", "state": "06", "county": "067", "tract": "009309", "block group": "1", "surveilled_sites_count": 0, "surveilled_sites_list": "None", "surveilled_categories": "None", "pct_poverty": null, "pct_renter": 14.691943127962084, "pct_non_citizen": null, "pct_black": 3.9976825028968719, "pct_hispanic": 19.409038238702202 }, "geometry": { "type": "Point", "coordinates": [ -121.384621, 38.408079400000013 ] } },
{ "type": "Feature", "properties": { "id": 13564524001, "lat": 38.3939895, "lon": -121.4411316, "direction": 119.0, "operator": "Unknown", "brand": "Unknown", "STATEFP": "06", "COUNTYFP": "067", "TRACTCE": "009649", "BLKGRPCE": "1", "AFFGEOID": "1500000US060670096491", "GEOID": "060670096491", "NAME_x": "1", "NAMELSAD": "Block Group 1", "LSAD": "BG", "ALAND": 695598, "AWATER": 0, "NAME_y": "Block Group 1; Census Tract 96.49; Sacramento County; California", "pop_total": 2394, "median_income": 133631.0, "pop_white": "681", "pop_black": 478, "pop_native": "78", "pop_asian": "771", "pop_pacific": "27", "pop_other": "29", "pop_two_plus": "330", "pop_hispanic": 310, "pop_non_citizen": null, "poverty_universe": null, "pop_poverty": null, "total_households": 697, "renter_occupied": 173, "unemployed": "69", "single_parent_households": "398", "state": "06", "county": "067", "tract": "009649", "block group": "1", "surveilled_sites_count": 0, "surveilled_sites_list": "None", "surveilled_categories": "None", "pct_poverty": null, "pct_renter": 24.820659971305595, "pct_non_citizen": null, "pct_black": 19.966583124477861, "pct_hispanic": 12.949039264828738 }, "geometry": { "type": "Point", "coordinates": [ -121.4411316, 38.393989499999989 ] } },
{ "type": "Feature", "properties": { "id": 13564635001, "lat": 38.6430708, "lon": -121.5408186, "direction": 108.0, "operator": "Unknown", "brand": "Unknown", "STATEFP": "06", "COUNTYFP": "067", "TRACTCE": "007026", "BLKGRPCE": "3", "AFFGEOID": "1500000US060670070263", "GEOID": "060670070263", "NAME_x": "3", "NAMELSAD": "Block Group 3", "LSAD": "BG", "ALAND": 1264412, "AWATER": 174830, "NAME_y": "Block Group 3; Census Tract 70.26; Sacramento County; California", "pop_total": 1881, "median_income": 184735.0, "pop_white": "423", "pop_black": 0, "pop_native": "22", "pop_asian": "1094", "pop_pacific": "0", "pop_other": "146", "pop_two_plus": "196", "pop_hispanic": 360, "pop_non_citizen": null, "poverty_universe": null, "pop_poverty": null, "total_households": 541, "renter_occupied": 38, "unemployed": "23", "single_parent_households": "112", "state": "06", "county": "067", "tract": "007026", "block group": "3", "surveilled_sites_count": 0, "surveilled_sites_list": "None", "surveilled_categories": "None", "pct_poverty": null, "pct_renter": 7.0240295748613679, "pct_non_citizen": null, "pct_black": 0.0, "pct_hispanic": 19.138755980861244 }, "geometry": { "type": "Point", "coordinates": [ -121.54081859999998, 38.6430708 ] } },
{ "type": "Feature", "properties": { "id": 13564646001, "lat": 38.6491202, "lon": -121.5407862, "direction": 278.0, "operator": "Unknown", "brand": "Unknown", "STATEFP": "06", "COUNTYFP": "067", "TRACTCE": "007026", "BLKGRPCE": "1", "AFFGEOID": "1500000US060670070261", "GEOID": "060670070261", "NAME_x": "1", "NAMELSAD": "Block Group 1", "LSAD": "BG", "ALAND": 2399546, "AWATER": 174803, "NAME_y": "Block Group 1; Census Tract 70.26; Sacramento County; California", "pop_total": 2470, "median_income": 115989.0, "pop_white": "1159", "pop_black": 449, "pop_native": "20", "pop_asian": "290", "pop_pacific": "0", "pop_other": "0", "pop_two_plus": "552", "pop_hispanic": 587, "pop_non_citizen": null, "poverty_universe": null, "pop_poverty": null, "total_households": 1084, "renter_occupied": 293, "unemployed": "0", "single_parent_households": "351", "state": "06", "county": "067", "tract": "007026", "block group": "1", "surveilled_sites_count": 0, "surveilled_sites_list": "None", "surveilled_categories": "None", "pct_poverty": null, "pct_renter": 27.029520295202953, "pct_non_citizen": null, "pct_black": 18.178137651821864, "pct_hispanic": 23.765182186234817 }, "geometry": { "type": "Point", "coordinates": [ -121.5407862, 38.649120199999949 ] } },
{ "type": "Feature", "properties": { "id": 13564648901, "lat": 38.6491101, "lon": -121.5411947, "direction": 116.0, "operator": "Unknown", "brand": "Unknown", "STATEFP": "06", "COUNTYFP": "067", "TRACTCE": "007026", "BLKGRPCE": "2", "AFFGEOID": "1500000US060670070262", "GEOID": "060670070262", "NAME_x": "2", "NAMELSAD": "Block Group 2", "LSAD": "BG", "ALAND": 234080, "AWATER": 0, "NAME_y": "Block Group 2; Census Tract 70.26; Sacramento County; California", "pop_total": 1163, "median_income": null, "pop_white": "369", "pop_black": 214, "pop_native": "0", "pop_asian": "396", "pop_pacific": "0", "pop_other": "90", "pop_two_plus": "94", "pop_hispanic": 101, "pop_non_citizen": null, "poverty_universe": null, "pop_poverty": null, "total_households": 512, "renter_occupied": 231, "unemployed": "0", "single_parent_households": "121", "state": "06", "county": "067", "tract": "007026", "block group": "2", "surveilled_sites_count": 0, "surveilled_sites_list": "None", "surveilled_categories": "None", "pct_poverty": null, "pct_renter": 45.1171875, "pct_non_citizen": null, "pct_black": 18.400687876182285, "pct_hispanic": 8.6844368013757531 }, "geometry": { "type": "Point", "coordinates": [ -121.5411947, 38.6491101 ] } },
{ "type": "Feature", "properties": { "id": 13567931201, "lat": 38.7053812, "lon": -121.2812886, "direction": 176.0, "operator": "Unknown", "brand": "Unknown", "STATEFP": "06", "COUNTYFP": "067", "TRACTCE": "008142", "BLKGRPCE": "1", "AFFGEOID": "1500000US060670081421", "GEOID": "060670081421", "NAME_x": "1", "NAMELSAD": "Block Group 1", "LSAD": "BG", "ALAND": 948013, "AWATER": 0, "NAME_y": "Block Group 1; Census Tract 81.42; Sacramento County; California", "pop_total": 2639, "median_income": 71200.0, "pop_white": "2158", "pop_black": 31, "pop_native": "67", "pop_asian": "70", "pop_pacific": "24", "pop_other": "165", "pop_two_plus": "124", "pop_hispanic": 663, "pop_non_citizen": null, "poverty_universe": null, "pop_poverty": null, "total_households": 972, "renter_occupied": 624, "unemployed": "74", "single_parent_households": "301", "state": "06", "county": "067", "tract": "008142", "block group": "1", "surveilled_sites_count": 0, "surveilled_sites_list": "None", "surveilled_categories": "None", "pct_poverty": null, "pct_renter": 64.197530864197532, "pct_non_citizen": null, "pct_black": 1.1746873815839334, "pct_hispanic": 25.123152709359609 }, "geometry": { "type": "Point", "coordinates": [ -121.281288600000011, 38.70538119999997 ] } },
{ "type": "Feature", "properties": { "id": 13567936701, "lat": 38.6645198, "lon": -121.2844928, "direction": 0.0, "operator": "Unknown", "brand": "Unknown", "STATEFP": "06", "COUNTYFP": "067", "TRACTCE": "008138", "BLKGRPCE": "3", "AFFGEOID": "1500000US060670081383", "GEOID": "060670081383", "NAME_x": "3", "NAMELSAD": "Block Group 3", "LSAD": "BG", "ALAND": 592215, "AWATER": 0, "NAME_y": "Block Group 3; Census Tract 81.38; Sacramento County; California", "pop_total": 1374, "median_income": 100083.0, "pop_white": "1138", "pop_black": 21, "pop_native": "0", "pop_asian": "141", "pop_pacific": "0", "pop_other": "1", "pop_two_plus": "73", "pop_hispanic": 170, "pop_non_citizen": null, "poverty_universe": null, "pop_poverty": null, "total_households": 421, "renter_occupied": 132, "unemployed": "19", "single_parent_households": "171", "state": "06", "county": "067", "tract": "008138", "block group": "3", "surveilled_sites_count": 0, "surveilled_sites_list": "None", "surveilled_categories": "None", "pct_poverty": null, "pct_renter": 31.353919239904986, "pct_non_citizen": null, "pct_black": 1.5283842794759825, "pct_hispanic": 12.372634643377003 }, "geometry": { "type": "Point", "coordinates": [ -121.2844928, 38.664519800000015 ] } },
{ "type": "Feature", "properties": { "id": 13568056901, "lat": 38.6815145, "lon": -121.2848651, "direction": 176.0, "operator": "Unknown", "brand": "Unknown", "STATEFP": "06", "COUNTYFP": "067", "TRACTCE": "008141", "BLKGRPCE": "1", "AFFGEOID": "1500000US060670081411", "GEOID": "060670081411", "NAME_x": "1", "NAMELSAD": "Block Group 1", "LSAD": "BG", "ALAND": 761099, "AWATER": 0, "NAME_y": "Block Group 1; Census Tract 81.41; Sacramento County; California", "pop_total": 1297, "median_income": 92000.0, "pop_white": "1141", "pop_black": 0, "pop_native": "14", "pop_asian": "46", "pop_pacific": "0", "pop_other": "82", "pop_two_plus": "14", "pop_hispanic": 82, "pop_non_citizen": null, "poverty_universe": null, "pop_poverty": null, "total_households": 380, "renter_occupied": 127, "unemployed": "63", "single_parent_households": "169", "state": "06", "county": "067", "tract": "008141", "block group": "1", "surveilled_sites_count": 0, "surveilled_sites_list": "None", "surveilled_categories": "None", "pct_poverty": null, "pct_renter": 33.421052631578945, "pct_non_citizen": null, "pct_black": 0.0, "pct_hispanic": 6.3222821896684653 }, "geometry": { "type": "Point", "coordinates": [ -121.2848651, 38.6815145 ] } },
{ "type": "Feature", "properties": { "id": 13568088501, "lat": 38.6812333, "lon": -121.2809348, "direction": 15.0, "operator": "Unknown", "brand": "Unknown", "STATEFP": "06", "COUNTYFP": "067", "TRACTCE": "008141", "BLKGRPCE": "4", "AFFGEOID": "1500000US060670081414", "GEOID": "060670081414", "NAME_x": "4", "NAMELSAD": "Block Group 4", "LSAD": "BG", "ALAND": 193177, "AWATER": 0, "NAME_y": "Block Group 4; Census Tract 81.41; Sacramento County; California", "pop_total": 1752, "median_income": 34471.0, "pop_white": "888", "pop_black": 374, "pop_native": "39", "pop_asian": "82", "pop_pacific": "0", "pop_other": "369", "pop_two_plus": "0", "pop_hispanic": 474, "pop_non_citizen": null, "poverty_universe": null, "pop_poverty": null, "total_households": 838, "renter_occupied": 772, "unemployed": "272", "single_parent_households": "177", "state": "06", "county": "067", "tract": "008141", "block group": "4", "surveilled_sites_count": 0, "surveilled_sites_list": "None", "surveilled_categories": "None", "pct_poverty": null, "pct_renter": 92.124105011933182, "pct_non_citizen": null, "pct_black": 21.347031963470322, "pct_hispanic": 27.054794520547947 }, "geometry": { "type": "Point", "coordinates": [ -121.2809348, 38.681233300000031 ] } },
{ "type": "Feature", "properties": { "id": 13568099501, "lat": 38.6784618, "lon": -121.2819782, "direction": 245.0, "operator": "Unknown", "brand": "Unknown", "STATEFP": "06", "COUNTYFP": "067", "TRACTCE": "008141", "BLKGRPCE": "4", "AFFGEOID": "1500000US060670081414", "GEOID": "060670081414", "NAME_x": "4", "NAMELSAD": "Block Group 4", "LSAD": "BG", "ALAND": 193177, "AWATER": 0, "NAME_y": "Block Group 4; Census Tract 81.41; Sacramento County; California", "pop_total": 1752, "median_income": 34471.0, "pop_white": "888", "pop_black": 374, "pop_native": "39", "pop_asian": "82", "pop_pacific": "0", "pop_other": "369", "pop_two_plus": "0", "pop_hispanic": 474, "pop_non_citizen": null, "poverty_universe": null, "pop_poverty": null, "total_households": 838, "renter_occupied": 772, "unemployed": "272", "single_parent_households": "177", "state": "06", "county": "067", "tract": "008141", "block group": "4", "surveilled_sites_count": 0, "surveilled_sites_list": "None", "surveilled_categories": "None", "pct_poverty": null, "pct_renter": 92.124105011933182, "pct_non_citizen": null, "pct_black": 21.347031963470322, "pct_hispanic": 27.054794520547947 }, "geometry": { "type": "Point", "coordinates": [ -121.2819782, 38.678461799999972 ] } },
{ "type": "Feature", "properties": { "id": 13583892501, "lat": 38.5972121, "lon": -121.4163877, "direction": 181.0, "operator": "Unknown", "brand": "Unknown", "STATEFP": "06", "COUNTYFP": "067", "TRACTCE": "005502", "BLKGRPCE": "3", "AFFGEOID": "1500000US060670055023", "GEOID": "060670055023", "NAME_x": "3", "NAMELSAD": "Block Group 3", "LSAD": "BG", "ALAND": 665142, "AWATER": 0, "NAME_y": "Block Group 3; Census Tract 55.02; Sacramento County; California", "pop_total": 2791, "median_income": 46875.0, "pop_white": "1015", "pop_black": 419, "pop_native": "0", "pop_asian": "228", "pop_pacific": "0", "pop_other": "825", "pop_two_plus": "304", "pop_hispanic": 1294, "pop_non_citizen": null, "poverty_universe": null, "pop_poverty": null, "total_households": 950, "renter_occupied": 785, "unemployed": "102", "single_parent_households": "327", "state": "06", "county": "067", "tract": "005502", "block group": "3", "surveilled_sites_count": 0, "surveilled_sites_list": "None", "surveilled_categories": "None", "pct_poverty": null, "pct_renter": 82.631578947368425, "pct_non_citizen": null, "pct_black": 15.012540308133286, "pct_hispanic": 46.363310641347191 }, "geometry": { "type": "Point", "coordinates": [ -121.4163877, 38.597212099999958 ] } },
{ "type": "Feature", "properties": { "id": 13591156001, "lat": 38.4553382, "lon": -121.4022697, "direction": 214.0, "operator": "Lowe's", "brand": "Unknown", "STATEFP": "06", "COUNTYFP": "067", "TRACTCE": "009335", "BLKGRPCE": "3", "AFFGEOID": "1500000US060670093353", "GEOID": "060670093353", "NAME_x": "3", "NAMELSAD": "Block Group 3", "LSAD": "BG", "ALAND": 353293, "AWATER": 0, "NAME_y": "Block Group 3; Census Tract 93.35; Sacramento County; California", "pop_total": 1660, "median_income": 38466.0, "pop_white": "669", "pop_black": 365, "pop_native": "0", "pop_asian": "413", "pop_pacific": "0", "pop_other": "66", "pop_two_plus": "147", "pop_hispanic": 480, "pop_non_citizen": null, "poverty_universe": null, "pop_poverty": null, "total_households": 659, "renter_occupied": 598, "unemployed": "136", "single_parent_households": "42", "state": "06", "county": "067", "tract": "009335", "block group": "3", "surveilled_sites_count": 0, "surveilled_sites_list": "None", "surveilled_categories": "None", "pct_poverty": null, "pct_renter": 90.743550834597869, "pct_non_citizen": null, "pct_black": 21.987951807228914, "pct_hispanic": 28.915662650602407 }, "geometry": { "type": "Point", "coordinates": [ -121.4022697, 38.455338199999971 ] } },
{ "type": "Feature", "properties": { "id": 13592979982, "lat": 38.4082329, "lon": -121.4589806, "direction": 25.0, "operator": "Elk Grove Police Department", "brand": "Unknown", "STATEFP": "06", "COUNTYFP": "067", "TRACTCE": "009635", "BLKGRPCE": "2", "AFFGEOID": "1500000US060670096352", "GEOID": "060670096352", "NAME_x": "2", "NAMELSAD": "Block Group 2", "LSAD": "BG", "ALAND": 6955467, "AWATER": 105901, "NAME_y": "Block Group 2; Census Tract 96.35; Sacramento County; California", "pop_total": 724, "median_income": 148750.0, "pop_white": "198", "pop_black": 0, "pop_native": "0", "pop_asian": "255", "pop_pacific": "0", "pop_other": "13", "pop_two_plus": "258", "pop_hispanic": 256, "pop_non_citizen": null, "poverty_universe": null, "pop_poverty": null, "total_households": 274, "renter_occupied": 13, "unemployed": "29", "single_parent_households": "60", "state": "06", "county": "067", "tract": "009635", "block group": "2", "surveilled_sites_count": 0, "surveilled_sites_list": "None", "surveilled_categories": "None", "pct_poverty": null, "pct_renter": 4.7445255474452548, "pct_non_citizen": null, "pct_black": 0.0, "pct_hispanic": 35.359116022099442 }, "geometry": { "type": "Point", "coordinates": [ -121.4589806, 38.408232899999973 ] } },
{ "type": "Feature", "properties": { "id": 13593423083, "lat": 38.701679, "lon": -121.1481203, "direction": 105.0, "operator": "Unknown", "brand": "Unknown", "STATEFP": "06", "COUNTYFP": "067", "TRACTCE": "988300", "BLKGRPCE": "1", "AFFGEOID": "1500000US060679883001", "GEOID": "060679883001", "NAME_x": "1", "NAMELSAD": "Block Group 1", "LSAD": "BG", "ALAND": 3824924, "AWATER": 166308, "NAME_y": "Block Group 1; Census Tract 9883; Sacramento County; California", "pop_total": 4478, "median_income": 157857.0, "pop_white": "1197", "pop_black": 1778, "pop_native": "85", "pop_asian": "88", "pop_pacific": "43", "pop_other": "698", "pop_two_plus": "589", "pop_hispanic": 1595, "pop_non_citizen": null, "poverty_universe": null, "pop_poverty": null, "total_households": 24, "renter_occupied": 24, "unemployed": "0", "single_parent_households": "0", "state": "06", "county": "067", "tract": "988300", "block group": "1", "surveilled_sites_count": 0, "surveilled_sites_list": "None", "surveilled_categories": "None", "pct_poverty": null, "pct_renter": 100.0, "pct_non_citizen": null, "pct_black": 39.705225547119248, "pct_hispanic": 35.618579723090669 }, "geometry": { "type": "Point", "coordinates": [ -121.148120300000016, 38.701679 ] } },
{ "type": "Feature", "properties": { "id": 13594786101, "lat": 38.6839693, "lon": -121.45683, "direction": 321.0, "operator": "Unknown", "brand": "Unknown", "STATEFP": "06", "COUNTYFP": "067", "TRACTCE": "007209", "BLKGRPCE": "1", "AFFGEOID": "1500000US060670072091", "GEOID": "060670072091", "NAME_x": "1", "NAMELSAD": "Block Group 1", "LSAD": "BG", "ALAND": 994580, "AWATER": 0, "NAME_y": "Block Group 1; Census Tract 72.09; Sacramento County; California", "pop_total": 1547, "median_income": 64545.0, "pop_white": "1054", "pop_black": 51, "pop_native": "0", "pop_asian": "4", "pop_pacific": "0", "pop_other": "170", "pop_two_plus": "268", "pop_hispanic": 371, "pop_non_citizen": null, "poverty_universe": null, "pop_poverty": null, "total_households": 518, "renter_occupied": 129, "unemployed": "42", "single_parent_households": "164", "state": "06", "county": "067", "tract": "007209", "block group": "1", "surveilled_sites_count": 0, "surveilled_sites_list": "None", "surveilled_categories": "None", "pct_poverty": null, "pct_renter": 24.903474903474905, "pct_non_citizen": null, "pct_black": 3.296703296703297, "pct_hispanic": 23.981900452488688 }, "geometry": { "type": "Point", "coordinates": [ -121.45683, 38.6839693 ] } },
{ "type": "Feature", "properties": { "id": 13599515653, "lat": 38.6597681, "lon": -121.4952873, "direction": 285.0, "operator": "Unknown", "brand": "Unknown", "STATEFP": "06", "COUNTYFP": "067", "TRACTCE": "007106", "BLKGRPCE": "4", "AFFGEOID": "1500000US060670071064", "GEOID": "060670071064", "NAME_x": "4", "NAMELSAD": "Block Group 4", "LSAD": "BG", "ALAND": 4828716, "AWATER": 0, "NAME_y": "Block Group 4; Census Tract 71.06; Sacramento County; California", "pop_total": 766, "median_income": 161194.0, "pop_white": "308", "pop_black": 47, "pop_native": "0", "pop_asian": "96", "pop_pacific": "0", "pop_other": "45", "pop_two_plus": "270", "pop_hispanic": 291, "pop_non_citizen": null, "poverty_universe": null, "pop_poverty": null, "total_households": 315, "renter_occupied": 24, "unemployed": "0", "single_parent_households": "59", "state": "06", "county": "067", "tract": "007106", "block group": "4", "surveilled_sites_count": 0, "surveilled_sites_list": "None", "surveilled_categories": "None", "pct_poverty": null, "pct_renter": 7.6190476190476195, "pct_non_citizen": null, "pct_black": 6.1357702349869454, "pct_hispanic": 37.989556135770236 }, "geometry": { "type": "Point", "coordinates": [ -121.495287300000015, 38.65976809999998 ] } },
{ "type": "Feature", "properties": { "id": 13608352701, "lat": 38.4092167, "lon": -121.4081897, "direction": 256.0, "operator": "Unknown", "brand": "Unknown", "STATEFP": "06", "COUNTYFP": "067", "TRACTCE": "009612", "BLKGRPCE": "3", "AFFGEOID": "1500000US060670096123", "GEOID": "060670096123", "NAME_x": "3", "NAMELSAD": "Block Group 3", "LSAD": "BG", "ALAND": 632914, "AWATER": 0, "NAME_y": "Block Group 3; Census Tract 96.12; Sacramento County; California", "pop_total": 1745, "median_income": 120313.0, "pop_white": "403", "pop_black": 276, "pop_native": "15", "pop_asian": "803", "pop_pacific": "0", "pop_other": "113", "pop_two_plus": "135", "pop_hispanic": 347, "pop_non_citizen": null, "poverty_universe": null, "pop_poverty": null, "total_households": 592, "renter_occupied": 51, "unemployed": "14", "single_parent_households": "190", "state": "06", "county": "067", "tract": "009612", "block group": "3", "surveilled_sites_count": 0, "surveilled_sites_list": "None", "surveilled_categories": "None", "pct_poverty": null, "pct_renter": 8.6148648648648649, "pct_non_citizen": null, "pct_black": 15.816618911174785, "pct_hispanic": 19.885386819484239 }, "geometry": { "type": "Point", "coordinates": [ -121.4081897, 38.409216700000016 ] } },
{ "type": "Feature", "properties": { "id": 13608552001, "lat": 38.6434397, "lon": -121.3834512, "direction": 184.0, "operator": "Unknown", "brand": "Unknown", "STATEFP": "06", "COUNTYFP": "067", "TRACTCE": "007413", "BLKGRPCE": "3", "AFFGEOID": "1500000US060670074133", "GEOID": "060670074133", "NAME_x": "3", "NAMELSAD": "Block Group 3", "LSAD": "BG", "ALAND": 4214137, "AWATER": 192933, "NAME_y": "Block Group 3; Census Tract 74.13; Sacramento County; California", "pop_total": 671, "median_income": 65724.0, "pop_white": "517", "pop_black": 47, "pop_native": "0", "pop_asian": "4", "pop_pacific": "0", "pop_other": "49", "pop_two_plus": "54", "pop_hispanic": 135, "pop_non_citizen": null, "poverty_universe": null, "pop_poverty": null, "total_households": 281, "renter_occupied": 28, "unemployed": "39", "single_parent_households": "41", "state": "06", "county": "067", "tract": "007413", "block group": "3", "surveilled_sites_count": 0, "surveilled_sites_list": "None", "surveilled_categories": "None", "pct_poverty": null, "pct_renter": 9.9644128113879002, "pct_non_citizen": null, "pct_black": 7.0044709388971684, "pct_hispanic": 20.119225037257824 }, "geometry": { "type": "Point", "coordinates": [ -121.38345120000001, 38.6434397 ] } },
{ "type": "Feature", "properties": { "id": 13608562801, "lat": 38.7135169, "lon": -121.392486, "direction": 165.0, "operator": "Unknown", "brand": "Unknown", "STATEFP": "06", "COUNTYFP": "067", "TRACTCE": "007417", "BLKGRPCE": "2", "AFFGEOID": "1500000US060670074172", "GEOID": "060670074172", "NAME_x": "2", "NAMELSAD": "Block Group 2", "LSAD": "BG", "ALAND": 1383812, "AWATER": 0, "NAME_y": "Block Group 2; Census Tract 74.17; Sacramento County; California", "pop_total": 2364, "median_income": 83100.0, "pop_white": "1113", "pop_black": 216, "pop_native": "56", "pop_asian": "509", "pop_pacific": "0", "pop_other": "172", "pop_two_plus": "298", "pop_hispanic": 363, "pop_non_citizen": null, "poverty_universe": null, "pop_poverty": null, "total_households": 752, "renter_occupied": 80, "unemployed": "29", "single_parent_households": "305", "state": "06", "county": "067", "tract": "007417", "block group": "2", "surveilled_sites_count": 0, "surveilled_sites_list": "None", "surveilled_categories": "None", "pct_poverty": null, "pct_renter": 10.638297872340425, "pct_non_citizen": null, "pct_black": 9.1370558375634516, "pct_hispanic": 15.355329949238577 }, "geometry": { "type": "Point", "coordinates": [ -121.392486, 38.713516899999973 ] } },
{ "type": "Feature", "properties": { "id": 13613428801, "lat": 38.7132098, "lon": -121.3647024, "direction": 168.0, "operator": "Unknown", "brand": "Unknown", "STATEFP": "06", "COUNTYFP": "067", "TRACTCE": "007427", "BLKGRPCE": "2", "AFFGEOID": "1500000US060670074272", "GEOID": "060670074272", "NAME_x": "2", "NAMELSAD": "Block Group 2", "LSAD": "BG", "ALAND": 689053, "AWATER": 0, "NAME_y": "Block Group 2; Census Tract 74.27; Sacramento County; California", "pop_total": 2211, "median_income": 59857.0, "pop_white": "915", "pop_black": 572, "pop_native": "11", "pop_asian": "214", "pop_pacific": "0", "pop_other": "2", "pop_two_plus": "497", "pop_hispanic": 305, "pop_non_citizen": null, "poverty_universe": null, "pop_poverty": null, "total_households": 664, "renter_occupied": 475, "unemployed": "112", "single_parent_households": "230", "state": "06", "county": "067", "tract": "007427", "block group": "2", "surveilled_sites_count": 0, "surveilled_sites_list": "None", "surveilled_categories": "None", "pct_poverty": null, "pct_renter": 71.536144578313255, "pct_non_citizen": null, "pct_black": 25.870646766169152, "pct_hispanic": 13.794663048394392 }, "geometry": { "type": "Point", "coordinates": [ -121.364702399999985, 38.713209800000023 ] } },
{ "type": "Feature", "properties": { "id": 13621695001, "lat": 38.7146688, "lon": -121.3919969, "direction": 341.0, "operator": "Unknown", "brand": "Unknown", "STATEFP": "06", "COUNTYFP": "067", "TRACTCE": "007431", "BLKGRPCE": "2", "AFFGEOID": "1500000US060670074312", "GEOID": "060670074312", "NAME_x": "2", "NAMELSAD": "Block Group 2", "LSAD": "BG", "ALAND": 729733, "AWATER": 0, "NAME_y": "Block Group 2; Census Tract 74.31; Sacramento County; California", "pop_total": 1729, "median_income": 95568.0, "pop_white": "991", "pop_black": 247, "pop_native": "15", "pop_asian": "197", "pop_pacific": "0", "pop_other": "38", "pop_two_plus": "241", "pop_hispanic": 341, "pop_non_citizen": null, "poverty_universe": null, "pop_poverty": null, "total_households": 530, "renter_occupied": 147, "unemployed": "20", "single_parent_households": "188", "state": "06", "county": "067", "tract": "007431", "block group": "2", "surveilled_sites_count": 0, "surveilled_sites_list": "None", "surveilled_categories": "None", "pct_poverty": null, "pct_renter": 27.735849056603772, "pct_non_citizen": null, "pct_black": 14.285714285714285, "pct_hispanic": 19.722382880277618 }, "geometry": { "type": "Point", "coordinates": [ -121.3919969, 38.7146688 ] } },
{ "type": "Feature", "properties": { "id": 13631173567, "lat": 38.5527865, "lon": -121.418447, "direction": 170.0, "operator": "Unknown", "brand": "Unknown", "STATEFP": "06", "COUNTYFP": "067", "TRACTCE": "005201", "BLKGRPCE": "2", "AFFGEOID": "1500000US060670052012", "GEOID": "060670052012", "NAME_x": "2", "NAMELSAD": "Block Group 2", "LSAD": "BG", "ALAND": 1474005, "AWATER": 33340, "NAME_y": "Block Group 2; Census Tract 52.01; Sacramento County; California", "pop_total": 2577, "median_income": 52578.0, "pop_white": "1202", "pop_black": 360, "pop_native": "18", "pop_asian": "301", "pop_pacific": "28", "pop_other": "496", "pop_two_plus": "172", "pop_hispanic": 852, "pop_non_citizen": null, "poverty_universe": null, "pop_poverty": null, "total_households": 343, "renter_occupied": 343, "unemployed": "281", "single_parent_households": "0", "state": "06", "county": "067", "tract": "005201", "block group": "2", "surveilled_sites_count": 0, "surveilled_sites_list": "None", "surveilled_categories": "None", "pct_poverty": null, "pct_renter": 100.0, "pct_non_citizen": null, "pct_black": 13.969732246798602, "pct_hispanic": 33.061699650756694 }, "geometry": { "type": "Point", "coordinates": [ -121.418447, 38.552786500000053 ] } },
{ "type": "Feature", "properties": { "id": 13631173568, "lat": 38.5527054, "lon": -121.418354, "direction": 320.0, "operator": "Unknown", "brand": "Unknown", "STATEFP": "06", "COUNTYFP": "067", "TRACTCE": "005201", "BLKGRPCE": "2", "AFFGEOID": "1500000US060670052012", "GEOID": "060670052012", "NAME_x": "2", "NAMELSAD": "Block Group 2", "LSAD": "BG", "ALAND": 1474005, "AWATER": 33340, "NAME_y": "Block Group 2; Census Tract 52.01; Sacramento County; California", "pop_total": 2577, "median_income": 52578.0, "pop_white": "1202", "pop_black": 360, "pop_native": "18", "pop_asian": "301", "pop_pacific": "28", "pop_other": "496", "pop_two_plus": "172", "pop_hispanic": 852, "pop_non_citizen": null, "poverty_universe": null, "pop_poverty": null, "total_households": 343, "renter_occupied": 343, "unemployed": "281", "single_parent_households": "0", "state": "06", "county": "067", "tract": "005201", "block group": "2", "surveilled_sites_count": 0, "surveilled_sites_list": "None", "surveilled_categories": "None", "pct_poverty": null, "pct_renter": 100.0, "pct_non_citizen": null, "pct_black": 13.969732246798602, "pct_hispanic": 33.061699650756694 }, "geometry": { "type": "Point", "coordinates": [ -121.418354, 38.5527054 ] } },
{ "type": "Feature", "properties": { "id": 13631208546, "lat": 38.5647253, "lon": -121.4263647, "direction": 320.0, "operator": "Unknown", "brand": "Unknown", "STATEFP": "06", "COUNTYFP": "067", "TRACTCE": "005201", "BLKGRPCE": "2", "AFFGEOID": "1500000US060670052012", "GEOID": "060670052012", "NAME_x": "2", "NAMELSAD": "Block Group 2", "LSAD": "BG", "ALAND": 1474005, "AWATER": 33340, "NAME_y": "Block Group 2; Census Tract 52.01; Sacramento County; California", "pop_total": 2577, "median_income": 52578.0, "pop_white": "1202", "pop_black": 360, "pop_native": "18", "pop_asian": "301", "pop_pacific": "28", "pop_other": "496", "pop_two_plus": "172", "pop_hispanic": 852, "pop_non_citizen": null, "poverty_universe": null, "pop_poverty": null, "total_households": 343, "renter_occupied": 343, "unemployed": "281", "single_parent_households": "0", "state": "06", "county": "067", "tract": "005201", "block group": "2", "surveilled_sites_count": 1, "surveilled_sites_list": "Unnamed Facility", "surveilled_categories": "bus_station", "pct_poverty": null, "pct_renter": 100.0, "pct_non_citizen": null, "pct_black": 13.969732246798602, "pct_hispanic": 33.061699650756694 }, "geometry": { "type": "Point", "coordinates": [ -121.4263647, 38.564725300000013 ] } },
{ "type": "Feature", "properties": { "id": 13631208547, "lat": 38.5651081, "lon": -121.4270418, "direction": 160.0, "operator": "Unknown", "brand": "Unknown", "STATEFP": "06", "COUNTYFP": "067", "TRACTCE": "005201", "BLKGRPCE": "2", "AFFGEOID": "1500000US060670052012", "GEOID": "060670052012", "NAME_x": "2", "NAMELSAD": "Block Group 2", "LSAD": "BG", "ALAND": 1474005, "AWATER": 33340, "NAME_y": "Block Group 2; Census Tract 52.01; Sacramento County; California", "pop_total": 2577, "median_income": 52578.0, "pop_white": "1202", "pop_black": 360, "pop_native": "18", "pop_asian": "301", "pop_pacific": "28", "pop_other": "496", "pop_two_plus": "172", "pop_hispanic": 852, "pop_non_citizen": null, "poverty_universe": null, "pop_poverty": null, "total_households": 343, "renter_occupied": 343, "unemployed": "281", "single_parent_households": "0", "state": "06", "county": "067", "tract": "005201", "block group": "2", "surveilled_sites_count": 0, "surveilled_sites_list": "None", "surveilled_categories": "None", "pct_poverty": null, "pct_renter": 100.0, "pct_non_citizen": null, "pct_black": 13.969732246798602, "pct_hispanic": 33.061699650756694 }, "geometry": { "type": "Point", "coordinates": [ -121.4270418, 38.565108100000039 ] } },
{ "type": "Feature", "properties": { "id": 13631208548, "lat": 38.5651503, "lon": -121.4273355, "direction": 250.0, "operator": "Unknown", "brand": "Unknown", "STATEFP": "06", "COUNTYFP": "067", "TRACTCE": "005201", "BLKGRPCE": "2", "AFFGEOID": "1500000US060670052012", "GEOID": "060670052012", "NAME_x": "2", "NAMELSAD": "Block Group 2", "LSAD": "BG", "ALAND": 1474005, "AWATER": 33340, "NAME_y": "Block Group 2; Census Tract 52.01; Sacramento County; California", "pop_total": 2577, "median_income": 52578.0, "pop_white": "1202", "pop_black": 360, "pop_native": "18", "pop_asian": "301", "pop_pacific": "28", "pop_other": "496", "pop_two_plus": "172", "pop_hispanic": 852, "pop_non_citizen": null, "poverty_universe": null, "pop_poverty": null, "total_households": 343, "renter_occupied": 343, "unemployed": "281", "single_parent_households": "0", "state": "06", "county": "067", "tract": "005201", "block group": "2", "surveilled_sites_count": 0, "surveilled_sites_list": "None", "surveilled_categories": "None", "pct_poverty": null, "pct_renter": 100.0, "pct_non_citizen": null, "pct_black": 13.969732246798602, "pct_hispanic": 33.061699650756694 }, "geometry": { "type": "Point", "coordinates": [ -121.427335499999984, 38.565150300000028 ] } },
{ "type": "Feature", "properties": { "id": 13636075249, "lat": 38.5541119, "lon": -121.4184074, "direction": 90.0, "operator": "Unknown", "brand": "Unknown", "STATEFP": "06", "COUNTYFP": "067", "TRACTCE": "005201", "BLKGRPCE": "2", "AFFGEOID": "1500000US060670052012", "GEOID": "060670052012", "NAME_x": "2", "NAMELSAD": "Block Group 2", "LSAD": "BG", "ALAND": 1474005, "AWATER": 33340, "NAME_y": "Block Group 2; Census Tract 52.01; Sacramento County; California", "pop_total": 2577, "median_income": 52578.0, "pop_white": "1202", "pop_black": 360, "pop_native": "18", "pop_asian": "301", "pop_pacific": "28", "pop_other": "496", "pop_two_plus": "172", "pop_hispanic": 852, "pop_non_citizen": null, "poverty_universe": null, "pop_poverty": null, "total_households": 343, "renter_occupied": 343, "unemployed": "281", "single_parent_households": "0", "state": "06", "county": "067", "tract": "005201", "block group": "2", "surveilled_sites_count": 0, "surveilled_sites_list": "None", "surveilled_categories": "None", "pct_poverty": null, "pct_renter": 100.0, "pct_non_citizen": null, "pct_black": 13.969732246798602, "pct_hispanic": 33.061699650756694 }, "geometry": { "type": "Point", "coordinates": [ -121.4184074, 38.554111899999974 ] } },
{ "type": "Feature", "properties": { "id": 13636075250, "lat": 38.5542367, "lon": -121.4186636, "direction": 270.0, "operator": "Unknown", "brand": "Unknown", "STATEFP": "06", "COUNTYFP": "067", "TRACTCE": "005201", "BLKGRPCE": "2", "AFFGEOID": "1500000US060670052012", "GEOID": "060670052012", "NAME_x": "2", "NAMELSAD": "Block Group 2", "LSAD": "BG", "ALAND": 1474005, "AWATER": 33340, "NAME_y": "Block Group 2; Census Tract 52.01; Sacramento County; California", "pop_total": 2577, "median_income": 52578.0, "pop_white": "1202", "pop_black": 360, "pop_native": "18", "pop_asian": "301", "pop_pacific": "28", "pop_other": "496", "pop_two_plus": "172", "pop_hispanic": 852, "pop_non_citizen": null, "poverty_universe": null, "pop_poverty": null, "total_households": 343, "renter_occupied": 343, "unemployed": "281", "single_parent_households": "0", "state": "06", "county": "067", "tract": "005201", "block group": "2", "surveilled_sites_count": 0, "surveilled_sites_list": "None", "surveilled_categories": "None", "pct_poverty": null, "pct_renter": 100.0, "pct_non_citizen": null, "pct_black": 13.969732246798602, "pct_hispanic": 33.061699650756694 }, "geometry": { "type": "Point", "coordinates": [ -121.4186636, 38.554236699999976 ] } },
{ "type": "Feature", "properties": { "id": 13636605401, "lat": 38.6647051, "lon": -121.2732173, "direction": 0.0, "operator": "Unknown", "brand": "Unknown", "STATEFP": "06", "COUNTYFP": "067", "TRACTCE": "008138", "BLKGRPCE": "1", "AFFGEOID": "1500000US060670081381", "GEOID": "060670081381", "NAME_x": "1", "NAMELSAD": "Block Group 1", "LSAD": "BG", "ALAND": 722723, "AWATER": 0, "NAME_y": "Block Group 1; Census Tract 81.38; Sacramento County; California", "pop_total": 698, "median_income": 102500.0, "pop_white": "497", "pop_black": 69, "pop_native": "0", "pop_asian": "30", "pop_pacific": "0", "pop_other": "48", "pop_two_plus": "54", "pop_hispanic": 97, "pop_non_citizen": null, "poverty_universe": null, "pop_poverty": null, "total_households": 232, "renter_occupied": 125, "unemployed": "26", "single_parent_households": "64", "state": "06", "county": "067", "tract": "008138", "block group": "1", "surveilled_sites_count": 0, "surveilled_sites_list": "None", "surveilled_categories": "None", "pct_poverty": null, "pct_renter": 53.879310344827594, "pct_non_citizen": null, "pct_black": 9.8853868194842409, "pct_hispanic": 13.896848137535816 }, "geometry": { "type": "Point", "coordinates": [ -121.2732173, 38.664705100000013 ] } },
{ "type": "Feature", "properties": { "id": 13639836401, "lat": 38.4229168, "lon": -121.3997683, "direction": 24.0, "operator": "Unknown", "brand": "Unknown", "STATEFP": "06", "COUNTYFP": "067", "TRACTCE": "009611", "BLKGRPCE": "1", "AFFGEOID": "1500000US060670096111", "GEOID": "060670096111", "NAME_x": "1", "NAMELSAD": "Block Group 1", "LSAD": "BG", "ALAND": 702860, "AWATER": 0, "NAME_y": "Block Group 1; Census Tract 96.11; Sacramento County; California", "pop_total": 847, "median_income": 29438.0, "pop_white": "335", "pop_black": 241, "pop_native": "1", "pop_asian": "146", "pop_pacific": "0", "pop_other": "0", "pop_two_plus": "124", "pop_hispanic": 51, "pop_non_citizen": null, "poverty_universe": null, "pop_poverty": null, "total_households": 329, "renter_occupied": 157, "unemployed": "148", "single_parent_households": "94", "state": "06", "county": "067", "tract": "009611", "block group": "1", "surveilled_sites_count": 0, "surveilled_sites_list": "None", "surveilled_categories": "None", "pct_poverty": null, "pct_renter": 47.720364741641333, "pct_non_citizen": null, "pct_black": 28.45336481700118, "pct_hispanic": 6.0212514757969302 }, "geometry": { "type": "Point", "coordinates": [ -121.3997683, 38.422916800000031 ] } },
{ "type": "Feature", "properties": { "id": 13645530301, "lat": 38.6852744, "lon": -121.2720359, "direction": 288.0, "operator": "Unknown", "brand": "Unknown", "STATEFP": "06", "COUNTYFP": "067", "TRACTCE": "008141", "BLKGRPCE": "2", "AFFGEOID": "1500000US060670081412", "GEOID": "060670081412", "NAME_x": "2", "NAMELSAD": "Block Group 2", "LSAD": "BG", "ALAND": 451813, "AWATER": 0, "NAME_y": "Block Group 2; Census Tract 81.41; Sacramento County; California", "pop_total": 1757, "median_income": 72325.0, "pop_white": "726", "pop_black": 7, "pop_native": "42", "pop_asian": "0", "pop_pacific": "0", "pop_other": "685", "pop_two_plus": "297", "pop_hispanic": 1001, "pop_non_citizen": null, "poverty_universe": null, "pop_poverty": null, "total_households": 537, "renter_occupied": 127, "unemployed": "12", "single_parent_households": "254", "state": "06", "county": "067", "tract": "008141", "block group": "2", "surveilled_sites_count": 0, "surveilled_sites_list": "None", "surveilled_categories": "None", "pct_poverty": null, "pct_renter": 23.649906890130353, "pct_non_citizen": null, "pct_black": 0.39840637450199201, "pct_hispanic": 56.972111553784863 }, "geometry": { "type": "Point", "coordinates": [ -121.2720359, 38.685274400000019 ] } },
{ "type": "Feature", "properties": { "id": 13648364001, "lat": 38.6723642, "lon": -121.3563215, "direction": 318.0, "operator": "Unknown", "brand": "Unknown", "STATEFP": "06", "COUNTYFP": "067", "TRACTCE": "007415", "BLKGRPCE": "2", "AFFGEOID": "1500000US060670074152", "GEOID": "060670074152", "NAME_x": "2", "NAMELSAD": "Block Group 2", "LSAD": "BG", "ALAND": 1010118, "AWATER": 0, "NAME_y": "Block Group 2; Census Tract 74.15; Sacramento County; California", "pop_total": 1926, "median_income": 75698.0, "pop_white": "1304", "pop_black": 345, "pop_native": "111", "pop_asian": "54", "pop_pacific": "0", "pop_other": "0", "pop_two_plus": "112", "pop_hispanic": 244, "pop_non_citizen": null, "poverty_universe": null, "pop_poverty": null, "total_households": 789, "renter_occupied": 255, "unemployed": "163", "single_parent_households": "212", "state": "06", "county": "067", "tract": "007415", "block group": "2", "surveilled_sites_count": 0, "surveilled_sites_list": "None", "surveilled_categories": "None", "pct_poverty": null, "pct_renter": 32.319391634980988, "pct_non_citizen": null, "pct_black": 17.912772585669781, "pct_hispanic": 12.668743509865005 }, "geometry": { "type": "Point", "coordinates": [ -121.3563215, 38.672364199999976 ] } },
{ "type": "Feature", "properties": { "id": 13653780601, "lat": 38.7005564, "lon": -121.2473053, "direction": 259.0, "operator": "Unknown", "brand": "Unknown", "STATEFP": "06", "COUNTYFP": "067", "TRACTCE": "008125", "BLKGRPCE": "1", "AFFGEOID": "1500000US060670081251", "GEOID": "060670081251", "NAME_x": "1", "NAMELSAD": "Block Group 1", "LSAD": "BG", "ALAND": 1202908, "AWATER": 0, "NAME_y": "Block Group 1; Census Tract 81.25; Sacramento County; California", "pop_total": 2729, "median_income": 99632.0, "pop_white": "2421", "pop_black": 19, "pop_native": "8", "pop_asian": "7", "pop_pacific": "0", "pop_other": "26", "pop_two_plus": "248", "pop_hispanic": 277, "pop_non_citizen": null, "poverty_universe": null, "pop_poverty": null, "total_households": 953, "renter_occupied": 118, "unemployed": "101", "single_parent_households": "421", "state": "06", "county": "067", "tract": "008125", "block group": "1", "surveilled_sites_count": 0, "surveilled_sites_list": "None", "surveilled_categories": "None", "pct_poverty": null, "pct_renter": 12.381951731374606, "pct_non_citizen": null, "pct_black": 0.69622572370831803, "pct_hispanic": 10.150238182484426 }, "geometry": { "type": "Point", "coordinates": [ -121.2473053, 38.7005564 ] } },
{ "type": "Feature", "properties": { "id": 13665549001, "lat": 38.7072265, "lon": -121.3130535, "direction": 75.0, "operator": "Unknown", "brand": "Unknown", "STATEFP": "06", "COUNTYFP": "067", "TRACTCE": "008129", "BLKGRPCE": "2", "AFFGEOID": "1500000US060670081292", "GEOID": "060670081292", "NAME_x": "2", "NAMELSAD": "Block Group 2", "LSAD": "BG", "ALAND": 650891, "AWATER": 0, "NAME_y": "Block Group 2; Census Tract 81.29; Sacramento County; California", "pop_total": 1626, "median_income": 71782.0, "pop_white": "930", "pop_black": 231, "pop_native": "7", "pop_asian": "48", "pop_pacific": "15", "pop_other": "218", "pop_two_plus": "177", "pop_hispanic": 419, "pop_non_citizen": null, "poverty_universe": null, "pop_poverty": null, "total_households": 565, "renter_occupied": 109, "unemployed": "94", "single_parent_households": "195", "state": "06", "county": "067", "tract": "008129", "block group": "2", "surveilled_sites_count": 0, "surveilled_sites_list": "None", "surveilled_categories": "None", "pct_poverty": null, "pct_renter": 19.292035398230091, "pct_non_citizen": null, "pct_black": 14.206642066420663, "pct_hispanic": 25.768757687576876 }, "geometry": { "type": "Point", "coordinates": [ -121.313053499999981, 38.707226500000026 ] } },
{ "type": "Feature", "properties": { "id": 13665556201, "lat": 38.7070982, "lon": -121.320582, "direction": 60.0, "operator": "Unknown", "brand": "Unknown", "STATEFP": "06", "COUNTYFP": "067", "TRACTCE": "008129", "BLKGRPCE": "2", "AFFGEOID": "1500000US060670081292", "GEOID": "060670081292", "NAME_x": "2", "NAMELSAD": "Block Group 2", "LSAD": "BG", "ALAND": 650891, "AWATER": 0, "NAME_y": "Block Group 2; Census Tract 81.29; Sacramento County; California", "pop_total": 1626, "median_income": 71782.0, "pop_white": "930", "pop_black": 231, "pop_native": "7", "pop_asian": "48", "pop_pacific": "15", "pop_other": "218", "pop_two_plus": "177", "pop_hispanic": 419, "pop_non_citizen": null, "poverty_universe": null, "pop_poverty": null, "total_households": 565, "renter_occupied": 109, "unemployed": "94", "single_parent_households": "195", "state": "06", "county": "067", "tract": "008129", "block group": "2", "surveilled_sites_count": 0, "surveilled_sites_list": "None", "surveilled_categories": "None", "pct_poverty": null, "pct_renter": 19.292035398230091, "pct_non_citizen": null, "pct_black": 14.206642066420663, "pct_hispanic": 25.768757687576876 }, "geometry": { "type": "Point", "coordinates": [ -121.320582, 38.707098199999983 ] } },
{ "type": "Feature", "properties": { "id": 13670385601, "lat": 38.6839746, "lon": -121.4569104, "direction": 224.0, "operator": "Unknown", "brand": "Unknown", "STATEFP": "06", "COUNTYFP": "067", "TRACTCE": "007208", "BLKGRPCE": "2", "AFFGEOID": "1500000US060670072082", "GEOID": "060670072082", "NAME_x": "2", "NAMELSAD": "Block Group 2", "LSAD": "BG", "ALAND": 1291961, "AWATER": 0, "NAME_y": "Block Group 2; Census Tract 72.08; Sacramento County; California", "pop_total": 2221, "median_income": 101591.0, "pop_white": "1577", "pop_black": 80, "pop_native": "0", "pop_asian": "325", "pop_pacific": "0", "pop_other": "100", "pop_two_plus": "139", "pop_hispanic": 245, "pop_non_citizen": null, "poverty_universe": null, "pop_poverty": null, "total_households": 696, "renter_occupied": 150, "unemployed": "36", "single_parent_households": "218", "state": "06", "county": "067", "tract": "007208", "block group": "2", "surveilled_sites_count": 0, "surveilled_sites_list": "None", "surveilled_categories": "None", "pct_poverty": null, "pct_renter": 21.551724137931032, "pct_non_citizen": null, "pct_black": 3.6019810895992794, "pct_hispanic": 11.031067086897794 }, "geometry": { "type": "Point", "coordinates": [ -121.456910399999984, 38.683974600000028 ] } },
{ "type": "Feature", "properties": { "id": 13670385602, "lat": 38.6838071, "lon": -121.4568317, "direction": 27.0, "operator": "Unknown", "brand": "Unknown", "STATEFP": "06", "COUNTYFP": "067", "TRACTCE": "007208", "BLKGRPCE": "3", "AFFGEOID": "1500000US060670072083", "GEOID": "060670072083", "NAME_x": "3", "NAMELSAD": "Block Group 3", "LSAD": "BG", "ALAND": 4374504, "AWATER": 0, "NAME_y": "Block Group 3; Census Tract 72.08; Sacramento County; California", "pop_total": 1812, "median_income": 83333.0, "pop_white": "1243", "pop_black": 0, "pop_native": "0", "pop_asian": "86", "pop_pacific": "0", "pop_other": "361", "pop_two_plus": "122", "pop_hispanic": 707, "pop_non_citizen": null, "poverty_universe": null, "pop_poverty": null, "total_households": 494, "renter_occupied": 134, "unemployed": "9", "single_parent_households": "197", "state": "06", "county": "067", "tract": "007208", "block group": "3", "surveilled_sites_count": 0, "surveilled_sites_list": "None", "surveilled_categories": "None", "pct_poverty": null, "pct_renter": 27.125506072874494, "pct_non_citizen": null, "pct_black": 0.0, "pct_hispanic": 39.017660044150112 }, "geometry": { "type": "Point", "coordinates": [ -121.4568317, 38.683807099999989 ] } },
{ "type": "Feature", "properties": { "id": 13673470001, "lat": 38.6299846, "lon": -121.401532, "direction": 159.0, "operator": "Unknown", "brand": "Unknown", "STATEFP": "06", "COUNTYFP": "067", "TRACTCE": "006203", "BLKGRPCE": "1", "AFFGEOID": "1500000US060670062031", "GEOID": "060670062031", "NAME_x": "1", "NAMELSAD": "Block Group 1", "LSAD": "BG", "ALAND": 271606, "AWATER": 0, "NAME_y": "Block Group 1; Census Tract 62.03; Sacramento County; California", "pop_total": 1403, "median_income": 29042.0, "pop_white": "333", "pop_black": 100, "pop_native": "70", "pop_asian": "387", "pop_pacific": "0", "pop_other": "334", "pop_two_plus": "179", "pop_hispanic": 488, "pop_non_citizen": null, "poverty_universe": null, "pop_poverty": null, "total_households": 553, "renter_occupied": 458, "unemployed": "143", "single_parent_households": "254", "state": "06", "county": "067", "tract": "006203", "block group": "1", "surveilled_sites_count": 0, "surveilled_sites_list": "None", "surveilled_categories": "None", "pct_poverty": null, "pct_renter": 82.820976491862567, "pct_non_citizen": null, "pct_black": 7.1275837491090526, "pct_hispanic": 34.782608695652172 }, "geometry": { "type": "Point", "coordinates": [ -121.401532, 38.629984599999986 ] } },
{ "type": "Feature", "properties": { "id": 13673512202, "lat": 38.6354095, "lon": -121.3279541, "direction": 319.0, "operator": "Unknown", "brand": "Unknown", "STATEFP": "06", "COUNTYFP": "067", "TRACTCE": "007801", "BLKGRPCE": "1", "AFFGEOID": "1500000US060670078011", "GEOID": "060670078011", "NAME_x": "1", "NAMELSAD": "Block Group 1", "LSAD": "BG", "ALAND": 735043, "AWATER": 0, "NAME_y": "Block Group 1; Census Tract 78.01; Sacramento County; California", "pop_total": 2090, "median_income": 76528.0, "pop_white": "1336", "pop_black": 90, "pop_native": "0", "pop_asian": "335", "pop_pacific": "0", "pop_other": "154", "pop_two_plus": "175", "pop_hispanic": 498, "pop_non_citizen": null, "poverty_universe": null, "pop_poverty": null, "total_households": 760, "renter_occupied": 397, "unemployed": "21", "single_parent_households": "329", "state": "06", "county": "067", "tract": "007801", "block group": "1", "surveilled_sites_count": 0, "surveilled_sites_list": "None", "surveilled_categories": "None", "pct_poverty": null, "pct_renter": 52.236842105263158, "pct_non_citizen": null, "pct_black": 4.3062200956937797, "pct_hispanic": 23.827751196172247 }, "geometry": { "type": "Point", "coordinates": [ -121.327954100000014, 38.6354095 ] } },
{ "type": "Feature", "properties": { "id": 13673517301, "lat": 38.3781804, "lon": -121.4173337, "direction": 345.0, "operator": "Unknown", "brand": "Unknown", "STATEFP": "06", "COUNTYFP": "067", "TRACTCE": "009652", "BLKGRPCE": "2", "AFFGEOID": "1500000US060670096522", "GEOID": "060670096522", "NAME_x": "2", "NAMELSAD": "Block Group 2", "LSAD": "BG", "ALAND": 8114926, "AWATER": 0, "NAME_y": "Block Group 2; Census Tract 96.52; Sacramento County; California", "pop_total": 2162, "median_income": 98390.0, "pop_white": "299", "pop_black": 424, "pop_native": "0", "pop_asian": "1140", "pop_pacific": "0", "pop_other": "0", "pop_two_plus": "299", "pop_hispanic": 200, "pop_non_citizen": null, "poverty_universe": null, "pop_poverty": null, "total_households": 730, "renter_occupied": 237, "unemployed": "31", "single_parent_households": "359", "state": "06", "county": "067", "tract": "009652", "block group": "2", "surveilled_sites_count": 0, "surveilled_sites_list": "None", "surveilled_categories": "None", "pct_poverty": null, "pct_renter": 32.465753424657535, "pct_non_citizen": null, "pct_black": 19.611470860314522, "pct_hispanic": 9.250693802035153 }, "geometry": { "type": "Point", "coordinates": [ -121.4173337, 38.378180400000026 ] } },
{ "type": "Feature", "properties": { "id": 13673518502, "lat": 38.3781804, "lon": -121.4173337, "direction": 345.0, "operator": "Unknown", "brand": "Unknown", "STATEFP": "06", "COUNTYFP": "067", "TRACTCE": "009652", "BLKGRPCE": "2", "AFFGEOID": "1500000US060670096522", "GEOID": "060670096522", "NAME_x": "2", "NAMELSAD": "Block Group 2", "LSAD": "BG", "ALAND": 8114926, "AWATER": 0, "NAME_y": "Block Group 2; Census Tract 96.52; Sacramento County; California", "pop_total": 2162, "median_income": 98390.0, "pop_white": "299", "pop_black": 424, "pop_native": "0", "pop_asian": "1140", "pop_pacific": "0", "pop_other": "0", "pop_two_plus": "299", "pop_hispanic": 200, "pop_non_citizen": null, "poverty_universe": null, "pop_poverty": null, "total_households": 730, "renter_occupied": 237, "unemployed": "31", "single_parent_households": "359", "state": "06", "county": "067", "tract": "009652", "block group": "2", "surveilled_sites_count": 0, "surveilled_sites_list": "None", "surveilled_categories": "None", "pct_poverty": null, "pct_renter": 32.465753424657535, "pct_non_citizen": null, "pct_black": 19.611470860314522, "pct_hispanic": 9.250693802035153 }, "geometry": { "type": "Point", "coordinates": [ -121.4173337, 38.378180400000026 ] } },
{ "type": "Feature", "properties": { "id": 13673524901, "lat": 38.6276833, "lon": -121.5266405, "direction": 160.0, "operator": "Unknown", "brand": "Unknown", "STATEFP": "06", "COUNTYFP": "067", "TRACTCE": "007017", "BLKGRPCE": "2", "AFFGEOID": "1500000US060670070172", "GEOID": "060670070172", "NAME_x": "2", "NAMELSAD": "Block Group 2", "LSAD": "BG", "ALAND": 534919, "AWATER": 2140, "NAME_y": "Block Group 2; Census Tract 70.17; Sacramento County; California", "pop_total": 1913, "median_income": 122688.0, "pop_white": "704", "pop_black": 352, "pop_native": "11", "pop_asian": "327", "pop_pacific": "23", "pop_other": "200", "pop_two_plus": "296", "pop_hispanic": 585, "pop_non_citizen": null, "poverty_universe": null, "pop_poverty": null, "total_households": 689, "renter_occupied": 314, "unemployed": "40", "single_parent_households": "269", "state": "06", "county": "067", "tract": "007017", "block group": "2", "surveilled_sites_count": 0, "surveilled_sites_list": "None", "surveilled_categories": "None", "pct_poverty": null, "pct_renter": 45.573294629898406, "pct_non_citizen": null, "pct_black": 18.40041819132253, "pct_hispanic": 30.580240460010454 }, "geometry": { "type": "Point", "coordinates": [ -121.526640500000013, 38.627683299999973 ] } },
{ "type": "Feature", "properties": { "id": 13673526701, "lat": 38.685342, "lon": -121.5476848, "direction": 146.0, "operator": "Unknown", "brand": "Unknown", "STATEFP": "06", "COUNTYFP": "067", "TRACTCE": "007101", "BLKGRPCE": "1", "AFFGEOID": "1500000US060670071011", "GEOID": "060670071011", "NAME_x": "1", "NAMELSAD": "Block Group 1", "LSAD": "BG", "ALAND": 75757022, "AWATER": 756966, "NAME_y": "Block Group 1; Census Tract 71.01; Sacramento County; California", "pop_total": 200, "median_income": 178438.0, "pop_white": "200", "pop_black": 0, "pop_native": "0", "pop_asian": "0", "pop_pacific": "0", "pop_other": "0", "pop_two_plus": "0", "pop_hispanic": 0, "pop_non_citizen": null, "poverty_universe": null, "pop_poverty": null, "total_households": 67, "renter_occupied": 20, "unemployed": "0", "single_parent_households": "4", "state": "06", "county": "067", "tract": "007101", "block group": "1", "surveilled_sites_count": 0, "surveilled_sites_list": "None", "surveilled_categories": "None", "pct_poverty": null, "pct_renter": 29.850746268656714, "pct_non_citizen": null, "pct_black": 0.0, "pct_hispanic": 0.0 }, "geometry": { "type": "Point", "coordinates": [ -121.547684800000013, 38.685342 ] } },
{ "type": "Feature", "properties": { "id": 13676880401, "lat": 38.5979843, "lon": -121.3459015, "direction": 175.0, "operator": "Unknown", "brand": "Unknown", "STATEFP": "06", "COUNTYFP": "067", "TRACTCE": "007702", "BLKGRPCE": "1", "AFFGEOID": "1500000US060670077021", "GEOID": "060670077021", "NAME_x": "1", "NAMELSAD": "Block Group 1", "LSAD": "BG", "ALAND": 887691, "AWATER": 0, "NAME_y": "Block Group 1; Census Tract 77.02; Sacramento County; California", "pop_total": 1750, "median_income": 122768.0, "pop_white": "1189", "pop_black": 29, "pop_native": "22", "pop_asian": "37", "pop_pacific": "0", "pop_other": "56", "pop_two_plus": "417", "pop_hispanic": 590, "pop_non_citizen": null, "poverty_universe": null, "pop_poverty": null, "total_households": 907, "renter_occupied": 482, "unemployed": "79", "single_parent_households": "195", "state": "06", "county": "067", "tract": "007702", "block group": "1", "surveilled_sites_count": 0, "surveilled_sites_list": "None", "surveilled_categories": "None", "pct_poverty": null, "pct_renter": 53.142227122381477, "pct_non_citizen": null, "pct_black": 1.657142857142857, "pct_hispanic": 33.714285714285715 }, "geometry": { "type": "Point", "coordinates": [ -121.3459015, 38.597984299999965 ] } },
{ "type": "Feature", "properties": { "id": 13682803901, "lat": 38.5066737, "lon": -121.2423713, "direction": 0.0, "operator": "Unknown", "brand": "Unknown", "STATEFP": "06", "COUNTYFP": "067", "TRACTCE": "008708", "BLKGRPCE": "2", "AFFGEOID": "1500000US060670087082", "GEOID": "060670087082", "NAME_x": "2", "NAMELSAD": "Block Group 2", "LSAD": "BG", "ALAND": 14611281, "AWATER": 217316, "NAME_y": "Block Group 2; Census Tract 87.08; Sacramento County; California", "pop_total": 38, "median_income": null, "pop_white": "15", "pop_black": 0, "pop_native": "0", "pop_asian": "0", "pop_pacific": "12", "pop_other": "0", "pop_two_plus": "11", "pop_hispanic": 0, "pop_non_citizen": null, "poverty_universe": null, "pop_poverty": null, "total_households": 12, "renter_occupied": 0, "unemployed": "0", "single_parent_households": "12", "state": "06", "county": "067", "tract": "008708", "block group": "2", "surveilled_sites_count": 0, "surveilled_sites_list": "None", "surveilled_categories": "None", "pct_poverty": null, "pct_renter": 0.0, "pct_non_citizen": null, "pct_black": 0.0, "pct_hispanic": 0.0 }, "geometry": { "type": "Point", "coordinates": [ -121.2423713, 38.506673700000022 ] } },
{ "type": "Feature", "properties": { "id": 13685876301, "lat": 38.6298933, "lon": -121.4015718, "direction": 162.0, "operator": "Unknown", "brand": "Unknown", "STATEFP": "06", "COUNTYFP": "067", "TRACTCE": "006203", "BLKGRPCE": "1", "AFFGEOID": "1500000US060670062031", "GEOID": "060670062031", "NAME_x": "1", "NAMELSAD": "Block Group 1", "LSAD": "BG", "ALAND": 271606, "AWATER": 0, "NAME_y": "Block Group 1; Census Tract 62.03; Sacramento County; California", "pop_total": 1403, "median_income": 29042.0, "pop_white": "333", "pop_black": 100, "pop_native": "70", "pop_asian": "387", "pop_pacific": "0", "pop_other": "334", "pop_two_plus": "179", "pop_hispanic": 488, "pop_non_citizen": null, "poverty_universe": null, "pop_poverty": null, "total_households": 553, "renter_occupied": 458, "unemployed": "143", "single_parent_households": "254", "state": "06", "county": "067", "tract": "006203", "block group": "1", "surveilled_sites_count": 0, "surveilled_sites_list": "None", "surveilled_categories": "None", "pct_poverty": null, "pct_renter": 82.820976491862567, "pct_non_citizen": null, "pct_black": 7.1275837491090526, "pct_hispanic": 34.782608695652172 }, "geometry": { "type": "Point", "coordinates": [ -121.401571799999985, 38.6298933 ] } },
{ "type": "Feature", "properties": { "id": 13685876401, "lat": 38.6271207, "lon": -121.4013382, "direction": 346.0, "operator": "Unknown", "brand": "Unknown", "STATEFP": "06", "COUNTYFP": "067", "TRACTCE": "006101", "BLKGRPCE": "1", "AFFGEOID": "1500000US060670061011", "GEOID": "060670061011", "NAME_x": "1", "NAMELSAD": "Block Group 1", "LSAD": "BG", "ALAND": 593593, "AWATER": 0, "NAME_y": "Block Group 1; Census Tract 61.01; Sacramento County; California", "pop_total": 2075, "median_income": 36667.0, "pop_white": "1156", "pop_black": 257, "pop_native": "0", "pop_asian": "145", "pop_pacific": "0", "pop_other": "368", "pop_two_plus": "149", "pop_hispanic": 430, "pop_non_citizen": null, "poverty_universe": null, "pop_poverty": null, "total_households": 1070, "renter_occupied": 605, "unemployed": "214", "single_parent_households": "126", "state": "06", "county": "067", "tract": "006101", "block group": "1", "surveilled_sites_count": 0, "surveilled_sites_list": "None", "surveilled_categories": "None", "pct_poverty": null, "pct_renter": 56.542056074766357, "pct_non_citizen": null, "pct_black": 12.385542168674698, "pct_hispanic": 20.722891566265062 }, "geometry": { "type": "Point", "coordinates": [ -121.4013382, 38.627120699999978 ] } },
{ "type": "Feature", "properties": { "id": 13685877101, "lat": 38.598338, "lon": -121.3459019, "direction": 177.0, "operator": "Unknown", "brand": "Unknown", "STATEFP": "06", "COUNTYFP": "067", "TRACTCE": "007702", "BLKGRPCE": "1", "AFFGEOID": "1500000US060670077021", "GEOID": "060670077021", "NAME_x": "1", "NAMELSAD": "Block Group 1", "LSAD": "BG", "ALAND": 887691, "AWATER": 0, "NAME_y": "Block Group 1; Census Tract 77.02; Sacramento County; California", "pop_total": 1750, "median_income": 122768.0, "pop_white": "1189", "pop_black": 29, "pop_native": "22", "pop_asian": "37", "pop_pacific": "0", "pop_other": "56", "pop_two_plus": "417", "pop_hispanic": 590, "pop_non_citizen": null, "poverty_universe": null, "pop_poverty": null, "total_households": 907, "renter_occupied": 482, "unemployed": "79", "single_parent_households": "195", "state": "06", "county": "067", "tract": "007702", "block group": "1", "surveilled_sites_count": 0, "surveilled_sites_list": "None", "surveilled_categories": "None", "pct_poverty": null, "pct_renter": 53.142227122381477, "pct_non_citizen": null, "pct_black": 1.657142857142857, "pct_hispanic": 33.714285714285715 }, "geometry": { "type": "Point", "coordinates": [ -121.345901900000015, 38.598338 ] } },
{ "type": "Feature", "properties": { "id": 13685880101, "lat": 38.6353872, "lon": -121.3280954, "direction": 0.0, "operator": "Unknown", "brand": "Unknown", "STATEFP": "06", "COUNTYFP": "067", "TRACTCE": "007602", "BLKGRPCE": "1", "AFFGEOID": "1500000US060670076021", "GEOID": "060670076021", "NAME_x": "1", "NAMELSAD": "Block Group 1", "LSAD": "BG", "ALAND": 606341, "AWATER": 0, "NAME_y": "Block Group 1; Census Tract 76.02; Sacramento County; California", "pop_total": 1050, "median_income": 68304.0, "pop_white": "817", "pop_black": 1, "pop_native": "2", "pop_asian": "37", "pop_pacific": "0", "pop_other": "115", "pop_two_plus": "78", "pop_hispanic": 220, "pop_non_citizen": null, "poverty_universe": null, "pop_poverty": null, "total_households": 389, "renter_occupied": 248, "unemployed": "20", "single_parent_households": "77", "state": "06", "county": "067", "tract": "007602", "block group": "1", "surveilled_sites_count": 0, "surveilled_sites_list": "None", "surveilled_categories": "None", "pct_poverty": null, "pct_renter": 63.753213367609249, "pct_non_citizen": null, "pct_black": 0.095238095238095233, "pct_hispanic": 20.952380952380953 }, "geometry": { "type": "Point", "coordinates": [ -121.3280954, 38.6353872 ] } },
{ "type": "Feature", "properties": { "id": 13699317201, "lat": 38.7215888, "lon": -121.3098183, "direction": 108.0, "operator": "Unknown", "brand": "Unknown", "STATEFP": "06", "COUNTYFP": "067", "TRACTCE": "008128", "BLKGRPCE": "2", "AFFGEOID": "1500000US060670081282", "GEOID": "060670081282", "NAME_x": "2", "NAMELSAD": "Block Group 2", "LSAD": "BG", "ALAND": 455750, "AWATER": 0, "NAME_y": "Block Group 2; Census Tract 81.28; Sacramento County; California", "pop_total": 1134, "median_income": 82500.0, "pop_white": "685", "pop_black": 7, "pop_native": "29", "pop_asian": "48", "pop_pacific": "0", "pop_other": "187", "pop_two_plus": "178", "pop_hispanic": 279, "pop_non_citizen": null, "poverty_universe": null, "pop_poverty": null, "total_households": 412, "renter_occupied": 72, "unemployed": "27", "single_parent_households": "118", "state": "06", "county": "067", "tract": "008128", "block group": "2", "surveilled_sites_count": 0, "surveilled_sites_list": "None", "surveilled_categories": "None", "pct_poverty": null, "pct_renter": 17.475728155339805, "pct_non_citizen": null, "pct_black": 0.61728395061728392, "pct_hispanic": 24.603174603174601 }, "geometry": { "type": "Point", "coordinates": [ -121.3098183, 38.721588800000021 ] } },
{ "type": "Feature", "properties": { "id": 13701971862, "lat": 38.5962206, "lon": -121.428658, "direction": 5.0, "operator": "Kaiser Permanente", "brand": "Unknown", "STATEFP": "06", "COUNTYFP": "067", "TRACTCE": "005402", "BLKGRPCE": "2", "AFFGEOID": "1500000US060670054022", "GEOID": "060670054022", "NAME_x": "2", "NAMELSAD": "Block Group 2", "LSAD": "BG", "ALAND": 1553996, "AWATER": 28830, "NAME_y": "Block Group 2; Census Tract 54.02; Sacramento County; California", "pop_total": 1438, "median_income": 65125.0, "pop_white": "678", "pop_black": 228, "pop_native": "0", "pop_asian": "274", "pop_pacific": "0", "pop_other": "179", "pop_two_plus": "79", "pop_hispanic": 347, "pop_non_citizen": null, "poverty_universe": null, "pop_poverty": null, "total_households": 778, "renter_occupied": 778, "unemployed": "61", "single_parent_households": "102", "state": "06", "county": "067", "tract": "005402", "block group": "2", "surveilled_sites_count": 0, "surveilled_sites_list": "None", "surveilled_categories": "None", "pct_poverty": null, "pct_renter": 100.0, "pct_non_citizen": null, "pct_black": 15.855354659248958, "pct_hispanic": 24.130737134909598 }, "geometry": { "type": "Point", "coordinates": [ -121.428658, 38.596220599999988 ] } },
{ "type": "Feature", "properties": { "id": 13702014042, "lat": 38.5963875, "lon": -121.4287061, "direction": 195.0, "operator": "Kaiser Permanente", "brand": "Unknown", "STATEFP": "06", "COUNTYFP": "067", "TRACTCE": "005402", "BLKGRPCE": "2", "AFFGEOID": "1500000US060670054022", "GEOID": "060670054022", "NAME_x": "2", "NAMELSAD": "Block Group 2", "LSAD": "BG", "ALAND": 1553996, "AWATER": 28830, "NAME_y": "Block Group 2; Census Tract 54.02; Sacramento County; California", "pop_total": 1438, "median_income": 65125.0, "pop_white": "678", "pop_black": 228, "pop_native": "0", "pop_asian": "274", "pop_pacific": "0", "pop_other": "179", "pop_two_plus": "79", "pop_hispanic": 347, "pop_non_citizen": null, "poverty_universe": null, "pop_poverty": null, "total_households": 778, "renter_occupied": 778, "unemployed": "61", "single_parent_households": "102", "state": "06", "county": "067", "tract": "005402", "block group": "2", "surveilled_sites_count": 0, "surveilled_sites_list": "None", "surveilled_categories": "None", "pct_poverty": null, "pct_renter": 100.0, "pct_non_citizen": null, "pct_black": 15.855354659248958, "pct_hispanic": 24.130737134909598 }, "geometry": { "type": "Point", "coordinates": [ -121.4287061, 38.596387500000013 ] } },
{ "type": "Feature", "properties": { "id": 13709817245, "lat": 38.5954833, "lon": -121.4311712, "direction": 205.0, "operator": "Kaiser Permanente", "brand": "Unknown", "STATEFP": "06", "COUNTYFP": "067", "TRACTCE": "005402", "BLKGRPCE": "2", "AFFGEOID": "1500000US060670054022", "GEOID": "060670054022", "NAME_x": "2", "NAMELSAD": "Block Group 2", "LSAD": "BG", "ALAND": 1553996, "AWATER": 28830, "NAME_y": "Block Group 2; Census Tract 54.02; Sacramento County; California", "pop_total": 1438, "median_income": 65125.0, "pop_white": "678", "pop_black": 228, "pop_native": "0", "pop_asian": "274", "pop_pacific": "0", "pop_other": "179", "pop_two_plus": "79", "pop_hispanic": 347, "pop_non_citizen": null, "poverty_universe": null, "pop_poverty": null, "total_households": 778, "renter_occupied": 778, "unemployed": "61", "single_parent_households": "102", "state": "06", "county": "067", "tract": "005402", "block group": "2", "surveilled_sites_count": 0, "surveilled_sites_list": "None", "surveilled_categories": "None", "pct_poverty": null, "pct_renter": 100.0, "pct_non_citizen": null, "pct_black": 15.855354659248958, "pct_hispanic": 24.130737134909598 }, "geometry": { "type": "Point", "coordinates": [ -121.4311712, 38.595483299999977 ] } },
{ "type": "Feature", "properties": { "id": 13709841025, "lat": 38.5974109, "lon": -121.4325213, "direction": 185.0, "operator": "Kaiser Permanente", "brand": "Unknown", "STATEFP": "06", "COUNTYFP": "067", "TRACTCE": "005402", "BLKGRPCE": "2", "AFFGEOID": "1500000US060670054022", "GEOID": "060670054022", "NAME_x": "2", "NAMELSAD": "Block Group 2", "LSAD": "BG", "ALAND": 1553996, "AWATER": 28830, "NAME_y": "Block Group 2; Census Tract 54.02; Sacramento County; California", "pop_total": 1438, "median_income": 65125.0, "pop_white": "678", "pop_black": 228, "pop_native": "0", "pop_asian": "274", "pop_pacific": "0", "pop_other": "179", "pop_two_plus": "79", "pop_hispanic": 347, "pop_non_citizen": null, "poverty_universe": null, "pop_poverty": null, "total_households": 778, "renter_occupied": 778, "unemployed": "61", "single_parent_households": "102", "state": "06", "county": "067", "tract": "005402", "block group": "2", "surveilled_sites_count": 0, "surveilled_sites_list": "None", "surveilled_categories": "None", "pct_poverty": null, "pct_renter": 100.0, "pct_non_citizen": null, "pct_black": 15.855354659248958, "pct_hispanic": 24.130737134909598 }, "geometry": { "type": "Point", "coordinates": [ -121.432521300000019, 38.5974109 ] } },
{ "type": "Feature", "properties": { "id": 13709841026, "lat": 38.597229, "lon": -121.4323023, "direction": 305.0, "operator": "Kaiser Permanente", "brand": "Unknown", "STATEFP": "06", "COUNTYFP": "067", "TRACTCE": "005402", "BLKGRPCE": "2", "AFFGEOID": "1500000US060670054022", "GEOID": "060670054022", "NAME_x": "2", "NAMELSAD": "Block Group 2", "LSAD": "BG", "ALAND": 1553996, "AWATER": 28830, "NAME_y": "Block Group 2; Census Tract 54.02; Sacramento County; California", "pop_total": 1438, "median_income": 65125.0, "pop_white": "678", "pop_black": 228, "pop_native": "0", "pop_asian": "274", "pop_pacific": "0", "pop_other": "179", "pop_two_plus": "79", "pop_hispanic": 347, "pop_non_citizen": null, "poverty_universe": null, "pop_poverty": null, "total_households": 778, "renter_occupied": 778, "unemployed": "61", "single_parent_households": "102", "state": "06", "county": "067", "tract": "005402", "block group": "2", "surveilled_sites_count": 0, "surveilled_sites_list": "None", "surveilled_categories": "None", "pct_poverty": null, "pct_renter": 100.0, "pct_non_citizen": null, "pct_black": 15.855354659248958, "pct_hispanic": 24.130737134909598 }, "geometry": { "type": "Point", "coordinates": [ -121.432302300000018, 38.597229 ] } },
{ "type": "Feature", "properties": { "id": 13709841027, "lat": 38.5973147, "lon": -121.4300505, "direction": 210.0, "operator": "Kaiser Permanente", "brand": "Unknown", "STATEFP": "06", "COUNTYFP": "067", "TRACTCE": "005402", "BLKGRPCE": "2", "AFFGEOID": "1500000US060670054022", "GEOID": "060670054022", "NAME_x": "2", "NAMELSAD": "Block Group 2", "LSAD": "BG", "ALAND": 1553996, "AWATER": 28830, "NAME_y": "Block Group 2; Census Tract 54.02; Sacramento County; California", "pop_total": 1438, "median_income": 65125.0, "pop_white": "678", "pop_black": 228, "pop_native": "0", "pop_asian": "274", "pop_pacific": "0", "pop_other": "179", "pop_two_plus": "79", "pop_hispanic": 347, "pop_non_citizen": null, "poverty_universe": null, "pop_poverty": null, "total_households": 778, "renter_occupied": 778, "unemployed": "61", "single_parent_households": "102", "state": "06", "county": "067", "tract": "005402", "block group": "2", "surveilled_sites_count": 0, "surveilled_sites_list": "None", "surveilled_categories": "None", "pct_poverty": null, "pct_renter": 100.0, "pct_non_citizen": null, "pct_black": 15.855354659248958, "pct_hispanic": 24.130737134909598 }, "geometry": { "type": "Point", "coordinates": [ -121.4300505, 38.597314700000027 ] } },
{ "type": "Feature", "properties": { "id": 13709841028, "lat": 38.5971128, "lon": -121.4301615, "direction": 25.0, "operator": "Kaiser Permanente", "brand": "Unknown", "STATEFP": "06", "COUNTYFP": "067", "TRACTCE": "005402", "BLKGRPCE": "2", "AFFGEOID": "1500000US060670054022", "GEOID": "060670054022", "NAME_x": "2", "NAMELSAD": "Block Group 2", "LSAD": "BG", "ALAND": 1553996, "AWATER": 28830, "NAME_y": "Block Group 2; Census Tract 54.02; Sacramento County; California", "pop_total": 1438, "median_income": 65125.0, "pop_white": "678", "pop_black": 228, "pop_native": "0", "pop_asian": "274", "pop_pacific": "0", "pop_other": "179", "pop_two_plus": "79", "pop_hispanic": 347, "pop_non_citizen": null, "poverty_universe": null, "pop_poverty": null, "total_households": 778, "renter_occupied": 778, "unemployed": "61", "single_parent_households": "102", "state": "06", "county": "067", "tract": "005402", "block group": "2", "surveilled_sites_count": 0, "surveilled_sites_list": "None", "surveilled_categories": "None", "pct_poverty": null, "pct_renter": 100.0, "pct_non_citizen": null, "pct_black": 15.855354659248958, "pct_hispanic": 24.130737134909598 }, "geometry": { "type": "Point", "coordinates": [ -121.4301615, 38.5971128 ] } },
{ "type": "Feature", "properties": { "id": 13710109701, "lat": 38.5639187, "lon": -121.3364352, "direction": 176.0, "operator": "Unknown", "brand": "Unknown", "STATEFP": "06", "COUNTYFP": "067", "TRACTCE": "009103", "BLKGRPCE": "1", "AFFGEOID": "1500000US060670091031", "GEOID": "060670091031", "NAME_x": "1", "NAMELSAD": "Block Group 1", "LSAD": "BG", "ALAND": 995224, "AWATER": 0, "NAME_y": "Block Group 1; Census Tract 91.03; Sacramento County; California", "pop_total": 1830, "median_income": 105432.0, "pop_white": "1202", "pop_black": 245, "pop_native": "48", "pop_asian": "233", "pop_pacific": "0", "pop_other": "48", "pop_two_plus": "54", "pop_hispanic": 293, "pop_non_citizen": null, "poverty_universe": null, "pop_poverty": null, "total_households": 663, "renter_occupied": 318, "unemployed": "23", "single_parent_households": "198", "state": "06", "county": "067", "tract": "009103", "block group": "1", "surveilled_sites_count": 0, "surveilled_sites_list": "None", "surveilled_categories": "None", "pct_poverty": null, "pct_renter": 47.963800904977376, "pct_non_citizen": null, "pct_black": 13.387978142076504, "pct_hispanic": 16.010928961748633 }, "geometry": { "type": "Point", "coordinates": [ -121.336435200000011, 38.5639187 ] } },
{ "type": "Feature", "properties": { "id": 13723887701, "lat": 38.6483373, "lon": -121.1897668, "direction": 321.0, "operator": "Unknown", "brand": "Unknown", "STATEFP": "06", "COUNTYFP": "067", "TRACTCE": "008504", "BLKGRPCE": "1", "AFFGEOID": "1500000US060670085041", "GEOID": "060670085041", "NAME_x": "1", "NAMELSAD": "Block Group 1", "LSAD": "BG", "ALAND": 3160128, "AWATER": 515287, "NAME_y": "Block Group 1; Census Tract 85.04; Sacramento County; California", "pop_total": 1472, "median_income": 151321.0, "pop_white": "964", "pop_black": 101, "pop_native": "0", "pop_asian": "196", "pop_pacific": "0", "pop_other": "19", "pop_two_plus": "192", "pop_hispanic": 275, "pop_non_citizen": null, "poverty_universe": null, "pop_poverty": null, "total_households": 569, "renter_occupied": 354, "unemployed": "44", "single_parent_households": "257", "state": "06", "county": "067", "tract": "008504", "block group": "1", "surveilled_sites_count": 0, "surveilled_sites_list": "None", "surveilled_categories": "None", "pct_poverty": null, "pct_renter": 62.214411247803156, "pct_non_citizen": null, "pct_black": 6.8614130434782608, "pct_hispanic": 18.682065217391305 }, "geometry": { "type": "Point", "coordinates": [ -121.189766799999987, 38.648337299999987 ] } },
{ "type": "Feature", "properties": { "id": 13726807701, "lat": 38.6795357, "lon": -121.3197741, "direction": 61.0, "operator": "Unknown", "brand": "Unknown", "STATEFP": "06", "COUNTYFP": "067", "TRACTCE": "008135", "BLKGRPCE": "2", "AFFGEOID": "1500000US060670081352", "GEOID": "060670081352", "NAME_x": "2", "NAMELSAD": "Block Group 2", "LSAD": "BG", "ALAND": 305381, "AWATER": 0, "NAME_y": "Block Group 2; Census Tract 81.35; Sacramento County; California", "pop_total": 1503, "median_income": 44318.0, "pop_white": "694", "pop_black": 61, "pop_native": "0", "pop_asian": "45", "pop_pacific": "0", "pop_other": "433", "pop_two_plus": "270", "pop_hispanic": 387, "pop_non_citizen": null, "poverty_universe": null, "pop_poverty": null, "total_households": 636, "renter_occupied": 272, "unemployed": "23", "single_parent_households": "170", "state": "06", "county": "067", "tract": "008135", "block group": "2", "surveilled_sites_count": 0, "surveilled_sites_list": "None", "surveilled_categories": "None", "pct_poverty": null, "pct_renter": 42.767295597484278, "pct_non_citizen": null, "pct_black": 4.0585495675316032, "pct_hispanic": 25.748502994011975 }, "geometry": { "type": "Point", "coordinates": [ -121.3197741, 38.6795357 ] } },
{ "type": "Feature", "properties": { "id": 13726808301, "lat": 38.6785332, "lon": -121.3217635, "direction": 225.0, "operator": "Unknown", "brand": "Unknown", "STATEFP": "06", "COUNTYFP": "067", "TRACTCE": "008131", "BLKGRPCE": "1", "AFFGEOID": "1500000US060670081311", "GEOID": "060670081311", "NAME_x": "1", "NAMELSAD": "Block Group 1", "LSAD": "BG", "ALAND": 281309, "AWATER": 0, "NAME_y": "Block Group 1; Census Tract 81.31; Sacramento County; California", "pop_total": 884, "median_income": 31837.0, "pop_white": "630", "pop_black": 4, "pop_native": "0", "pop_asian": "26", "pop_pacific": "0", "pop_other": "0", "pop_two_plus": "224", "pop_hispanic": 220, "pop_non_citizen": null, "poverty_universe": null, "pop_poverty": null, "total_households": 525, "renter_occupied": 111, "unemployed": "50", "single_parent_households": "66", "state": "06", "county": "067", "tract": "008131", "block group": "1", "surveilled_sites_count": 0, "surveilled_sites_list": "None", "surveilled_categories": "None", "pct_poverty": null, "pct_renter": 21.142857142857142, "pct_non_citizen": null, "pct_black": 0.45248868778280549, "pct_hispanic": 24.886877828054299 }, "geometry": { "type": "Point", "coordinates": [ -121.3217635, 38.678533199999976 ] } },
{ "type": "Feature", "properties": { "id": 13744229001, "lat": 38.6595109, "lon": -121.5064062, "direction": 60.0, "operator": "Unknown", "brand": "Unknown", "STATEFP": "06", "COUNTYFP": "067", "TRACTCE": "007106", "BLKGRPCE": "3", "AFFGEOID": "1500000US060670071063", "GEOID": "060670071063", "NAME_x": "3", "NAMELSAD": "Block Group 3", "LSAD": "BG", "ALAND": 394864, "AWATER": 11113, "NAME_y": "Block Group 3; Census Tract 71.06; Sacramento County; California", "pop_total": 1971, "median_income": 119055.0, "pop_white": "881", "pop_black": 73, "pop_native": "0", "pop_asian": "607", "pop_pacific": "27", "pop_other": "34", "pop_two_plus": "349", "pop_hispanic": 703, "pop_non_citizen": null, "poverty_universe": null, "pop_poverty": null, "total_households": 635, "renter_occupied": 190, "unemployed": "16", "single_parent_households": "284", "state": "06", "county": "067", "tract": "007106", "block group": "3", "surveilled_sites_count": 0, "surveilled_sites_list": "None", "surveilled_categories": "None", "pct_poverty": null, "pct_renter": 29.921259842519689, "pct_non_citizen": null, "pct_black": 3.7037037037037033, "pct_hispanic": 35.667174023338404 }, "geometry": { "type": "Point", "coordinates": [ -121.5064062, 38.6595109 ] } },
{ "type": "Feature", "properties": { "id": 13750574901, "lat": 38.437817, "lon": -121.4179263, "direction": 146.0, "operator": "Unknown", "brand": "Unknown", "STATEFP": "06", "COUNTYFP": "067", "TRACTCE": "009614", "BLKGRPCE": "2", "AFFGEOID": "1500000US060670096142", "GEOID": "060670096142", "NAME_x": "2", "NAMELSAD": "Block Group 2", "LSAD": "BG", "ALAND": 824866, "AWATER": 0, "NAME_y": "Block Group 2; Census Tract 96.14; Sacramento County; California", "pop_total": 2013, "median_income": 135074.0, "pop_white": "502", "pop_black": 222, "pop_native": "0", "pop_asian": "507", "pop_pacific": "0", "pop_other": "575", "pop_two_plus": "207", "pop_hispanic": 846, "pop_non_citizen": null, "poverty_universe": null, "pop_poverty": null, "total_households": 679, "renter_occupied": 118, "unemployed": "83", "single_parent_households": "339", "state": "06", "county": "067", "tract": "009614", "block group": "2", "surveilled_sites_count": 0, "surveilled_sites_list": "None", "surveilled_categories": "None", "pct_poverty": null, "pct_renter": 17.378497790868924, "pct_non_citizen": null, "pct_black": 11.028315946348734, "pct_hispanic": 42.026825633383005 }, "geometry": { "type": "Point", "coordinates": [ -121.417926300000019, 38.437817 ] } },
{ "type": "Feature", "properties": { "id": 13750579601, "lat": 38.2909817, "lon": -121.3058473, "direction": 52.0, "operator": "Unknown", "brand": "Unknown", "STATEFP": "06", "COUNTYFP": "067", "TRACTCE": "009410", "BLKGRPCE": "3", "AFFGEOID": "1500000US060670094103", "GEOID": "060670094103", "NAME_x": "3", "NAMELSAD": "Block Group 3", "LSAD": "BG", "ALAND": 1086520, "AWATER": 0, "NAME_y": "Block Group 3; Census Tract 94.10; Sacramento County; California", "pop_total": 1858, "median_income": 102518.0, "pop_white": "1628", "pop_black": 9, "pop_native": "15", "pop_asian": "119", "pop_pacific": "0", "pop_other": "0", "pop_two_plus": "87", "pop_hispanic": 729, "pop_non_citizen": null, "poverty_universe": null, "pop_poverty": null, "total_households": 611, "renter_occupied": 35, "unemployed": "53", "single_parent_households": "324", "state": "06", "county": "067", "tract": "009410", "block group": "3", "surveilled_sites_count": 0, "surveilled_sites_list": "None", "surveilled_categories": "None", "pct_poverty": null, "pct_renter": 5.728314238952537, "pct_non_citizen": null, "pct_black": 0.48439181916038754, "pct_hispanic": 39.235737351991389 }, "geometry": { "type": "Point", "coordinates": [ -121.3058473, 38.290981700000025 ] } },
{ "type": "Feature", "properties": { "id": 13753479901, "lat": 38.6338172, "lon": -121.5042208, "direction": 169.0, "operator": "The Home Depot", "brand": "Unknown", "STATEFP": "06", "COUNTYFP": "067", "TRACTCE": "007019", "BLKGRPCE": "2", "AFFGEOID": "1500000US060670070192", "GEOID": "060670070192", "NAME_x": "2", "NAMELSAD": "Block Group 2", "LSAD": "BG", "ALAND": 5222064, "AWATER": 63637, "NAME_y": "Block Group 2; Census Tract 70.19; Sacramento County; California", "pop_total": 2129, "median_income": 141477.0, "pop_white": "356", "pop_black": 606, "pop_native": "0", "pop_asian": "367", "pop_pacific": "0", "pop_other": "95", "pop_two_plus": "705", "pop_hispanic": 621, "pop_non_citizen": null, "poverty_universe": null, "pop_poverty": null, "total_households": 595, "renter_occupied": 223, "unemployed": "68", "single_parent_households": "399", "state": "06", "county": "067", "tract": "007019", "block group": "2", "surveilled_sites_count": 0, "surveilled_sites_list": "None", "surveilled_categories": "None", "pct_poverty": null, "pct_renter": 37.478991596638657, "pct_non_citizen": null, "pct_black": 28.464067637388446, "pct_hispanic": 29.168623767026773 }, "geometry": { "type": "Point", "coordinates": [ -121.5042208, 38.6338172 ] } },
{ "type": "Feature", "properties": { "id": 13753487901, "lat": 38.6336095, "lon": -121.5055527, "direction": 185.0, "operator": "The Home Depot", "brand": "Unknown", "STATEFP": "06", "COUNTYFP": "067", "TRACTCE": "007019", "BLKGRPCE": "2", "AFFGEOID": "1500000US060670070192", "GEOID": "060670070192", "NAME_x": "2", "NAMELSAD": "Block Group 2", "LSAD": "BG", "ALAND": 5222064, "AWATER": 63637, "NAME_y": "Block Group 2; Census Tract 70.19; Sacramento County; California", "pop_total": 2129, "median_income": 141477.0, "pop_white": "356", "pop_black": 606, "pop_native": "0", "pop_asian": "367", "pop_pacific": "0", "pop_other": "95", "pop_two_plus": "705", "pop_hispanic": 621, "pop_non_citizen": null, "poverty_universe": null, "pop_poverty": null, "total_households": 595, "renter_occupied": 223, "unemployed": "68", "single_parent_households": "399", "state": "06", "county": "067", "tract": "007019", "block group": "2", "surveilled_sites_count": 0, "surveilled_sites_list": "None", "surveilled_categories": "None", "pct_poverty": null, "pct_renter": 37.478991596638657, "pct_non_citizen": null, "pct_black": 28.464067637388446, "pct_hispanic": 29.168623767026773 }, "geometry": { "type": "Point", "coordinates": [ -121.50555270000001, 38.633609500000027 ] } },
{ "type": "Feature", "properties": { "id": 13753646101, "lat": 38.632029, "lon": -121.4991552, "direction": 118.0, "operator": "Unknown", "brand": "Unknown", "STATEFP": "06", "COUNTYFP": "067", "TRACTCE": "007022", "BLKGRPCE": "1", "AFFGEOID": "1500000US060670070221", "GEOID": "060670070221", "NAME_x": "1", "NAMELSAD": "Block Group 1", "LSAD": "BG", "ALAND": 224838, "AWATER": 0, "NAME_y": "Block Group 1; Census Tract 70.22; Sacramento County; California", "pop_total": 1477, "median_income": 79635.0, "pop_white": "554", "pop_black": 52, "pop_native": "26", "pop_asian": "356", "pop_pacific": "0", "pop_other": "80", "pop_two_plus": "409", "pop_hispanic": 280, "pop_non_citizen": null, "poverty_universe": null, "pop_poverty": null, "total_households": 466, "renter_occupied": 91, "unemployed": "0", "single_parent_households": "183", "state": "06", "county": "067", "tract": "007022", "block group": "1", "surveilled_sites_count": 0, "surveilled_sites_list": "None", "surveilled_categories": "None", "pct_poverty": null, "pct_renter": 19.527896995708154, "pct_non_citizen": null, "pct_black": 3.5206499661475967, "pct_hispanic": 18.957345971563981 }, "geometry": { "type": "Point", "coordinates": [ -121.499155200000018, 38.632029 ] } },
{ "type": "Feature", "properties": { "id": 13754079501, "lat": 38.4481329, "lon": -121.3961367, "direction": 263.0, "operator": "Unknown", "brand": "Unknown", "STATEFP": "06", "COUNTYFP": "067", "TRACTCE": "009334", "BLKGRPCE": "2", "AFFGEOID": "1500000US060670093342", "GEOID": "060670093342", "NAME_x": "2", "NAMELSAD": "Block Group 2", "LSAD": "BG", "ALAND": 843022, "AWATER": 0, "NAME_y": "Block Group 2; Census Tract 93.34; Sacramento County; California", "pop_total": 1324, "median_income": 127569.0, "pop_white": "286", "pop_black": 17, "pop_native": "0", "pop_asian": "852", "pop_pacific": "66", "pop_other": "60", "pop_two_plus": "43", "pop_hispanic": 104, "pop_non_citizen": null, "poverty_universe": null, "pop_poverty": null, "total_households": 414, "renter_occupied": 69, "unemployed": "49", "single_parent_households": "240", "state": "06", "county": "067", "tract": "009334", "block group": "2", "surveilled_sites_count": 0, "surveilled_sites_list": "None", "surveilled_categories": "None", "pct_poverty": null, "pct_renter": 16.666666666666664, "pct_non_citizen": null, "pct_black": 1.2839879154078551, "pct_hispanic": 7.8549848942598182 }, "geometry": { "type": "Point", "coordinates": [ -121.3961367, 38.4481329 ] } },
{ "type": "Feature", "properties": { "id": 13757080701, "lat": 38.2909814, "lon": -121.2979733, "direction": 160.0, "operator": "Unknown", "brand": "Unknown", "STATEFP": "06", "COUNTYFP": "067", "TRACTCE": "009410", "BLKGRPCE": "2", "AFFGEOID": "1500000US060670094102", "GEOID": "060670094102", "NAME_x": "2", "NAMELSAD": "Block Group 2", "LSAD": "BG", "ALAND": 709003, "AWATER": 0, "NAME_y": "Block Group 2; Census Tract 94.10; Sacramento County; California", "pop_total": 1655, "median_income": 76031.0, "pop_white": "948", "pop_black": 28, "pop_native": "0", "pop_asian": "253", "pop_pacific": "0", "pop_other": "301", "pop_two_plus": "125", "pop_hispanic": 626, "pop_non_citizen": null, "poverty_universe": null, "pop_poverty": null, "total_households": 563, "renter_occupied": 261, "unemployed": "42", "single_parent_households": "206", "state": "06", "county": "067", "tract": "009410", "block group": "2", "surveilled_sites_count": 0, "surveilled_sites_list": "None", "surveilled_categories": "None", "pct_poverty": null, "pct_renter": 46.358792184724692, "pct_non_citizen": null, "pct_black": 1.6918429003021147, "pct_hispanic": 37.824773413897283 }, "geometry": { "type": "Point", "coordinates": [ -121.29797330000001, 38.290981399999971 ] } },
{ "type": "Feature", "properties": { "id": 13757087301, "lat": 38.2900274, "lon": -121.2829823, "direction": 147.0, "operator": "Unknown", "brand": "Unknown", "STATEFP": "06", "COUNTYFP": "067", "TRACTCE": "009409", "BLKGRPCE": "1", "AFFGEOID": "1500000US060670094091", "GEOID": "060670094091", "NAME_x": "1", "NAMELSAD": "Block Group 1", "LSAD": "BG", "ALAND": 3573437, "AWATER": 0, "NAME_y": "Block Group 1; Census Tract 94.09; Sacramento County; California", "pop_total": 2079, "median_income": 143750.0, "pop_white": "1379", "pop_black": 24, "pop_native": "31", "pop_asian": "240", "pop_pacific": "0", "pop_other": "82", "pop_two_plus": "323", "pop_hispanic": 650, "pop_non_citizen": null, "poverty_universe": null, "pop_poverty": null, "total_households": 661, "renter_occupied": 56, "unemployed": "0", "single_parent_households": "284", "state": "06", "county": "067", "tract": "009409", "block group": "1", "surveilled_sites_count": 0, "surveilled_sites_list": "None", "surveilled_categories": "None", "pct_poverty": null, "pct_renter": 8.472012102874432, "pct_non_citizen": null, "pct_black": 1.1544011544011543, "pct_hispanic": 31.265031265031261 }, "geometry": { "type": "Point", "coordinates": [ -121.282982299999986, 38.290027399999971 ] } },
{ "type": "Feature", "properties": { "id": 13757088701, "lat": 38.3953819, "lon": -121.3799163, "direction": 310.0, "operator": "Unknown", "brand": "Unknown", "STATEFP": "06", "COUNTYFP": "067", "TRACTCE": "009650", "BLKGRPCE": "3", "AFFGEOID": "1500000US060670096503", "GEOID": "060670096503", "NAME_x": "3", "NAMELSAD": "Block Group 3", "LSAD": "BG", "ALAND": 530359, "AWATER": 0, "NAME_y": "Block Group 3; Census Tract 96.50; Sacramento County; California", "pop_total": 1126, "median_income": 116445.0, "pop_white": "131", "pop_black": 122, "pop_native": "0", "pop_asian": "678", "pop_pacific": "0", "pop_other": "22", "pop_two_plus": "173", "pop_hispanic": 52, "pop_non_citizen": null, "poverty_universe": null, "pop_poverty": null, "total_households": 332, "renter_occupied": 15, "unemployed": "19", "single_parent_households": "186", "state": "06", "county": "067", "tract": "009650", "block group": "3", "surveilled_sites_count": 0, "surveilled_sites_list": "None", "surveilled_categories": "None", "pct_poverty": null, "pct_renter": 4.5180722891566267, "pct_non_citizen": null, "pct_black": 10.834813499111901, "pct_hispanic": 4.6181172291296626 }, "geometry": { "type": "Point", "coordinates": [ -121.3799163, 38.395381900000018 ] } },
{ "type": "Feature", "properties": { "id": 13757096001, "lat": 38.4394645, "lon": -121.4233976, "direction": 287.0, "operator": "Unknown", "brand": "Unknown", "STATEFP": "06", "COUNTYFP": "067", "TRACTCE": "009608", "BLKGRPCE": "4", "AFFGEOID": "1500000US060670096084", "GEOID": "060670096084", "NAME_x": "4", "NAMELSAD": "Block Group 4", "LSAD": "BG", "ALAND": 531573, "AWATER": 0, "NAME_y": "Block Group 4; Census Tract 96.08; Sacramento County; California", "pop_total": 1726, "median_income": 75598.0, "pop_white": "417", "pop_black": 620, "pop_native": "0", "pop_asian": "402", "pop_pacific": "0", "pop_other": "219", "pop_two_plus": "68", "pop_hispanic": 380, "pop_non_citizen": null, "poverty_universe": null, "pop_poverty": null, "total_households": 603, "renter_occupied": 319, "unemployed": "6", "single_parent_households": "148", "state": "06", "county": "067", "tract": "009608", "block group": "4", "surveilled_sites_count": 0, "surveilled_sites_list": "None", "surveilled_categories": "None", "pct_poverty": null, "pct_renter": 52.902155887230521, "pct_non_citizen": null, "pct_black": 35.921205098493623, "pct_hispanic": 22.0162224797219 }, "geometry": { "type": "Point", "coordinates": [ -121.423397600000015, 38.439464500000021 ] } },
{ "type": "Feature", "properties": { "id": 13759749201, "lat": 38.2800044, "lon": -121.3046931, "direction": 53.0, "operator": "Unknown", "brand": "Unknown", "STATEFP": "06", "COUNTYFP": "067", "TRACTCE": "009410", "BLKGRPCE": "3", "AFFGEOID": "1500000US060670094103", "GEOID": "060670094103", "NAME_x": "3", "NAMELSAD": "Block Group 3", "LSAD": "BG", "ALAND": 1086520, "AWATER": 0, "NAME_y": "Block Group 3; Census Tract 94.10; Sacramento County; California", "pop_total": 1858, "median_income": 102518.0, "pop_white": "1628", "pop_black": 9, "pop_native": "15", "pop_asian": "119", "pop_pacific": "0", "pop_other": "0", "pop_two_plus": "87", "pop_hispanic": 729, "pop_non_citizen": null, "poverty_universe": null, "pop_poverty": null, "total_households": 611, "renter_occupied": 35, "unemployed": "53", "single_parent_households": "324", "state": "06", "county": "067", "tract": "009410", "block group": "3", "surveilled_sites_count": 0, "surveilled_sites_list": "None", "surveilled_categories": "None", "pct_poverty": null, "pct_renter": 5.728314238952537, "pct_non_citizen": null, "pct_black": 0.48439181916038754, "pct_hispanic": 39.235737351991389 }, "geometry": { "type": "Point", "coordinates": [ -121.3046931, 38.280004400000024 ] } },
{ "type": "Feature", "properties": { "id": 13759750101, "lat": 38.2692325, "lon": -121.3010673, "direction": 132.0, "operator": "Unknown", "brand": "Unknown", "STATEFP": "06", "COUNTYFP": "067", "TRACTCE": "009410", "BLKGRPCE": "1", "AFFGEOID": "1500000US060670094101", "GEOID": "060670094101", "NAME_x": "1", "NAMELSAD": "Block Group 1", "LSAD": "BG", "ALAND": 1181701, "AWATER": 0, "NAME_y": "Block Group 1; Census Tract 94.10; Sacramento County; California", "pop_total": 2872, "median_income": 106348.0, "pop_white": "1433", "pop_black": 20, "pop_native": "9", "pop_asian": "106", "pop_pacific": "0", "pop_other": "846", "pop_two_plus": "458", "pop_hispanic": 1409, "pop_non_citizen": null, "poverty_universe": null, "pop_poverty": null, "total_households": 970, "renter_occupied": 205, "unemployed": "12", "single_parent_households": "370", "state": "06", "county": "067", "tract": "009410", "block group": "1", "surveilled_sites_count": 0, "surveilled_sites_list": "None", "surveilled_categories": "None", "pct_poverty": null, "pct_renter": 21.134020618556701, "pct_non_citizen": null, "pct_black": 0.69637883008356549, "pct_hispanic": 49.059888579387184 }, "geometry": { "type": "Point", "coordinates": [ -121.3010673, 38.269232500000022 ] } },
{ "type": "Feature", "properties": { "id": 13759752101, "lat": 38.2829196, "lon": -121.283907, "direction": 211.0, "operator": "Unknown", "brand": "Unknown", "STATEFP": "06", "COUNTYFP": "067", "TRACTCE": "009409", "BLKGRPCE": "1", "AFFGEOID": "1500000US060670094091", "GEOID": "060670094091", "NAME_x": "1", "NAMELSAD": "Block Group 1", "LSAD": "BG", "ALAND": 3573437, "AWATER": 0, "NAME_y": "Block Group 1; Census Tract 94.09; Sacramento County; California", "pop_total": 2079, "median_income": 143750.0, "pop_white": "1379", "pop_black": 24, "pop_native": "31", "pop_asian": "240", "pop_pacific": "0", "pop_other": "82", "pop_two_plus": "323", "pop_hispanic": 650, "pop_non_citizen": null, "poverty_universe": null, "pop_poverty": null, "total_households": 661, "renter_occupied": 56, "unemployed": "0", "single_parent_households": "284", "state": "06", "county": "067", "tract": "009409", "block group": "1", "surveilled_sites_count": 0, "surveilled_sites_list": "None", "surveilled_categories": "None", "pct_poverty": null, "pct_renter": 8.472012102874432, "pct_non_citizen": null, "pct_black": 1.1544011544011543, "pct_hispanic": 31.265031265031261 }, "geometry": { "type": "Point", "coordinates": [ -121.283907, 38.282919600000049 ] } },
{ "type": "Feature", "properties": { "id": 13759761501, "lat": 38.2549886, "lon": -121.2964099, "direction": 216.0, "operator": "Unknown", "brand": "Unknown", "STATEFP": "06", "COUNTYFP": "067", "TRACTCE": "009503", "BLKGRPCE": "2", "AFFGEOID": "1500000US060670095032", "GEOID": "060670095032", "NAME_x": "2", "NAMELSAD": "Block Group 2", "LSAD": "BG", "ALAND": 467175, "AWATER": 0, "NAME_y": "Block Group 2; Census Tract 95.03; Sacramento County; California", "pop_total": 842, "median_income": 50125.0, "pop_white": "545", "pop_black": 9, "pop_native": "0", "pop_asian": "135", "pop_pacific": "0", "pop_other": "103", "pop_two_plus": "50", "pop_hispanic": 325, "pop_non_citizen": null, "poverty_universe": null, "pop_poverty": null, "total_households": 401, "renter_occupied": 94, "unemployed": "7", "single_parent_households": "91", "state": "06", "county": "067", "tract": "009503", "block group": "2", "surveilled_sites_count": 0, "surveilled_sites_list": "None", "surveilled_categories": "None", "pct_poverty": null, "pct_renter": 23.441396508728179, "pct_non_citizen": null, "pct_black": 1.0688836104513064, "pct_hispanic": 38.598574821852729 }, "geometry": { "type": "Point", "coordinates": [ -121.296409899999986, 38.254988600000019 ] } },
{ "type": "Feature", "properties": { "id": 13764256303, "lat": 38.6398483, "lon": -121.5211494, "direction": 130.0, "operator": "Unknown", "brand": "Unknown", "STATEFP": "06", "COUNTYFP": "067", "TRACTCE": "007028", "BLKGRPCE": "3", "AFFGEOID": "1500000US060670070283", "GEOID": "060670070283", "NAME_x": "3", "NAMELSAD": "Block Group 3", "LSAD": "BG", "ALAND": 1223686, "AWATER": 0, "NAME_y": "Block Group 3; Census Tract 70.28; Sacramento County; California", "pop_total": 1901, "median_income": 100568.0, "pop_white": "713", "pop_black": 190, "pop_native": "0", "pop_asian": "457", "pop_pacific": "0", "pop_other": "151", "pop_two_plus": "390", "pop_hispanic": 515, "pop_non_citizen": null, "poverty_universe": null, "pop_poverty": null, "total_households": 804, "renter_occupied": 402, "unemployed": "31", "single_parent_households": "199", "state": "06", "county": "067", "tract": "007028", "block group": "3", "surveilled_sites_count": 0, "surveilled_sites_list": "None", "surveilled_categories": "None", "pct_poverty": null, "pct_renter": 50.0, "pct_non_citizen": null, "pct_black": 9.9947396107311945, "pct_hispanic": 27.091004734350342 }, "geometry": { "type": "Point", "coordinates": [ -121.5211494, 38.6398483 ] } },
{ "type": "Feature", "properties": { "id": 13771771421, "lat": 38.5757598, "lon": -121.2921252, "direction": 270.0, "operator": "Kaiser Permanente", "brand": "Unknown", "STATEFP": "06", "COUNTYFP": "067", "TRACTCE": "009010", "BLKGRPCE": "2", "AFFGEOID": "1500000US060670090102", "GEOID": "060670090102", "NAME_x": "2", "NAMELSAD": "Block Group 2", "LSAD": "BG", "ALAND": 303557, "AWATER": 0, "NAME_y": "Block Group 2; Census Tract 90.10; Sacramento County; California", "pop_total": 1871, "median_income": 66083.0, "pop_white": "376", "pop_black": 1089, "pop_native": "0", "pop_asian": "70", "pop_pacific": "12", "pop_other": "165", "pop_two_plus": "159", "pop_hispanic": 205, "pop_non_citizen": null, "poverty_universe": null, "pop_poverty": null, "total_households": 704, "renter_occupied": 704, "unemployed": "23", "single_parent_households": "325", "state": "06", "county": "067", "tract": "009010", "block group": "2", "surveilled_sites_count": 0, "surveilled_sites_list": "None", "surveilled_categories": "None", "pct_poverty": null, "pct_renter": 100.0, "pct_non_citizen": null, "pct_black": 58.204168893639761, "pct_hispanic": 10.956707642971674 }, "geometry": { "type": "Point", "coordinates": [ -121.292125200000015, 38.575759800000014 ] } },
{ "type": "Feature", "properties": { "id": 13771771422, "lat": 38.5757357, "lon": -121.2923092, "direction": 100.0, "operator": "Kaiser Permanente", "brand": "Unknown", "STATEFP": "06", "COUNTYFP": "067", "TRACTCE": "009010", "BLKGRPCE": "2", "AFFGEOID": "1500000US060670090102", "GEOID": "060670090102", "NAME_x": "2", "NAMELSAD": "Block Group 2", "LSAD": "BG", "ALAND": 303557, "AWATER": 0, "NAME_y": "Block Group 2; Census Tract 90.10; Sacramento County; California", "pop_total": 1871, "median_income": 66083.0, "pop_white": "376", "pop_black": 1089, "pop_native": "0", "pop_asian": "70", "pop_pacific": "12", "pop_other": "165", "pop_two_plus": "159", "pop_hispanic": 205, "pop_non_citizen": null, "poverty_universe": null, "pop_poverty": null, "total_households": 704, "renter_occupied": 704, "unemployed": "23", "single_parent_households": "325", "state": "06", "county": "067", "tract": "009010", "block group": "2", "surveilled_sites_count": 0, "surveilled_sites_list": "None", "surveilled_categories": "None", "pct_poverty": null, "pct_renter": 100.0, "pct_non_citizen": null, "pct_black": 58.204168893639761, "pct_hispanic": 10.956707642971674 }, "geometry": { "type": "Point", "coordinates": [ -121.2923092, 38.57573569999996 ] } },
{ "type": "Feature", "properties": { "id": 13771771423, "lat": 38.5784246, "lon": -121.2927163, "direction": 140.0, "operator": "Kaiser Permanente", "brand": "Unknown", "STATEFP": "06", "COUNTYFP": "067", "TRACTCE": "009010", "BLKGRPCE": "2", "AFFGEOID": "1500000US060670090102", "GEOID": "060670090102", "NAME_x": "2", "NAMELSAD": "Block Group 2", "LSAD": "BG", "ALAND": 303557, "AWATER": 0, "NAME_y": "Block Group 2; Census Tract 90.10; Sacramento County; California", "pop_total": 1871, "median_income": 66083.0, "pop_white": "376", "pop_black": 1089, "pop_native": "0", "pop_asian": "70", "pop_pacific": "12", "pop_other": "165", "pop_two_plus": "159", "pop_hispanic": 205, "pop_non_citizen": null, "poverty_universe": null, "pop_poverty": null, "total_households": 704, "renter_occupied": 704, "unemployed": "23", "single_parent_households": "325", "state": "06", "county": "067", "tract": "009010", "block group": "2", "surveilled_sites_count": 0, "surveilled_sites_list": "None", "surveilled_categories": "None", "pct_poverty": null, "pct_renter": 100.0, "pct_non_citizen": null, "pct_black": 58.204168893639761, "pct_hispanic": 10.956707642971674 }, "geometry": { "type": "Point", "coordinates": [ -121.2927163, 38.5784246 ] } },
{ "type": "Feature", "properties": { "id": 13771771424, "lat": 38.5784392, "lon": -121.2926393, "direction": 320.0, "operator": "Kaiser Permanente", "brand": "Unknown", "STATEFP": "06", "COUNTYFP": "067", "TRACTCE": "009010", "BLKGRPCE": "2", "AFFGEOID": "1500000US060670090102", "GEOID": "060670090102", "NAME_x": "2", "NAMELSAD": "Block Group 2", "LSAD": "BG", "ALAND": 303557, "AWATER": 0, "NAME_y": "Block Group 2; Census Tract 90.10; Sacramento County; California", "pop_total": 1871, "median_income": 66083.0, "pop_white": "376", "pop_black": 1089, "pop_native": "0", "pop_asian": "70", "pop_pacific": "12", "pop_other": "165", "pop_two_plus": "159", "pop_hispanic": 205, "pop_non_citizen": null, "poverty_universe": null, "pop_poverty": null, "total_households": 704, "renter_occupied": 704, "unemployed": "23", "single_parent_households": "325", "state": "06", "county": "067", "tract": "009010", "block group": "2", "surveilled_sites_count": 0, "surveilled_sites_list": "None", "surveilled_categories": "None", "pct_poverty": null, "pct_renter": 100.0, "pct_non_citizen": null, "pct_black": 58.204168893639761, "pct_hispanic": 10.956707642971674 }, "geometry": { "type": "Point", "coordinates": [ -121.2926393, 38.578439199999977 ] } },
{ "type": "Feature", "properties": { "id": 13778408401, "lat": 38.7001218, "lon": -121.3089208, "direction": 151.0, "operator": "Unknown", "brand": "Unknown", "STATEFP": "06", "COUNTYFP": "067", "TRACTCE": "008132", "BLKGRPCE": "2", "AFFGEOID": "1500000US060670081322", "GEOID": "060670081322", "NAME_x": "2", "NAMELSAD": "Block Group 2", "LSAD": "BG", "ALAND": 784293, "AWATER": 0, "NAME_y": "Block Group 2; Census Tract 81.32; Sacramento County; California", "pop_total": 2198, "median_income": 92266.0, "pop_white": "1292", "pop_black": 0, "pop_native": "24", "pop_asian": "708", "pop_pacific": "6", "pop_other": "77", "pop_two_plus": "91", "pop_hispanic": 171, "pop_non_citizen": null, "poverty_universe": null, "pop_poverty": null, "total_households": 589, "renter_occupied": 68, "unemployed": "36", "single_parent_households": "182", "state": "06", "county": "067", "tract": "008132", "block group": "2", "surveilled_sites_count": 0, "surveilled_sites_list": "None", "surveilled_categories": "None", "pct_poverty": null, "pct_renter": 11.544991511035652, "pct_non_citizen": null, "pct_black": 0.0, "pct_hispanic": 7.7797998180163779 }, "geometry": { "type": "Point", "coordinates": [ -121.3089208, 38.7001218 ] } },
{ "type": "Feature", "properties": { "id": 13783642901, "lat": 38.6565433, "lon": -121.5026535, "direction": 345.0, "operator": "Unknown", "brand": "Unknown", "STATEFP": "06", "COUNTYFP": "067", "TRACTCE": "007106", "BLKGRPCE": "3", "AFFGEOID": "1500000US060670071063", "GEOID": "060670071063", "NAME_x": "3", "NAMELSAD": "Block Group 3", "LSAD": "BG", "ALAND": 394864, "AWATER": 11113, "NAME_y": "Block Group 3; Census Tract 71.06; Sacramento County; California", "pop_total": 1971, "median_income": 119055.0, "pop_white": "881", "pop_black": 73, "pop_native": "0", "pop_asian": "607", "pop_pacific": "27", "pop_other": "34", "pop_two_plus": "349", "pop_hispanic": 703, "pop_non_citizen": null, "poverty_universe": null, "pop_poverty": null, "total_households": 635, "renter_occupied": 190, "unemployed": "16", "single_parent_households": "284", "state": "06", "county": "067", "tract": "007106", "block group": "3", "surveilled_sites_count": 0, "surveilled_sites_list": "None", "surveilled_categories": "None", "pct_poverty": null, "pct_renter": 29.921259842519689, "pct_non_citizen": null, "pct_black": 3.7037037037037033, "pct_hispanic": 35.667174023338404 }, "geometry": { "type": "Point", "coordinates": [ -121.5026535, 38.656543299999974 ] } },
{ "type": "Feature", "properties": { "id": 13783663801, "lat": 38.6706807, "lon": -121.4958014, "direction": 146.0, "operator": "Unknown", "brand": "Unknown", "STATEFP": "06", "COUNTYFP": "067", "TRACTCE": "007106", "BLKGRPCE": "1", "AFFGEOID": "1500000US060670071061", "GEOID": "060670071061", "NAME_x": "1", "NAMELSAD": "Block Group 1", "LSAD": "BG", "ALAND": 335927, "AWATER": 0, "NAME_y": "Block Group 1; Census Tract 71.06; Sacramento County; California", "pop_total": 855, "median_income": 87813.0, "pop_white": "286", "pop_black": 191, "pop_native": "0", "pop_asian": "337", "pop_pacific": "0", "pop_other": "0", "pop_two_plus": "41", "pop_hispanic": 62, "pop_non_citizen": null, "poverty_universe": null, "pop_poverty": null, "total_households": 347, "renter_occupied": 148, "unemployed": "0", "single_parent_households": "109", "state": "06", "county": "067", "tract": "007106", "block group": "1", "surveilled_sites_count": 0, "surveilled_sites_list": "None", "surveilled_categories": "None", "pct_poverty": null, "pct_renter": 42.65129682997118, "pct_non_citizen": null, "pct_black": 22.33918128654971, "pct_hispanic": 7.2514619883040936 }, "geometry": { "type": "Point", "coordinates": [ -121.4958014, 38.6706807 ] } },
{ "type": "Feature", "properties": { "id": 13783705401, "lat": 38.6690652, "lon": -121.5080125, "direction": 245.0, "operator": "Unknown", "brand": "Unknown", "STATEFP": "06", "COUNTYFP": "067", "TRACTCE": "007110", "BLKGRPCE": "2", "AFFGEOID": "1500000US060670071102", "GEOID": "060670071102", "NAME_x": "2", "NAMELSAD": "Block Group 2", "LSAD": "BG", "ALAND": 542953, "AWATER": 13032, "NAME_y": "Block Group 2; Census Tract 71.10; Sacramento County; California", "pop_total": 1954, "median_income": 111889.0, "pop_white": "834", "pop_black": 723, "pop_native": "0", "pop_asian": "263", "pop_pacific": "0", "pop_other": "56", "pop_two_plus": "78", "pop_hispanic": 168, "pop_non_citizen": null, "poverty_universe": null, "pop_poverty": null, "total_households": 594, "renter_occupied": 107, "unemployed": "0", "single_parent_households": "303", "state": "06", "county": "067", "tract": "007110", "block group": "2", "surveilled_sites_count": 0, "surveilled_sites_list": "None", "surveilled_categories": "None", "pct_poverty": null, "pct_renter": 18.013468013468014, "pct_non_citizen": null, "pct_black": 37.001023541453428, "pct_hispanic": 8.5977482088024573 }, "geometry": { "type": "Point", "coordinates": [ -121.508012500000021, 38.669065200000027 ] } },
{ "type": "Feature", "properties": { "id": 13784722701, "lat": 38.6385262, "lon": -121.2715479, "direction": 155.0, "operator": "Unknown", "brand": "Unknown", "STATEFP": "06", "COUNTYFP": "067", "TRACTCE": "008010", "BLKGRPCE": "4", "AFFGEOID": "1500000US060670080104", "GEOID": "060670080104", "NAME_x": "4", "NAMELSAD": "Block Group 4", "LSAD": "BG", "ALAND": 2256391, "AWATER": 136301, "NAME_y": "Block Group 4; Census Tract 80.10; Sacramento County; California", "pop_total": 2092, "median_income": 137720.0, "pop_white": "1636", "pop_black": 20, "pop_native": "78", "pop_asian": "77", "pop_pacific": "0", "pop_other": "20", "pop_two_plus": "261", "pop_hispanic": 525, "pop_non_citizen": null, "poverty_universe": null, "pop_poverty": null, "total_households": 683, "renter_occupied": 371, "unemployed": "12", "single_parent_households": "311", "state": "06", "county": "067", "tract": "008010", "block group": "4", "surveilled_sites_count": 0, "surveilled_sites_list": "None", "surveilled_categories": "None", "pct_poverty": null, "pct_renter": 54.319180087847727, "pct_non_citizen": null, "pct_black": 0.95602294455066927, "pct_hispanic": 25.095602294455066 }, "geometry": { "type": "Point", "coordinates": [ -121.2715479, 38.638526199999987 ] } },
{ "type": "Feature", "properties": { "id": 13784723201, "lat": 38.6281305, "lon": -121.2658612, "direction": 328.0, "operator": "Unknown", "brand": "Unknown", "STATEFP": "06", "COUNTYFP": "067", "TRACTCE": "008702", "BLKGRPCE": "1", "AFFGEOID": "1500000US060670087021", "GEOID": "060670087021", "NAME_x": "1", "NAMELSAD": "Block Group 1", "LSAD": "BG", "ALAND": 2289840, "AWATER": 213093, "NAME_y": "Block Group 1; Census Tract 87.02; Sacramento County; California", "pop_total": 1780, "median_income": 194414.0, "pop_white": "1393", "pop_black": 0, "pop_native": "0", "pop_asian": "206", "pop_pacific": "0", "pop_other": "13", "pop_two_plus": "168", "pop_hispanic": 107, "pop_non_citizen": null, "poverty_universe": null, "pop_poverty": null, "total_households": 837, "renter_occupied": 16, "unemployed": "18", "single_parent_households": "126", "state": "06", "county": "067", "tract": "008702", "block group": "1", "surveilled_sites_count": 0, "surveilled_sites_list": "None", "surveilled_categories": "None", "pct_poverty": null, "pct_renter": 1.9115890083632019, "pct_non_citizen": null, "pct_black": 0.0, "pct_hispanic": 6.0112359550561791 }, "geometry": { "type": "Point", "coordinates": [ -121.2658612, 38.6281305 ] } },
{ "type": "Feature", "properties": { "id": 13784803201, "lat": 38.4573563, "lon": -121.4138473, "direction": 265.0, "operator": "Unknown", "brand": "Unknown", "STATEFP": "06", "COUNTYFP": "067", "TRACTCE": "009608", "BLKGRPCE": "2", "AFFGEOID": "1500000US060670096082", "GEOID": "060670096082", "NAME_x": "2", "NAMELSAD": "Block Group 2", "LSAD": "BG", "ALAND": 2072899, "AWATER": 0, "NAME_y": "Block Group 2; Census Tract 96.08; Sacramento County; California", "pop_total": 3479, "median_income": 59296.0, "pop_white": "778", "pop_black": 985, "pop_native": "19", "pop_asian": "1091", "pop_pacific": "0", "pop_other": "359", "pop_two_plus": "247", "pop_hispanic": 612, "pop_non_citizen": null, "poverty_universe": null, "pop_poverty": null, "total_households": 1085, "renter_occupied": 562, "unemployed": "42", "single_parent_households": "450", "state": "06", "county": "067", "tract": "009608", "block group": "2", "surveilled_sites_count": 0, "surveilled_sites_list": "None", "surveilled_categories": "None", "pct_poverty": null, "pct_renter": 51.79723502304148, "pct_non_citizen": null, "pct_black": 28.312733544121876, "pct_hispanic": 17.591261856855418 }, "geometry": { "type": "Point", "coordinates": [ -121.4138473, 38.4573563 ] } },
{ "type": "Feature", "properties": { "id": 13784807701, "lat": 38.4959963, "lon": -121.4421232, "direction": 54.0, "operator": "Unknown", "brand": "Unknown", "STATEFP": "06", "COUNTYFP": "067", "TRACTCE": "005002", "BLKGRPCE": "2", "AFFGEOID": "1500000US060670050022", "GEOID": "060670050022", "NAME_x": "2", "NAMELSAD": "Block Group 2", "LSAD": "BG", "ALAND": 1495193, "AWATER": 0, "NAME_y": "Block Group 2; Census Tract 50.02; Sacramento County; California", "pop_total": 1733, "median_income": 38491.0, "pop_white": "322", "pop_black": 123, "pop_native": "15", "pop_asian": "563", "pop_pacific": "0", "pop_other": "557", "pop_two_plus": "153", "pop_hispanic": 670, "pop_non_citizen": null, "poverty_universe": null, "pop_poverty": null, "total_households": 606, "renter_occupied": 438, "unemployed": "138", "single_parent_households": "249", "state": "06", "county": "067", "tract": "005002", "block group": "2", "surveilled_sites_count": 0, "surveilled_sites_list": "None", "surveilled_categories": "None", "pct_poverty": null, "pct_renter": 72.277227722772281, "pct_non_citizen": null, "pct_black": 7.0975187536064634, "pct_hispanic": 38.661281015579917 }, "geometry": { "type": "Point", "coordinates": [ -121.4421232, 38.495996300000037 ] } },
{ "type": "Feature", "properties": { "id": 13784811901, "lat": 38.6613299, "lon": -121.3713701, "direction": 342.0, "operator": "Unknown", "brand": "Unknown", "STATEFP": "06", "COUNTYFP": "067", "TRACTCE": "007424", "BLKGRPCE": "1", "AFFGEOID": "1500000US060670074241", "GEOID": "060670074241", "NAME_x": "1", "NAMELSAD": "Block Group 1", "LSAD": "BG", "ALAND": 884372, "AWATER": 0, "NAME_y": "Block Group 1; Census Tract 74.24; Sacramento County; California", "pop_total": 2539, "median_income": 53667.0, "pop_white": "1225", "pop_black": 92, "pop_native": "38", "pop_asian": "562", "pop_pacific": "31", "pop_other": "154", "pop_two_plus": "437", "pop_hispanic": 629, "pop_non_citizen": null, "poverty_universe": null, "pop_poverty": null, "total_households": 874, "renter_occupied": 511, "unemployed": "46", "single_parent_households": "350", "state": "06", "county": "067", "tract": "007424", "block group": "1", "surveilled_sites_count": 0, "surveilled_sites_list": "None", "surveilled_categories": "None", "pct_poverty": null, "pct_renter": 58.46681922196796, "pct_non_citizen": null, "pct_black": 3.6234738085860578, "pct_hispanic": 24.77353288696337 }, "geometry": { "type": "Point", "coordinates": [ -121.3713701, 38.661329899999977 ] } },
{ "type": "Feature", "properties": { "id": 13785195902, "lat": 38.5682217, "lon": -121.2964085, "direction": 335.0, "operator": "Unknown", "brand": "Unknown", "STATEFP": "06", "COUNTYFP": "067", "TRACTCE": "008803", "BLKGRPCE": "1", "AFFGEOID": "1500000US060670088031", "GEOID": "060670088031", "NAME_x": "1", "NAMELSAD": "Block Group 1", "LSAD": "BG", "ALAND": 13462736, "AWATER": 0, "NAME_y": "Block Group 1; Census Tract 88.03; Sacramento County; California", "pop_total": 795, "median_income": null, "pop_white": "259", "pop_black": 344, "pop_native": "0", "pop_asian": "28", "pop_pacific": "0", "pop_other": "72", "pop_two_plus": "92", "pop_hispanic": 201, "pop_non_citizen": null, "poverty_universe": null, "pop_poverty": null, "total_households": 358, "renter_occupied": 292, "unemployed": "91", "single_parent_households": "170", "state": "06", "county": "067", "tract": "008803", "block group": "1", "surveilled_sites_count": 0, "surveilled_sites_list": "None", "surveilled_categories": "None", "pct_poverty": null, "pct_renter": 81.564245810055866, "pct_non_citizen": null, "pct_black": 43.270440251572332, "pct_hispanic": 25.283018867924529 }, "geometry": { "type": "Point", "coordinates": [ -121.2964085, 38.568221699999988 ] } },
{ "type": "Feature", "properties": { "id": 13785588801, "lat": 38.6592175, "lon": -121.5264823, "direction": 77.0, "operator": "Unknown", "brand": "Unknown", "STATEFP": "06", "COUNTYFP": "067", "TRACTCE": "007103", "BLKGRPCE": "1", "AFFGEOID": "1500000US060670071031", "GEOID": "060670071031", "NAME_x": "1", "NAMELSAD": "Block Group 1", "LSAD": "BG", "ALAND": 550943, "AWATER": 0, "NAME_y": "Block Group 1; Census Tract 71.03; Sacramento County; California", "pop_total": 2781, "median_income": 96632.0, "pop_white": "492", "pop_black": 225, "pop_native": "47", "pop_asian": "1129", "pop_pacific": "34", "pop_other": "586", "pop_two_plus": "268", "pop_hispanic": 685, "pop_non_citizen": null, "poverty_universe": null, "pop_poverty": null, "total_households": 1095, "renter_occupied": 568, "unemployed": "193", "single_parent_households": "296", "state": "06", "county": "067", "tract": "007103", "block group": "1", "surveilled_sites_count": 0, "surveilled_sites_list": "None", "surveilled_categories": "None", "pct_poverty": null, "pct_renter": 51.87214611872146, "pct_non_citizen": null, "pct_black": 8.090614886731391, "pct_hispanic": 24.631427544048904 }, "geometry": { "type": "Point", "coordinates": [ -121.5264823, 38.659217500000011 ] } },
{ "type": "Feature", "properties": { "id": 13785590401, "lat": 38.6819359, "lon": -121.5155687, "direction": 146.0, "operator": "Unknown", "brand": "Unknown", "STATEFP": "06", "COUNTYFP": "067", "TRACTCE": "007109", "BLKGRPCE": "1", "AFFGEOID": "1500000US060670071091", "GEOID": "060670071091", "NAME_x": "1", "NAMELSAD": "Block Group 1", "LSAD": "BG", "ALAND": 871412, "AWATER": 0, "NAME_y": "Block Group 1; Census Tract 71.09; Sacramento County; California", "pop_total": 1540, "median_income": 114583.0, "pop_white": "795", "pop_black": 166, "pop_native": "0", "pop_asian": "450", "pop_pacific": "0", "pop_other": "40", "pop_two_plus": "89", "pop_hispanic": 124, "pop_non_citizen": null, "poverty_universe": null, "pop_poverty": null, "total_households": 729, "renter_occupied": 63, "unemployed": "0", "single_parent_households": "134", "state": "06", "county": "067", "tract": "007109", "block group": "1", "surveilled_sites_count": 0, "surveilled_sites_list": "None", "surveilled_categories": "None", "pct_poverty": null, "pct_renter": 8.6419753086419746, "pct_non_citizen": null, "pct_black": 10.779220779220779, "pct_hispanic": 8.0519480519480524 }, "geometry": { "type": "Point", "coordinates": [ -121.515568700000017, 38.681935899999971 ] } },
{ "type": "Feature", "properties": { "id": 13785818301, "lat": 38.6274633, "lon": -121.5248048, "direction": 145.0, "operator": "Unknown", "brand": "Unknown", "STATEFP": "06", "COUNTYFP": "067", "TRACTCE": "007017", "BLKGRPCE": "2", "AFFGEOID": "1500000US060670070172", "GEOID": "060670070172", "NAME_x": "2", "NAMELSAD": "Block Group 2", "LSAD": "BG", "ALAND": 534919, "AWATER": 2140, "NAME_y": "Block Group 2; Census Tract 70.17; Sacramento County; California", "pop_total": 1913, "median_income": 122688.0, "pop_white": "704", "pop_black": 352, "pop_native": "11", "pop_asian": "327", "pop_pacific": "23", "pop_other": "200", "pop_two_plus": "296", "pop_hispanic": 585, "pop_non_citizen": null, "poverty_universe": null, "pop_poverty": null, "total_households": 689, "renter_occupied": 314, "unemployed": "40", "single_parent_households": "269", "state": "06", "county": "067", "tract": "007017", "block group": "2", "surveilled_sites_count": 0, "surveilled_sites_list": "None", "surveilled_categories": "None", "pct_poverty": null, "pct_renter": 45.573294629898406, "pct_non_citizen": null, "pct_black": 18.40041819132253, "pct_hispanic": 30.580240460010454 }, "geometry": { "type": "Point", "coordinates": [ -121.5248048, 38.6274633 ] } },
{ "type": "Feature", "properties": { "id": 13804980901, "lat": 38.6708735, "lon": -121.5094106, "direction": 126.0, "operator": "Unknown", "brand": "Unknown", "STATEFP": "06", "COUNTYFP": "067", "TRACTCE": "007110", "BLKGRPCE": "1", "AFFGEOID": "1500000US060670071101", "GEOID": "060670071101", "NAME_x": "1", "NAMELSAD": "Block Group 1", "LSAD": "BG", "ALAND": 592616, "AWATER": 15022, "NAME_y": "Block Group 1; Census Tract 71.10; Sacramento County; California", "pop_total": 3067, "median_income": 134630.0, "pop_white": "1242", "pop_black": 521, "pop_native": "53", "pop_asian": "864", "pop_pacific": "0", "pop_other": "41", "pop_two_plus": "346", "pop_hispanic": 555, "pop_non_citizen": null, "poverty_universe": null, "pop_poverty": null, "total_households": 976, "renter_occupied": 225, "unemployed": "0", "single_parent_households": "664", "state": "06", "county": "067", "tract": "007110", "block group": "1", "surveilled_sites_count": 0, "surveilled_sites_list": "None", "surveilled_categories": "None", "pct_poverty": null, "pct_renter": 23.053278688524589, "pct_non_citizen": null, "pct_black": 16.987283990870559, "pct_hispanic": 18.095859145745028 }, "geometry": { "type": "Point", "coordinates": [ -121.5094106, 38.670873499999971 ] } },
{ "type": "Feature", "properties": { "id": 13804981401, "lat": 38.6708778, "lon": -121.508408, "direction": 229.0, "operator": "Unknown", "brand": "Unknown", "STATEFP": "06", "COUNTYFP": "067", "TRACTCE": "007110", "BLKGRPCE": "1", "AFFGEOID": "1500000US060670071101", "GEOID": "060670071101", "NAME_x": "1", "NAMELSAD": "Block Group 1", "LSAD": "BG", "ALAND": 592616, "AWATER": 15022, "NAME_y": "Block Group 1; Census Tract 71.10; Sacramento County; California", "pop_total": 3067, "median_income": 134630.0, "pop_white": "1242", "pop_black": 521, "pop_native": "53", "pop_asian": "864", "pop_pacific": "0", "pop_other": "41", "pop_two_plus": "346", "pop_hispanic": 555, "pop_non_citizen": null, "poverty_universe": null, "pop_poverty": null, "total_households": 976, "renter_occupied": 225, "unemployed": "0", "single_parent_households": "664", "state": "06", "county": "067", "tract": "007110", "block group": "1", "surveilled_sites_count": 0, "surveilled_sites_list": "None", "surveilled_categories": "None", "pct_poverty": null, "pct_renter": 23.053278688524589, "pct_non_citizen": null, "pct_black": 16.987283990870559, "pct_hispanic": 18.095859145745028 }, "geometry": { "type": "Point", "coordinates": [ -121.508408, 38.670877800000035 ] } },
{ "type": "Feature", "properties": { "id": 13805075901, "lat": 38.5667471, "lon": -121.2969797, "direction": 235.0, "operator": "Unknown", "brand": "Unknown", "STATEFP": "06", "COUNTYFP": "067", "TRACTCE": "008803", "BLKGRPCE": "1", "AFFGEOID": "1500000US060670088031", "GEOID": "060670088031", "NAME_x": "1", "NAMELSAD": "Block Group 1", "LSAD": "BG", "ALAND": 13462736, "AWATER": 0, "NAME_y": "Block Group 1; Census Tract 88.03; Sacramento County; California", "pop_total": 795, "median_income": null, "pop_white": "259", "pop_black": 344, "pop_native": "0", "pop_asian": "28", "pop_pacific": "0", "pop_other": "72", "pop_two_plus": "92", "pop_hispanic": 201, "pop_non_citizen": null, "poverty_universe": null, "pop_poverty": null, "total_households": 358, "renter_occupied": 292, "unemployed": "91", "single_parent_households": "170", "state": "06", "county": "067", "tract": "008803", "block group": "1", "surveilled_sites_count": 0, "surveilled_sites_list": "None", "surveilled_categories": "None", "pct_poverty": null, "pct_renter": 81.564245810055866, "pct_non_citizen": null, "pct_black": 43.270440251572332, "pct_hispanic": 25.283018867924529 }, "geometry": { "type": "Point", "coordinates": [ -121.29697969999998, 38.566747100000022 ] } },
{ "type": "Feature", "properties": { "id": 13805076701, "lat": 38.5665488, "lon": -121.298093, "direction": 0.0, "operator": "Unknown", "brand": "Unknown", "STATEFP": "06", "COUNTYFP": "067", "TRACTCE": "008803", "BLKGRPCE": "1", "AFFGEOID": "1500000US060670088031", "GEOID": "060670088031", "NAME_x": "1", "NAMELSAD": "Block Group 1", "LSAD": "BG", "ALAND": 13462736, "AWATER": 0, "NAME_y": "Block Group 1; Census Tract 88.03; Sacramento County; California", "pop_total": 795, "median_income": null, "pop_white": "259", "pop_black": 344, "pop_native": "0", "pop_asian": "28", "pop_pacific": "0", "pop_other": "72", "pop_two_plus": "92", "pop_hispanic": 201, "pop_non_citizen": null, "poverty_universe": null, "pop_poverty": null, "total_households": 358, "renter_occupied": 292, "unemployed": "91", "single_parent_households": "170", "state": "06", "county": "067", "tract": "008803", "block group": "1", "surveilled_sites_count": 0, "surveilled_sites_list": "None", "surveilled_categories": "None", "pct_poverty": null, "pct_renter": 81.564245810055866, "pct_non_citizen": null, "pct_black": 43.270440251572332, "pct_hispanic": 25.283018867924529 }, "geometry": { "type": "Point", "coordinates": [ -121.298093, 38.566548799999985 ] } },
{ "type": "Feature", "properties": { "id": 13805077001, "lat": 38.5666221, "lon": -121.3054359, "direction": 176.0, "operator": "Unknown", "brand": "Unknown", "STATEFP": "06", "COUNTYFP": "067", "TRACTCE": "008803", "BLKGRPCE": "1", "AFFGEOID": "1500000US060670088031", "GEOID": "060670088031", "NAME_x": "1", "NAMELSAD": "Block Group 1", "LSAD": "BG", "ALAND": 13462736, "AWATER": 0, "NAME_y": "Block Group 1; Census Tract 88.03; Sacramento County; California", "pop_total": 795, "median_income": null, "pop_white": "259", "pop_black": 344, "pop_native": "0", "pop_asian": "28", "pop_pacific": "0", "pop_other": "72", "pop_two_plus": "92", "pop_hispanic": 201, "pop_non_citizen": null, "poverty_universe": null, "pop_poverty": null, "total_households": 358, "renter_occupied": 292, "unemployed": "91", "single_parent_households": "170", "state": "06", "county": "067", "tract": "008803", "block group": "1", "surveilled_sites_count": 0, "surveilled_sites_list": "None", "surveilled_categories": "None", "pct_poverty": null, "pct_renter": 81.564245810055866, "pct_non_citizen": null, "pct_black": 43.270440251572332, "pct_hispanic": 25.283018867924529 }, "geometry": { "type": "Point", "coordinates": [ -121.3054359, 38.566622100000018 ] } },
{ "type": "Feature", "properties": { "id": 13806395401, "lat": 38.5650343, "lon": -121.3104068, "direction": 17.0, "operator": "Unknown", "brand": "Unknown", "STATEFP": "06", "COUNTYFP": "067", "TRACTCE": "009006", "BLKGRPCE": "2", "AFFGEOID": "1500000US060670090062", "GEOID": "060670090062", "NAME_x": "2", "NAMELSAD": "Block Group 2", "LSAD": "BG", "ALAND": 922391, "AWATER": 0, "NAME_y": "Block Group 2; Census Tract 90.06; Sacramento County; California", "pop_total": 2552, "median_income": 62083.0, "pop_white": "1169", "pop_black": 491, "pop_native": "53", "pop_asian": "246", "pop_pacific": "0", "pop_other": "315", "pop_two_plus": "278", "pop_hispanic": 623, "pop_non_citizen": null, "poverty_universe": null, "pop_poverty": null, "total_households": 833, "renter_occupied": 359, "unemployed": "130", "single_parent_households": "325", "state": "06", "county": "067", "tract": "009006", "block group": "2", "surveilled_sites_count": 0, "surveilled_sites_list": "None", "surveilled_categories": "None", "pct_poverty": null, "pct_renter": 43.09723889555822, "pct_non_citizen": null, "pct_black": 19.239811912225704, "pct_hispanic": 24.412225705329156 }, "geometry": { "type": "Point", "coordinates": [ -121.3104068, 38.565034299999979 ] } },
{ "type": "Feature", "properties": { "id": 13806397501, "lat": 38.5641183, "lon": -121.3093803, "direction": 74.0, "operator": "Unknown", "brand": "Unknown", "STATEFP": "06", "COUNTYFP": "067", "TRACTCE": "008803", "BLKGRPCE": "1", "AFFGEOID": "1500000US060670088031", "GEOID": "060670088031", "NAME_x": "1", "NAMELSAD": "Block Group 1", "LSAD": "BG", "ALAND": 13462736, "AWATER": 0, "NAME_y": "Block Group 1; Census Tract 88.03; Sacramento County; California", "pop_total": 795, "median_income": null, "pop_white": "259", "pop_black": 344, "pop_native": "0", "pop_asian": "28", "pop_pacific": "0", "pop_other": "72", "pop_two_plus": "92", "pop_hispanic": 201, "pop_non_citizen": null, "poverty_universe": null, "pop_poverty": null, "total_households": 358, "renter_occupied": 292, "unemployed": "91", "single_parent_households": "170", "state": "06", "county": "067", "tract": "008803", "block group": "1", "surveilled_sites_count": 0, "surveilled_sites_list": "None", "surveilled_categories": "None", "pct_poverty": null, "pct_renter": 81.564245810055866, "pct_non_citizen": null, "pct_black": 43.270440251572332, "pct_hispanic": 25.283018867924529 }, "geometry": { "type": "Point", "coordinates": [ -121.3093803, 38.564118299999983 ] } },
{ "type": "Feature", "properties": { "id": 13815677801, "lat": 38.651272, "lon": -121.3827433, "direction": 359.0, "operator": "Unknown", "brand": "Unknown", "STATEFP": "06", "COUNTYFP": "067", "TRACTCE": "007413", "BLKGRPCE": "3", "AFFGEOID": "1500000US060670074133", "GEOID": "060670074133", "NAME_x": "3", "NAMELSAD": "Block Group 3", "LSAD": "BG", "ALAND": 4214137, "AWATER": 192933, "NAME_y": "Block Group 3; Census Tract 74.13; Sacramento County; California", "pop_total": 671, "median_income": 65724.0, "pop_white": "517", "pop_black": 47, "pop_native": "0", "pop_asian": "4", "pop_pacific": "0", "pop_other": "49", "pop_two_plus": "54", "pop_hispanic": 135, "pop_non_citizen": null, "poverty_universe": null, "pop_poverty": null, "total_households": 281, "renter_occupied": 28, "unemployed": "39", "single_parent_households": "41", "state": "06", "county": "067", "tract": "007413", "block group": "3", "surveilled_sites_count": 0, "surveilled_sites_list": "None", "surveilled_categories": "None", "pct_poverty": null, "pct_renter": 9.9644128113879002, "pct_non_citizen": null, "pct_black": 7.0044709388971684, "pct_hispanic": 20.119225037257824 }, "geometry": { "type": "Point", "coordinates": [ -121.3827433, 38.651272 ] } },
{ "type": "Feature", "properties": { "id": 13827856501, "lat": 38.7157709, "lon": -121.2462668, "direction": 215.0, "operator": "Unknown", "brand": "Unknown", "STATEFP": "06", "COUNTYFP": "067", "TRACTCE": "008124", "BLKGRPCE": "1", "AFFGEOID": "1500000US060670081241", "GEOID": "060670081241", "NAME_x": "1", "NAMELSAD": "Block Group 1", "LSAD": "BG", "ALAND": 1066802, "AWATER": 0, "NAME_y": "Block Group 1; Census Tract 81.24; Sacramento County; California", "pop_total": 3053, "median_income": 101731.0, "pop_white": "2765", "pop_black": 13, "pop_native": "0", "pop_asian": "22", "pop_pacific": "0", "pop_other": "65", "pop_two_plus": "188", "pop_hispanic": 357, "pop_non_citizen": null, "poverty_universe": null, "pop_poverty": null, "total_households": 900, "renter_occupied": 123, "unemployed": "51", "single_parent_households": "332", "state": "06", "county": "067", "tract": "008124", "block group": "1", "surveilled_sites_count": 0, "surveilled_sites_list": "None", "surveilled_categories": "None", "pct_poverty": null, "pct_renter": 13.666666666666666, "pct_non_citizen": null, "pct_black": 0.42581067802161809, "pct_hispanic": 11.693416311824436 }, "geometry": { "type": "Point", "coordinates": [ -121.246266799999987, 38.715770899999946 ] } },
{ "type": "Feature", "properties": { "id": 13828646002, "lat": 38.4960537, "lon": -121.4382036, "direction": 0.0, "operator": "Unknown", "brand": "Unknown", "STATEFP": "06", "COUNTYFP": "067", "TRACTCE": "005002", "BLKGRPCE": "1", "AFFGEOID": "1500000US060670050021", "GEOID": "060670050021", "NAME_x": "1", "NAMELSAD": "Block Group 1", "LSAD": "BG", "ALAND": 724720, "AWATER": 0, "NAME_y": "Block Group 1; Census Tract 50.02; Sacramento County; California", "pop_total": 2539, "median_income": 29468.0, "pop_white": "230", "pop_black": 297, "pop_native": "0", "pop_asian": "337", "pop_pacific": "218", "pop_other": "1249", "pop_two_plus": "208", "pop_hispanic": 1530, "pop_non_citizen": null, "poverty_universe": null, "pop_poverty": null, "total_households": 878, "renter_occupied": 644, "unemployed": "64", "single_parent_households": "425", "state": "06", "county": "067", "tract": "005002", "block group": "1", "surveilled_sites_count": 0, "surveilled_sites_list": "None", "surveilled_categories": "None", "pct_poverty": null, "pct_renter": 73.348519362186792, "pct_non_citizen": null, "pct_black": 11.697518708152817, "pct_hispanic": 60.259944860181172 }, "geometry": { "type": "Point", "coordinates": [ -121.43820359999998, 38.496053700000019 ] } },
{ "type": "Feature", "properties": { "id": 13841896501, "lat": 38.5943913, "lon": -121.1778952, "direction": 0.0, "operator": "Unknown", "brand": "Flock Safety", "STATEFP": "06", "COUNTYFP": "067", "TRACTCE": "008602", "BLKGRPCE": "2", "AFFGEOID": "1500000US060670086022", "GEOID": "060670086022", "NAME_x": "2", "NAMELSAD": "Block Group 2", "LSAD": "BG", "ALAND": 153459119, "AWATER": 209134, "NAME_y": "Block Group 2; Census Tract 86.02; Sacramento County; California", "pop_total": 674, "median_income": 92679.0, "pop_white": "398", "pop_black": 4, "pop_native": "4", "pop_asian": "137", "pop_pacific": "0", "pop_other": "65", "pop_two_plus": "66", "pop_hispanic": 158, "pop_non_citizen": null, "poverty_universe": null, "pop_poverty": null, "total_households": 314, "renter_occupied": 37, "unemployed": "47", "single_parent_households": "47", "state": "06", "county": "067", "tract": "008602", "block group": "2", "surveilled_sites_count": 0, "surveilled_sites_list": "None", "surveilled_categories": "None", "pct_poverty": null, "pct_renter": 11.783439490445859, "pct_non_citizen": null, "pct_black": 0.59347181008902083, "pct_hispanic": 23.442136498516319 }, "geometry": { "type": "Point", "coordinates": [ -121.17789519999998, 38.59439129999997 ] } },
{ "type": "Feature", "properties": { "id": 13846843701, "lat": 38.4396768, "lon": -121.3974539, "direction": 156.0, "operator": "Unknown", "brand": "Unknown", "STATEFP": "06", "COUNTYFP": "067", "TRACTCE": "009335", "BLKGRPCE": "2", "AFFGEOID": "1500000US060670093352", "GEOID": "060670093352", "NAME_x": "2", "NAMELSAD": "Block Group 2", "LSAD": "BG", "ALAND": 807017, "AWATER": 0, "NAME_y": "Block Group 2; Census Tract 93.35; Sacramento County; California", "pop_total": 2326, "median_income": 119732.0, "pop_white": "137", "pop_black": 220, "pop_native": "0", "pop_asian": "1208", "pop_pacific": "411", "pop_other": "280", "pop_two_plus": "70", "pop_hispanic": 155, "pop_non_citizen": null, "poverty_universe": null, "pop_poverty": null, "total_households": 493, "renter_occupied": 102, "unemployed": "62", "single_parent_households": "339", "state": "06", "county": "067", "tract": "009335", "block group": "2", "surveilled_sites_count": 0, "surveilled_sites_list": "None", "surveilled_categories": "None", "pct_poverty": null, "pct_renter": 20.689655172413794, "pct_non_citizen": null, "pct_black": 9.4582975064488384, "pct_hispanic": 6.6638005159071367 }, "geometry": { "type": "Point", "coordinates": [ -121.397453900000016, 38.439676800000022 ] } },
{ "type": "Feature", "properties": { "id": 13846856601, "lat": 38.4396768, "lon": -121.3974539, "direction": 156.0, "operator": "Unknown", "brand": "Unknown", "STATEFP": "06", "COUNTYFP": "067", "TRACTCE": "009335", "BLKGRPCE": "2", "AFFGEOID": "1500000US060670093352", "GEOID": "060670093352", "NAME_x": "2", "NAMELSAD": "Block Group 2", "LSAD": "BG", "ALAND": 807017, "AWATER": 0, "NAME_y": "Block Group 2; Census Tract 93.35; Sacramento County; California", "pop_total": 2326, "median_income": 119732.0, "pop_white": "137", "pop_black": 220, "pop_native": "0", "pop_asian": "1208", "pop_pacific": "411", "pop_other": "280", "pop_two_plus": "70", "pop_hispanic": 155, "pop_non_citizen": null, "poverty_universe": null, "pop_poverty": null, "total_households": 493, "renter_occupied": 102, "unemployed": "62", "single_parent_households": "339", "state": "06", "county": "067", "tract": "009335", "block group": "2", "surveilled_sites_count": 0, "surveilled_sites_list": "None", "surveilled_categories": "None", "pct_poverty": null, "pct_renter": 20.689655172413794, "pct_non_citizen": null, "pct_black": 9.4582975064488384, "pct_hispanic": 6.6638005159071367 }, "geometry": { "type": "Point", "coordinates": [ -121.397453900000016, 38.439676800000022 ] } },
{ "type": "Feature", "properties": { "id": 13879013702, "lat": 38.6641604, "lon": -121.2634505, "direction": 251.0, "operator": "Unknown", "brand": "Unknown", "STATEFP": "06", "COUNTYFP": "067", "TRACTCE": "008139", "BLKGRPCE": "1", "AFFGEOID": "1500000US060670081391", "GEOID": "060670081391", "NAME_x": "1", "NAMELSAD": "Block Group 1", "LSAD": "BG", "ALAND": 220779, "AWATER": 0, "NAME_y": "Block Group 1; Census Tract 81.39; Sacramento County; California", "pop_total": 493, "median_income": 73259.0, "pop_white": "393", "pop_black": 35, "pop_native": "0", "pop_asian": "12", "pop_pacific": "0", "pop_other": "14", "pop_two_plus": "39", "pop_hispanic": 97, "pop_non_citizen": null, "poverty_universe": null, "pop_poverty": null, "total_households": 305, "renter_occupied": 115, "unemployed": "18", "single_parent_households": "19", "state": "06", "county": "067", "tract": "008139", "block group": "1", "surveilled_sites_count": 0, "surveilled_sites_list": "None", "surveilled_categories": "None", "pct_poverty": null, "pct_renter": 37.704918032786885, "pct_non_citizen": null, "pct_black": 7.0993914807302234, "pct_hispanic": 19.675456389452332 }, "geometry": { "type": "Point", "coordinates": [ -121.2634505, 38.664160400000029 ] } },
{ "type": "Feature", "properties": { "id": 13881015601, "lat": 38.6879224, "lon": -121.308582, "direction": 348.0, "operator": "Unknown", "brand": "Unknown", "STATEFP": "06", "COUNTYFP": "067", "TRACTCE": "008111", "BLKGRPCE": "4", "AFFGEOID": "1500000US060670081114", "GEOID": "060670081114", "NAME_x": "4", "NAMELSAD": "Block Group 4", "LSAD": "BG", "ALAND": 516842, "AWATER": 0, "NAME_y": "Block Group 4; Census Tract 81.11; Sacramento County; California", "pop_total": 1449, "median_income": 63145.0, "pop_white": "985", "pop_black": 0, "pop_native": "0", "pop_asian": "0", "pop_pacific": "0", "pop_other": "240", "pop_two_plus": "224", "pop_hispanic": 258, "pop_non_citizen": null, "poverty_universe": null, "pop_poverty": null, "total_households": 566, "renter_occupied": 122, "unemployed": "149", "single_parent_households": "273", "state": "06", "county": "067", "tract": "008111", "block group": "4", "surveilled_sites_count": 0, "surveilled_sites_list": "None", "surveilled_categories": "None", "pct_poverty": null, "pct_renter": 21.554770318021202, "pct_non_citizen": null, "pct_black": 0.0, "pct_hispanic": 17.805383022774325 }, "geometry": { "type": "Point", "coordinates": [ -121.308582, 38.6879224 ] } },
{ "type": "Feature", "properties": { "id": 13885362001, "lat": 38.428711, "lon": -121.4610493, "direction": 59.0, "operator": "Unknown", "brand": "Unknown", "STATEFP": "06", "COUNTYFP": "067", "TRACTCE": "009618", "BLKGRPCE": "2", "AFFGEOID": "1500000US060670096182", "GEOID": "060670096182", "NAME_x": "2", "NAMELSAD": "Block Group 2", "LSAD": "BG", "ALAND": 14130249, "AWATER": 219134, "NAME_y": "Block Group 2; Census Tract 96.18; Sacramento County; California", "pop_total": 2122, "median_income": 98341.0, "pop_white": "454", "pop_black": 403, "pop_native": "0", "pop_asian": "638", "pop_pacific": "19", "pop_other": "143", "pop_two_plus": "465", "pop_hispanic": 734, "pop_non_citizen": null, "poverty_universe": null, "pop_poverty": null, "total_households": 613, "renter_occupied": 63, "unemployed": "43", "single_parent_households": "274", "state": "06", "county": "067", "tract": "009618", "block group": "2", "surveilled_sites_count": 0, "surveilled_sites_list": "None", "surveilled_categories": "None", "pct_poverty": null, "pct_renter": 10.277324632952691, "pct_non_citizen": null, "pct_black": 18.991517436380771, "pct_hispanic": 34.59000942507069 }, "geometry": { "type": "Point", "coordinates": [ -121.4610493, 38.428711 ] } },
{ "type": "Feature", "properties": { "id": 13885392301, "lat": 38.4275546, "lon": -121.4600114, "direction": 33.0, "operator": "Unknown", "brand": "Unknown", "STATEFP": "06", "COUNTYFP": "067", "TRACTCE": "009618", "BLKGRPCE": "2", "AFFGEOID": "1500000US060670096182", "GEOID": "060670096182", "NAME_x": "2", "NAMELSAD": "Block Group 2", "LSAD": "BG", "ALAND": 14130249, "AWATER": 219134, "NAME_y": "Block Group 2; Census Tract 96.18; Sacramento County; California", "pop_total": 2122, "median_income": 98341.0, "pop_white": "454", "pop_black": 403, "pop_native": "0", "pop_asian": "638", "pop_pacific": "19", "pop_other": "143", "pop_two_plus": "465", "pop_hispanic": 734, "pop_non_citizen": null, "poverty_universe": null, "pop_poverty": null, "total_households": 613, "renter_occupied": 63, "unemployed": "43", "single_parent_households": "274", "state": "06", "county": "067", "tract": "009618", "block group": "2", "surveilled_sites_count": 0, "surveilled_sites_list": "None", "surveilled_categories": "None", "pct_poverty": null, "pct_renter": 10.277324632952691, "pct_non_citizen": null, "pct_black": 18.991517436380771, "pct_hispanic": 34.59000942507069 }, "geometry": { "type": "Point", "coordinates": [ -121.460011400000013, 38.427554599999986 ] } },
{ "type": "Feature", "properties": { "id": 13885393301, "lat": 38.4267999, "lon": -121.459669, "direction": 102.0, "operator": "Unknown", "brand": "Unknown", "STATEFP": "06", "COUNTYFP": "067", "TRACTCE": "009618", "BLKGRPCE": "2", "AFFGEOID": "1500000US060670096182", "GEOID": "060670096182", "NAME_x": "2", "NAMELSAD": "Block Group 2", "LSAD": "BG", "ALAND": 14130249, "AWATER": 219134, "NAME_y": "Block Group 2; Census Tract 96.18; Sacramento County; California", "pop_total": 2122, "median_income": 98341.0, "pop_white": "454", "pop_black": 403, "pop_native": "0", "pop_asian": "638", "pop_pacific": "19", "pop_other": "143", "pop_two_plus": "465", "pop_hispanic": 734, "pop_non_citizen": null, "poverty_universe": null, "pop_poverty": null, "total_households": 613, "renter_occupied": 63, "unemployed": "43", "single_parent_households": "274", "state": "06", "county": "067", "tract": "009618", "block group": "2", "surveilled_sites_count": 0, "surveilled_sites_list": "None", "surveilled_categories": "None", "pct_poverty": null, "pct_renter": 10.277324632952691, "pct_non_citizen": null, "pct_black": 18.991517436380771, "pct_hispanic": 34.59000942507069 }, "geometry": { "type": "Point", "coordinates": [ -121.459669, 38.426799899999978 ] } },
{ "type": "Feature", "properties": { "id": 13889499301, "lat": 38.6562535, "lon": -121.5235502, "direction": 350.0, "operator": "Unknown", "brand": "Unknown", "STATEFP": "06", "COUNTYFP": "067", "TRACTCE": "007103", "BLKGRPCE": "1", "AFFGEOID": "1500000US060670071031", "GEOID": "060670071031", "NAME_x": "1", "NAMELSAD": "Block Group 1", "LSAD": "BG", "ALAND": 550943, "AWATER": 0, "NAME_y": "Block Group 1; Census Tract 71.03; Sacramento County; California", "pop_total": 2781, "median_income": 96632.0, "pop_white": "492", "pop_black": 225, "pop_native": "47", "pop_asian": "1129", "pop_pacific": "34", "pop_other": "586", "pop_two_plus": "268", "pop_hispanic": 685, "pop_non_citizen": null, "poverty_universe": null, "pop_poverty": null, "total_households": 1095, "renter_occupied": 568, "unemployed": "193", "single_parent_households": "296", "state": "06", "county": "067", "tract": "007103", "block group": "1", "surveilled_sites_count": 0, "surveilled_sites_list": "None", "surveilled_categories": "None", "pct_poverty": null, "pct_renter": 51.87214611872146, "pct_non_citizen": null, "pct_black": 8.090614886731391, "pct_hispanic": 24.631427544048904 }, "geometry": { "type": "Point", "coordinates": [ -121.523550200000017, 38.65625350000002 ] } },
{ "type": "Feature", "properties": { "id": 13889502601, "lat": 38.6571574, "lon": -121.5224098, "direction": 254.0, "operator": "Unknown", "brand": "Unknown", "STATEFP": "06", "COUNTYFP": "067", "TRACTCE": "007103", "BLKGRPCE": "1", "AFFGEOID": "1500000US060670071031", "GEOID": "060670071031", "NAME_x": "1", "NAMELSAD": "Block Group 1", "LSAD": "BG", "ALAND": 550943, "AWATER": 0, "NAME_y": "Block Group 1; Census Tract 71.03; Sacramento County; California", "pop_total": 2781, "median_income": 96632.0, "pop_white": "492", "pop_black": 225, "pop_native": "47", "pop_asian": "1129", "pop_pacific": "34", "pop_other": "586", "pop_two_plus": "268", "pop_hispanic": 685, "pop_non_citizen": null, "poverty_universe": null, "pop_poverty": null, "total_households": 1095, "renter_occupied": 568, "unemployed": "193", "single_parent_households": "296", "state": "06", "county": "067", "tract": "007103", "block group": "1", "surveilled_sites_count": 0, "surveilled_sites_list": "None", "surveilled_categories": "None", "pct_poverty": null, "pct_renter": 51.87214611872146, "pct_non_citizen": null, "pct_black": 8.090614886731391, "pct_hispanic": 24.631427544048904 }, "geometry": { "type": "Point", "coordinates": [ -121.52240980000002, 38.657157399999981 ] } },
{ "type": "Feature", "properties": { "id": 13892774601, "lat": 38.4521126, "lon": -121.4051397, "direction": 144.0, "operator": "Unknown", "brand": "Unknown", "STATEFP": "06", "COUNTYFP": "067", "TRACTCE": "009335", "BLKGRPCE": "1", "AFFGEOID": "1500000US060670093351", "GEOID": "060670093351", "NAME_x": "1", "NAMELSAD": "Block Group 1", "LSAD": "BG", "ALAND": 651613, "AWATER": 0, "NAME_y": "Block Group 1; Census Tract 93.35; Sacramento County; California", "pop_total": 2689, "median_income": 137684.0, "pop_white": "369", "pop_black": 495, "pop_native": "0", "pop_asian": "684", "pop_pacific": "141", "pop_other": "174", "pop_two_plus": "826", "pop_hispanic": 994, "pop_non_citizen": null, "poverty_universe": null, "pop_poverty": null, "total_households": 545, "renter_occupied": 24, "unemployed": "26", "single_parent_households": "344", "state": "06", "county": "067", "tract": "009335", "block group": "1", "surveilled_sites_count": 0, "surveilled_sites_list": "None", "surveilled_categories": "None", "pct_poverty": null, "pct_renter": 4.4036697247706424, "pct_non_citizen": null, "pct_black": 18.408330234287838, "pct_hispanic": 36.965414652287095 }, "geometry": { "type": "Point", "coordinates": [ -121.4051397, 38.4521126 ] } },
{ "type": "Feature", "properties": { "id": 13897244201, "lat": 38.6368807, "lon": -121.328192, "direction": 166.0, "operator": "Unknown", "brand": "Unknown", "STATEFP": "06", "COUNTYFP": "067", "TRACTCE": "007602", "BLKGRPCE": "1", "AFFGEOID": "1500000US060670076021", "GEOID": "060670076021", "NAME_x": "1", "NAMELSAD": "Block Group 1", "LSAD": "BG", "ALAND": 606341, "AWATER": 0, "NAME_y": "Block Group 1; Census Tract 76.02; Sacramento County; California", "pop_total": 1050, "median_income": 68304.0, "pop_white": "817", "pop_black": 1, "pop_native": "2", "pop_asian": "37", "pop_pacific": "0", "pop_other": "115", "pop_two_plus": "78", "pop_hispanic": 220, "pop_non_citizen": null, "poverty_universe": null, "pop_poverty": null, "total_households": 389, "renter_occupied": 248, "unemployed": "20", "single_parent_households": "77", "state": "06", "county": "067", "tract": "007602", "block group": "1", "surveilled_sites_count": 0, "surveilled_sites_list": "None", "surveilled_categories": "None", "pct_poverty": null, "pct_renter": 63.753213367609249, "pct_non_citizen": null, "pct_black": 0.095238095238095233, "pct_hispanic": 20.952380952380953 }, "geometry": { "type": "Point", "coordinates": [ -121.328192, 38.636880699999971 ] } },
{ "type": "Feature", "properties": { "id": 13897248401, "lat": 38.6593909, "lon": -121.3275531, "direction": 169.0, "operator": "Unknown", "brand": "Unknown", "STATEFP": "06", "COUNTYFP": "067", "TRACTCE": "007604", "BLKGRPCE": "2", "AFFGEOID": "1500000US060670076042", "GEOID": "060670076042", "NAME_x": "2", "NAMELSAD": "Block Group 2", "LSAD": "BG", "ALAND": 527157, "AWATER": 0, "NAME_y": "Block Group 2; Census Tract 76.04; Sacramento County; California", "pop_total": 2762, "median_income": 68553.0, "pop_white": "1373", "pop_black": 145, "pop_native": "8", "pop_asian": "416", "pop_pacific": "0", "pop_other": "214", "pop_two_plus": "606", "pop_hispanic": 820, "pop_non_citizen": null, "poverty_universe": null, "pop_poverty": null, "total_households": 892, "renter_occupied": 661, "unemployed": "23", "single_parent_households": "344", "state": "06", "county": "067", "tract": "007604", "block group": "2", "surveilled_sites_count": 0, "surveilled_sites_list": "None", "surveilled_categories": "None", "pct_poverty": null, "pct_renter": 74.103139013452918, "pct_non_citizen": null, "pct_black": 5.249818971759594, "pct_hispanic": 29.688631426502532 }, "geometry": { "type": "Point", "coordinates": [ -121.3275531, 38.659390900000012 ] } },
{ "type": "Feature", "properties": { "id": 13905117202, "lat": 38.2641697, "lon": -121.2869844, "direction": 0.0, "operator": "Unknown", "brand": "Unknown", "STATEFP": "06", "COUNTYFP": "067", "TRACTCE": "009408", "BLKGRPCE": "1", "AFFGEOID": "1500000US060670094081", "GEOID": "060670094081", "NAME_x": "1", "NAMELSAD": "Block Group 1", "LSAD": "BG", "ALAND": 16083047, "AWATER": 57778, "NAME_y": "Block Group 1; Census Tract 94.08; Sacramento County; California", "pop_total": 1776, "median_income": 104107.0, "pop_white": "1396", "pop_black": 14, "pop_native": "0", "pop_asian": "48", "pop_pacific": "0", "pop_other": "89", "pop_two_plus": "229", "pop_hispanic": 412, "pop_non_citizen": null, "poverty_universe": null, "pop_poverty": null, "total_households": 627, "renter_occupied": 43, "unemployed": "8", "single_parent_households": "275", "state": "06", "county": "067", "tract": "009408", "block group": "1", "surveilled_sites_count": 0, "surveilled_sites_list": "None", "surveilled_categories": "None", "pct_poverty": null, "pct_renter": 6.8580542264752795, "pct_non_citizen": null, "pct_black": 0.78828828828828823, "pct_hispanic": 23.198198198198199 }, "geometry": { "type": "Point", "coordinates": [ -121.28698439999998, 38.264169699999982 ] } },
{ "type": "Feature", "properties": { "id": 13908520301, "lat": 38.4082827, "lon": -121.4124783, "direction": 247.0, "operator": "Unknown", "brand": "Unknown", "STATEFP": "06", "COUNTYFP": "067", "TRACTCE": "009651", "BLKGRPCE": "2", "AFFGEOID": "1500000US060670096512", "GEOID": "060670096512", "NAME_x": "2", "NAMELSAD": "Block Group 2", "LSAD": "BG", "ALAND": 1680579, "AWATER": 0, "NAME_y": "Block Group 2; Census Tract 96.51; Sacramento County; California", "pop_total": 4188, "median_income": 159138.0, "pop_white": "1112", "pop_black": 325, "pop_native": "0", "pop_asian": "2219", "pop_pacific": "40", "pop_other": "206", "pop_two_plus": "286", "pop_hispanic": 936, "pop_non_citizen": null, "poverty_universe": null, "pop_poverty": null, "total_households": 1132, "renter_occupied": 237, "unemployed": "45", "single_parent_households": "670", "state": "06", "county": "067", "tract": "009651", "block group": "2", "surveilled_sites_count": 0, "surveilled_sites_list": "None", "surveilled_categories": "None", "pct_poverty": null, "pct_renter": 20.936395759717314, "pct_non_citizen": null, "pct_black": 7.7602674307545376, "pct_hispanic": 22.349570200573066 }, "geometry": { "type": "Point", "coordinates": [ -121.4124783, 38.408282700000029 ] } },
{ "type": "Feature", "properties": { "id": 13914107301, "lat": 38.6835738, "lon": -121.3336598, "direction": 259.0, "operator": "Unknown", "brand": "Unknown", "STATEFP": "06", "COUNTYFP": "067", "TRACTCE": "008131", "BLKGRPCE": "3", "AFFGEOID": "1500000US060670081313", "GEOID": "060670081313", "NAME_x": "3", "NAMELSAD": "Block Group 3", "LSAD": "BG", "ALAND": 736702, "AWATER": 0, "NAME_y": "Block Group 3; Census Tract 81.31; Sacramento County; California", "pop_total": 1363, "median_income": 84545.0, "pop_white": "766", "pop_black": 45, "pop_native": "0", "pop_asian": "277", "pop_pacific": "0", "pop_other": "138", "pop_two_plus": "137", "pop_hispanic": 494, "pop_non_citizen": null, "poverty_universe": null, "pop_poverty": null, "total_households": 480, "renter_occupied": 305, "unemployed": "0", "single_parent_households": "139", "state": "06", "county": "067", "tract": "008131", "block group": "3", "surveilled_sites_count": 0, "surveilled_sites_list": "None", "surveilled_categories": "None", "pct_poverty": null, "pct_renter": 63.541666666666664, "pct_non_citizen": null, "pct_black": 3.301540719002201, "pct_hispanic": 36.243580337490826 }, "geometry": { "type": "Point", "coordinates": [ -121.3336598, 38.683573799999969 ] } },
{ "type": "Feature", "properties": { "id": 13921510501, "lat": 38.4091954, "lon": -121.3250571, "direction": 261.0, "operator": "Unknown", "brand": "Unknown", "STATEFP": "06", "COUNTYFP": "067", "TRACTCE": "009336", "BLKGRPCE": "2", "AFFGEOID": "1500000US060670093362", "GEOID": "060670093362", "NAME_x": "2", "NAMELSAD": "Block Group 2", "LSAD": "BG", "ALAND": 4444768, "AWATER": 0, "NAME_y": "Block Group 2; Census Tract 93.36; Sacramento County; California", "pop_total": 1019, "median_income": 250001.0, "pop_white": "604", "pop_black": 13, "pop_native": "0", "pop_asian": "285", "pop_pacific": "10", "pop_other": "26", "pop_two_plus": "81", "pop_hispanic": 67, "pop_non_citizen": null, "poverty_universe": null, "pop_poverty": null, "total_households": 291, "renter_occupied": 18, "unemployed": "5", "single_parent_households": "132", "state": "06", "county": "067", "tract": "009336", "block group": "2", "surveilled_sites_count": 0, "surveilled_sites_list": "None", "surveilled_categories": "None", "pct_poverty": null, "pct_renter": 6.1855670103092786, "pct_non_citizen": null, "pct_black": 1.2757605495583906, "pct_hispanic": 6.5750736015701667 }, "geometry": { "type": "Point", "coordinates": [ -121.3250571, 38.4091954 ] } },
{ "type": "Feature", "properties": { "id": 13924421701, "lat": 38.5105076, "lon": -121.4646544, "direction": 261.0, "operator": "Unknown", "brand": "Unknown", "STATEFP": "06", "COUNTYFP": "067", "TRACTCE": "004501", "BLKGRPCE": "2", "AFFGEOID": "1500000US060670045012", "GEOID": "060670045012", "NAME_x": "2", "NAMELSAD": "Block Group 2", "LSAD": "BG", "ALAND": 691058, "AWATER": 0, "NAME_y": "Block Group 2; Census Tract 45.01; Sacramento County; California", "pop_total": 2077, "median_income": 42250.0, "pop_white": "177", "pop_black": 244, "pop_native": "0", "pop_asian": "970", "pop_pacific": "0", "pop_other": "639", "pop_two_plus": "47", "pop_hispanic": 746, "pop_non_citizen": null, "poverty_universe": null, "pop_poverty": null, "total_households": 611, "renter_occupied": 547, "unemployed": "30", "single_parent_households": "318", "state": "06", "county": "067", "tract": "004501", "block group": "2", "surveilled_sites_count": 0, "surveilled_sites_list": "None", "surveilled_categories": "None", "pct_poverty": null, "pct_renter": 89.525368248772509, "pct_non_citizen": null, "pct_black": 11.747713047664901, "pct_hispanic": 35.917188252286955 }, "geometry": { "type": "Point", "coordinates": [ -121.4646544, 38.510507599999961 ] } },
{ "type": "Feature", "properties": { "id": 13930496401, "lat": 38.5954564, "lon": -121.1843111, "direction": 230.0, "operator": "Unknown", "brand": "Unknown", "STATEFP": "06", "COUNTYFP": "067", "TRACTCE": "008706", "BLKGRPCE": "2", "AFFGEOID": "1500000US060670087062", "GEOID": "060670087062", "NAME_x": "2", "NAMELSAD": "Block Group 2", "LSAD": "BG", "ALAND": 58921697, "AWATER": 0, "NAME_y": "Block Group 2; Census Tract 87.06; Sacramento County; California", "pop_total": 0, "median_income": null, "pop_white": "0", "pop_black": 0, "pop_native": "0", "pop_asian": "0", "pop_pacific": "0", "pop_other": "0", "pop_two_plus": "0", "pop_hispanic": 0, "pop_non_citizen": null, "poverty_universe": null, "pop_poverty": null, "total_households": 0, "renter_occupied": 0, "unemployed": "0", "single_parent_households": "0", "state": "06", "county": "067", "tract": "008706", "block group": "2", "surveilled_sites_count": 0, "surveilled_sites_list": "None", "surveilled_categories": "None", "pct_poverty": null, "pct_renter": 0.0, "pct_non_citizen": null, "pct_black": 0.0, "pct_hispanic": 0.0 }, "geometry": { "type": "Point", "coordinates": [ -121.184311100000016, 38.595456400000025 ] } },
{ "type": "Feature", "properties": { "id": 13930496402, "lat": 38.3783972, "lon": -121.3592049, "direction": 201.0, "operator": "Unknown", "brand": "Unknown", "STATEFP": "06", "COUNTYFP": "067", "TRACTCE": "009310", "BLKGRPCE": "3", "AFFGEOID": "1500000US060670093103", "GEOID": "060670093103", "NAME_x": "3", "NAMELSAD": "Block Group 3", "LSAD": "BG", "ALAND": 1366999, "AWATER": 0, "NAME_y": "Block Group 3; Census Tract 93.10; Sacramento County; California", "pop_total": 968, "median_income": 83487.0, "pop_white": "793", "pop_black": 37, "pop_native": "0", "pop_asian": "90", "pop_pacific": "0", "pop_other": "48", "pop_two_plus": "0", "pop_hispanic": 4, "pop_non_citizen": null, "poverty_universe": null, "pop_poverty": null, "total_households": 387, "renter_occupied": 32, "unemployed": "23", "single_parent_households": "124", "state": "06", "county": "067", "tract": "009310", "block group": "3", "surveilled_sites_count": 0, "surveilled_sites_list": "None", "surveilled_categories": "None", "pct_poverty": null, "pct_renter": 8.2687338501292, "pct_non_citizen": null, "pct_black": 3.8223140495867765, "pct_hispanic": 0.41322314049586778 }, "geometry": { "type": "Point", "coordinates": [ -121.3592049, 38.378397199999981 ] } },
{ "type": "Feature", "properties": { "id": 13939108701, "lat": 38.6532992, "lon": -121.4953348, "direction": 267.0, "operator": "Unknown", "brand": "Unknown", "STATEFP": "06", "COUNTYFP": "067", "TRACTCE": "007019", "BLKGRPCE": "2", "AFFGEOID": "1500000US060670070192", "GEOID": "060670070192", "NAME_x": "2", "NAMELSAD": "Block Group 2", "LSAD": "BG", "ALAND": 5222064, "AWATER": 63637, "NAME_y": "Block Group 2; Census Tract 70.19; Sacramento County; California", "pop_total": 2129, "median_income": 141477.0, "pop_white": "356", "pop_black": 606, "pop_native": "0", "pop_asian": "367", "pop_pacific": "0", "pop_other": "95", "pop_two_plus": "705", "pop_hispanic": 621, "pop_non_citizen": null, "poverty_universe": null, "pop_poverty": null, "total_households": 595, "renter_occupied": 223, "unemployed": "68", "single_parent_households": "399", "state": "06", "county": "067", "tract": "007019", "block group": "2", "surveilled_sites_count": 0, "surveilled_sites_list": "None", "surveilled_categories": "None", "pct_poverty": null, "pct_renter": 37.478991596638657, "pct_non_citizen": null, "pct_black": 28.464067637388446, "pct_hispanic": 29.168623767026773 }, "geometry": { "type": "Point", "coordinates": [ -121.4953348, 38.653299200000028 ] } },
{ "type": "Feature", "properties": { "id": 13939468301, "lat": 38.3972446, "lon": -121.3997035, "direction": 148.0, "operator": "Unknown", "brand": "Unknown", "STATEFP": "06", "COUNTYFP": "067", "TRACTCE": "009651", "BLKGRPCE": "2", "AFFGEOID": "1500000US060670096512", "GEOID": "060670096512", "NAME_x": "2", "NAMELSAD": "Block Group 2", "LSAD": "BG", "ALAND": 1680579, "AWATER": 0, "NAME_y": "Block Group 2; Census Tract 96.51; Sacramento County; California", "pop_total": 4188, "median_income": 159138.0, "pop_white": "1112", "pop_black": 325, "pop_native": "0", "pop_asian": "2219", "pop_pacific": "40", "pop_other": "206", "pop_two_plus": "286", "pop_hispanic": 936, "pop_non_citizen": null, "poverty_universe": null, "pop_poverty": null, "total_households": 1132, "renter_occupied": 237, "unemployed": "45", "single_parent_households": "670", "state": "06", "county": "067", "tract": "009651", "block group": "2", "surveilled_sites_count": 0, "surveilled_sites_list": "None", "surveilled_categories": "None", "pct_poverty": null, "pct_renter": 20.936395759717314, "pct_non_citizen": null, "pct_black": 7.7602674307545376, "pct_hispanic": 22.349570200573066 }, "geometry": { "type": "Point", "coordinates": [ -121.399703499999987, 38.397244599999951 ] } },
{ "type": "Feature", "properties": { "id": 13939474701, "lat": 38.3941816, "lon": -121.3792866, "direction": 127.0, "operator": "Unknown", "brand": "Unknown", "STATEFP": "06", "COUNTYFP": "067", "TRACTCE": "009652", "BLKGRPCE": "2", "AFFGEOID": "1500000US060670096522", "GEOID": "060670096522", "NAME_x": "2", "NAMELSAD": "Block Group 2", "LSAD": "BG", "ALAND": 8114926, "AWATER": 0, "NAME_y": "Block Group 2; Census Tract 96.52; Sacramento County; California", "pop_total": 2162, "median_income": 98390.0, "pop_white": "299", "pop_black": 424, "pop_native": "0", "pop_asian": "1140", "pop_pacific": "0", "pop_other": "0", "pop_two_plus": "299", "pop_hispanic": 200, "pop_non_citizen": null, "poverty_universe": null, "pop_poverty": null, "total_households": 730, "renter_occupied": 237, "unemployed": "31", "single_parent_households": "359", "state": "06", "county": "067", "tract": "009652", "block group": "2", "surveilled_sites_count": 0, "surveilled_sites_list": "None", "surveilled_categories": "None", "pct_poverty": null, "pct_renter": 32.465753424657535, "pct_non_citizen": null, "pct_black": 19.611470860314522, "pct_hispanic": 9.250693802035153 }, "geometry": { "type": "Point", "coordinates": [ -121.3792866, 38.3941816 ] } },
{ "type": "Feature", "properties": { "id": 13944009233, "lat": 38.6677022, "lon": -121.2925326, "direction": 170.0, "operator": "Unknown", "brand": "Unknown", "STATEFP": "06", "COUNTYFP": "067", "TRACTCE": "008119", "BLKGRPCE": "5", "AFFGEOID": "1500000US060670081195", "GEOID": "060670081195", "NAME_x": "5", "NAMELSAD": "Block Group 5", "LSAD": "BG", "ALAND": 404108, "AWATER": 0, "NAME_y": "Block Group 5; Census Tract 81.19; Sacramento County; California", "pop_total": 731, "median_income": 131188.0, "pop_white": "464", "pop_black": 42, "pop_native": "0", "pop_asian": "1", "pop_pacific": "0", "pop_other": "108", "pop_two_plus": "116", "pop_hispanic": 160, "pop_non_citizen": null, "poverty_universe": null, "pop_poverty": null, "total_households": 259, "renter_occupied": 82, "unemployed": "34", "single_parent_households": "73", "state": "06", "county": "067", "tract": "008119", "block group": "5", "surveilled_sites_count": 0, "surveilled_sites_list": "None", "surveilled_categories": "None", "pct_poverty": null, "pct_renter": 31.660231660231659, "pct_non_citizen": null, "pct_black": 5.7455540355677153, "pct_hispanic": 21.887824897400819 }, "geometry": { "type": "Point", "coordinates": [ -121.292532600000015, 38.667702199999951 ] } },
{ "type": "Feature", "properties": { "id": 13945558801, "lat": 38.3746658, "lon": -121.3643658, "direction": 31.0, "operator": "Unknown", "brand": "Unknown", "STATEFP": "06", "COUNTYFP": "067", "TRACTCE": "009652", "BLKGRPCE": "1", "AFFGEOID": "1500000US060670096521", "GEOID": "060670096521", "NAME_x": "1", "NAMELSAD": "Block Group 1", "LSAD": "BG", "ALAND": 2111770, "AWATER": 0, "NAME_y": "Block Group 1; Census Tract 96.52; Sacramento County; California", "pop_total": 940, "median_income": 149706.0, "pop_white": "50", "pop_black": 0, "pop_native": "0", "pop_asian": "766", "pop_pacific": "0", "pop_other": "0", "pop_two_plus": "124", "pop_hispanic": 101, "pop_non_citizen": null, "poverty_universe": null, "pop_poverty": null, "total_households": 312, "renter_occupied": 0, "unemployed": "66", "single_parent_households": "128", "state": "06", "county": "067", "tract": "009652", "block group": "1", "surveilled_sites_count": 0, "surveilled_sites_list": "None", "surveilled_categories": "None", "pct_poverty": null, "pct_renter": 0.0, "pct_non_citizen": null, "pct_black": 0.0, "pct_hispanic": 10.74468085106383 }, "geometry": { "type": "Point", "coordinates": [ -121.3643658, 38.374665800000024 ] } },
{ "type": "Feature", "properties": { "id": 13946521601, "lat": 38.383761, "lon": -121.3714047, "direction": 41.0, "operator": "Unknown", "brand": "Unknown", "STATEFP": "06", "COUNTYFP": "067", "TRACTCE": "009652", "BLKGRPCE": "1", "AFFGEOID": "1500000US060670096521", "GEOID": "060670096521", "NAME_x": "1", "NAMELSAD": "Block Group 1", "LSAD": "BG", "ALAND": 2111770, "AWATER": 0, "NAME_y": "Block Group 1; Census Tract 96.52; Sacramento County; California", "pop_total": 940, "median_income": 149706.0, "pop_white": "50", "pop_black": 0, "pop_native": "0", "pop_asian": "766", "pop_pacific": "0", "pop_other": "0", "pop_two_plus": "124", "pop_hispanic": 101, "pop_non_citizen": null, "poverty_universe": null, "pop_poverty": null, "total_households": 312, "renter_occupied": 0, "unemployed": "66", "single_parent_households": "128", "state": "06", "county": "067", "tract": "009652", "block group": "1", "surveilled_sites_count": 0, "surveilled_sites_list": "None", "surveilled_categories": "None", "pct_poverty": null, "pct_renter": 0.0, "pct_non_citizen": null, "pct_black": 0.0, "pct_hispanic": 10.74468085106383 }, "geometry": { "type": "Point", "coordinates": [ -121.3714047, 38.383761 ] } },
{ "type": "Feature", "properties": { "id": 13954678754, "lat": 38.549788, "lon": -121.4190945, "direction": 0.0, "operator": "Unknown", "brand": "Unknown", "STATEFP": "06", "COUNTYFP": "067", "TRACTCE": "005205", "BLKGRPCE": "1", "AFFGEOID": "1500000US060670052051", "GEOID": "060670052051", "NAME_x": "1", "NAMELSAD": "Block Group 1", "LSAD": "BG", "ALAND": 8562208, "AWATER": 0, "NAME_y": "Block Group 1; Census Tract 52.05; Sacramento County; California", "pop_total": 1532, "median_income": 32500.0, "pop_white": "1200", "pop_black": 74, "pop_native": "0", "pop_asian": "58", "pop_pacific": "0", "pop_other": "87", "pop_two_plus": "113", "pop_hispanic": 503, "pop_non_citizen": null, "poverty_universe": null, "pop_poverty": null, "total_households": 668, "renter_occupied": 416, "unemployed": "83", "single_parent_households": "14", "state": "06", "county": "067", "tract": "005205", "block group": "1", "surveilled_sites_count": 0, "surveilled_sites_list": "None", "surveilled_categories": "None", "pct_poverty": null, "pct_renter": 62.275449101796411, "pct_non_citizen": null, "pct_black": 4.830287206266318, "pct_hispanic": 32.832898172323759 }, "geometry": { "type": "Point", "coordinates": [ -121.4190945, 38.549788 ] } },
{ "type": "Feature", "properties": { "id": 13954680739, "lat": 38.5497096, "lon": -121.4189943, "direction": 190.0, "operator": "Unknown", "brand": "Unknown", "STATEFP": "06", "COUNTYFP": "067", "TRACTCE": "005205", "BLKGRPCE": "1", "AFFGEOID": "1500000US060670052051", "GEOID": "060670052051", "NAME_x": "1", "NAMELSAD": "Block Group 1", "LSAD": "BG", "ALAND": 8562208, "AWATER": 0, "NAME_y": "Block Group 1; Census Tract 52.05; Sacramento County; California", "pop_total": 1532, "median_income": 32500.0, "pop_white": "1200", "pop_black": 74, "pop_native": "0", "pop_asian": "58", "pop_pacific": "0", "pop_other": "87", "pop_two_plus": "113", "pop_hispanic": 503, "pop_non_citizen": null, "poverty_universe": null, "pop_poverty": null, "total_households": 668, "renter_occupied": 416, "unemployed": "83", "single_parent_households": "14", "state": "06", "county": "067", "tract": "005205", "block group": "1", "surveilled_sites_count": 0, "surveilled_sites_list": "None", "surveilled_categories": "None", "pct_poverty": null, "pct_renter": 62.275449101796411, "pct_non_citizen": null, "pct_black": 4.830287206266318, "pct_hispanic": 32.832898172323759 }, "geometry": { "type": "Point", "coordinates": [ -121.4189943, 38.5497096 ] } },
{ "type": "Feature", "properties": { "id": 13960558901, "lat": 38.6362633, "lon": -121.5046599, "direction": 125.0, "operator": "Unknown", "brand": "Unknown", "STATEFP": "06", "COUNTYFP": "067", "TRACTCE": "007019", "BLKGRPCE": "2", "AFFGEOID": "1500000US060670070192", "GEOID": "060670070192", "NAME_x": "2", "NAMELSAD": "Block Group 2", "LSAD": "BG", "ALAND": 5222064, "AWATER": 63637, "NAME_y": "Block Group 2; Census Tract 70.19; Sacramento County; California", "pop_total": 2129, "median_income": 141477.0, "pop_white": "356", "pop_black": 606, "pop_native": "0", "pop_asian": "367", "pop_pacific": "0", "pop_other": "95", "pop_two_plus": "705", "pop_hispanic": 621, "pop_non_citizen": null, "poverty_universe": null, "pop_poverty": null, "total_households": 595, "renter_occupied": 223, "unemployed": "68", "single_parent_households": "399", "state": "06", "county": "067", "tract": "007019", "block group": "2", "surveilled_sites_count": 0, "surveilled_sites_list": "None", "surveilled_categories": "None", "pct_poverty": null, "pct_renter": 37.478991596638657, "pct_non_citizen": null, "pct_black": 28.464067637388446, "pct_hispanic": 29.168623767026773 }, "geometry": { "type": "Point", "coordinates": [ -121.5046599, 38.6362633 ] } },
{ "type": "Feature", "properties": { "id": 13960977401, "lat": 38.2618234, "lon": -121.3227853, "direction": 52.0, "operator": "Unknown", "brand": "Unknown", "STATEFP": "06", "COUNTYFP": "067", "TRACTCE": "009502", "BLKGRPCE": "2", "AFFGEOID": "1500000US060670095022", "GEOID": "060670095022", "NAME_x": "2", "NAMELSAD": "Block Group 2", "LSAD": "BG", "ALAND": 1222376, "AWATER": 0, "NAME_y": "Block Group 2; Census Tract 95.02; Sacramento County; California", "pop_total": 2315, "median_income": 106726.0, "pop_white": "1557", "pop_black": 33, "pop_native": "0", "pop_asian": "0", "pop_pacific": "0", "pop_other": "254", "pop_two_plus": "471", "pop_hispanic": 794, "pop_non_citizen": null, "poverty_universe": null, "pop_poverty": null, "total_households": 760, "renter_occupied": 106, "unemployed": "82", "single_parent_households": "374", "state": "06", "county": "067", "tract": "009502", "block group": "2", "surveilled_sites_count": 0, "surveilled_sites_list": "None", "surveilled_categories": "None", "pct_poverty": null, "pct_renter": 13.94736842105263, "pct_non_citizen": null, "pct_black": 1.4254859611231101, "pct_hispanic": 34.29805615550756 }, "geometry": { "type": "Point", "coordinates": [ -121.3227853, 38.2618234 ] } },
{ "type": "Feature", "properties": { "id": 13961208601, "lat": 38.5541112, "lon": -121.4154693, "direction": 190.0, "operator": "Unknown", "brand": "Unknown", "STATEFP": "06", "COUNTYFP": "067", "TRACTCE": "005201", "BLKGRPCE": "2", "AFFGEOID": "1500000US060670052012", "GEOID": "060670052012", "NAME_x": "2", "NAMELSAD": "Block Group 2", "LSAD": "BG", "ALAND": 1474005, "AWATER": 33340, "NAME_y": "Block Group 2; Census Tract 52.01; Sacramento County; California", "pop_total": 2577, "median_income": 52578.0, "pop_white": "1202", "pop_black": 360, "pop_native": "18", "pop_asian": "301", "pop_pacific": "28", "pop_other": "496", "pop_two_plus": "172", "pop_hispanic": 852, "pop_non_citizen": null, "poverty_universe": null, "pop_poverty": null, "total_households": 343, "renter_occupied": 343, "unemployed": "281", "single_parent_households": "0", "state": "06", "county": "067", "tract": "005201", "block group": "2", "surveilled_sites_count": 0, "surveilled_sites_list": "None", "surveilled_categories": "None", "pct_poverty": null, "pct_renter": 100.0, "pct_non_citizen": null, "pct_black": 13.969732246798602, "pct_hispanic": 33.061699650756694 }, "geometry": { "type": "Point", "coordinates": [ -121.4154693, 38.5541112 ] } },
{ "type": "Feature", "properties": { "id": 13961208801, "lat": 38.5540327, "lon": -121.4154503, "direction": 28.0, "operator": "Unknown", "brand": "Unknown", "STATEFP": "06", "COUNTYFP": "067", "TRACTCE": "005201", "BLKGRPCE": "2", "AFFGEOID": "1500000US060670052012", "GEOID": "060670052012", "NAME_x": "2", "NAMELSAD": "Block Group 2", "LSAD": "BG", "ALAND": 1474005, "AWATER": 33340, "NAME_y": "Block Group 2; Census Tract 52.01; Sacramento County; California", "pop_total": 2577, "median_income": 52578.0, "pop_white": "1202", "pop_black": 360, "pop_native": "18", "pop_asian": "301", "pop_pacific": "28", "pop_other": "496", "pop_two_plus": "172", "pop_hispanic": 852, "pop_non_citizen": null, "poverty_universe": null, "pop_poverty": null, "total_households": 343, "renter_occupied": 343, "unemployed": "281", "single_parent_households": "0", "state": "06", "county": "067", "tract": "005201", "block group": "2", "surveilled_sites_count": 0, "surveilled_sites_list": "None", "surveilled_categories": "None", "pct_poverty": null, "pct_renter": 100.0, "pct_non_citizen": null, "pct_black": 13.969732246798602, "pct_hispanic": 33.061699650756694 }, "geometry": { "type": "Point", "coordinates": [ -121.4154503, 38.554032699999951 ] } },
{ "type": "Feature", "properties": { "id": 13961210401, "lat": 38.6643369, "lon": -121.2921912, "direction": 0.0, "operator": "Unknown", "brand": "Unknown", "STATEFP": "06", "COUNTYFP": "067", "TRACTCE": "008137", "BLKGRPCE": "2", "AFFGEOID": "1500000US060670081372", "GEOID": "060670081372", "NAME_x": "2", "NAMELSAD": "Block Group 2", "LSAD": "BG", "ALAND": 627048, "AWATER": 0, "NAME_y": "Block Group 2; Census Tract 81.37; Sacramento County; California", "pop_total": 1132, "median_income": 83750.0, "pop_white": "828", "pop_black": 67, "pop_native": "0", "pop_asian": "42", "pop_pacific": "0", "pop_other": "9", "pop_two_plus": "186", "pop_hispanic": 104, "pop_non_citizen": null, "poverty_universe": null, "pop_poverty": null, "total_households": 448, "renter_occupied": 257, "unemployed": "39", "single_parent_households": "117", "state": "06", "county": "067", "tract": "008137", "block group": "2", "surveilled_sites_count": 0, "surveilled_sites_list": "None", "surveilled_categories": "None", "pct_poverty": null, "pct_renter": 57.366071428571431, "pct_non_citizen": null, "pct_black": 5.9187279151943457, "pct_hispanic": 9.1872791519434625 }, "geometry": { "type": "Point", "coordinates": [ -121.2921912, 38.664336899999988 ] } },
{ "type": "Feature", "properties": { "id": 13962926401, "lat": 38.2473874, "lon": -121.5089496, "direction": 190.0, "operator": "Unknown", "brand": "Unknown", "STATEFP": "06", "COUNTYFP": "067", "TRACTCE": "009900", "BLKGRPCE": "1", "AFFGEOID": "1500000US060670099001", "GEOID": "060670099001", "NAME_x": "1", "NAMELSAD": "Block Group 1", "LSAD": "BG", "ALAND": 43220404, "AWATER": 1833669, "NAME_y": "Block Group 1; Census Tract 99; Sacramento County; California", "pop_total": 1130, "median_income": 68248.0, "pop_white": "550", "pop_black": 0, "pop_native": "0", "pop_asian": "67", "pop_pacific": "0", "pop_other": "261", "pop_two_plus": "252", "pop_hispanic": 504, "pop_non_citizen": null, "poverty_universe": null, "pop_poverty": null, "total_households": 437, "renter_occupied": 227, "unemployed": "11", "single_parent_households": "150", "state": "06", "county": "067", "tract": "009900", "block group": "1", "surveilled_sites_count": 0, "surveilled_sites_list": "None", "surveilled_categories": "None", "pct_poverty": null, "pct_renter": 51.945080091533178, "pct_non_citizen": null, "pct_black": 0.0, "pct_hispanic": 44.601769911504427 }, "geometry": { "type": "Point", "coordinates": [ -121.5089496, 38.2473874 ] } },
{ "type": "Feature", "properties": { "id": 13963046503, "lat": 38.6362633, "lon": -121.5046599, "direction": 31.0, "operator": "Unknown", "brand": "Unknown", "STATEFP": "06", "COUNTYFP": "067", "TRACTCE": "007019", "BLKGRPCE": "2", "AFFGEOID": "1500000US060670070192", "GEOID": "060670070192", "NAME_x": "2", "NAMELSAD": "Block Group 2", "LSAD": "BG", "ALAND": 5222064, "AWATER": 63637, "NAME_y": "Block Group 2; Census Tract 70.19; Sacramento County; California", "pop_total": 2129, "median_income": 141477.0, "pop_white": "356", "pop_black": 606, "pop_native": "0", "pop_asian": "367", "pop_pacific": "0", "pop_other": "95", "pop_two_plus": "705", "pop_hispanic": 621, "pop_non_citizen": null, "poverty_universe": null, "pop_poverty": null, "total_households": 595, "renter_occupied": 223, "unemployed": "68", "single_parent_households": "399", "state": "06", "county": "067", "tract": "007019", "block group": "2", "surveilled_sites_count": 0, "surveilled_sites_list": "None", "surveilled_categories": "None", "pct_poverty": null, "pct_renter": 37.478991596638657, "pct_non_citizen": null, "pct_black": 28.464067637388446, "pct_hispanic": 29.168623767026773 }, "geometry": { "type": "Point", "coordinates": [ -121.5046599, 38.6362633 ] } },
{ "type": "Feature", "properties": { "id": 13963287142, "lat": 38.4701367, "lon": -121.4204022, "direction": 47.0, "operator": "Kaiser Permanente", "brand": "Unknown", "STATEFP": "06", "COUNTYFP": "067", "TRACTCE": "009641", "BLKGRPCE": "1", "AFFGEOID": "1500000US060670096411", "GEOID": "060670096411", "NAME_x": "1", "NAMELSAD": "Block Group 1", "LSAD": "BG", "ALAND": 1261547, "AWATER": 0, "NAME_y": "Block Group 1; Census Tract 96.41; Sacramento County; California", "pop_total": 1159, "median_income": 65987.0, "pop_white": "176", "pop_black": 127, "pop_native": "25", "pop_asian": "508", "pop_pacific": "187", "pop_other": "84", "pop_two_plus": "52", "pop_hispanic": 156, "pop_non_citizen": null, "poverty_universe": null, "pop_poverty": null, "total_households": 359, "renter_occupied": 159, "unemployed": "29", "single_parent_households": "73", "state": "06", "county": "067", "tract": "009641", "block group": "1", "surveilled_sites_count": 0, "surveilled_sites_list": "None", "surveilled_categories": "None", "pct_poverty": null, "pct_renter": 44.289693593314759, "pct_non_citizen": null, "pct_black": 10.957722174288181, "pct_hispanic": 13.459879206212252 }, "geometry": { "type": "Point", "coordinates": [ -121.420402200000012, 38.470136699999983 ] } },
{ "type": "Feature", "properties": { "id": 13963507801, "lat": 38.4712152, "lon": -121.4239355, "direction": 155.0, "operator": "Kaiser Permanente", "brand": "Unknown", "STATEFP": "06", "COUNTYFP": "067", "TRACTCE": "009641", "BLKGRPCE": "1", "AFFGEOID": "1500000US060670096411", "GEOID": "060670096411", "NAME_x": "1", "NAMELSAD": "Block Group 1", "LSAD": "BG", "ALAND": 1261547, "AWATER": 0, "NAME_y": "Block Group 1; Census Tract 96.41; Sacramento County; California", "pop_total": 1159, "median_income": 65987.0, "pop_white": "176", "pop_black": 127, "pop_native": "25", "pop_asian": "508", "pop_pacific": "187", "pop_other": "84", "pop_two_plus": "52", "pop_hispanic": 156, "pop_non_citizen": null, "poverty_universe": null, "pop_poverty": null, "total_households": 359, "renter_occupied": 159, "unemployed": "29", "single_parent_households": "73", "state": "06", "county": "067", "tract": "009641", "block group": "1", "surveilled_sites_count": 0, "surveilled_sites_list": "None", "surveilled_categories": "None", "pct_poverty": null, "pct_renter": 44.289693593314759, "pct_non_citizen": null, "pct_black": 10.957722174288181, "pct_hispanic": 13.459879206212252 }, "geometry": { "type": "Point", "coordinates": [ -121.423935500000013, 38.4712152 ] } },
{ "type": "Feature", "properties": { "id": 13966610701, "lat": 38.7070491, "lon": -121.3132396, "direction": 177.0, "operator": "Unknown", "brand": "Unknown", "STATEFP": "06", "COUNTYFP": "067", "TRACTCE": "008129", "BLKGRPCE": "2", "AFFGEOID": "1500000US060670081292", "GEOID": "060670081292", "NAME_x": "2", "NAMELSAD": "Block Group 2", "LSAD": "BG", "ALAND": 650891, "AWATER": 0, "NAME_y": "Block Group 2; Census Tract 81.29; Sacramento County; California", "pop_total": 1626, "median_income": 71782.0, "pop_white": "930", "pop_black": 231, "pop_native": "7", "pop_asian": "48", "pop_pacific": "15", "pop_other": "218", "pop_two_plus": "177", "pop_hispanic": 419, "pop_non_citizen": null, "poverty_universe": null, "pop_poverty": null, "total_households": 565, "renter_occupied": 109, "unemployed": "94", "single_parent_households": "195", "state": "06", "county": "067", "tract": "008129", "block group": "2", "surveilled_sites_count": 0, "surveilled_sites_list": "None", "surveilled_categories": "None", "pct_poverty": null, "pct_renter": 19.292035398230091, "pct_non_citizen": null, "pct_black": 14.206642066420663, "pct_hispanic": 25.768757687576876 }, "geometry": { "type": "Point", "coordinates": [ -121.3132396, 38.707049099999985 ] } },
{ "type": "Feature", "properties": { "id": 13968714101, "lat": 38.2403541, "lon": -121.2975582, "direction": 242.0, "operator": "Unknown", "brand": "Unknown", "STATEFP": "06", "COUNTYFP": "067", "TRACTCE": "009504", "BLKGRPCE": "1", "AFFGEOID": "1500000US060670095041", "GEOID": "060670095041", "NAME_x": "1", "NAMELSAD": "Block Group 1", "LSAD": "BG", "ALAND": 2236615, "AWATER": 0, "NAME_y": "Block Group 1; Census Tract 95.04; Sacramento County; California", "pop_total": 3204, "median_income": 65833.0, "pop_white": "1637", "pop_black": 58, "pop_native": "37", "pop_asian": "33", "pop_pacific": "0", "pop_other": "687", "pop_two_plus": "752", "pop_hispanic": 1617, "pop_non_citizen": null, "poverty_universe": null, "pop_poverty": null, "total_households": 928, "renter_occupied": 446, "unemployed": "235", "single_parent_households": "319", "state": "06", "county": "067", "tract": "009504", "block group": "1", "surveilled_sites_count": 0, "surveilled_sites_list": "None", "surveilled_categories": "None", "pct_poverty": null, "pct_renter": 48.060344827586206, "pct_non_citizen": null, "pct_black": 1.8102372034956304, "pct_hispanic": 50.468164794007485 }, "geometry": { "type": "Point", "coordinates": [ -121.2975582, 38.2403541 ] } },
{ "type": "Feature", "properties": { "id": 13973461402, "lat": 38.6330192, "lon": -121.4461279, "direction": 146.0, "operator": "Unknown", "brand": "Unknown", "STATEFP": "06", "COUNTYFP": "067", "TRACTCE": "006600", "BLKGRPCE": "2", "AFFGEOID": "1500000US060670066002", "GEOID": "060670066002", "NAME_x": "2", "NAMELSAD": "Block Group 2", "LSAD": "BG", "ALAND": 389862, "AWATER": 0, "NAME_y": "Block Group 2; Census Tract 66; Sacramento County; California", "pop_total": 1372, "median_income": 79375.0, "pop_white": "292", "pop_black": 449, "pop_native": "0", "pop_asian": "268", "pop_pacific": "43", "pop_other": "171", "pop_two_plus": "149", "pop_hispanic": 600, "pop_non_citizen": null, "poverty_universe": null, "pop_poverty": null, "total_households": 345, "renter_occupied": 122, "unemployed": "84", "single_parent_households": "155", "state": "06", "county": "067", "tract": "006600", "block group": "2", "surveilled_sites_count": 0, "surveilled_sites_list": "None", "surveilled_categories": "None", "pct_poverty": null, "pct_renter": 35.362318840579711, "pct_non_citizen": null, "pct_black": 32.725947521865891, "pct_hispanic": 43.731778425655975 }, "geometry": { "type": "Point", "coordinates": [ -121.4461279, 38.6330192 ] } },
{ "type": "Feature", "properties": { "id": 13973510401, "lat": 38.6111696, "lon": -121.4299363, "direction": 255.0, "operator": "Unknown", "brand": "Unknown", "STATEFP": "06", "COUNTYFP": "067", "TRACTCE": "006202", "BLKGRPCE": "1", "AFFGEOID": "1500000US060670062021", "GEOID": "060670062021", "NAME_x": "1", "NAMELSAD": "Block Group 1", "LSAD": "BG", "ALAND": 836595, "AWATER": 0, "NAME_y": "Block Group 1; Census Tract 62.02; Sacramento County; California", "pop_total": 1792, "median_income": 40976.0, "pop_white": "597", "pop_black": 161, "pop_native": "11", "pop_asian": "100", "pop_pacific": "0", "pop_other": "269", "pop_two_plus": "654", "pop_hispanic": 932, "pop_non_citizen": null, "poverty_universe": null, "pop_poverty": null, "total_households": 580, "renter_occupied": 333, "unemployed": "24", "single_parent_households": "257", "state": "06", "county": "067", "tract": "006202", "block group": "1", "surveilled_sites_count": 0, "surveilled_sites_list": "None", "surveilled_categories": "None", "pct_poverty": null, "pct_renter": 57.41379310344827, "pct_non_citizen": null, "pct_black": 8.984375, "pct_hispanic": 52.008928571428569 }, "geometry": { "type": "Point", "coordinates": [ -121.4299363, 38.6111696 ] } },
{ "type": "Feature", "properties": { "id": 13973510402, "lat": 38.6110612, "lon": -121.4201596, "direction": 270.0, "operator": "Unknown", "brand": "Unknown", "STATEFP": "06", "COUNTYFP": "067", "TRACTCE": "006202", "BLKGRPCE": "2", "AFFGEOID": "1500000US060670062022", "GEOID": "060670062022", "NAME_x": "2", "NAMELSAD": "Block Group 2", "LSAD": "BG", "ALAND": 639743, "AWATER": 0, "NAME_y": "Block Group 2; Census Tract 62.02; Sacramento County; California", "pop_total": 1802, "median_income": 34552.0, "pop_white": "595", "pop_black": 466, "pop_native": "14", "pop_asian": "99", "pop_pacific": "0", "pop_other": "389", "pop_two_plus": "239", "pop_hispanic": 476, "pop_non_citizen": null, "poverty_universe": null, "pop_poverty": null, "total_households": 921, "renter_occupied": 582, "unemployed": "110", "single_parent_households": "241", "state": "06", "county": "067", "tract": "006202", "block group": "2", "surveilled_sites_count": 0, "surveilled_sites_list": "None", "surveilled_categories": "None", "pct_poverty": null, "pct_renter": 63.192182410423449, "pct_non_citizen": null, "pct_black": 25.86015538290788, "pct_hispanic": 26.415094339622641 }, "geometry": { "type": "Point", "coordinates": [ -121.4201596, 38.61106119999998 ] } },
{ "type": "Feature", "properties": { "id": 13973510403, "lat": 38.6108076, "lon": -121.4197576, "direction": 71.0, "operator": "Unknown", "brand": "Unknown", "STATEFP": "06", "COUNTYFP": "067", "TRACTCE": "005502", "BLKGRPCE": "3", "AFFGEOID": "1500000US060670055023", "GEOID": "060670055023", "NAME_x": "3", "NAMELSAD": "Block Group 3", "LSAD": "BG", "ALAND": 665142, "AWATER": 0, "NAME_y": "Block Group 3; Census Tract 55.02; Sacramento County; California", "pop_total": 2791, "median_income": 46875.0, "pop_white": "1015", "pop_black": 419, "pop_native": "0", "pop_asian": "228", "pop_pacific": "0", "pop_other": "825", "pop_two_plus": "304", "pop_hispanic": 1294, "pop_non_citizen": null, "poverty_universe": null, "pop_poverty": null, "total_households": 950, "renter_occupied": 785, "unemployed": "102", "single_parent_households": "327", "state": "06", "county": "067", "tract": "005502", "block group": "3", "surveilled_sites_count": 0, "surveilled_sites_list": "None", "surveilled_categories": "None", "pct_poverty": null, "pct_renter": 82.631578947368425, "pct_non_citizen": null, "pct_black": 15.012540308133286, "pct_hispanic": 46.363310641347191 }, "geometry": { "type": "Point", "coordinates": [ -121.4197576, 38.610807599999951 ] } },
{ "type": "Feature", "properties": { "id": 13976353001, "lat": 38.5508559, "lon": -121.3287946, "direction": 94.0, "operator": "Unknown", "brand": "Unknown", "STATEFP": "06", "COUNTYFP": "067", "TRACTCE": "009005", "BLKGRPCE": "2", "AFFGEOID": "1500000US060670090052", "GEOID": "060670090052", "NAME_x": "2", "NAMELSAD": "Block Group 2", "LSAD": "BG", "ALAND": 14851498, "AWATER": 15597, "NAME_y": "Block Group 2; Census Tract 90.05; Sacramento County; California", "pop_total": 359, "median_income": null, "pop_white": "179", "pop_black": 30, "pop_native": "0", "pop_asian": "98", "pop_pacific": "30", "pop_other": "6", "pop_two_plus": "16", "pop_hispanic": 22, "pop_non_citizen": null, "poverty_universe": null, "pop_poverty": null, "total_households": 183, "renter_occupied": 161, "unemployed": "0", "single_parent_households": "42", "state": "06", "county": "067", "tract": "009005", "block group": "2", "surveilled_sites_count": 0, "surveilled_sites_list": "None", "surveilled_categories": "None", "pct_poverty": null, "pct_renter": 87.978142076502735, "pct_non_citizen": null, "pct_black": 8.3565459610027855, "pct_hispanic": 6.1281337047353759 }, "geometry": { "type": "Point", "coordinates": [ -121.328794599999981, 38.550855900000045 ] } },
{ "type": "Feature", "properties": { "id": 13976353201, "lat": 38.5510222, "lon": -121.3274408, "direction": 261.0, "operator": "Unknown", "brand": "Unknown", "STATEFP": "06", "COUNTYFP": "067", "TRACTCE": "009005", "BLKGRPCE": "2", "AFFGEOID": "1500000US060670090052", "GEOID": "060670090052", "NAME_x": "2", "NAMELSAD": "Block Group 2", "LSAD": "BG", "ALAND": 14851498, "AWATER": 15597, "NAME_y": "Block Group 2; Census Tract 90.05; Sacramento County; California", "pop_total": 359, "median_income": null, "pop_white": "179", "pop_black": 30, "pop_native": "0", "pop_asian": "98", "pop_pacific": "30", "pop_other": "6", "pop_two_plus": "16", "pop_hispanic": 22, "pop_non_citizen": null, "poverty_universe": null, "pop_poverty": null, "total_households": 183, "renter_occupied": 161, "unemployed": "0", "single_parent_households": "42", "state": "06", "county": "067", "tract": "009005", "block group": "2", "surveilled_sites_count": 0, "surveilled_sites_list": "None", "surveilled_categories": "None", "pct_poverty": null, "pct_renter": 87.978142076502735, "pct_non_citizen": null, "pct_black": 8.3565459610027855, "pct_hispanic": 6.1281337047353759 }, "geometry": { "type": "Point", "coordinates": [ -121.3274408, 38.551022200000041 ] } },
{ "type": "Feature", "properties": { "id": 13978572673, "lat": 38.5926072, "lon": -121.2840484, "direction": 120.0, "operator": "Unknown", "brand": "Unknown", "STATEFP": "06", "COUNTYFP": "067", "TRACTCE": "009010", "BLKGRPCE": "4", "AFFGEOID": "1500000US060670090104", "GEOID": "060670090104", "NAME_x": "4", "NAMELSAD": "Block Group 4", "LSAD": "BG", "ALAND": 4137963, "AWATER": 0, "NAME_y": "Block Group 4; Census Tract 90.10; Sacramento County; California", "pop_total": 1708, "median_income": 101818.0, "pop_white": "723", "pop_black": 387, "pop_native": "0", "pop_asian": "185", "pop_pacific": "0", "pop_other": "91", "pop_two_plus": "322", "pop_hispanic": 151, "pop_non_citizen": null, "poverty_universe": null, "pop_poverty": null, "total_households": 756, "renter_occupied": 251, "unemployed": "71", "single_parent_households": "164", "state": "06", "county": "067", "tract": "009010", "block group": "4", "surveilled_sites_count": 0, "surveilled_sites_list": "None", "surveilled_categories": "None", "pct_poverty": null, "pct_renter": 33.201058201058203, "pct_non_citizen": null, "pct_black": 22.658079625292739, "pct_hispanic": 8.840749414519907 }, "geometry": { "type": "Point", "coordinates": [ -121.2840484, 38.592607200000046 ] } },
{ "type": "Feature", "properties": { "id": 13980997801, "lat": 38.262625, "lon": -121.2974082, "direction": 309.0, "operator": "Unknown", "brand": "Unknown", "STATEFP": "06", "COUNTYFP": "067", "TRACTCE": "009408", "BLKGRPCE": "1", "AFFGEOID": "1500000US060670094081", "GEOID": "060670094081", "NAME_x": "1", "NAMELSAD": "Block Group 1", "LSAD": "BG", "ALAND": 16083047, "AWATER": 57778, "NAME_y": "Block Group 1; Census Tract 94.08; Sacramento County; California", "pop_total": 1776, "median_income": 104107.0, "pop_white": "1396", "pop_black": 14, "pop_native": "0", "pop_asian": "48", "pop_pacific": "0", "pop_other": "89", "pop_two_plus": "229", "pop_hispanic": 412, "pop_non_citizen": null, "poverty_universe": null, "pop_poverty": null, "total_households": 627, "renter_occupied": 43, "unemployed": "8", "single_parent_households": "275", "state": "06", "county": "067", "tract": "009408", "block group": "1", "surveilled_sites_count": 0, "surveilled_sites_list": "None", "surveilled_categories": "None", "pct_poverty": null, "pct_renter": 6.8580542264752795, "pct_non_citizen": null, "pct_black": 0.78828828828828823, "pct_hispanic": 23.198198198198199 }, "geometry": { "type": "Point", "coordinates": [ -121.2974082, 38.262625 ] } },
{ "type": "Feature", "properties": { "id": 13984759001, "lat": 38.552084, "lon": -121.2786228, "direction": 206.0, "operator": "Unknown", "brand": "Unknown", "STATEFP": "06", "COUNTYFP": "067", "TRACTCE": "008803", "BLKGRPCE": "1", "AFFGEOID": "1500000US060670088031", "GEOID": "060670088031", "NAME_x": "1", "NAMELSAD": "Block Group 1", "LSAD": "BG", "ALAND": 13462736, "AWATER": 0, "NAME_y": "Block Group 1; Census Tract 88.03; Sacramento County; California", "pop_total": 795, "median_income": null, "pop_white": "259", "pop_black": 344, "pop_native": "0", "pop_asian": "28", "pop_pacific": "0", "pop_other": "72", "pop_two_plus": "92", "pop_hispanic": 201, "pop_non_citizen": null, "poverty_universe": null, "pop_poverty": null, "total_households": 358, "renter_occupied": 292, "unemployed": "91", "single_parent_households": "170", "state": "06", "county": "067", "tract": "008803", "block group": "1", "surveilled_sites_count": 0, "surveilled_sites_list": "None", "surveilled_categories": "None", "pct_poverty": null, "pct_renter": 81.564245810055866, "pct_non_citizen": null, "pct_black": 43.270440251572332, "pct_hispanic": 25.283018867924529 }, "geometry": { "type": "Point", "coordinates": [ -121.2786228, 38.552084 ] } },
{ "type": "Feature", "properties": { "id": 13990802101, "lat": 38.2539612, "lon": -121.3009501, "direction": 177.0, "operator": "Unknown", "brand": "Unknown", "STATEFP": "06", "COUNTYFP": "067", "TRACTCE": "009504", "BLKGRPCE": "1", "AFFGEOID": "1500000US060670095041", "GEOID": "060670095041", "NAME_x": "1", "NAMELSAD": "Block Group 1", "LSAD": "BG", "ALAND": 2236615, "AWATER": 0, "NAME_y": "Block Group 1; Census Tract 95.04; Sacramento County; California", "pop_total": 3204, "median_income": 65833.0, "pop_white": "1637", "pop_black": 58, "pop_native": "37", "pop_asian": "33", "pop_pacific": "0", "pop_other": "687", "pop_two_plus": "752", "pop_hispanic": 1617, "pop_non_citizen": null, "poverty_universe": null, "pop_poverty": null, "total_households": 928, "renter_occupied": 446, "unemployed": "235", "single_parent_households": "319", "state": "06", "county": "067", "tract": "009504", "block group": "1", "surveilled_sites_count": 0, "surveilled_sites_list": "None", "surveilled_categories": "None", "pct_poverty": null, "pct_renter": 48.060344827586206, "pct_non_citizen": null, "pct_black": 1.8102372034956304, "pct_hispanic": 50.468164794007485 }, "geometry": { "type": "Point", "coordinates": [ -121.3009501, 38.253961199999956 ] } },
{ "type": "Feature", "properties": { "id": 13991022201, "lat": 38.253567, "lon": -121.2949118, "direction": 239.0, "operator": "Unknown", "brand": "Unknown", "STATEFP": "06", "COUNTYFP": "067", "TRACTCE": "009504", "BLKGRPCE": "1", "AFFGEOID": "1500000US060670095041", "GEOID": "060670095041", "NAME_x": "1", "NAMELSAD": "Block Group 1", "LSAD": "BG", "ALAND": 2236615, "AWATER": 0, "NAME_y": "Block Group 1; Census Tract 95.04; Sacramento County; California", "pop_total": 3204, "median_income": 65833.0, "pop_white": "1637", "pop_black": 58, "pop_native": "37", "pop_asian": "33", "pop_pacific": "0", "pop_other": "687", "pop_two_plus": "752", "pop_hispanic": 1617, "pop_non_citizen": null, "poverty_universe": null, "pop_poverty": null, "total_households": 928, "renter_occupied": 446, "unemployed": "235", "single_parent_households": "319", "state": "06", "county": "067", "tract": "009504", "block group": "1", "surveilled_sites_count": 0, "surveilled_sites_list": "None", "surveilled_categories": "None", "pct_poverty": null, "pct_renter": 48.060344827586206, "pct_non_citizen": null, "pct_black": 1.8102372034956304, "pct_hispanic": 50.468164794007485 }, "geometry": { "type": "Point", "coordinates": [ -121.2949118, 38.253567 ] } },
{ "type": "Feature", "properties": { "id": 13991397001, "lat": 38.6878438, "lon": -121.3438339, "direction": 126.0, "operator": "Unknown", "brand": "Unknown", "STATEFP": "06", "COUNTYFP": "067", "TRACTCE": "007422", "BLKGRPCE": "1", "AFFGEOID": "1500000US060670074221", "GEOID": "060670074221", "NAME_x": "1", "NAMELSAD": "Block Group 1", "LSAD": "BG", "ALAND": 637992, "AWATER": 0, "NAME_y": "Block Group 1; Census Tract 74.22; Sacramento County; California", "pop_total": 1759, "median_income": 80667.0, "pop_white": "965", "pop_black": 27, "pop_native": "46", "pop_asian": "95", "pop_pacific": "0", "pop_other": "225", "pop_two_plus": "401", "pop_hispanic": 524, "pop_non_citizen": null, "poverty_universe": null, "pop_poverty": null, "total_households": 576, "renter_occupied": 372, "unemployed": "47", "single_parent_households": "253", "state": "06", "county": "067", "tract": "007422", "block group": "1", "surveilled_sites_count": 0, "surveilled_sites_list": "None", "surveilled_categories": "None", "pct_poverty": null, "pct_renter": 64.583333333333343, "pct_non_citizen": null, "pct_black": 1.534963047185901, "pct_hispanic": 29.789653212052304 }, "geometry": { "type": "Point", "coordinates": [ -121.3438339, 38.687843800000017 ] } },
{ "type": "Feature", "properties": { "id": 13995551001, "lat": 38.6542857, "lon": -121.5435761, "direction": 9.0, "operator": "Unknown", "brand": "Unknown", "STATEFP": "06", "COUNTYFP": "067", "TRACTCE": "007026", "BLKGRPCE": "1", "AFFGEOID": "1500000US060670070261", "GEOID": "060670070261", "NAME_x": "1", "NAMELSAD": "Block Group 1", "LSAD": "BG", "ALAND": 2399546, "AWATER": 174803, "NAME_y": "Block Group 1; Census Tract 70.26; Sacramento County; California", "pop_total": 2470, "median_income": 115989.0, "pop_white": "1159", "pop_black": 449, "pop_native": "20", "pop_asian": "290", "pop_pacific": "0", "pop_other": "0", "pop_two_plus": "552", "pop_hispanic": 587, "pop_non_citizen": null, "poverty_universe": null, "pop_poverty": null, "total_households": 1084, "renter_occupied": 293, "unemployed": "0", "single_parent_households": "351", "state": "06", "county": "067", "tract": "007026", "block group": "1", "surveilled_sites_count": 0, "surveilled_sites_list": "None", "surveilled_categories": "None", "pct_poverty": null, "pct_renter": 27.029520295202953, "pct_non_citizen": null, "pct_black": 18.178137651821864, "pct_hispanic": 23.765182186234817 }, "geometry": { "type": "Point", "coordinates": [ -121.543576099999981, 38.65428569999996 ] } },
{ "type": "Feature", "properties": { "id": 13995554401, "lat": 38.6532598, "lon": -121.5436585, "direction": 207.0, "operator": "Unknown", "brand": "Unknown", "STATEFP": "06", "COUNTYFP": "067", "TRACTCE": "007026", "BLKGRPCE": "1", "AFFGEOID": "1500000US060670070261", "GEOID": "060670070261", "NAME_x": "1", "NAMELSAD": "Block Group 1", "LSAD": "BG", "ALAND": 2399546, "AWATER": 174803, "NAME_y": "Block Group 1; Census Tract 70.26; Sacramento County; California", "pop_total": 2470, "median_income": 115989.0, "pop_white": "1159", "pop_black": 449, "pop_native": "20", "pop_asian": "290", "pop_pacific": "0", "pop_other": "0", "pop_two_plus": "552", "pop_hispanic": 587, "pop_non_citizen": null, "poverty_universe": null, "pop_poverty": null, "total_households": 1084, "renter_occupied": 293, "unemployed": "0", "single_parent_households": "351", "state": "06", "county": "067", "tract": "007026", "block group": "1", "surveilled_sites_count": 0, "surveilled_sites_list": "None", "surveilled_categories": "None", "pct_poverty": null, "pct_renter": 27.029520295202953, "pct_non_citizen": null, "pct_black": 18.178137651821864, "pct_hispanic": 23.765182186234817 }, "geometry": { "type": "Point", "coordinates": [ -121.5436585, 38.653259800000022 ] } },
{ "type": "Feature", "properties": { "id": 13995565705, "lat": 38.6463963, "lon": -121.5402107, "direction": 253.0, "operator": "Unknown", "brand": "Unknown", "STATEFP": "06", "COUNTYFP": "067", "TRACTCE": "007026", "BLKGRPCE": "2", "AFFGEOID": "1500000US060670070262", "GEOID": "060670070262", "NAME_x": "2", "NAMELSAD": "Block Group 2", "LSAD": "BG", "ALAND": 234080, "AWATER": 0, "NAME_y": "Block Group 2; Census Tract 70.26; Sacramento County; California", "pop_total": 1163, "median_income": null, "pop_white": "369", "pop_black": 214, "pop_native": "0", "pop_asian": "396", "pop_pacific": "0", "pop_other": "90", "pop_two_plus": "94", "pop_hispanic": 101, "pop_non_citizen": null, "poverty_universe": null, "pop_poverty": null, "total_households": 512, "renter_occupied": 231, "unemployed": "0", "single_parent_households": "121", "state": "06", "county": "067", "tract": "007026", "block group": "2", "surveilled_sites_count": 0, "surveilled_sites_list": "None", "surveilled_categories": "None", "pct_poverty": null, "pct_renter": 45.1171875, "pct_non_citizen": null, "pct_black": 18.400687876182285, "pct_hispanic": 8.6844368013757531 }, "geometry": { "type": "Point", "coordinates": [ -121.5402107, 38.646396299999985 ] } },
{ "type": "Feature", "properties": { "id": 13995566901, "lat": 38.646339, "lon": -121.5402215, "direction": 77.0, "operator": "Unknown", "brand": "Unknown", "STATEFP": "06", "COUNTYFP": "067", "TRACTCE": "007026", "BLKGRPCE": "2", "AFFGEOID": "1500000US060670070262", "GEOID": "060670070262", "NAME_x": "2", "NAMELSAD": "Block Group 2", "LSAD": "BG", "ALAND": 234080, "AWATER": 0, "NAME_y": "Block Group 2; Census Tract 70.26; Sacramento County; California", "pop_total": 1163, "median_income": null, "pop_white": "369", "pop_black": 214, "pop_native": "0", "pop_asian": "396", "pop_pacific": "0", "pop_other": "90", "pop_two_plus": "94", "pop_hispanic": 101, "pop_non_citizen": null, "poverty_universe": null, "pop_poverty": null, "total_households": 512, "renter_occupied": 231, "unemployed": "0", "single_parent_households": "121", "state": "06", "county": "067", "tract": "007026", "block group": "2", "surveilled_sites_count": 0, "surveilled_sites_list": "None", "surveilled_categories": "None", "pct_poverty": null, "pct_renter": 45.1171875, "pct_non_citizen": null, "pct_black": 18.400687876182285, "pct_hispanic": 8.6844368013757531 }, "geometry": { "type": "Point", "coordinates": [ -121.5402215, 38.646339 ] } },
{ "type": "Feature", "properties": { "id": 13998877101, "lat": 38.3936037, "lon": -121.4488694, "direction": 50.0, "operator": "Unknown", "brand": "Unknown", "STATEFP": "06", "COUNTYFP": "067", "TRACTCE": "009647", "BLKGRPCE": "2", "AFFGEOID": "1500000US060670096472", "GEOID": "060670096472", "NAME_x": "2", "NAMELSAD": "Block Group 2", "LSAD": "BG", "ALAND": 412910, "AWATER": 0, "NAME_y": "Block Group 2; Census Tract 96.47; Sacramento County; California", "pop_total": 2171, "median_income": 82094.0, "pop_white": "837", "pop_black": 479, "pop_native": "0", "pop_asian": "705", "pop_pacific": "0", "pop_other": "57", "pop_two_plus": "93", "pop_hispanic": 558, "pop_non_citizen": null, "poverty_universe": null, "pop_poverty": null, "total_households": 722, "renter_occupied": 495, "unemployed": "82", "single_parent_households": "381", "state": "06", "county": "067", "tract": "009647", "block group": "2", "surveilled_sites_count": 0, "surveilled_sites_list": "None", "surveilled_categories": "None", "pct_poverty": null, "pct_renter": 68.559556786703595, "pct_non_citizen": null, "pct_black": 22.063565177337633, "pct_hispanic": 25.702441271303545 }, "geometry": { "type": "Point", "coordinates": [ -121.4488694, 38.3936037 ] } },
{ "type": "Feature", "properties": { "id": 13998928502, "lat": 38.4068538, "lon": -121.4503523, "direction": 164.0, "operator": "Unknown", "brand": "Unknown", "STATEFP": "06", "COUNTYFP": "067", "TRACTCE": "009649", "BLKGRPCE": "2", "AFFGEOID": "1500000US060670096492", "GEOID": "060670096492", "NAME_x": "2", "NAMELSAD": "Block Group 2", "LSAD": "BG", "ALAND": 412839, "AWATER": 0, "NAME_y": "Block Group 2; Census Tract 96.49; Sacramento County; California", "pop_total": 842, "median_income": 173361.0, "pop_white": "220", "pop_black": 185, "pop_native": "3", "pop_asian": "377", "pop_pacific": "0", "pop_other": "55", "pop_two_plus": "2", "pop_hispanic": 101, "pop_non_citizen": null, "poverty_universe": null, "pop_poverty": null, "total_households": 217, "renter_occupied": 50, "unemployed": "28", "single_parent_households": "147", "state": "06", "county": "067", "tract": "009649", "block group": "2", "surveilled_sites_count": 0, "surveilled_sites_list": "None", "surveilled_categories": "None", "pct_poverty": null, "pct_renter": 23.041474654377879, "pct_non_citizen": null, "pct_black": 21.971496437054633, "pct_hispanic": 11.995249406175772 }, "geometry": { "type": "Point", "coordinates": [ -121.45035230000002, 38.4068538 ] } },
{ "type": "Feature", "properties": { "id": 14001599602, "lat": 38.4411435, "lon": -121.44526, "direction": 185.0, "operator": "Unknown", "brand": "Unknown", "STATEFP": "06", "COUNTYFP": "067", "TRACTCE": "009618", "BLKGRPCE": "2", "AFFGEOID": "1500000US060670096182", "GEOID": "060670096182", "NAME_x": "2", "NAMELSAD": "Block Group 2", "LSAD": "BG", "ALAND": 14130249, "AWATER": 219134, "NAME_y": "Block Group 2; Census Tract 96.18; Sacramento County; California", "pop_total": 2122, "median_income": 98341.0, "pop_white": "454", "pop_black": 403, "pop_native": "0", "pop_asian": "638", "pop_pacific": "19", "pop_other": "143", "pop_two_plus": "465", "pop_hispanic": 734, "pop_non_citizen": null, "poverty_universe": null, "pop_poverty": null, "total_households": 613, "renter_occupied": 63, "unemployed": "43", "single_parent_households": "274", "state": "06", "county": "067", "tract": "009618", "block group": "2", "surveilled_sites_count": 0, "surveilled_sites_list": "None", "surveilled_categories": "None", "pct_poverty": null, "pct_renter": 10.277324632952691, "pct_non_citizen": null, "pct_black": 18.991517436380771, "pct_hispanic": 34.59000942507069 }, "geometry": { "type": "Point", "coordinates": [ -121.44526, 38.441143499999967 ] } },
{ "type": "Feature", "properties": { "id": 14001600201, "lat": 38.4411975, "lon": -121.4450124, "direction": 329.0, "operator": "Unknown", "brand": "Unknown", "STATEFP": "06", "COUNTYFP": "067", "TRACTCE": "009614", "BLKGRPCE": "1", "AFFGEOID": "1500000US060670096141", "GEOID": "060670096141", "NAME_x": "1", "NAMELSAD": "Block Group 1", "LSAD": "BG", "ALAND": 1022374, "AWATER": 0, "NAME_y": "Block Group 1; Census Tract 96.14; Sacramento County; California", "pop_total": 2714, "median_income": 108226.0, "pop_white": "1223", "pop_black": 450, "pop_native": "0", "pop_asian": "507", "pop_pacific": "178", "pop_other": "81", "pop_two_plus": "275", "pop_hispanic": 383, "pop_non_citizen": null, "poverty_universe": null, "pop_poverty": null, "total_households": 878, "renter_occupied": 180, "unemployed": "52", "single_parent_households": "453", "state": "06", "county": "067", "tract": "009614", "block group": "1", "surveilled_sites_count": 0, "surveilled_sites_list": "None", "surveilled_categories": "None", "pct_poverty": null, "pct_renter": 20.501138952164009, "pct_non_citizen": null, "pct_black": 16.58069270449521, "pct_hispanic": 14.112011790714812 }, "geometry": { "type": "Point", "coordinates": [ -121.4450124, 38.441197500000044 ] } },
{ "type": "Feature", "properties": { "id": 14001635700, "lat": 38.6864304, "lon": -121.3415018, "direction": 293.0, "operator": "Unknown", "brand": "Unknown", "STATEFP": "06", "COUNTYFP": "067", "TRACTCE": "007422", "BLKGRPCE": "2", "AFFGEOID": "1500000US060670074222", "GEOID": "060670074222", "NAME_x": "2", "NAMELSAD": "Block Group 2", "LSAD": "BG", "ALAND": 337477, "AWATER": 0, "NAME_y": "Block Group 2; Census Tract 74.22; Sacramento County; California", "pop_total": 1068, "median_income": 67083.0, "pop_white": "823", "pop_black": 76, "pop_native": "39", "pop_asian": "82", "pop_pacific": "0", "pop_other": "3", "pop_two_plus": "45", "pop_hispanic": 240, "pop_non_citizen": null, "poverty_universe": null, "pop_poverty": null, "total_households": 328, "renter_occupied": 212, "unemployed": "14", "single_parent_households": "123", "state": "06", "county": "067", "tract": "007422", "block group": "2", "surveilled_sites_count": 0, "surveilled_sites_list": "None", "surveilled_categories": "None", "pct_poverty": null, "pct_renter": 64.634146341463421, "pct_non_citizen": null, "pct_black": 7.1161048689138573, "pct_hispanic": 22.471910112359549 }, "geometry": { "type": "Point", "coordinates": [ -121.3415018, 38.686430399999956 ] } },
{ "type": "Feature", "properties": { "id": 14001659106, "lat": 38.6947452, "lon": -121.2905431, "direction": 213.0, "operator": "Unknown", "brand": "Unknown", "STATEFP": "06", "COUNTYFP": "067", "TRACTCE": "008111", "BLKGRPCE": "2", "AFFGEOID": "1500000US060670081112", "GEOID": "060670081112", "NAME_x": "2", "NAMELSAD": "Block Group 2", "LSAD": "BG", "ALAND": 1133278, "AWATER": 0, "NAME_y": "Block Group 2; Census Tract 81.11; Sacramento County; California", "pop_total": 1525, "median_income": 80227.0, "pop_white": "1368", "pop_black": 0, "pop_native": "0", "pop_asian": "104", "pop_pacific": "0", "pop_other": "0", "pop_two_plus": "53", "pop_hispanic": 190, "pop_non_citizen": null, "poverty_universe": null, "pop_poverty": null, "total_households": 676, "renter_occupied": 38, "unemployed": "53", "single_parent_households": "141", "state": "06", "county": "067", "tract": "008111", "block group": "2", "surveilled_sites_count": 0, "surveilled_sites_list": "None", "surveilled_categories": "None", "pct_poverty": null, "pct_renter": 5.6213017751479288, "pct_non_citizen": null, "pct_black": 0.0, "pct_hispanic": 12.459016393442624 }, "geometry": { "type": "Point", "coordinates": [ -121.2905431, 38.694745200000035 ] } },
{ "type": "Feature", "properties": { "id": 14001659107, "lat": 38.7018313, "lon": -121.290478, "direction": 160.0, "operator": "Unknown", "brand": "Unknown", "STATEFP": "06", "COUNTYFP": "067", "TRACTCE": "008111", "BLKGRPCE": "2", "AFFGEOID": "1500000US060670081112", "GEOID": "060670081112", "NAME_x": "2", "NAMELSAD": "Block Group 2", "LSAD": "BG", "ALAND": 1133278, "AWATER": 0, "NAME_y": "Block Group 2; Census Tract 81.11; Sacramento County; California", "pop_total": 1525, "median_income": 80227.0, "pop_white": "1368", "pop_black": 0, "pop_native": "0", "pop_asian": "104", "pop_pacific": "0", "pop_other": "0", "pop_two_plus": "53", "pop_hispanic": 190, "pop_non_citizen": null, "poverty_universe": null, "pop_poverty": null, "total_households": 676, "renter_occupied": 38, "unemployed": "53", "single_parent_households": "141", "state": "06", "county": "067", "tract": "008111", "block group": "2", "surveilled_sites_count": 0, "surveilled_sites_list": "None", "surveilled_categories": "None", "pct_poverty": null, "pct_renter": 5.6213017751479288, "pct_non_citizen": null, "pct_black": 0.0, "pct_hispanic": 12.459016393442624 }, "geometry": { "type": "Point", "coordinates": [ -121.290478, 38.701831299999988 ] } },
{ "type": "Feature", "properties": { "id": 14001659108, "lat": 38.7072736, "lon": -121.3056853, "direction": 58.0, "operator": "Unknown", "brand": "Unknown", "STATEFP": "06", "COUNTYFP": "067", "TRACTCE": "008111", "BLKGRPCE": "1", "AFFGEOID": "1500000US060670081111", "GEOID": "060670081111", "NAME_x": "1", "NAMELSAD": "Block Group 1", "LSAD": "BG", "ALAND": 613956, "AWATER": 0, "NAME_y": "Block Group 1; Census Tract 81.11; Sacramento County; California", "pop_total": 1737, "median_income": 89141.0, "pop_white": "1330", "pop_black": 77, "pop_native": "0", "pop_asian": "161", "pop_pacific": "0", "pop_other": "76", "pop_two_plus": "93", "pop_hispanic": 166, "pop_non_citizen": null, "poverty_universe": null, "pop_poverty": null, "total_households": 627, "renter_occupied": 202, "unemployed": "13", "single_parent_households": "168", "state": "06", "county": "067", "tract": "008111", "block group": "1", "surveilled_sites_count": 0, "surveilled_sites_list": "None", "surveilled_categories": "None", "pct_poverty": null, "pct_renter": 32.216905901116426, "pct_non_citizen": null, "pct_black": 4.4329303396660915, "pct_hispanic": 9.5567069660333903 }, "geometry": { "type": "Point", "coordinates": [ -121.3056853, 38.707273599999972 ] } },
{ "type": "Feature", "properties": { "id": 14002955001, "lat": 38.267981, "lon": -121.3025384, "direction": 135.0, "operator": "Unknown", "brand": "Unknown", "STATEFP": "06", "COUNTYFP": "067", "TRACTCE": "009503", "BLKGRPCE": "3", "AFFGEOID": "1500000US060670095033", "GEOID": "060670095033", "NAME_x": "3", "NAMELSAD": "Block Group 3", "LSAD": "BG", "ALAND": 2815573, "AWATER": 0, "NAME_y": "Block Group 3; Census Tract 95.03; Sacramento County; California", "pop_total": 803, "median_income": 47852.0, "pop_white": "586", "pop_black": 0, "pop_native": "0", "pop_asian": "51", "pop_pacific": "47", "pop_other": "101", "pop_two_plus": "18", "pop_hispanic": 300, "pop_non_citizen": null, "poverty_universe": null, "pop_poverty": null, "total_households": 409, "renter_occupied": 72, "unemployed": "44", "single_parent_households": "36", "state": "06", "county": "067", "tract": "009503", "block group": "3", "surveilled_sites_count": 0, "surveilled_sites_list": "None", "surveilled_categories": "None", "pct_poverty": null, "pct_renter": 17.603911980440099, "pct_non_citizen": null, "pct_black": 0.0, "pct_hispanic": 37.359900373599004 }, "geometry": { "type": "Point", "coordinates": [ -121.302538400000017, 38.267981 ] } },
{ "type": "Feature", "properties": { "id": 14002962302, "lat": 38.2748278, "lon": -121.3043819, "direction": 119.0, "operator": "Unknown", "brand": "Unknown", "STATEFP": "06", "COUNTYFP": "067", "TRACTCE": "009503", "BLKGRPCE": "3", "AFFGEOID": "1500000US060670095033", "GEOID": "060670095033", "NAME_x": "3", "NAMELSAD": "Block Group 3", "LSAD": "BG", "ALAND": 2815573, "AWATER": 0, "NAME_y": "Block Group 3; Census Tract 95.03; Sacramento County; California", "pop_total": 803, "median_income": 47852.0, "pop_white": "586", "pop_black": 0, "pop_native": "0", "pop_asian": "51", "pop_pacific": "47", "pop_other": "101", "pop_two_plus": "18", "pop_hispanic": 300, "pop_non_citizen": null, "poverty_universe": null, "pop_poverty": null, "total_households": 409, "renter_occupied": 72, "unemployed": "44", "single_parent_households": "36", "state": "06", "county": "067", "tract": "009503", "block group": "3", "surveilled_sites_count": 0, "surveilled_sites_list": "None", "surveilled_categories": "None", "pct_poverty": null, "pct_renter": 17.603911980440099, "pct_non_citizen": null, "pct_black": 0.0, "pct_hispanic": 37.359900373599004 }, "geometry": { "type": "Point", "coordinates": [ -121.304381899999981, 38.2748278 ] } },
{ "type": "Feature", "properties": { "id": 14003128701, "lat": 38.2519631, "lon": -121.3072567, "direction": 210.0, "operator": "Unknown", "brand": "Unknown", "STATEFP": "06", "COUNTYFP": "067", "TRACTCE": "009502", "BLKGRPCE": "4", "AFFGEOID": "1500000US060670095024", "GEOID": "060670095024", "NAME_x": "4", "NAMELSAD": "Block Group 4", "LSAD": "BG", "ALAND": 644213, "AWATER": 0, "NAME_y": "Block Group 4; Census Tract 95.02; Sacramento County; California", "pop_total": 1659, "median_income": 76291.0, "pop_white": "1228", "pop_black": 0, "pop_native": "0", "pop_asian": "0", "pop_pacific": "0", "pop_other": "367", "pop_two_plus": "64", "pop_hispanic": 776, "pop_non_citizen": null, "poverty_universe": null, "pop_poverty": null, "total_households": 451, "renter_occupied": 38, "unemployed": "40", "single_parent_households": "199", "state": "06", "county": "067", "tract": "009502", "block group": "4", "surveilled_sites_count": 0, "surveilled_sites_list": "None", "surveilled_categories": "None", "pct_poverty": null, "pct_renter": 8.4257206208425721, "pct_non_citizen": null, "pct_black": 0.0, "pct_hispanic": 46.775165762507534 }, "geometry": { "type": "Point", "coordinates": [ -121.307256700000011, 38.251963100000012 ] } },
{ "type": "Feature", "properties": { "id": 14003132201, "lat": 38.240312, "lon": -121.297612, "direction": 101.0, "operator": "Unknown", "brand": "Unknown", "STATEFP": "06", "COUNTYFP": "067", "TRACTCE": "009504", "BLKGRPCE": "1", "AFFGEOID": "1500000US060670095041", "GEOID": "060670095041", "NAME_x": "1", "NAMELSAD": "Block Group 1", "LSAD": "BG", "ALAND": 2236615, "AWATER": 0, "NAME_y": "Block Group 1; Census Tract 95.04; Sacramento County; California", "pop_total": 3204, "median_income": 65833.0, "pop_white": "1637", "pop_black": 58, "pop_native": "37", "pop_asian": "33", "pop_pacific": "0", "pop_other": "687", "pop_two_plus": "752", "pop_hispanic": 1617, "pop_non_citizen": null, "poverty_universe": null, "pop_poverty": null, "total_households": 928, "renter_occupied": 446, "unemployed": "235", "single_parent_households": "319", "state": "06", "county": "067", "tract": "009504", "block group": "1", "surveilled_sites_count": 0, "surveilled_sites_list": "None", "surveilled_categories": "None", "pct_poverty": null, "pct_renter": 48.060344827586206, "pct_non_citizen": null, "pct_black": 1.8102372034956304, "pct_hispanic": 50.468164794007485 }, "geometry": { "type": "Point", "coordinates": [ -121.297612, 38.240312 ] } },
{ "type": "Feature", "properties": { "id": 14003134202, "lat": 38.2518171, "lon": -121.2969254, "direction": 129.0, "operator": "Unknown", "brand": "Unknown", "STATEFP": "06", "COUNTYFP": "067", "TRACTCE": "009504", "BLKGRPCE": "1", "AFFGEOID": "1500000US060670095041", "GEOID": "060670095041", "NAME_x": "1", "NAMELSAD": "Block Group 1", "LSAD": "BG", "ALAND": 2236615, "AWATER": 0, "NAME_y": "Block Group 1; Census Tract 95.04; Sacramento County; California", "pop_total": 3204, "median_income": 65833.0, "pop_white": "1637", "pop_black": 58, "pop_native": "37", "pop_asian": "33", "pop_pacific": "0", "pop_other": "687", "pop_two_plus": "752", "pop_hispanic": 1617, "pop_non_citizen": null, "poverty_universe": null, "pop_poverty": null, "total_households": 928, "renter_occupied": 446, "unemployed": "235", "single_parent_households": "319", "state": "06", "county": "067", "tract": "009504", "block group": "1", "surveilled_sites_count": 0, "surveilled_sites_list": "None", "surveilled_categories": "None", "pct_poverty": null, "pct_renter": 48.060344827586206, "pct_non_citizen": null, "pct_black": 1.8102372034956304, "pct_hispanic": 50.468164794007485 }, "geometry": { "type": "Point", "coordinates": [ -121.2969254, 38.251817100000011 ] } },
{ "type": "Feature", "properties": { "id": 14003711001, "lat": 38.605544, "lon": -121.269369, "direction": 152.0, "operator": "Unknown", "brand": "Unknown", "STATEFP": "06", "COUNTYFP": "067", "TRACTCE": "009010", "BLKGRPCE": "4", "AFFGEOID": "1500000US060670090104", "GEOID": "060670090104", "NAME_x": "4", "NAMELSAD": "Block Group 4", "LSAD": "BG", "ALAND": 4137963, "AWATER": 0, "NAME_y": "Block Group 4; Census Tract 90.10; Sacramento County; California", "pop_total": 1708, "median_income": 101818.0, "pop_white": "723", "pop_black": 387, "pop_native": "0", "pop_asian": "185", "pop_pacific": "0", "pop_other": "91", "pop_two_plus": "322", "pop_hispanic": 151, "pop_non_citizen": null, "poverty_universe": null, "pop_poverty": null, "total_households": 756, "renter_occupied": 251, "unemployed": "71", "single_parent_households": "164", "state": "06", "county": "067", "tract": "009010", "block group": "4", "surveilled_sites_count": 0, "surveilled_sites_list": "None", "surveilled_categories": "None", "pct_poverty": null, "pct_renter": 33.201058201058203, "pct_non_citizen": null, "pct_black": 22.658079625292739, "pct_hispanic": 8.840749414519907 }, "geometry": { "type": "Point", "coordinates": [ -121.269369, 38.605544 ] } },
{ "type": "Feature", "properties": { "id": 14015894702, "lat": 38.4962265, "lon": -121.4591572, "direction": 85.0, "operator": "Unknown", "brand": "Unknown", "STATEFP": "06", "COUNTYFP": "067", "TRACTCE": "004502", "BLKGRPCE": "3", "AFFGEOID": "1500000US060670045023", "GEOID": "060670045023", "NAME_x": "3", "NAMELSAD": "Block Group 3", "LSAD": "BG", "ALAND": 667225, "AWATER": 0, "NAME_y": "Block Group 3; Census Tract 45.02; Sacramento County; California", "pop_total": 2162, "median_income": 52634.0, "pop_white": "223", "pop_black": 604, "pop_native": "24", "pop_asian": "449", "pop_pacific": "134", "pop_other": "623", "pop_two_plus": "105", "pop_hispanic": 694, "pop_non_citizen": null, "poverty_universe": null, "pop_poverty": null, "total_households": 631, "renter_occupied": 403, "unemployed": "50", "single_parent_households": "242", "state": "06", "county": "067", "tract": "004502", "block group": "3", "surveilled_sites_count": 0, "surveilled_sites_list": "None", "surveilled_categories": "None", "pct_poverty": null, "pct_renter": 63.866877971473848, "pct_non_citizen": null, "pct_black": 27.937095282146164, "pct_hispanic": 32.099907493061977 }, "geometry": { "type": "Point", "coordinates": [ -121.4591572, 38.4962265 ] } },
{ "type": "Feature", "properties": { "id": 14018060001, "lat": 38.5465258, "lon": -121.2692127, "direction": 236.0, "operator": "Unknown", "brand": "Unknown", "STATEFP": "06", "COUNTYFP": "067", "TRACTCE": "008802", "BLKGRPCE": "1", "AFFGEOID": "1500000US060670088021", "GEOID": "060670088021", "NAME_x": "1", "NAMELSAD": "Block Group 1", "LSAD": "BG", "ALAND": 9196451, "AWATER": 0, "NAME_y": "Block Group 1; Census Tract 88.02; Sacramento County; California", "pop_total": 983, "median_income": 154000.0, "pop_white": "610", "pop_black": 65, "pop_native": "4", "pop_asian": "133", "pop_pacific": "0", "pop_other": "4", "pop_two_plus": "167", "pop_hispanic": 101, "pop_non_citizen": null, "poverty_universe": null, "pop_poverty": null, "total_households": 320, "renter_occupied": 5, "unemployed": "16", "single_parent_households": "127", "state": "06", "county": "067", "tract": "008802", "block group": "1", "surveilled_sites_count": 0, "surveilled_sites_list": "None", "surveilled_categories": "None", "pct_poverty": null, "pct_renter": 1.5625, "pct_non_citizen": null, "pct_black": 6.6124109867751777, "pct_hispanic": 10.274669379450661 }, "geometry": { "type": "Point", "coordinates": [ -121.269212699999983, 38.546525799999976 ] } },
{ "type": "Feature", "properties": { "id": 14021162343, "lat": 38.5565043, "lon": -121.4736826, "direction": 80.0, "operator": "Unknown", "brand": "Unknown", "STATEFP": "06", "COUNTYFP": "067", "TRACTCE": "002700", "BLKGRPCE": "2", "AFFGEOID": "1500000US060670027002", "GEOID": "060670027002", "NAME_x": "2", "NAMELSAD": "Block Group 2", "LSAD": "BG", "ALAND": 418459, "AWATER": 0, "NAME_y": "Block Group 2; Census Tract 27; Sacramento County; California", "pop_total": 1046, "median_income": 57727.0, "pop_white": "665", "pop_black": 78, "pop_native": "35", "pop_asian": "60", "pop_pacific": "0", "pop_other": "43", "pop_two_plus": "165", "pop_hispanic": 192, "pop_non_citizen": null, "poverty_universe": null, "pop_poverty": null, "total_households": 502, "renter_occupied": 401, "unemployed": "13", "single_parent_households": "23", "state": "06", "county": "067", "tract": "002700", "block group": "2", "surveilled_sites_count": 0, "surveilled_sites_list": "None", "surveilled_categories": "None", "pct_poverty": null, "pct_renter": 79.880478087649394, "pct_non_citizen": null, "pct_black": 7.4569789674952203, "pct_hispanic": 18.355640535372849 }, "geometry": { "type": "Point", "coordinates": [ -121.473682600000018, 38.556504299999965 ] } },
{ "type": "Feature", "properties": { "id": 14021282002, "lat": 38.6560119, "lon": -121.4972681, "direction": 0.0, "operator": "Unknown", "brand": "Unknown", "STATEFP": "06", "COUNTYFP": "067", "TRACTCE": "007019", "BLKGRPCE": "2", "AFFGEOID": "1500000US060670070192", "GEOID": "060670070192", "NAME_x": "2", "NAMELSAD": "Block Group 2", "LSAD": "BG", "ALAND": 5222064, "AWATER": 63637, "NAME_y": "Block Group 2; Census Tract 70.19; Sacramento County; California", "pop_total": 2129, "median_income": 141477.0, "pop_white": "356", "pop_black": 606, "pop_native": "0", "pop_asian": "367", "pop_pacific": "0", "pop_other": "95", "pop_two_plus": "705", "pop_hispanic": 621, "pop_non_citizen": null, "poverty_universe": null, "pop_poverty": null, "total_households": 595, "renter_occupied": 223, "unemployed": "68", "single_parent_households": "399", "state": "06", "county": "067", "tract": "007019", "block group": "2", "surveilled_sites_count": 0, "surveilled_sites_list": "None", "surveilled_categories": "None", "pct_poverty": null, "pct_renter": 37.478991596638657, "pct_non_citizen": null, "pct_black": 28.464067637388446, "pct_hispanic": 29.168623767026773 }, "geometry": { "type": "Point", "coordinates": [ -121.497268100000014, 38.656011900000024 ] } },
{ "type": "Feature", "properties": { "id": 14022770701, "lat": 38.290868, "lon": -121.3107819, "direction": 60.0, "operator": "Unknown", "brand": "Unknown", "STATEFP": "06", "COUNTYFP": "067", "TRACTCE": "009410", "BLKGRPCE": "3", "AFFGEOID": "1500000US060670094103", "GEOID": "060670094103", "NAME_x": "3", "NAMELSAD": "Block Group 3", "LSAD": "BG", "ALAND": 1086520, "AWATER": 0, "NAME_y": "Block Group 3; Census Tract 94.10; Sacramento County; California", "pop_total": 1858, "median_income": 102518.0, "pop_white": "1628", "pop_black": 9, "pop_native": "15", "pop_asian": "119", "pop_pacific": "0", "pop_other": "0", "pop_two_plus": "87", "pop_hispanic": 729, "pop_non_citizen": null, "poverty_universe": null, "pop_poverty": null, "total_households": 611, "renter_occupied": 35, "unemployed": "53", "single_parent_households": "324", "state": "06", "county": "067", "tract": "009410", "block group": "3", "surveilled_sites_count": 0, "surveilled_sites_list": "None", "surveilled_categories": "None", "pct_poverty": null, "pct_renter": 5.728314238952537, "pct_non_citizen": null, "pct_black": 0.48439181916038754, "pct_hispanic": 39.235737351991389 }, "geometry": { "type": "Point", "coordinates": [ -121.3107819, 38.290868 ] } },
{ "type": "Feature", "properties": { "id": 14023628474, "lat": 38.6031661, "lon": -121.393415, "direction": 330.0, "operator": "Kaiser Permanente", "brand": "Unknown", "STATEFP": "06", "COUNTYFP": "067", "TRACTCE": "005601", "BLKGRPCE": "3", "AFFGEOID": "1500000US060670056013", "GEOID": "060670056013", "NAME_x": "3", "NAMELSAD": "Block Group 3", "LSAD": "BG", "ALAND": 663416, "AWATER": 0, "NAME_y": "Block Group 3; Census Tract 56.01; Sacramento County; California", "pop_total": 1619, "median_income": 53750.0, "pop_white": "890", "pop_black": 0, "pop_native": "0", "pop_asian": "339", "pop_pacific": "204", "pop_other": "0", "pop_two_plus": "186", "pop_hispanic": 97, "pop_non_citizen": null, "poverty_universe": null, "pop_poverty": null, "total_households": 578, "renter_occupied": 529, "unemployed": "200", "single_parent_households": "165", "state": "06", "county": "067", "tract": "005601", "block group": "3", "surveilled_sites_count": 0, "surveilled_sites_list": "None", "surveilled_categories": "None", "pct_poverty": null, "pct_renter": 91.522491349480973, "pct_non_citizen": null, "pct_black": 0.0, "pct_hispanic": 5.9913526868437312 }, "geometry": { "type": "Point", "coordinates": [ -121.393415, 38.603166099999974 ] } },
{ "type": "Feature", "properties": { "id": 14023628475, "lat": 38.6031698, "lon": -121.3936137, "direction": 160.0, "operator": "Kaiser Permanente", "brand": "Unknown", "STATEFP": "06", "COUNTYFP": "067", "TRACTCE": "005601", "BLKGRPCE": "3", "AFFGEOID": "1500000US060670056013", "GEOID": "060670056013", "NAME_x": "3", "NAMELSAD": "Block Group 3", "LSAD": "BG", "ALAND": 663416, "AWATER": 0, "NAME_y": "Block Group 3; Census Tract 56.01; Sacramento County; California", "pop_total": 1619, "median_income": 53750.0, "pop_white": "890", "pop_black": 0, "pop_native": "0", "pop_asian": "339", "pop_pacific": "204", "pop_other": "0", "pop_two_plus": "186", "pop_hispanic": 97, "pop_non_citizen": null, "poverty_universe": null, "pop_poverty": null, "total_households": 578, "renter_occupied": 529, "unemployed": "200", "single_parent_households": "165", "state": "06", "county": "067", "tract": "005601", "block group": "3", "surveilled_sites_count": 0, "surveilled_sites_list": "None", "surveilled_categories": "None", "pct_poverty": null, "pct_renter": 91.522491349480973, "pct_non_citizen": null, "pct_black": 0.0, "pct_hispanic": 5.9913526868437312 }, "geometry": { "type": "Point", "coordinates": [ -121.3936137, 38.603169799999989 ] } },
{ "type": "Feature", "properties": { "id": 14023628476, "lat": 38.6011345, "lon": -121.3925705, "direction": 90.0, "operator": "Kaiser Permanente", "brand": "Unknown", "STATEFP": "06", "COUNTYFP": "067", "TRACTCE": "005601", "BLKGRPCE": "3", "AFFGEOID": "1500000US060670056013", "GEOID": "060670056013", "NAME_x": "3", "NAMELSAD": "Block Group 3", "LSAD": "BG", "ALAND": 663416, "AWATER": 0, "NAME_y": "Block Group 3; Census Tract 56.01; Sacramento County; California", "pop_total": 1619, "median_income": 53750.0, "pop_white": "890", "pop_black": 0, "pop_native": "0", "pop_asian": "339", "pop_pacific": "204", "pop_other": "0", "pop_two_plus": "186", "pop_hispanic": 97, "pop_non_citizen": null, "poverty_universe": null, "pop_poverty": null, "total_households": 578, "renter_occupied": 529, "unemployed": "200", "single_parent_households": "165", "state": "06", "county": "067", "tract": "005601", "block group": "3", "surveilled_sites_count": 0, "surveilled_sites_list": "None", "surveilled_categories": "None", "pct_poverty": null, "pct_renter": 91.522491349480973, "pct_non_citizen": null, "pct_black": 0.0, "pct_hispanic": 5.9913526868437312 }, "geometry": { "type": "Point", "coordinates": [ -121.3925705, 38.601134499999972 ] } },
{ "type": "Feature", "properties": { "id": 14023628477, "lat": 38.6009639, "lon": -121.3926001, "direction": 240.0, "operator": "Kaiser Permanente", "brand": "Unknown", "STATEFP": "06", "COUNTYFP": "067", "TRACTCE": "005601", "BLKGRPCE": "3", "AFFGEOID": "1500000US060670056013", "GEOID": "060670056013", "NAME_x": "3", "NAMELSAD": "Block Group 3", "LSAD": "BG", "ALAND": 663416, "AWATER": 0, "NAME_y": "Block Group 3; Census Tract 56.01; Sacramento County; California", "pop_total": 1619, "median_income": 53750.0, "pop_white": "890", "pop_black": 0, "pop_native": "0", "pop_asian": "339", "pop_pacific": "204", "pop_other": "0", "pop_two_plus": "186", "pop_hispanic": 97, "pop_non_citizen": null, "poverty_universe": null, "pop_poverty": null, "total_households": 578, "renter_occupied": 529, "unemployed": "200", "single_parent_households": "165", "state": "06", "county": "067", "tract": "005601", "block group": "3", "surveilled_sites_count": 0, "surveilled_sites_list": "None", "surveilled_categories": "None", "pct_poverty": null, "pct_renter": 91.522491349480973, "pct_non_citizen": null, "pct_black": 0.0, "pct_hispanic": 5.9913526868437312 }, "geometry": { "type": "Point", "coordinates": [ -121.39260010000001, 38.6009639 ] } },
{ "type": "Feature", "properties": { "id": 14023628478, "lat": 38.6008351, "lon": -121.3926675, "direction": 55.0, "operator": "Kaiser Permanente", "brand": "Unknown", "STATEFP": "06", "COUNTYFP": "067", "TRACTCE": "005601", "BLKGRPCE": "3", "AFFGEOID": "1500000US060670056013", "GEOID": "060670056013", "NAME_x": "3", "NAMELSAD": "Block Group 3", "LSAD": "BG", "ALAND": 663416, "AWATER": 0, "NAME_y": "Block Group 3; Census Tract 56.01; Sacramento County; California", "pop_total": 1619, "median_income": 53750.0, "pop_white": "890", "pop_black": 0, "pop_native": "0", "pop_asian": "339", "pop_pacific": "204", "pop_other": "0", "pop_two_plus": "186", "pop_hispanic": 97, "pop_non_citizen": null, "poverty_universe": null, "pop_poverty": null, "total_households": 578, "renter_occupied": 529, "unemployed": "200", "single_parent_households": "165", "state": "06", "county": "067", "tract": "005601", "block group": "3", "surveilled_sites_count": 0, "surveilled_sites_list": "None", "surveilled_categories": "None", "pct_poverty": null, "pct_renter": 91.522491349480973, "pct_non_citizen": null, "pct_black": 0.0, "pct_hispanic": 5.9913526868437312 }, "geometry": { "type": "Point", "coordinates": [ -121.3926675, 38.6008351 ] } },
{ "type": "Feature", "properties": { "id": 14023628479, "lat": 38.6002439, "lon": -121.3945369, "direction": 160.0, "operator": "Kaiser Permanente", "brand": "Unknown", "STATEFP": "06", "COUNTYFP": "067", "TRACTCE": "005601", "BLKGRPCE": "3", "AFFGEOID": "1500000US060670056013", "GEOID": "060670056013", "NAME_x": "3", "NAMELSAD": "Block Group 3", "LSAD": "BG", "ALAND": 663416, "AWATER": 0, "NAME_y": "Block Group 3; Census Tract 56.01; Sacramento County; California", "pop_total": 1619, "median_income": 53750.0, "pop_white": "890", "pop_black": 0, "pop_native": "0", "pop_asian": "339", "pop_pacific": "204", "pop_other": "0", "pop_two_plus": "186", "pop_hispanic": 97, "pop_non_citizen": null, "poverty_universe": null, "pop_poverty": null, "total_households": 578, "renter_occupied": 529, "unemployed": "200", "single_parent_households": "165", "state": "06", "county": "067", "tract": "005601", "block group": "3", "surveilled_sites_count": 0, "surveilled_sites_list": "None", "surveilled_categories": "None", "pct_poverty": null, "pct_renter": 91.522491349480973, "pct_non_citizen": null, "pct_black": 0.0, "pct_hispanic": 5.9913526868437312 }, "geometry": { "type": "Point", "coordinates": [ -121.3945369, 38.600243899999981 ] } },
{ "type": "Feature", "properties": { "id": 14024777701, "lat": 38.1178516, "lon": -121.6278957, "direction": 63.0, "operator": "Unknown", "brand": "Unknown", "STATEFP": "06", "COUNTYFP": "067", "TRACTCE": "009800", "BLKGRPCE": "2", "AFFGEOID": "1500000US060670098002", "GEOID": "060670098002", "NAME_x": "2", "NAMELSAD": "Block Group 2", "LSAD": "BG", "ALAND": 95984505, "AWATER": 37501213, "NAME_y": "Block Group 2; Census Tract 98; Sacramento County; California", "pop_total": 743, "median_income": 38125.0, "pop_white": "663", "pop_black": 24, "pop_native": "0", "pop_asian": "0", "pop_pacific": "0", "pop_other": "24", "pop_two_plus": "32", "pop_hispanic": 29, "pop_non_citizen": null, "poverty_universe": null, "pop_poverty": null, "total_households": 414, "renter_occupied": 88, "unemployed": "34", "single_parent_households": "93", "state": "06", "county": "067", "tract": "009800", "block group": "2", "surveilled_sites_count": 0, "surveilled_sites_list": "None", "surveilled_categories": "None", "pct_poverty": null, "pct_renter": 21.256038647342994, "pct_non_citizen": null, "pct_black": 3.2301480484522207, "pct_hispanic": 3.9030955585464335 }, "geometry": { "type": "Point", "coordinates": [ -121.6278957, 38.1178516 ] } },
{ "type": "Feature", "properties": { "id": 14024780601, "lat": 38.1224714, "lon": -121.6822987, "direction": 247.0, "operator": "Unknown", "brand": "Unknown", "STATEFP": "06", "COUNTYFP": "067", "TRACTCE": "009800", "BLKGRPCE": "2", "AFFGEOID": "1500000US060670098002", "GEOID": "060670098002", "NAME_x": "2", "NAMELSAD": "Block Group 2", "LSAD": "BG", "ALAND": 95984505, "AWATER": 37501213, "NAME_y": "Block Group 2; Census Tract 98; Sacramento County; California", "pop_total": 743, "median_income": 38125.0, "pop_white": "663", "pop_black": 24, "pop_native": "0", "pop_asian": "0", "pop_pacific": "0", "pop_other": "24", "pop_two_plus": "32", "pop_hispanic": 29, "pop_non_citizen": null, "poverty_universe": null, "pop_poverty": null, "total_households": 414, "renter_occupied": 88, "unemployed": "34", "single_parent_households": "93", "state": "06", "county": "067", "tract": "009800", "block group": "2", "surveilled_sites_count": 0, "surveilled_sites_list": "None", "surveilled_categories": "None", "pct_poverty": null, "pct_renter": 21.256038647342994, "pct_non_citizen": null, "pct_black": 3.2301480484522207, "pct_hispanic": 3.9030955585464335 }, "geometry": { "type": "Point", "coordinates": [ -121.6822987, 38.122471400000023 ] } },
{ "type": "Feature", "properties": { "id": 14024788501, "lat": 38.1566863, "lon": -121.67936, "direction": 162.0, "operator": "Unknown", "brand": "Unknown", "STATEFP": "06", "COUNTYFP": "067", "TRACTCE": "009800", "BLKGRPCE": "2", "AFFGEOID": "1500000US060670098002", "GEOID": "060670098002", "NAME_x": "2", "NAMELSAD": "Block Group 2", "LSAD": "BG", "ALAND": 95984505, "AWATER": 37501213, "NAME_y": "Block Group 2; Census Tract 98; Sacramento County; California", "pop_total": 743, "median_income": 38125.0, "pop_white": "663", "pop_black": 24, "pop_native": "0", "pop_asian": "0", "pop_pacific": "0", "pop_other": "24", "pop_two_plus": "32", "pop_hispanic": 29, "pop_non_citizen": null, "poverty_universe": null, "pop_poverty": null, "total_households": 414, "renter_occupied": 88, "unemployed": "34", "single_parent_households": "93", "state": "06", "county": "067", "tract": "009800", "block group": "2", "surveilled_sites_count": 0, "surveilled_sites_list": "None", "surveilled_categories": "None", "pct_poverty": null, "pct_renter": 21.256038647342994, "pct_non_citizen": null, "pct_black": 3.2301480484522207, "pct_hispanic": 3.9030955585464335 }, "geometry": { "type": "Point", "coordinates": [ -121.67936, 38.1566863 ] } },
{ "type": "Feature", "properties": { "id": 14024789601, "lat": 38.1288035, "lon": -121.5853203, "direction": 281.0, "operator": "Unknown", "brand": "Unknown", "STATEFP": "06", "COUNTYFP": "067", "TRACTCE": "009800", "BLKGRPCE": "1", "AFFGEOID": "1500000US060670098001", "GEOID": "060670098001", "NAME_x": "1", "NAMELSAD": "Block Group 1", "LSAD": "BG", "ALAND": 20693152, "AWATER": 1946344, "NAME_y": "Block Group 1; Census Tract 98; Sacramento County; California", "pop_total": 770, "median_income": 51977.0, "pop_white": "536", "pop_black": 0, "pop_native": "0", "pop_asian": "37", "pop_pacific": "0", "pop_other": "132", "pop_two_plus": "65", "pop_hispanic": 319, "pop_non_citizen": null, "poverty_universe": null, "pop_poverty": null, "total_households": 380, "renter_occupied": 83, "unemployed": "63", "single_parent_households": "54", "state": "06", "county": "067", "tract": "009800", "block group": "1", "surveilled_sites_count": 0, "surveilled_sites_list": "None", "surveilled_categories": "None", "pct_poverty": null, "pct_renter": 21.842105263157897, "pct_non_citizen": null, "pct_black": 0.0, "pct_hispanic": 41.428571428571431 }, "geometry": { "type": "Point", "coordinates": [ -121.5853203, 38.1288035 ] } },
{ "type": "Feature", "properties": { "id": 14025550701, "lat": 38.375522, "lon": -121.3639174, "direction": 220.0, "operator": "Unknown", "brand": "Unknown", "STATEFP": "06", "COUNTYFP": "067", "TRACTCE": "009652", "BLKGRPCE": "1", "AFFGEOID": "1500000US060670096521", "GEOID": "060670096521", "NAME_x": "1", "NAMELSAD": "Block Group 1", "LSAD": "BG", "ALAND": 2111770, "AWATER": 0, "NAME_y": "Block Group 1; Census Tract 96.52; Sacramento County; California", "pop_total": 940, "median_income": 149706.0, "pop_white": "50", "pop_black": 0, "pop_native": "0", "pop_asian": "766", "pop_pacific": "0", "pop_other": "0", "pop_two_plus": "124", "pop_hispanic": 101, "pop_non_citizen": null, "poverty_universe": null, "pop_poverty": null, "total_households": 312, "renter_occupied": 0, "unemployed": "66", "single_parent_households": "128", "state": "06", "county": "067", "tract": "009652", "block group": "1", "surveilled_sites_count": 0, "surveilled_sites_list": "None", "surveilled_categories": "None", "pct_poverty": null, "pct_renter": 0.0, "pct_non_citizen": null, "pct_black": 0.0, "pct_hispanic": 10.74468085106383 }, "geometry": { "type": "Point", "coordinates": [ -121.36391740000002, 38.375522 ] } },
{ "type": "Feature", "properties": { "id": 14027993501, "lat": 38.3792919, "lon": -121.449708, "direction": 255.0, "operator": "Unknown", "brand": "Unknown", "STATEFP": "06", "COUNTYFP": "067", "TRACTCE": "009646", "BLKGRPCE": "2", "AFFGEOID": "1500000US060670096462", "GEOID": "060670096462", "NAME_x": "2", "NAMELSAD": "Block Group 2", "LSAD": "BG", "ALAND": 640313, "AWATER": 0, "NAME_y": "Block Group 2; Census Tract 96.46; Sacramento County; California", "pop_total": 2408, "median_income": 88841.0, "pop_white": "518", "pop_black": 32, "pop_native": "24", "pop_asian": "1058", "pop_pacific": "0", "pop_other": "585", "pop_two_plus": "191", "pop_hispanic": 779, "pop_non_citizen": null, "poverty_universe": null, "pop_poverty": null, "total_households": 620, "renter_occupied": 159, "unemployed": "23", "single_parent_households": "402", "state": "06", "county": "067", "tract": "009646", "block group": "2", "surveilled_sites_count": 0, "surveilled_sites_list": "None", "surveilled_categories": "None", "pct_poverty": null, "pct_renter": 25.645161290322584, "pct_non_citizen": null, "pct_black": 1.3289036544850499, "pct_hispanic": 32.35049833887043 }, "geometry": { "type": "Point", "coordinates": [ -121.449708, 38.379291900000027 ] } },
{ "type": "Feature", "properties": { "id": 14028749303, "lat": 38.4583623, "lon": -121.3165435, "direction": 42.0, "operator": "Unknown", "brand": "Unknown", "STATEFP": "06", "COUNTYFP": "067", "TRACTCE": "009326", "BLKGRPCE": "2", "AFFGEOID": "1500000US060670093262", "GEOID": "060670093262", "NAME_x": "2", "NAMELSAD": "Block Group 2", "LSAD": "BG", "ALAND": 917889, "AWATER": 0, "NAME_y": "Block Group 2; Census Tract 93.26; Sacramento County; California", "pop_total": 844, "median_income": 197019.0, "pop_white": "460", "pop_black": 0, "pop_native": "0", "pop_asian": "247", "pop_pacific": "9", "pop_other": "34", "pop_two_plus": "94", "pop_hispanic": 61, "pop_non_citizen": null, "poverty_universe": null, "pop_poverty": null, "total_households": 297, "renter_occupied": 8, "unemployed": "0", "single_parent_households": "125", "state": "06", "county": "067", "tract": "009326", "block group": "2", "surveilled_sites_count": 0, "surveilled_sites_list": "None", "surveilled_categories": "None", "pct_poverty": null, "pct_renter": 2.6936026936026933, "pct_non_citizen": null, "pct_black": 0.0, "pct_hispanic": 7.2274881516587675 }, "geometry": { "type": "Point", "coordinates": [ -121.3165435, 38.4583623 ] } },
{ "type": "Feature", "properties": { "id": 14029203701, "lat": 38.2550212, "lon": -121.290795, "direction": 77.0, "operator": "Unknown", "brand": "Unknown", "STATEFP": "06", "COUNTYFP": "067", "TRACTCE": "009408", "BLKGRPCE": "1", "AFFGEOID": "1500000US060670094081", "GEOID": "060670094081", "NAME_x": "1", "NAMELSAD": "Block Group 1", "LSAD": "BG", "ALAND": 16083047, "AWATER": 57778, "NAME_y": "Block Group 1; Census Tract 94.08; Sacramento County; California", "pop_total": 1776, "median_income": 104107.0, "pop_white": "1396", "pop_black": 14, "pop_native": "0", "pop_asian": "48", "pop_pacific": "0", "pop_other": "89", "pop_two_plus": "229", "pop_hispanic": 412, "pop_non_citizen": null, "poverty_universe": null, "pop_poverty": null, "total_households": 627, "renter_occupied": 43, "unemployed": "8", "single_parent_households": "275", "state": "06", "county": "067", "tract": "009408", "block group": "1", "surveilled_sites_count": 0, "surveilled_sites_list": "None", "surveilled_categories": "None", "pct_poverty": null, "pct_renter": 6.8580542264752795, "pct_non_citizen": null, "pct_black": 0.78828828828828823, "pct_hispanic": 23.198198198198199 }, "geometry": { "type": "Point", "coordinates": [ -121.290795, 38.255021200000016 ] } },
{ "type": "Feature", "properties": { "id": 14030021102, "lat": 38.6379181, "lon": -121.3094939, "direction": 245.0, "operator": "Unknown", "brand": "Unknown", "STATEFP": "06", "COUNTYFP": "067", "TRACTCE": "007906", "BLKGRPCE": "2", "AFFGEOID": "1500000US060670079062", "GEOID": "060670079062", "NAME_x": "2", "NAMELSAD": "Block Group 2", "LSAD": "BG", "ALAND": 649759, "AWATER": 0, "NAME_y": "Block Group 2; Census Tract 79.06; Sacramento County; California", "pop_total": 1305, "median_income": 58561.0, "pop_white": "959", "pop_black": 30, "pop_native": "14", "pop_asian": "130", "pop_pacific": "0", "pop_other": "106", "pop_two_plus": "66", "pop_hispanic": 161, "pop_non_citizen": null, "poverty_universe": null, "pop_poverty": null, "total_households": 481, "renter_occupied": 290, "unemployed": "37", "single_parent_households": "102", "state": "06", "county": "067", "tract": "007906", "block group": "2", "surveilled_sites_count": 0, "surveilled_sites_list": "None", "surveilled_categories": "None", "pct_poverty": null, "pct_renter": 60.291060291060298, "pct_non_citizen": null, "pct_black": 2.2988505747126435, "pct_hispanic": 12.337164750957855 }, "geometry": { "type": "Point", "coordinates": [ -121.3094939, 38.637918099999986 ] } },
{ "type": "Feature", "properties": { "id": 14030022601, "lat": 38.6377955, "lon": -121.3101709, "direction": 68.0, "operator": "Unknown", "brand": "Unknown", "STATEFP": "06", "COUNTYFP": "067", "TRACTCE": "007906", "BLKGRPCE": "2", "AFFGEOID": "1500000US060670079062", "GEOID": "060670079062", "NAME_x": "2", "NAMELSAD": "Block Group 2", "LSAD": "BG", "ALAND": 649759, "AWATER": 0, "NAME_y": "Block Group 2; Census Tract 79.06; Sacramento County; California", "pop_total": 1305, "median_income": 58561.0, "pop_white": "959", "pop_black": 30, "pop_native": "14", "pop_asian": "130", "pop_pacific": "0", "pop_other": "106", "pop_two_plus": "66", "pop_hispanic": 161, "pop_non_citizen": null, "poverty_universe": null, "pop_poverty": null, "total_households": 481, "renter_occupied": 290, "unemployed": "37", "single_parent_households": "102", "state": "06", "county": "067", "tract": "007906", "block group": "2", "surveilled_sites_count": 0, "surveilled_sites_list": "None", "surveilled_categories": "None", "pct_poverty": null, "pct_renter": 60.291060291060298, "pct_non_citizen": null, "pct_black": 2.2988505747126435, "pct_hispanic": 12.337164750957855 }, "geometry": { "type": "Point", "coordinates": [ -121.3101709, 38.637795500000017 ] } },
{ "type": "Feature", "properties": { "id": 14030254101, "lat": 38.4521169, "lon": -121.2774239, "direction": 187.0, "operator": "Unknown", "brand": "Unknown", "STATEFP": "06", "COUNTYFP": "067", "TRACTCE": "009336", "BLKGRPCE": "3", "AFFGEOID": "1500000US060670093363", "GEOID": "060670093363", "NAME_x": "3", "NAMELSAD": "Block Group 3", "LSAD": "BG", "ALAND": 7755220, "AWATER": 0, "NAME_y": "Block Group 3; Census Tract 93.36; Sacramento County; California", "pop_total": 2228, "median_income": 132333.0, "pop_white": "1170", "pop_black": 18, "pop_native": "20", "pop_asian": "410", "pop_pacific": "5", "pop_other": "188", "pop_two_plus": "417", "pop_hispanic": 597, "pop_non_citizen": null, "poverty_universe": null, "pop_poverty": null, "total_households": 658, "renter_occupied": 137, "unemployed": "15", "single_parent_households": "236", "state": "06", "county": "067", "tract": "009336", "block group": "3", "surveilled_sites_count": 0, "surveilled_sites_list": "None", "surveilled_categories": "None", "pct_poverty": null, "pct_renter": 20.820668693009118, "pct_non_citizen": null, "pct_black": 0.80789946140035895, "pct_hispanic": 26.795332136445243 }, "geometry": { "type": "Point", "coordinates": [ -121.2774239, 38.4521169 ] } },
{ "type": "Feature", "properties": { "id": 14045784701, "lat": 38.4978329, "lon": -121.0941784, "direction": 67.0, "operator": "Unknown", "brand": "Unknown", "STATEFP": "06", "COUNTYFP": "067", "TRACTCE": "008601", "BLKGRPCE": "1", "AFFGEOID": "1500000US060670086011", "GEOID": "060670086011", "NAME_x": "1", "NAMELSAD": "Block Group 1", "LSAD": "BG", "ALAND": 26983844, "AWATER": 697827, "NAME_y": "Block Group 1; Census Tract 86.01; Sacramento County; California", "pop_total": 2509, "median_income": 143088.0, "pop_white": "1900", "pop_black": 268, "pop_native": "0", "pop_asian": "31", "pop_pacific": "0", "pop_other": "70", "pop_two_plus": "240", "pop_hispanic": 283, "pop_non_citizen": null, "poverty_universe": null, "pop_poverty": null, "total_households": 932, "renter_occupied": 95, "unemployed": "33", "single_parent_households": "234", "state": "06", "county": "067", "tract": "008601", "block group": "1", "surveilled_sites_count": 0, "surveilled_sites_list": "None", "surveilled_categories": "None", "pct_poverty": null, "pct_renter": 10.193133047210301, "pct_non_citizen": null, "pct_black": 10.681546432841769, "pct_hispanic": 11.279394180948584 }, "geometry": { "type": "Point", "coordinates": [ -121.0941784, 38.4978329 ] } },
{ "type": "Feature", "properties": { "id": 14047618301, "lat": 38.6931359, "lon": -121.12985, "direction": 48.0, "operator": "Unknown", "brand": "Unknown", "STATEFP": "06", "COUNTYFP": "067", "TRACTCE": "008501", "BLKGRPCE": "4", "AFFGEOID": "1500000US060670085014", "GEOID": "060670085014", "NAME_x": "4", "NAMELSAD": "Block Group 4", "LSAD": "BG", "ALAND": 2535030, "AWATER": 4198404, "NAME_y": "Block Group 4; Census Tract 85.01; Sacramento County; California", "pop_total": 1518, "median_income": 136500.0, "pop_white": "753", "pop_black": 0, "pop_native": "0", "pop_asian": "709", "pop_pacific": "0", "pop_other": "13", "pop_two_plus": "43", "pop_hispanic": 105, "pop_non_citizen": null, "poverty_universe": null, "pop_poverty": null, "total_households": 562, "renter_occupied": 93, "unemployed": "38", "single_parent_households": "379", "state": "06", "county": "067", "tract": "008501", "block group": "4", "surveilled_sites_count": 0, "surveilled_sites_list": "None", "surveilled_categories": "None", "pct_poverty": null, "pct_renter": 16.548042704626333, "pct_non_citizen": null, "pct_black": 0.0, "pct_hispanic": 6.9169960474308301 }, "geometry": { "type": "Point", "coordinates": [ -121.12985, 38.6931359 ] } },
{ "type": "Feature", "properties": { "id": 14047618601, "lat": 38.6932976, "lon": -121.1298853, "direction": 230.0, "operator": "Unknown", "brand": "Unknown", "STATEFP": "06", "COUNTYFP": "067", "TRACTCE": "008501", "BLKGRPCE": "4", "AFFGEOID": "1500000US060670085014", "GEOID": "060670085014", "NAME_x": "4", "NAMELSAD": "Block Group 4", "LSAD": "BG", "ALAND": 2535030, "AWATER": 4198404, "NAME_y": "Block Group 4; Census Tract 85.01; Sacramento County; California", "pop_total": 1518, "median_income": 136500.0, "pop_white": "753", "pop_black": 0, "pop_native": "0", "pop_asian": "709", "pop_pacific": "0", "pop_other": "13", "pop_two_plus": "43", "pop_hispanic": 105, "pop_non_citizen": null, "poverty_universe": null, "pop_poverty": null, "total_households": 562, "renter_occupied": 93, "unemployed": "38", "single_parent_households": "379", "state": "06", "county": "067", "tract": "008501", "block group": "4", "surveilled_sites_count": 0, "surveilled_sites_list": "None", "surveilled_categories": "None", "pct_poverty": null, "pct_renter": 16.548042704626333, "pct_non_citizen": null, "pct_black": 0.0, "pct_hispanic": 6.9169960474308301 }, "geometry": { "type": "Point", "coordinates": [ -121.1298853, 38.6932976 ] } },
{ "type": "Feature", "properties": { "id": 14047647401, "lat": 38.6817967, "lon": -121.1852914, "direction": 195.0, "operator": "Unknown", "brand": "Unknown", "STATEFP": "06", "COUNTYFP": "067", "TRACTCE": "008209", "BLKGRPCE": "1", "AFFGEOID": "1500000US060670082091", "GEOID": "060670082091", "NAME_x": "1", "NAMELSAD": "Block Group 1", "LSAD": "BG", "ALAND": 1739559, "AWATER": 54226, "NAME_y": "Block Group 1; Census Tract 82.09; Sacramento County; California", "pop_total": 1851, "median_income": 98750.0, "pop_white": "1451", "pop_black": 55, "pop_native": "0", "pop_asian": "155", "pop_pacific": "0", "pop_other": "57", "pop_two_plus": "133", "pop_hispanic": 90, "pop_non_citizen": null, "poverty_universe": null, "pop_poverty": null, "total_households": 883, "renter_occupied": 370, "unemployed": "36", "single_parent_households": "149", "state": "06", "county": "067", "tract": "008209", "block group": "1", "surveilled_sites_count": 0, "surveilled_sites_list": "None", "surveilled_categories": "None", "pct_poverty": null, "pct_renter": 41.902604756511892, "pct_non_citizen": null, "pct_black": 2.9713668287412212, "pct_hispanic": 4.8622366288492707 }, "geometry": { "type": "Point", "coordinates": [ -121.1852914, 38.681796700000035 ] } },
{ "type": "Feature", "properties": { "id": 14047671001, "lat": 38.6822328, "lon": -121.1847917, "direction": 35.0, "operator": "Unknown", "brand": "Unknown", "STATEFP": "06", "COUNTYFP": "067", "TRACTCE": "008209", "BLKGRPCE": "1", "AFFGEOID": "1500000US060670082091", "GEOID": "060670082091", "NAME_x": "1", "NAMELSAD": "Block Group 1", "LSAD": "BG", "ALAND": 1739559, "AWATER": 54226, "NAME_y": "Block Group 1; Census Tract 82.09; Sacramento County; California", "pop_total": 1851, "median_income": 98750.0, "pop_white": "1451", "pop_black": 55, "pop_native": "0", "pop_asian": "155", "pop_pacific": "0", "pop_other": "57", "pop_two_plus": "133", "pop_hispanic": 90, "pop_non_citizen": null, "poverty_universe": null, "pop_poverty": null, "total_households": 883, "renter_occupied": 370, "unemployed": "36", "single_parent_households": "149", "state": "06", "county": "067", "tract": "008209", "block group": "1", "surveilled_sites_count": 0, "surveilled_sites_list": "None", "surveilled_categories": "None", "pct_poverty": null, "pct_renter": 41.902604756511892, "pct_non_citizen": null, "pct_black": 2.9713668287412212, "pct_hispanic": 4.8622366288492707 }, "geometry": { "type": "Point", "coordinates": [ -121.184791700000019, 38.682232800000016 ] } },
{ "type": "Feature", "properties": { "id": 14049841753, "lat": 38.7009321, "lon": -121.2901807, "direction": 340.0, "operator": "Unknown", "brand": "Unknown", "STATEFP": "06", "COUNTYFP": "067", "TRACTCE": "008142", "BLKGRPCE": "1", "AFFGEOID": "1500000US060670081421", "GEOID": "060670081421", "NAME_x": "1", "NAMELSAD": "Block Group 1", "LSAD": "BG", "ALAND": 948013, "AWATER": 0, "NAME_y": "Block Group 1; Census Tract 81.42; Sacramento County; California", "pop_total": 2639, "median_income": 71200.0, "pop_white": "2158", "pop_black": 31, "pop_native": "67", "pop_asian": "70", "pop_pacific": "24", "pop_other": "165", "pop_two_plus": "124", "pop_hispanic": 663, "pop_non_citizen": null, "poverty_universe": null, "pop_poverty": null, "total_households": 972, "renter_occupied": 624, "unemployed": "74", "single_parent_households": "301", "state": "06", "county": "067", "tract": "008142", "block group": "1", "surveilled_sites_count": 0, "surveilled_sites_list": "None", "surveilled_categories": "None", "pct_poverty": null, "pct_renter": 64.197530864197532, "pct_non_citizen": null, "pct_black": 1.1746873815839334, "pct_hispanic": 25.123152709359609 }, "geometry": { "type": "Point", "coordinates": [ -121.2901807, 38.700932100000024 ] } },
{ "type": "Feature", "properties": { "id": 14049841754, "lat": 38.7038339, "lon": -121.272146, "direction": 210.0, "operator": "Unknown", "brand": "Unknown", "STATEFP": "06", "COUNTYFP": "067", "TRACTCE": "008142", "BLKGRPCE": "2", "AFFGEOID": "1500000US060670081422", "GEOID": "060670081422", "NAME_x": "2", "NAMELSAD": "Block Group 2", "LSAD": "BG", "ALAND": 555353, "AWATER": 0, "NAME_y": "Block Group 2; Census Tract 81.42; Sacramento County; California", "pop_total": 928, "median_income": 75673.0, "pop_white": "576", "pop_black": 98, "pop_native": "0", "pop_asian": "110", "pop_pacific": "10", "pop_other": "38", "pop_two_plus": "96", "pop_hispanic": 97, "pop_non_citizen": null, "poverty_universe": null, "pop_poverty": null, "total_households": 436, "renter_occupied": 292, "unemployed": "0", "single_parent_households": "92", "state": "06", "county": "067", "tract": "008142", "block group": "2", "surveilled_sites_count": 0, "surveilled_sites_list": "None", "surveilled_categories": "None", "pct_poverty": null, "pct_renter": 66.972477064220186, "pct_non_citizen": null, "pct_black": 10.560344827586206, "pct_hispanic": 10.452586206896552 }, "geometry": { "type": "Point", "coordinates": [ -121.272146, 38.703833900000014 ] } },
{ "type": "Feature", "properties": { "id": 14050134401, "lat": 38.2565916, "lon": -121.293997, "direction": 297.0, "operator": "Unknown", "brand": "Unknown", "STATEFP": "06", "COUNTYFP": "067", "TRACTCE": "009408", "BLKGRPCE": "1", "AFFGEOID": "1500000US060670094081", "GEOID": "060670094081", "NAME_x": "1", "NAMELSAD": "Block Group 1", "LSAD": "BG", "ALAND": 16083047, "AWATER": 57778, "NAME_y": "Block Group 1; Census Tract 94.08; Sacramento County; California", "pop_total": 1776, "median_income": 104107.0, "pop_white": "1396", "pop_black": 14, "pop_native": "0", "pop_asian": "48", "pop_pacific": "0", "pop_other": "89", "pop_two_plus": "229", "pop_hispanic": 412, "pop_non_citizen": null, "poverty_universe": null, "pop_poverty": null, "total_households": 627, "renter_occupied": 43, "unemployed": "8", "single_parent_households": "275", "state": "06", "county": "067", "tract": "009408", "block group": "1", "surveilled_sites_count": 0, "surveilled_sites_list": "None", "surveilled_categories": "None", "pct_poverty": null, "pct_renter": 6.8580542264752795, "pct_non_citizen": null, "pct_black": 0.78828828828828823, "pct_hispanic": 23.198198198198199 }, "geometry": { "type": "Point", "coordinates": [ -121.293997, 38.256591600000014 ] } },
{ "type": "Feature", "properties": { "id": 14050492301, "lat": 38.636782, "lon": -121.3113418, "direction": 35.0, "operator": "Unknown", "brand": "Unknown", "STATEFP": "06", "COUNTYFP": "067", "TRACTCE": "007906", "BLKGRPCE": "2", "AFFGEOID": "1500000US060670079062", "GEOID": "060670079062", "NAME_x": "2", "NAMELSAD": "Block Group 2", "LSAD": "BG", "ALAND": 649759, "AWATER": 0, "NAME_y": "Block Group 2; Census Tract 79.06; Sacramento County; California", "pop_total": 1305, "median_income": 58561.0, "pop_white": "959", "pop_black": 30, "pop_native": "14", "pop_asian": "130", "pop_pacific": "0", "pop_other": "106", "pop_two_plus": "66", "pop_hispanic": 161, "pop_non_citizen": null, "poverty_universe": null, "pop_poverty": null, "total_households": 481, "renter_occupied": 290, "unemployed": "37", "single_parent_households": "102", "state": "06", "county": "067", "tract": "007906", "block group": "2", "surveilled_sites_count": 0, "surveilled_sites_list": "None", "surveilled_categories": "None", "pct_poverty": null, "pct_renter": 60.291060291060298, "pct_non_citizen": null, "pct_black": 2.2988505747126435, "pct_hispanic": 12.337164750957855 }, "geometry": { "type": "Point", "coordinates": [ -121.3113418, 38.636782 ] } },
{ "type": "Feature", "properties": { "id": 14050493301, "lat": 38.6369399, "lon": -121.3113239, "direction": 175.0, "operator": "Unknown", "brand": "Unknown", "STATEFP": "06", "COUNTYFP": "067", "TRACTCE": "007906", "BLKGRPCE": "2", "AFFGEOID": "1500000US060670079062", "GEOID": "060670079062", "NAME_x": "2", "NAMELSAD": "Block Group 2", "LSAD": "BG", "ALAND": 649759, "AWATER": 0, "NAME_y": "Block Group 2; Census Tract 79.06; Sacramento County; California", "pop_total": 1305, "median_income": 58561.0, "pop_white": "959", "pop_black": 30, "pop_native": "14", "pop_asian": "130", "pop_pacific": "0", "pop_other": "106", "pop_two_plus": "66", "pop_hispanic": 161, "pop_non_citizen": null, "poverty_universe": null, "pop_poverty": null, "total_households": 481, "renter_occupied": 290, "unemployed": "37", "single_parent_households": "102", "state": "06", "county": "067", "tract": "007906", "block group": "2", "surveilled_sites_count": 0, "surveilled_sites_list": "None", "surveilled_categories": "None", "pct_poverty": null, "pct_renter": 60.291060291060298, "pct_non_citizen": null, "pct_black": 2.2988505747126435, "pct_hispanic": 12.337164750957855 }, "geometry": { "type": "Point", "coordinates": [ -121.3113239, 38.636939899999952 ] } },
{ "type": "Feature", "properties": { "id": 14050532401, "lat": 38.6338392, "lon": -121.3830969, "direction": 160.0, "operator": "Unknown", "brand": "Unknown", "STATEFP": "06", "COUNTYFP": "067", "TRACTCE": "006101", "BLKGRPCE": "2", "AFFGEOID": "1500000US060670061012", "GEOID": "060670061012", "NAME_x": "2", "NAMELSAD": "Block Group 2", "LSAD": "BG", "ALAND": 919811, "AWATER": 0, "NAME_y": "Block Group 2; Census Tract 61.01; Sacramento County; California", "pop_total": 1532, "median_income": 46344.0, "pop_white": "1193", "pop_black": 39, "pop_native": "0", "pop_asian": "58", "pop_pacific": "0", "pop_other": "141", "pop_two_plus": "101", "pop_hispanic": 203, "pop_non_citizen": null, "poverty_universe": null, "pop_poverty": null, "total_households": 635, "renter_occupied": 306, "unemployed": "90", "single_parent_households": "225", "state": "06", "county": "067", "tract": "006101", "block group": "2", "surveilled_sites_count": 0, "surveilled_sites_list": "None", "surveilled_categories": "None", "pct_poverty": null, "pct_renter": 48.188976377952756, "pct_non_citizen": null, "pct_black": 2.5456919060052217, "pct_hispanic": 13.25065274151436 }, "geometry": { "type": "Point", "coordinates": [ -121.383096899999984, 38.6338392 ] } },
{ "type": "Feature", "properties": { "id": 14050532501, "lat": 38.6340898, "lon": -121.383238, "direction": 220.0, "operator": "Unknown", "brand": "Unknown", "STATEFP": "06", "COUNTYFP": "067", "TRACTCE": "006101", "BLKGRPCE": "2", "AFFGEOID": "1500000US060670061012", "GEOID": "060670061012", "NAME_x": "2", "NAMELSAD": "Block Group 2", "LSAD": "BG", "ALAND": 919811, "AWATER": 0, "NAME_y": "Block Group 2; Census Tract 61.01; Sacramento County; California", "pop_total": 1532, "median_income": 46344.0, "pop_white": "1193", "pop_black": 39, "pop_native": "0", "pop_asian": "58", "pop_pacific": "0", "pop_other": "141", "pop_two_plus": "101", "pop_hispanic": 203, "pop_non_citizen": null, "poverty_universe": null, "pop_poverty": null, "total_households": 635, "renter_occupied": 306, "unemployed": "90", "single_parent_households": "225", "state": "06", "county": "067", "tract": "006101", "block group": "2", "surveilled_sites_count": 0, "surveilled_sites_list": "None", "surveilled_categories": "None", "pct_poverty": null, "pct_renter": 48.188976377952756, "pct_non_citizen": null, "pct_black": 2.5456919060052217, "pct_hispanic": 13.25065274151436 }, "geometry": { "type": "Point", "coordinates": [ -121.383238, 38.6340898 ] } },
{ "type": "Feature", "properties": { "id": 14050532502, "lat": 38.6342446, "lon": -121.3827652, "direction": 339.0, "operator": "Unknown", "brand": "Unknown", "STATEFP": "06", "COUNTYFP": "067", "TRACTCE": "006003", "BLKGRPCE": "2", "AFFGEOID": "1500000US060670060032", "GEOID": "060670060032", "NAME_x": "2", "NAMELSAD": "Block Group 2", "LSAD": "BG", "ALAND": 571896, "AWATER": 0, "NAME_y": "Block Group 2; Census Tract 60.03; Sacramento County; California", "pop_total": 1699, "median_income": 45500.0, "pop_white": "750", "pop_black": 197, "pop_native": "0", "pop_asian": "29", "pop_pacific": "0", "pop_other": "572", "pop_two_plus": "151", "pop_hispanic": 662, "pop_non_citizen": null, "poverty_universe": null, "pop_poverty": null, "total_households": 714, "renter_occupied": 579, "unemployed": "137", "single_parent_households": "267", "state": "06", "county": "067", "tract": "006003", "block group": "2", "surveilled_sites_count": 0, "surveilled_sites_list": "None", "surveilled_categories": "None", "pct_poverty": null, "pct_renter": 81.092436974789919, "pct_non_citizen": null, "pct_black": 11.595055915244261, "pct_hispanic": 38.964096527369044 }, "geometry": { "type": "Point", "coordinates": [ -121.3827652, 38.634244600000031 ] } },
{ "type": "Feature", "properties": { "id": 14050532801, "lat": 38.6340267, "lon": -121.3826957, "direction": 69.0, "operator": "Unknown", "brand": "Unknown", "STATEFP": "06", "COUNTYFP": "067", "TRACTCE": "006003", "BLKGRPCE": "1", "AFFGEOID": "1500000US060670060031", "GEOID": "060670060031", "NAME_x": "1", "NAMELSAD": "Block Group 1", "LSAD": "BG", "ALAND": 775993, "AWATER": 0, "NAME_y": "Block Group 1; Census Tract 60.03; Sacramento County; California", "pop_total": 1955, "median_income": 71458.0, "pop_white": "1054", "pop_black": 171, "pop_native": "0", "pop_asian": "107", "pop_pacific": "0", "pop_other": "417", "pop_two_plus": "206", "pop_hispanic": 674, "pop_non_citizen": null, "poverty_universe": null, "pop_poverty": null, "total_households": 751, "renter_occupied": 334, "unemployed": "79", "single_parent_households": "167", "state": "06", "county": "067", "tract": "006003", "block group": "1", "surveilled_sites_count": 0, "surveilled_sites_list": "None", "surveilled_categories": "None", "pct_poverty": null, "pct_renter": 44.474034620505989, "pct_non_citizen": null, "pct_black": 8.7468030690537084, "pct_hispanic": 34.47570332480818 }, "geometry": { "type": "Point", "coordinates": [ -121.382695700000014, 38.634026699999964 ] } },
{ "type": "Feature", "properties": { "id": 14052475701, "lat": 38.4235826, "lon": -121.4181728, "direction": 257.0, "operator": "Unknown", "brand": "Unknown", "STATEFP": "06", "COUNTYFP": "067", "TRACTCE": "009642", "BLKGRPCE": "1", "AFFGEOID": "1500000US060670096421", "GEOID": "060670096421", "NAME_x": "1", "NAMELSAD": "Block Group 1", "LSAD": "BG", "ALAND": 558768, "AWATER": 0, "NAME_y": "Block Group 1; Census Tract 96.42; Sacramento County; California", "pop_total": 1553, "median_income": 91559.0, "pop_white": "639", "pop_black": 18, "pop_native": "0", "pop_asian": "416", "pop_pacific": "61", "pop_other": "284", "pop_two_plus": "135", "pop_hispanic": 506, "pop_non_citizen": null, "poverty_universe": null, "pop_poverty": null, "total_households": 634, "renter_occupied": 300, "unemployed": "72", "single_parent_households": "227", "state": "06", "county": "067", "tract": "009642", "block group": "1", "surveilled_sites_count": 0, "surveilled_sites_list": "None", "surveilled_categories": "None", "pct_poverty": null, "pct_renter": 47.318611987381701, "pct_non_citizen": null, "pct_black": 1.1590470057952349, "pct_hispanic": 32.582099162910495 }, "geometry": { "type": "Point", "coordinates": [ -121.418172799999979, 38.423582599999968 ] } },
{ "type": "Feature", "properties": { "id": 14052661701, "lat": 38.4929256, "lon": -121.0932236, "direction": 117.0, "operator": "Unknown", "brand": "Unknown", "STATEFP": "06", "COUNTYFP": "067", "TRACTCE": "008602", "BLKGRPCE": "2", "AFFGEOID": "1500000US060670086022", "GEOID": "060670086022", "NAME_x": "2", "NAMELSAD": "Block Group 2", "LSAD": "BG", "ALAND": 153459119, "AWATER": 209134, "NAME_y": "Block Group 2; Census Tract 86.02; Sacramento County; California", "pop_total": 674, "median_income": 92679.0, "pop_white": "398", "pop_black": 4, "pop_native": "4", "pop_asian": "137", "pop_pacific": "0", "pop_other": "65", "pop_two_plus": "66", "pop_hispanic": 158, "pop_non_citizen": null, "poverty_universe": null, "pop_poverty": null, "total_households": 314, "renter_occupied": 37, "unemployed": "47", "single_parent_households": "47", "state": "06", "county": "067", "tract": "008602", "block group": "2", "surveilled_sites_count": 0, "surveilled_sites_list": "None", "surveilled_categories": "None", "pct_poverty": null, "pct_renter": 11.783439490445859, "pct_non_citizen": null, "pct_black": 0.59347181008902083, "pct_hispanic": 23.442136498516319 }, "geometry": { "type": "Point", "coordinates": [ -121.0932236, 38.492925600000021 ] } },
{ "type": "Feature", "properties": { "id": 14053292101, "lat": 38.4808037, "lon": -121.5413502, "direction": 105.0, "operator": "Unknown", "brand": "Unknown", "STATEFP": "06", "COUNTYFP": "067", "TRACTCE": "004012", "BLKGRPCE": "2", "AFFGEOID": "1500000US060670040122", "GEOID": "060670040122", "NAME_x": "2", "NAMELSAD": "Block Group 2", "LSAD": "BG", "ALAND": 502250, "AWATER": 139526, "NAME_y": "Block Group 2; Census Tract 40.12; Sacramento County; California", "pop_total": 2045, "median_income": 131620.0, "pop_white": "602", "pop_black": 567, "pop_native": "0", "pop_asian": "264", "pop_pacific": "0", "pop_other": "74", "pop_two_plus": "538", "pop_hispanic": 674, "pop_non_citizen": null, "poverty_universe": null, "pop_poverty": null, "total_households": 597, "renter_occupied": 254, "unemployed": "31", "single_parent_households": "253", "state": "06", "county": "067", "tract": "004012", "block group": "2", "surveilled_sites_count": 0, "surveilled_sites_list": "None", "surveilled_categories": "None", "pct_poverty": null, "pct_renter": 42.54606365159129, "pct_non_citizen": null, "pct_black": 27.726161369193154, "pct_hispanic": 32.95843520782396 }, "geometry": { "type": "Point", "coordinates": [ -121.541350199999982, 38.480803700000038 ] } },
{ "type": "Feature", "properties": { "id": 14056494701, "lat": 38.5019663, "lon": -121.0901836, "direction": 103.0, "operator": "Unknown", "brand": "Unknown", "STATEFP": "06", "COUNTYFP": "067", "TRACTCE": "008601", "BLKGRPCE": "3", "AFFGEOID": "1500000US060670086013", "GEOID": "060670086013", "NAME_x": "3", "NAMELSAD": "Block Group 3", "LSAD": "BG", "ALAND": 2922885, "AWATER": 0, "NAME_y": "Block Group 3; Census Tract 86.01; Sacramento County; California", "pop_total": 1866, "median_income": 147585.0, "pop_white": "1585", "pop_black": 58, "pop_native": "9", "pop_asian": "109", "pop_pacific": "0", "pop_other": "0", "pop_two_plus": "105", "pop_hispanic": 465, "pop_non_citizen": null, "poverty_universe": null, "pop_poverty": null, "total_households": 810, "renter_occupied": 69, "unemployed": "19", "single_parent_households": "234", "state": "06", "county": "067", "tract": "008601", "block group": "3", "surveilled_sites_count": 0, "surveilled_sites_list": "None", "surveilled_categories": "None", "pct_poverty": null, "pct_renter": 8.518518518518519, "pct_non_citizen": null, "pct_black": 3.1082529474812435, "pct_hispanic": 24.919614147909968 }, "geometry": { "type": "Point", "coordinates": [ -121.0901836, 38.5019663 ] } },
{ "type": "Feature", "properties": { "id": 14057161701, "lat": 38.7066339, "lon": -121.2719477, "direction": 170.0, "operator": "Unknown", "brand": "Unknown", "STATEFP": "06", "COUNTYFP": "067", "TRACTCE": "008142", "BLKGRPCE": "2", "AFFGEOID": "1500000US060670081422", "GEOID": "060670081422", "NAME_x": "2", "NAMELSAD": "Block Group 2", "LSAD": "BG", "ALAND": 555353, "AWATER": 0, "NAME_y": "Block Group 2; Census Tract 81.42; Sacramento County; California", "pop_total": 928, "median_income": 75673.0, "pop_white": "576", "pop_black": 98, "pop_native": "0", "pop_asian": "110", "pop_pacific": "10", "pop_other": "38", "pop_two_plus": "96", "pop_hispanic": 97, "pop_non_citizen": null, "poverty_universe": null, "pop_poverty": null, "total_households": 436, "renter_occupied": 292, "unemployed": "0", "single_parent_households": "92", "state": "06", "county": "067", "tract": "008142", "block group": "2", "surveilled_sites_count": 0, "surveilled_sites_list": "None", "surveilled_categories": "None", "pct_poverty": null, "pct_renter": 66.972477064220186, "pct_non_citizen": null, "pct_black": 10.560344827586206, "pct_hispanic": 10.452586206896552 }, "geometry": { "type": "Point", "coordinates": [ -121.271947700000013, 38.706633899999979 ] } },
{ "type": "Feature", "properties": { "id": 14057399101, "lat": 38.663834, "lon": -121.2924875, "direction": 209.0, "operator": "Unknown", "brand": "Unknown", "STATEFP": "06", "COUNTYFP": "067", "TRACTCE": "008119", "BLKGRPCE": "4", "AFFGEOID": "1500000US060670081194", "GEOID": "060670081194", "NAME_x": "4", "NAMELSAD": "Block Group 4", "LSAD": "BG", "ALAND": 630553, "AWATER": 0, "NAME_y": "Block Group 4; Census Tract 81.19; Sacramento County; California", "pop_total": 1364, "median_income": 102656.0, "pop_white": "857", "pop_black": 21, "pop_native": "0", "pop_asian": "14", "pop_pacific": "101", "pop_other": "84", "pop_two_plus": "287", "pop_hispanic": 293, "pop_non_citizen": null, "poverty_universe": null, "pop_poverty": null, "total_households": 487, "renter_occupied": 197, "unemployed": "56", "single_parent_households": "212", "state": "06", "county": "067", "tract": "008119", "block group": "4", "surveilled_sites_count": 0, "surveilled_sites_list": "None", "surveilled_categories": "None", "pct_poverty": null, "pct_renter": 40.451745379876797, "pct_non_citizen": null, "pct_black": 1.5395894428152492, "pct_hispanic": 21.480938416422287 }, "geometry": { "type": "Point", "coordinates": [ -121.2924875, 38.663834 ] } },
{ "type": "Feature", "properties": { "id": 14057399701, "lat": 38.6635607, "lon": -121.2921604, "direction": 64.0, "operator": "Unknown", "brand": "Unknown", "STATEFP": "06", "COUNTYFP": "067", "TRACTCE": "008007", "BLKGRPCE": "1", "AFFGEOID": "1500000US060670080071", "GEOID": "060670080071", "NAME_x": "1", "NAMELSAD": "Block Group 1", "LSAD": "BG", "ALAND": 1447000, "AWATER": 0, "NAME_y": "Block Group 1; Census Tract 80.07; Sacramento County; California", "pop_total": 1662, "median_income": 125862.0, "pop_white": "1227", "pop_black": 58, "pop_native": "0", "pop_asian": "162", "pop_pacific": "1", "pop_other": "19", "pop_two_plus": "195", "pop_hispanic": 176, "pop_non_citizen": null, "poverty_universe": null, "pop_poverty": null, "total_households": 642, "renter_occupied": 152, "unemployed": "46", "single_parent_households": "206", "state": "06", "county": "067", "tract": "008007", "block group": "1", "surveilled_sites_count": 0, "surveilled_sites_list": "None", "surveilled_categories": "None", "pct_poverty": null, "pct_renter": 23.676012461059191, "pct_non_citizen": null, "pct_black": 3.4897713598074609, "pct_hispanic": 10.589651022864018 }, "geometry": { "type": "Point", "coordinates": [ -121.2921604, 38.663560699999984 ] } },
{ "type": "Feature", "properties": { "id": 14057630701, "lat": 38.473776, "lon": -121.3928736, "direction": 359.0, "operator": "Unknown", "brand": "Unknown", "STATEFP": "06", "COUNTYFP": "067", "TRACTCE": "009319", "BLKGRPCE": "3", "AFFGEOID": "1500000US060670093193", "GEOID": "060670093193", "NAME_x": "3", "NAMELSAD": "Block Group 3", "LSAD": "BG", "ALAND": 549068, "AWATER": 0, "NAME_y": "Block Group 3; Census Tract 93.19; Sacramento County; California", "pop_total": 639, "median_income": 64659.0, "pop_white": "172", "pop_black": 77, "pop_native": "0", "pop_asian": "186", "pop_pacific": "0", "pop_other": "24", "pop_two_plus": "180", "pop_hispanic": 178, "pop_non_citizen": null, "poverty_universe": null, "pop_poverty": null, "total_households": 273, "renter_occupied": 38, "unemployed": "23", "single_parent_households": "75", "state": "06", "county": "067", "tract": "009319", "block group": "3", "surveilled_sites_count": 0, "surveilled_sites_list": "None", "surveilled_categories": "None", "pct_poverty": null, "pct_renter": 13.91941391941392, "pct_non_citizen": null, "pct_black": 12.050078247261347, "pct_hispanic": 27.856025039123633 }, "geometry": { "type": "Point", "coordinates": [ -121.3928736, 38.473776 ] } },
{ "type": "Feature", "properties": { "id": 14060577902, "lat": 38.4558447, "lon": -121.5010079, "direction": 68.0, "operator": "Unknown", "brand": "Unknown", "STATEFP": "06", "COUNTYFP": "067", "TRACTCE": "009900", "BLKGRPCE": "4", "AFFGEOID": "1500000US060670099004", "GEOID": "060670099004", "NAME_x": "4", "NAMELSAD": "Block Group 4", "LSAD": "BG", "ALAND": 81557931, "AWATER": 5598539, "NAME_y": "Block Group 4; Census Tract 99; Sacramento County; California", "pop_total": 620, "median_income": 56250.0, "pop_white": "409", "pop_black": 0, "pop_native": "0", "pop_asian": "0", "pop_pacific": "0", "pop_other": "117", "pop_two_plus": "94", "pop_hispanic": 429, "pop_non_citizen": null, "poverty_universe": null, "pop_poverty": null, "total_households": 219, "renter_occupied": 102, "unemployed": "24", "single_parent_households": "56", "state": "06", "county": "067", "tract": "009900", "block group": "4", "surveilled_sites_count": 0, "surveilled_sites_list": "None", "surveilled_categories": "None", "pct_poverty": null, "pct_renter": 46.575342465753423, "pct_non_citizen": null, "pct_black": 0.0, "pct_hispanic": 69.193548387096769 }, "geometry": { "type": "Point", "coordinates": [ -121.501007900000019, 38.455844700000036 ] } },
{ "type": "Feature", "properties": { "id": 14060748902, "lat": 38.5694223, "lon": -121.4666437, "direction": 0.0, "operator": "Unknown", "brand": "Unknown", "STATEFP": "06", "COUNTYFP": "067", "TRACTCE": "001500", "BLKGRPCE": "3", "AFFGEOID": "1500000US060670015003", "GEOID": "060670015003", "NAME_x": "3", "NAMELSAD": "Block Group 3", "LSAD": "BG", "ALAND": 397923, "AWATER": 0, "NAME_y": "Block Group 3; Census Tract 15; Sacramento County; California", "pop_total": 628, "median_income": 157625.0, "pop_white": "453", "pop_black": 9, "pop_native": "32", "pop_asian": "54", "pop_pacific": "0", "pop_other": "0", "pop_two_plus": "80", "pop_hispanic": 104, "pop_non_citizen": null, "poverty_universe": null, "pop_poverty": null, "total_households": 250, "renter_occupied": 93, "unemployed": "0", "single_parent_households": "51", "state": "06", "county": "067", "tract": "001500", "block group": "3", "surveilled_sites_count": 0, "surveilled_sites_list": "None", "surveilled_categories": "None", "pct_poverty": null, "pct_renter": 37.2, "pct_non_citizen": null, "pct_black": 1.4331210191082804, "pct_hispanic": 16.560509554140125 }, "geometry": { "type": "Point", "coordinates": [ -121.46664370000002, 38.569422299999985 ] } },
{ "type": "Feature", "properties": { "id": 14067142002, "lat": 38.5957264, "lon": -121.3878011, "direction": 166.0, "operator": "Unknown", "brand": "Unknown", "STATEFP": "06", "COUNTYFP": "067", "TRACTCE": "005605", "BLKGRPCE": "2", "AFFGEOID": "1500000US060670056052", "GEOID": "060670056052", "NAME_x": "2", "NAMELSAD": "Block Group 2", "LSAD": "BG", "ALAND": 640424, "AWATER": 0, "NAME_y": "Block Group 2; Census Tract 56.05; Sacramento County; California", "pop_total": 2119, "median_income": 55313.0, "pop_white": "894", "pop_black": 97, "pop_native": "60", "pop_asian": "659", "pop_pacific": "0", "pop_other": "293", "pop_two_plus": "116", "pop_hispanic": 518, "pop_non_citizen": null, "poverty_universe": null, "pop_poverty": null, "total_households": 684, "renter_occupied": 350, "unemployed": "130", "single_parent_households": "325", "state": "06", "county": "067", "tract": "005605", "block group": "2", "surveilled_sites_count": 0, "surveilled_sites_list": "None", "surveilled_categories": "None", "pct_poverty": null, "pct_renter": 51.169590643274852, "pct_non_citizen": null, "pct_black": 4.5776309579990562, "pct_hispanic": 24.445493157149599 }, "geometry": { "type": "Point", "coordinates": [ -121.3878011, 38.595726400000018 ] } },
{ "type": "Feature", "properties": { "id": 14068878103, "lat": 38.5956705, "lon": -121.3827406, "direction": 74.0, "operator": "Unknown", "brand": "Unknown", "STATEFP": "06", "COUNTYFP": "067", "TRACTCE": "005702", "BLKGRPCE": "4", "AFFGEOID": "1500000US060670057024", "GEOID": "060670057024", "NAME_x": "4", "NAMELSAD": "Block Group 4", "LSAD": "BG", "ALAND": 496608, "AWATER": 0, "NAME_y": "Block Group 4; Census Tract 57.02; Sacramento County; California", "pop_total": 692, "median_income": 196125.0, "pop_white": "653", "pop_black": 0, "pop_native": "0", "pop_asian": "9", "pop_pacific": "0", "pop_other": "25", "pop_two_plus": "5", "pop_hispanic": 82, "pop_non_citizen": null, "poverty_universe": null, "pop_poverty": null, "total_households": 249, "renter_occupied": 24, "unemployed": "6", "single_parent_households": "112", "state": "06", "county": "067", "tract": "005702", "block group": "4", "surveilled_sites_count": 0, "surveilled_sites_list": "None", "surveilled_categories": "None", "pct_poverty": null, "pct_renter": 9.6385542168674707, "pct_non_citizen": null, "pct_black": 0.0, "pct_hispanic": 11.849710982658959 }, "geometry": { "type": "Point", "coordinates": [ -121.38274060000002, 38.59567050000004 ] } },
{ "type": "Feature", "properties": { "id": 14069294012, "lat": 38.5997727, "lon": -121.4013064, "direction": 70.0, "operator": "Unknown", "brand": "Unknown", "STATEFP": "06", "COUNTYFP": "067", "TRACTCE": "005601", "BLKGRPCE": "3", "AFFGEOID": "1500000US060670056013", "GEOID": "060670056013", "NAME_x": "3", "NAMELSAD": "Block Group 3", "LSAD": "BG", "ALAND": 663416, "AWATER": 0, "NAME_y": "Block Group 3; Census Tract 56.01; Sacramento County; California", "pop_total": 1619, "median_income": 53750.0, "pop_white": "890", "pop_black": 0, "pop_native": "0", "pop_asian": "339", "pop_pacific": "204", "pop_other": "0", "pop_two_plus": "186", "pop_hispanic": 97, "pop_non_citizen": null, "poverty_universe": null, "pop_poverty": null, "total_households": 578, "renter_occupied": 529, "unemployed": "200", "single_parent_households": "165", "state": "06", "county": "067", "tract": "005601", "block group": "3", "surveilled_sites_count": 0, "surveilled_sites_list": "None", "surveilled_categories": "None", "pct_poverty": null, "pct_renter": 91.522491349480973, "pct_non_citizen": null, "pct_black": 0.0, "pct_hispanic": 5.9913526868437312 }, "geometry": { "type": "Point", "coordinates": [ -121.4013064, 38.599772699999946 ] } },
{ "type": "Feature", "properties": { "id": 14069294013, "lat": 38.6000164, "lon": -121.4017255, "direction": 250.0, "operator": "Unknown", "brand": "Unknown", "STATEFP": "06", "COUNTYFP": "067", "TRACTCE": "005505", "BLKGRPCE": "3", "AFFGEOID": "1500000US060670055053", "GEOID": "060670055053", "NAME_x": "3", "NAMELSAD": "Block Group 3", "LSAD": "BG", "ALAND": 438507, "AWATER": 0, "NAME_y": "Block Group 3; Census Tract 55.05; Sacramento County; California", "pop_total": 2203, "median_income": 28774.0, "pop_white": "464", "pop_black": 184, "pop_native": "0", "pop_asian": "493", "pop_pacific": "78", "pop_other": "357", "pop_two_plus": "627", "pop_hispanic": 602, "pop_non_citizen": null, "poverty_universe": null, "pop_poverty": null, "total_households": 1010, "renter_occupied": 866, "unemployed": "64", "single_parent_households": "367", "state": "06", "county": "067", "tract": "005505", "block group": "3", "surveilled_sites_count": 0, "surveilled_sites_list": "None", "surveilled_categories": "None", "pct_poverty": null, "pct_renter": 85.742574257425744, "pct_non_citizen": null, "pct_black": 8.3522469359963694, "pct_hispanic": 27.326373127553339 }, "geometry": { "type": "Point", "coordinates": [ -121.4017255, 38.6000164 ] } },
{ "type": "Feature", "properties": { "id": 14069300802, "lat": 38.4309269, "lon": -121.3008265, "direction": 181.0, "operator": "Unknown", "brand": "Unknown", "STATEFP": "06", "COUNTYFP": "067", "TRACTCE": "009336", "BLKGRPCE": "3", "AFFGEOID": "1500000US060670093363", "GEOID": "060670093363", "NAME_x": "3", "NAMELSAD": "Block Group 3", "LSAD": "BG", "ALAND": 7755220, "AWATER": 0, "NAME_y": "Block Group 3; Census Tract 93.36; Sacramento County; California", "pop_total": 2228, "median_income": 132333.0, "pop_white": "1170", "pop_black": 18, "pop_native": "20", "pop_asian": "410", "pop_pacific": "5", "pop_other": "188", "pop_two_plus": "417", "pop_hispanic": 597, "pop_non_citizen": null, "poverty_universe": null, "pop_poverty": null, "total_households": 658, "renter_occupied": 137, "unemployed": "15", "single_parent_households": "236", "state": "06", "county": "067", "tract": "009336", "block group": "3", "surveilled_sites_count": 0, "surveilled_sites_list": "None", "surveilled_categories": "None", "pct_poverty": null, "pct_renter": 20.820668693009118, "pct_non_citizen": null, "pct_black": 0.80789946140035895, "pct_hispanic": 26.795332136445243 }, "geometry": { "type": "Point", "coordinates": [ -121.300826500000014, 38.430926899999946 ] } },
{ "type": "Feature", "properties": { "id": 14069344113, "lat": 38.6034231, "lon": -121.4154751, "direction": 140.0, "operator": "Unknown", "brand": "Unknown", "STATEFP": "06", "COUNTYFP": "067", "TRACTCE": "005502", "BLKGRPCE": "3", "AFFGEOID": "1500000US060670055023", "GEOID": "060670055023", "NAME_x": "3", "NAMELSAD": "Block Group 3", "LSAD": "BG", "ALAND": 665142, "AWATER": 0, "NAME_y": "Block Group 3; Census Tract 55.02; Sacramento County; California", "pop_total": 2791, "median_income": 46875.0, "pop_white": "1015", "pop_black": 419, "pop_native": "0", "pop_asian": "228", "pop_pacific": "0", "pop_other": "825", "pop_two_plus": "304", "pop_hispanic": 1294, "pop_non_citizen": null, "poverty_universe": null, "pop_poverty": null, "total_households": 950, "renter_occupied": 785, "unemployed": "102", "single_parent_households": "327", "state": "06", "county": "067", "tract": "005502", "block group": "3", "surveilled_sites_count": 0, "surveilled_sites_list": "None", "surveilled_categories": "None", "pct_poverty": null, "pct_renter": 82.631578947368425, "pct_non_citizen": null, "pct_black": 15.012540308133286, "pct_hispanic": 46.363310641347191 }, "geometry": { "type": "Point", "coordinates": [ -121.4154751, 38.603423100000015 ] } },
{ "type": "Feature", "properties": { "id": 14069344114, "lat": 38.6037348, "lon": -121.41521, "direction": 330.0, "operator": "Unknown", "brand": "Unknown", "STATEFP": "06", "COUNTYFP": "067", "TRACTCE": "005505", "BLKGRPCE": "1", "AFFGEOID": "1500000US060670055051", "GEOID": "060670055051", "NAME_x": "1", "NAMELSAD": "Block Group 1", "LSAD": "BG", "ALAND": 966537, "AWATER": 0, "NAME_y": "Block Group 1; Census Tract 55.05; Sacramento County; California", "pop_total": 1551, "median_income": 70074.0, "pop_white": "957", "pop_black": 76, "pop_native": "0", "pop_asian": "44", "pop_pacific": "0", "pop_other": "362", "pop_two_plus": "112", "pop_hispanic": 656, "pop_non_citizen": null, "poverty_universe": null, "pop_poverty": null, "total_households": 719, "renter_occupied": 353, "unemployed": "22", "single_parent_households": "146", "state": "06", "county": "067", "tract": "005505", "block group": "1", "surveilled_sites_count": 0, "surveilled_sites_list": "None", "surveilled_categories": "None", "pct_poverty": null, "pct_renter": 49.09596662030598, "pct_non_citizen": null, "pct_black": 4.9000644745325594, "pct_hispanic": 42.29529335912315 }, "geometry": { "type": "Point", "coordinates": [ -121.41521, 38.6037348 ] } },
{ "type": "Feature", "properties": { "id": 14071491529, "lat": 38.6032614, "lon": -121.3932597, "direction": 105.0, "operator": "Kaiser Permanente", "brand": "Unknown", "STATEFP": "06", "COUNTYFP": "067", "TRACTCE": "005601", "BLKGRPCE": "3", "AFFGEOID": "1500000US060670056013", "GEOID": "060670056013", "NAME_x": "3", "NAMELSAD": "Block Group 3", "LSAD": "BG", "ALAND": 663416, "AWATER": 0, "NAME_y": "Block Group 3; Census Tract 56.01; Sacramento County; California", "pop_total": 1619, "median_income": 53750.0, "pop_white": "890", "pop_black": 0, "pop_native": "0", "pop_asian": "339", "pop_pacific": "204", "pop_other": "0", "pop_two_plus": "186", "pop_hispanic": 97, "pop_non_citizen": null, "poverty_universe": null, "pop_poverty": null, "total_households": 578, "renter_occupied": 529, "unemployed": "200", "single_parent_households": "165", "state": "06", "county": "067", "tract": "005601", "block group": "3", "surveilled_sites_count": 0, "surveilled_sites_list": "None", "surveilled_categories": "None", "pct_poverty": null, "pct_renter": 91.522491349480973, "pct_non_citizen": null, "pct_black": 0.0, "pct_hispanic": 5.9913526868437312 }, "geometry": { "type": "Point", "coordinates": [ -121.3932597, 38.603261400000029 ] } },
{ "type": "Feature", "properties": { "id": 14071491530, "lat": 38.6029675, "lon": -121.392375, "direction": 150.0, "operator": "Kaiser Permanente", "brand": "Unknown", "STATEFP": "06", "COUNTYFP": "067", "TRACTCE": "005601", "BLKGRPCE": "3", "AFFGEOID": "1500000US060670056013", "GEOID": "060670056013", "NAME_x": "3", "NAMELSAD": "Block Group 3", "LSAD": "BG", "ALAND": 663416, "AWATER": 0, "NAME_y": "Block Group 3; Census Tract 56.01; Sacramento County; California", "pop_total": 1619, "median_income": 53750.0, "pop_white": "890", "pop_black": 0, "pop_native": "0", "pop_asian": "339", "pop_pacific": "204", "pop_other": "0", "pop_two_plus": "186", "pop_hispanic": 97, "pop_non_citizen": null, "poverty_universe": null, "pop_poverty": null, "total_households": 578, "renter_occupied": 529, "unemployed": "200", "single_parent_households": "165", "state": "06", "county": "067", "tract": "005601", "block group": "3", "surveilled_sites_count": 0, "surveilled_sites_list": "None", "surveilled_categories": "None", "pct_poverty": null, "pct_renter": 91.522491349480973, "pct_non_citizen": null, "pct_black": 0.0, "pct_hispanic": 5.9913526868437312 }, "geometry": { "type": "Point", "coordinates": [ -121.392375, 38.602967499999984 ] } },
{ "type": "Feature", "properties": { "id": 14071491531, "lat": 38.6015418, "lon": -121.3917716, "direction": 75.0, "operator": "Kaiser Permanente", "brand": "Unknown", "STATEFP": "06", "COUNTYFP": "067", "TRACTCE": "005601", "BLKGRPCE": "4", "AFFGEOID": "1500000US060670056014", "GEOID": "060670056014", "NAME_x": "4", "NAMELSAD": "Block Group 4", "LSAD": "BG", "ALAND": 662045, "AWATER": 0, "NAME_y": "Block Group 4; Census Tract 56.01; Sacramento County; California", "pop_total": 2373, "median_income": 64444.0, "pop_white": "954", "pop_black": 255, "pop_native": "0", "pop_asian": "138", "pop_pacific": "10", "pop_other": "378", "pop_two_plus": "638", "pop_hispanic": 464, "pop_non_citizen": null, "poverty_universe": null, "pop_poverty": null, "total_households": 760, "renter_occupied": 597, "unemployed": "0", "single_parent_households": "182", "state": "06", "county": "067", "tract": "005601", "block group": "4", "surveilled_sites_count": 0, "surveilled_sites_list": "None", "surveilled_categories": "None", "pct_poverty": null, "pct_renter": 78.55263157894737, "pct_non_citizen": null, "pct_black": 10.745891276864729, "pct_hispanic": 19.55330804888327 }, "geometry": { "type": "Point", "coordinates": [ -121.3917716, 38.601541800000021 ] } },
{ "type": "Feature", "properties": { "id": 14071580272, "lat": 38.4706764, "lon": -121.4198409, "direction": 205.0, "operator": "Kaiser Permanente", "brand": "Unknown", "STATEFP": "06", "COUNTYFP": "067", "TRACTCE": "009641", "BLKGRPCE": "1", "AFFGEOID": "1500000US060670096411", "GEOID": "060670096411", "NAME_x": "1", "NAMELSAD": "Block Group 1", "LSAD": "BG", "ALAND": 1261547, "AWATER": 0, "NAME_y": "Block Group 1; Census Tract 96.41; Sacramento County; California", "pop_total": 1159, "median_income": 65987.0, "pop_white": "176", "pop_black": 127, "pop_native": "25", "pop_asian": "508", "pop_pacific": "187", "pop_other": "84", "pop_two_plus": "52", "pop_hispanic": 156, "pop_non_citizen": null, "poverty_universe": null, "pop_poverty": null, "total_households": 359, "renter_occupied": 159, "unemployed": "29", "single_parent_households": "73", "state": "06", "county": "067", "tract": "009641", "block group": "1", "surveilled_sites_count": 0, "surveilled_sites_list": "None", "surveilled_categories": "None", "pct_poverty": null, "pct_renter": 44.289693593314759, "pct_non_citizen": null, "pct_black": 10.957722174288181, "pct_hispanic": 13.459879206212252 }, "geometry": { "type": "Point", "coordinates": [ -121.419840899999983, 38.470676400000023 ] } },
{ "type": "Feature", "properties": { "id": 14071580273, "lat": 38.4689827, "lon": -121.4220327, "direction": 325.0, "operator": "Kaiser Permanente", "brand": "Unknown", "STATEFP": "06", "COUNTYFP": "067", "TRACTCE": "009641", "BLKGRPCE": "1", "AFFGEOID": "1500000US060670096411", "GEOID": "060670096411", "NAME_x": "1", "NAMELSAD": "Block Group 1", "LSAD": "BG", "ALAND": 1261547, "AWATER": 0, "NAME_y": "Block Group 1; Census Tract 96.41; Sacramento County; California", "pop_total": 1159, "median_income": 65987.0, "pop_white": "176", "pop_black": 127, "pop_native": "25", "pop_asian": "508", "pop_pacific": "187", "pop_other": "84", "pop_two_plus": "52", "pop_hispanic": 156, "pop_non_citizen": null, "poverty_universe": null, "pop_poverty": null, "total_households": 359, "renter_occupied": 159, "unemployed": "29", "single_parent_households": "73", "state": "06", "county": "067", "tract": "009641", "block group": "1", "surveilled_sites_count": 0, "surveilled_sites_list": "None", "surveilled_categories": "None", "pct_poverty": null, "pct_renter": 44.289693593314759, "pct_non_citizen": null, "pct_black": 10.957722174288181, "pct_hispanic": 13.459879206212252 }, "geometry": { "type": "Point", "coordinates": [ -121.4220327, 38.46898269999997 ] } },
{ "type": "Feature", "properties": { "id": 14071580274, "lat": 38.4691177, "lon": -121.4222723, "direction": 145.0, "operator": "Kaiser Permanente", "brand": "Unknown", "STATEFP": "06", "COUNTYFP": "067", "TRACTCE": "009641", "BLKGRPCE": "1", "AFFGEOID": "1500000US060670096411", "GEOID": "060670096411", "NAME_x": "1", "NAMELSAD": "Block Group 1", "LSAD": "BG", "ALAND": 1261547, "AWATER": 0, "NAME_y": "Block Group 1; Census Tract 96.41; Sacramento County; California", "pop_total": 1159, "median_income": 65987.0, "pop_white": "176", "pop_black": 127, "pop_native": "25", "pop_asian": "508", "pop_pacific": "187", "pop_other": "84", "pop_two_plus": "52", "pop_hispanic": 156, "pop_non_citizen": null, "poverty_universe": null, "pop_poverty": null, "total_households": 359, "renter_occupied": 159, "unemployed": "29", "single_parent_households": "73", "state": "06", "county": "067", "tract": "009641", "block group": "1", "surveilled_sites_count": 0, "surveilled_sites_list": "None", "surveilled_categories": "None", "pct_poverty": null, "pct_renter": 44.289693593314759, "pct_non_citizen": null, "pct_black": 10.957722174288181, "pct_hispanic": 13.459879206212252 }, "geometry": { "type": "Point", "coordinates": [ -121.4222723, 38.469117699999956 ] } },
{ "type": "Feature", "properties": { "id": 14071580275, "lat": 38.4693404, "lon": -121.4267905, "direction": 80.0, "operator": "Kaiser Permanente", "brand": "Unknown", "STATEFP": "06", "COUNTYFP": "067", "TRACTCE": "009641", "BLKGRPCE": "1", "AFFGEOID": "1500000US060670096411", "GEOID": "060670096411", "NAME_x": "1", "NAMELSAD": "Block Group 1", "LSAD": "BG", "ALAND": 1261547, "AWATER": 0, "NAME_y": "Block Group 1; Census Tract 96.41; Sacramento County; California", "pop_total": 1159, "median_income": 65987.0, "pop_white": "176", "pop_black": 127, "pop_native": "25", "pop_asian": "508", "pop_pacific": "187", "pop_other": "84", "pop_two_plus": "52", "pop_hispanic": 156, "pop_non_citizen": null, "poverty_universe": null, "pop_poverty": null, "total_households": 359, "renter_occupied": 159, "unemployed": "29", "single_parent_households": "73", "state": "06", "county": "067", "tract": "009641", "block group": "1", "surveilled_sites_count": 0, "surveilled_sites_list": "None", "surveilled_categories": "None", "pct_poverty": null, "pct_renter": 44.289693593314759, "pct_non_citizen": null, "pct_black": 10.957722174288181, "pct_hispanic": 13.459879206212252 }, "geometry": { "type": "Point", "coordinates": [ -121.4267905, 38.4693404 ] } },
{ "type": "Feature", "properties": { "id": 14071580276, "lat": 38.4693429, "lon": -121.4265612, "direction": 285.0, "operator": "Kaiser Permanente", "brand": "Unknown", "STATEFP": "06", "COUNTYFP": "067", "TRACTCE": "009641", "BLKGRPCE": "1", "AFFGEOID": "1500000US060670096411", "GEOID": "060670096411", "NAME_x": "1", "NAMELSAD": "Block Group 1", "LSAD": "BG", "ALAND": 1261547, "AWATER": 0, "NAME_y": "Block Group 1; Census Tract 96.41; Sacramento County; California", "pop_total": 1159, "median_income": 65987.0, "pop_white": "176", "pop_black": 127, "pop_native": "25", "pop_asian": "508", "pop_pacific": "187", "pop_other": "84", "pop_two_plus": "52", "pop_hispanic": 156, "pop_non_citizen": null, "poverty_universe": null, "pop_poverty": null, "total_households": 359, "renter_occupied": 159, "unemployed": "29", "single_parent_households": "73", "state": "06", "county": "067", "tract": "009641", "block group": "1", "surveilled_sites_count": 0, "surveilled_sites_list": "None", "surveilled_categories": "None", "pct_poverty": null, "pct_renter": 44.289693593314759, "pct_non_citizen": null, "pct_black": 10.957722174288181, "pct_hispanic": 13.459879206212252 }, "geometry": { "type": "Point", "coordinates": [ -121.4265612, 38.469342899999972 ] } },
{ "type": "Feature", "properties": { "id": 14071580277, "lat": 38.4710753, "lon": -121.4238045, "direction": 340.0, "operator": "Kaiser Permanente", "brand": "Unknown", "STATEFP": "06", "COUNTYFP": "067", "TRACTCE": "009641", "BLKGRPCE": "1", "AFFGEOID": "1500000US060670096411", "GEOID": "060670096411", "NAME_x": "1", "NAMELSAD": "Block Group 1", "LSAD": "BG", "ALAND": 1261547, "AWATER": 0, "NAME_y": "Block Group 1; Census Tract 96.41; Sacramento County; California", "pop_total": 1159, "median_income": 65987.0, "pop_white": "176", "pop_black": 127, "pop_native": "25", "pop_asian": "508", "pop_pacific": "187", "pop_other": "84", "pop_two_plus": "52", "pop_hispanic": 156, "pop_non_citizen": null, "poverty_universe": null, "pop_poverty": null, "total_households": 359, "renter_occupied": 159, "unemployed": "29", "single_parent_households": "73", "state": "06", "county": "067", "tract": "009641", "block group": "1", "surveilled_sites_count": 0, "surveilled_sites_list": "None", "surveilled_categories": "None", "pct_poverty": null, "pct_renter": 44.289693593314759, "pct_non_citizen": null, "pct_black": 10.957722174288181, "pct_hispanic": 13.459879206212252 }, "geometry": { "type": "Point", "coordinates": [ -121.4238045, 38.471075299999988 ] } },
{ "type": "Feature", "properties": { "id": 14071584602, "lat": 38.4719565, "lon": -121.4238989, "direction": 90.0, "operator": "Unknown", "brand": "Unknown", "STATEFP": "06", "COUNTYFP": "067", "TRACTCE": "009641", "BLKGRPCE": "1", "AFFGEOID": "1500000US060670096411", "GEOID": "060670096411", "NAME_x": "1", "NAMELSAD": "Block Group 1", "LSAD": "BG", "ALAND": 1261547, "AWATER": 0, "NAME_y": "Block Group 1; Census Tract 96.41; Sacramento County; California", "pop_total": 1159, "median_income": 65987.0, "pop_white": "176", "pop_black": 127, "pop_native": "25", "pop_asian": "508", "pop_pacific": "187", "pop_other": "84", "pop_two_plus": "52", "pop_hispanic": 156, "pop_non_citizen": null, "poverty_universe": null, "pop_poverty": null, "total_households": 359, "renter_occupied": 159, "unemployed": "29", "single_parent_households": "73", "state": "06", "county": "067", "tract": "009641", "block group": "1", "surveilled_sites_count": 0, "surveilled_sites_list": "None", "surveilled_categories": "None", "pct_poverty": null, "pct_renter": 44.289693593314759, "pct_non_citizen": null, "pct_black": 10.957722174288181, "pct_hispanic": 13.459879206212252 }, "geometry": { "type": "Point", "coordinates": [ -121.4238989, 38.471956499999983 ] } },
{ "type": "Feature", "properties": { "id": 14071584603, "lat": 38.4724025, "lon": -121.4232729, "direction": 170.0, "operator": "Unknown", "brand": "Unknown", "STATEFP": "06", "COUNTYFP": "067", "TRACTCE": "009641", "BLKGRPCE": "1", "AFFGEOID": "1500000US060670096411", "GEOID": "060670096411", "NAME_x": "1", "NAMELSAD": "Block Group 1", "LSAD": "BG", "ALAND": 1261547, "AWATER": 0, "NAME_y": "Block Group 1; Census Tract 96.41; Sacramento County; California", "pop_total": 1159, "median_income": 65987.0, "pop_white": "176", "pop_black": 127, "pop_native": "25", "pop_asian": "508", "pop_pacific": "187", "pop_other": "84", "pop_two_plus": "52", "pop_hispanic": 156, "pop_non_citizen": null, "poverty_universe": null, "pop_poverty": null, "total_households": 359, "renter_occupied": 159, "unemployed": "29", "single_parent_households": "73", "state": "06", "county": "067", "tract": "009641", "block group": "1", "surveilled_sites_count": 0, "surveilled_sites_list": "None", "surveilled_categories": "None", "pct_poverty": null, "pct_renter": 44.289693593314759, "pct_non_citizen": null, "pct_black": 10.957722174288181, "pct_hispanic": 13.459879206212252 }, "geometry": { "type": "Point", "coordinates": [ -121.4232729, 38.4724025 ] } },
{ "type": "Feature", "properties": { "id": 14071584604, "lat": 38.4723794, "lon": -121.4247225, "direction": 195.0, "operator": "Unknown", "brand": "Unknown", "STATEFP": "06", "COUNTYFP": "067", "TRACTCE": "009641", "BLKGRPCE": "1", "AFFGEOID": "1500000US060670096411", "GEOID": "060670096411", "NAME_x": "1", "NAMELSAD": "Block Group 1", "LSAD": "BG", "ALAND": 1261547, "AWATER": 0, "NAME_y": "Block Group 1; Census Tract 96.41; Sacramento County; California", "pop_total": 1159, "median_income": 65987.0, "pop_white": "176", "pop_black": 127, "pop_native": "25", "pop_asian": "508", "pop_pacific": "187", "pop_other": "84", "pop_two_plus": "52", "pop_hispanic": 156, "pop_non_citizen": null, "poverty_universe": null, "pop_poverty": null, "total_households": 359, "renter_occupied": 159, "unemployed": "29", "single_parent_households": "73", "state": "06", "county": "067", "tract": "009641", "block group": "1", "surveilled_sites_count": 0, "surveilled_sites_list": "None", "surveilled_categories": "None", "pct_poverty": null, "pct_renter": 44.289693593314759, "pct_non_citizen": null, "pct_black": 10.957722174288181, "pct_hispanic": 13.459879206212252 }, "geometry": { "type": "Point", "coordinates": [ -121.424722500000016, 38.4723794 ] } },
{ "type": "Feature", "properties": { "id": 14072505601, "lat": 38.4019245, "lon": -121.3913371, "direction": 337.0, "operator": "Unknown", "brand": "Unknown", "STATEFP": "06", "COUNTYFP": "067", "TRACTCE": "009650", "BLKGRPCE": "1", "AFFGEOID": "1500000US060670096501", "GEOID": "060670096501", "NAME_x": "1", "NAMELSAD": "Block Group 1", "LSAD": "BG", "ALAND": 1324706, "AWATER": 0, "NAME_y": "Block Group 1; Census Tract 96.50; Sacramento County; California", "pop_total": 422, "median_income": 223375.0, "pop_white": "146", "pop_black": 17, "pop_native": "0", "pop_asian": "118", "pop_pacific": "10", "pop_other": "31", "pop_two_plus": "100", "pop_hispanic": 31, "pop_non_citizen": null, "poverty_universe": null, "pop_poverty": null, "total_households": 154, "renter_occupied": 0, "unemployed": "0", "single_parent_households": "54", "state": "06", "county": "067", "tract": "009650", "block group": "1", "surveilled_sites_count": 0, "surveilled_sites_list": "None", "surveilled_categories": "None", "pct_poverty": null, "pct_renter": 0.0, "pct_non_citizen": null, "pct_black": 4.028436018957346, "pct_hispanic": 7.3459715639810419 }, "geometry": { "type": "Point", "coordinates": [ -121.3913371, 38.401924499999978 ] } },
{ "type": "Feature", "properties": { "id": 14074033796, "lat": 38.4339481, "lon": -121.4443662, "direction": 70.0, "operator": "Unknown", "brand": "Unknown", "STATEFP": "06", "COUNTYFP": "067", "TRACTCE": "009643", "BLKGRPCE": "1", "AFFGEOID": "1500000US060670096431", "GEOID": "060670096431", "NAME_x": "1", "NAMELSAD": "Block Group 1", "LSAD": "BG", "ALAND": 467507, "AWATER": 0, "NAME_y": "Block Group 1; Census Tract 96.43; Sacramento County; California", "pop_total": 2900, "median_income": 121044.0, "pop_white": "1169", "pop_black": 136, "pop_native": "36", "pop_asian": "775", "pop_pacific": "0", "pop_other": "355", "pop_two_plus": "429", "pop_hispanic": 1025, "pop_non_citizen": null, "poverty_universe": null, "pop_poverty": null, "total_households": 680, "renter_occupied": 140, "unemployed": "309", "single_parent_households": "505", "state": "06", "county": "067", "tract": "009643", "block group": "1", "surveilled_sites_count": 0, "surveilled_sites_list": "None", "surveilled_categories": "None", "pct_poverty": null, "pct_renter": 20.588235294117645, "pct_non_citizen": null, "pct_black": 4.6896551724137936, "pct_hispanic": 35.344827586206897 }, "geometry": { "type": "Point", "coordinates": [ -121.4443662, 38.4339481 ] } },
{ "type": "Feature", "properties": { "id": 14074051610, "lat": 38.4063835, "lon": -121.3873452, "direction": 325.0, "operator": "Unknown", "brand": "Unknown", "STATEFP": "06", "COUNTYFP": "067", "TRACTCE": "009650", "BLKGRPCE": "1", "AFFGEOID": "1500000US060670096501", "GEOID": "060670096501", "NAME_x": "1", "NAMELSAD": "Block Group 1", "LSAD": "BG", "ALAND": 1324706, "AWATER": 0, "NAME_y": "Block Group 1; Census Tract 96.50; Sacramento County; California", "pop_total": 422, "median_income": 223375.0, "pop_white": "146", "pop_black": 17, "pop_native": "0", "pop_asian": "118", "pop_pacific": "10", "pop_other": "31", "pop_two_plus": "100", "pop_hispanic": 31, "pop_non_citizen": null, "poverty_universe": null, "pop_poverty": null, "total_households": 154, "renter_occupied": 0, "unemployed": "0", "single_parent_households": "54", "state": "06", "county": "067", "tract": "009650", "block group": "1", "surveilled_sites_count": 0, "surveilled_sites_list": "None", "surveilled_categories": "None", "pct_poverty": null, "pct_renter": 0.0, "pct_non_citizen": null, "pct_black": 4.028436018957346, "pct_hispanic": 7.3459715639810419 }, "geometry": { "type": "Point", "coordinates": [ -121.387345200000013, 38.4063835 ] } },
{ "type": "Feature", "properties": { "id": 14074059602, "lat": 38.378937, "lon": -121.4462306, "direction": 40.0, "operator": "Unknown", "brand": "Unknown", "STATEFP": "06", "COUNTYFP": "067", "TRACTCE": "009653", "BLKGRPCE": "2", "AFFGEOID": "1500000US060670096532", "GEOID": "060670096532", "NAME_x": "2", "NAMELSAD": "Block Group 2", "LSAD": "BG", "ALAND": 349360, "AWATER": 0, "NAME_y": "Block Group 2; Census Tract 96.53; Sacramento County; California", "pop_total": 1427, "median_income": 150682.0, "pop_white": "591", "pop_black": 95, "pop_native": "0", "pop_asian": "581", "pop_pacific": "0", "pop_other": "21", "pop_two_plus": "139", "pop_hispanic": 145, "pop_non_citizen": null, "poverty_universe": null, "pop_poverty": null, "total_households": 376, "renter_occupied": 72, "unemployed": "57", "single_parent_households": "228", "state": "06", "county": "067", "tract": "009653", "block group": "2", "surveilled_sites_count": 0, "surveilled_sites_list": "None", "surveilled_categories": "None", "pct_poverty": null, "pct_renter": 19.148936170212767, "pct_non_citizen": null, "pct_black": 6.657323055360898, "pct_hispanic": 10.161177295024528 }, "geometry": { "type": "Point", "coordinates": [ -121.446230600000021, 38.378937 ] } },
{ "type": "Feature", "properties": { "id": 14075830118, "lat": 38.4307836, "lon": -121.4176229, "direction": 345.0, "operator": "Unknown", "brand": "Unknown", "STATEFP": "06", "COUNTYFP": "067", "TRACTCE": "009639", "BLKGRPCE": "1", "AFFGEOID": "1500000US060670096391", "GEOID": "060670096391", "NAME_x": "1", "NAMELSAD": "Block Group 1", "LSAD": "BG", "ALAND": 1190313, "AWATER": 0, "NAME_y": "Block Group 1; Census Tract 96.39; Sacramento County; California", "pop_total": 1121, "median_income": 140313.0, "pop_white": "338", "pop_black": 59, "pop_native": "0", "pop_asian": "594", "pop_pacific": "0", "pop_other": "117", "pop_two_plus": "13", "pop_hispanic": 143, "pop_non_citizen": null, "poverty_universe": null, "pop_poverty": null, "total_households": 276, "renter_occupied": 75, "unemployed": "86", "single_parent_households": "156", "state": "06", "county": "067", "tract": "009639", "block group": "1", "surveilled_sites_count": 0, "surveilled_sites_list": "None", "surveilled_categories": "None", "pct_poverty": null, "pct_renter": 27.173913043478258, "pct_non_citizen": null, "pct_black": 5.2631578947368416, "pct_hispanic": 12.756467439785906 }, "geometry": { "type": "Point", "coordinates": [ -121.4176229, 38.430783600000012 ] } },
{ "type": "Feature", "properties": { "id": 14075882311, "lat": 38.430689, "lon": -121.4194302, "direction": 260.0, "operator": "Unknown", "brand": "Unknown", "STATEFP": "06", "COUNTYFP": "067", "TRACTCE": "009614", "BLKGRPCE": "2", "AFFGEOID": "1500000US060670096142", "GEOID": "060670096142", "NAME_x": "2", "NAMELSAD": "Block Group 2", "LSAD": "BG", "ALAND": 824866, "AWATER": 0, "NAME_y": "Block Group 2; Census Tract 96.14; Sacramento County; California", "pop_total": 2013, "median_income": 135074.0, "pop_white": "502", "pop_black": 222, "pop_native": "0", "pop_asian": "507", "pop_pacific": "0", "pop_other": "575", "pop_two_plus": "207", "pop_hispanic": 846, "pop_non_citizen": null, "poverty_universe": null, "pop_poverty": null, "total_households": 679, "renter_occupied": 118, "unemployed": "83", "single_parent_households": "339", "state": "06", "county": "067", "tract": "009614", "block group": "2", "surveilled_sites_count": 0, "surveilled_sites_list": "None", "surveilled_categories": "None", "pct_poverty": null, "pct_renter": 17.378497790868924, "pct_non_citizen": null, "pct_black": 11.028315946348734, "pct_hispanic": 42.026825633383005 }, "geometry": { "type": "Point", "coordinates": [ -121.419430199999979, 38.430689 ] } },
{ "type": "Feature", "properties": { "id": 14075951401, "lat": 38.6997149, "lon": -121.1929907, "direction": 253.0, "operator": "Unknown", "brand": "Unknown", "STATEFP": "06", "COUNTYFP": "067", "TRACTCE": "008210", "BLKGRPCE": "1", "AFFGEOID": "1500000US060670082101", "GEOID": "060670082101", "NAME_x": "1", "NAMELSAD": "Block Group 1", "LSAD": "BG", "ALAND": 1839795, "AWATER": 2820, "NAME_y": "Block Group 1; Census Tract 82.10; Sacramento County; California", "pop_total": 3225, "median_income": 175750.0, "pop_white": "2308", "pop_black": 0, "pop_native": "0", "pop_asian": "493", "pop_pacific": "0", "pop_other": "16", "pop_two_plus": "408", "pop_hispanic": 865, "pop_non_citizen": null, "poverty_universe": null, "pop_poverty": null, "total_households": 1187, "renter_occupied": 186, "unemployed": "0", "single_parent_households": "402", "state": "06", "county": "067", "tract": "008210", "block group": "1", "surveilled_sites_count": 0, "surveilled_sites_list": "None", "surveilled_categories": "None", "pct_poverty": null, "pct_renter": 15.669755686604885, "pct_non_citizen": null, "pct_black": 0.0, "pct_hispanic": 26.821705426356591 }, "geometry": { "type": "Point", "coordinates": [ -121.1929907, 38.699714899999982 ] } },
{ "type": "Feature", "properties": { "id": 14076980701, "lat": 38.6787173, "lon": -121.2623145, "direction": 247.0, "operator": "Unknown", "brand": "Unknown", "STATEFP": "06", "COUNTYFP": "067", "TRACTCE": "008120", "BLKGRPCE": "3", "AFFGEOID": "1500000US060670081203", "GEOID": "060670081203", "NAME_x": "3", "NAMELSAD": "Block Group 3", "LSAD": "BG", "ALAND": 718557, "AWATER": 0, "NAME_y": "Block Group 3; Census Tract 81.20; Sacramento County; California", "pop_total": 1195, "median_income": 63279.0, "pop_white": "907", "pop_black": 40, "pop_native": "8", "pop_asian": "21", "pop_pacific": "0", "pop_other": "15", "pop_two_plus": "204", "pop_hispanic": 122, "pop_non_citizen": null, "poverty_universe": null, "pop_poverty": null, "total_households": 633, "renter_occupied": 627, "unemployed": "33", "single_parent_households": "29", "state": "06", "county": "067", "tract": "008120", "block group": "3", "surveilled_sites_count": 0, "surveilled_sites_list": "None", "surveilled_categories": "None", "pct_poverty": null, "pct_renter": 99.052132701421797, "pct_non_citizen": null, "pct_black": 3.3472803347280333, "pct_hispanic": 10.209205020920502 }, "geometry": { "type": "Point", "coordinates": [ -121.262314499999988, 38.678717299999953 ] } },
{ "type": "Feature", "properties": { "id": 14077721802, "lat": 38.4378524, "lon": -121.4170222, "direction": 44.0, "operator": "Unknown", "brand": "Unknown", "STATEFP": "06", "COUNTYFP": "067", "TRACTCE": "009639", "BLKGRPCE": "2", "AFFGEOID": "1500000US060670096392", "GEOID": "060670096392", "NAME_x": "2", "NAMELSAD": "Block Group 2", "LSAD": "BG", "ALAND": 1039857, "AWATER": 0, "NAME_y": "Block Group 2; Census Tract 96.39; Sacramento County; California", "pop_total": 1285, "median_income": null, "pop_white": "145", "pop_black": 127, "pop_native": "0", "pop_asian": "768", "pop_pacific": "52", "pop_other": "11", "pop_two_plus": "182", "pop_hispanic": 37, "pop_non_citizen": null, "poverty_universe": null, "pop_poverty": null, "total_households": 335, "renter_occupied": 137, "unemployed": "70", "single_parent_households": "149", "state": "06", "county": "067", "tract": "009639", "block group": "2", "surveilled_sites_count": 0, "surveilled_sites_list": "None", "surveilled_categories": "None", "pct_poverty": null, "pct_renter": 40.895522388059703, "pct_non_citizen": null, "pct_black": 9.8832684824902728, "pct_hispanic": 2.8793774319066148 }, "geometry": { "type": "Point", "coordinates": [ -121.4170222, 38.437852399999969 ] } },
{ "type": "Feature", "properties": { "id": 14077722002, "lat": 38.4378706, "lon": -121.3974648, "direction": 45.0, "operator": "Unknown", "brand": "Unknown", "STATEFP": "06", "COUNTYFP": "067", "TRACTCE": "009323", "BLKGRPCE": "2", "AFFGEOID": "1500000US060670093232", "GEOID": "060670093232", "NAME_x": "2", "NAMELSAD": "Block Group 2", "LSAD": "BG", "ALAND": 1088235, "AWATER": 0, "NAME_y": "Block Group 2; Census Tract 93.23; Sacramento County; California", "pop_total": 2938, "median_income": 101856.0, "pop_white": "1577", "pop_black": 82, "pop_native": "52", "pop_asian": "704", "pop_pacific": "100", "pop_other": "170", "pop_two_plus": "253", "pop_hispanic": 333, "pop_non_citizen": null, "poverty_universe": null, "pop_poverty": null, "total_households": 949, "renter_occupied": 236, "unemployed": "74", "single_parent_households": "377", "state": "06", "county": "067", "tract": "009323", "block group": "2", "surveilled_sites_count": 0, "surveilled_sites_list": "None", "surveilled_categories": "None", "pct_poverty": null, "pct_renter": 24.868282402528976, "pct_non_citizen": null, "pct_black": 2.7910142954390742, "pct_hispanic": 11.334240980258679 }, "geometry": { "type": "Point", "coordinates": [ -121.39746479999998, 38.437870599999961 ] } },
{ "type": "Feature", "properties": { "id": 14077726301, "lat": 38.4378903, "lon": -121.3922525, "direction": 45.0, "operator": "Unknown", "brand": "Unknown", "STATEFP": "06", "COUNTYFP": "067", "TRACTCE": "009323", "BLKGRPCE": "2", "AFFGEOID": "1500000US060670093232", "GEOID": "060670093232", "NAME_x": "2", "NAMELSAD": "Block Group 2", "LSAD": "BG", "ALAND": 1088235, "AWATER": 0, "NAME_y": "Block Group 2; Census Tract 93.23; Sacramento County; California", "pop_total": 2938, "median_income": 101856.0, "pop_white": "1577", "pop_black": 82, "pop_native": "52", "pop_asian": "704", "pop_pacific": "100", "pop_other": "170", "pop_two_plus": "253", "pop_hispanic": 333, "pop_non_citizen": null, "poverty_universe": null, "pop_poverty": null, "total_households": 949, "renter_occupied": 236, "unemployed": "74", "single_parent_households": "377", "state": "06", "county": "067", "tract": "009323", "block group": "2", "surveilled_sites_count": 0, "surveilled_sites_list": "None", "surveilled_categories": "None", "pct_poverty": null, "pct_renter": 24.868282402528976, "pct_non_citizen": null, "pct_black": 2.7910142954390742, "pct_hispanic": 11.334240980258679 }, "geometry": { "type": "Point", "coordinates": [ -121.3922525, 38.4378903 ] } },
{ "type": "Feature", "properties": { "id": 14077844301, "lat": 38.5574703, "lon": -121.1960727, "direction": 278.0, "operator": "Unknown", "brand": "Unknown", "STATEFP": "06", "COUNTYFP": "067", "TRACTCE": "008708", "BLKGRPCE": "4", "AFFGEOID": "1500000US060670087084", "GEOID": "060670087084", "NAME_x": "4", "NAMELSAD": "Block Group 4", "LSAD": "BG", "ALAND": 631814, "AWATER": 0, "NAME_y": "Block Group 4; Census Tract 87.08; Sacramento County; California", "pop_total": 217, "median_income": 140959.0, "pop_white": "11", "pop_black": 0, "pop_native": "0", "pop_asian": "27", "pop_pacific": "140", "pop_other": "0", "pop_two_plus": "39", "pop_hispanic": 39, "pop_non_citizen": null, "poverty_universe": null, "pop_poverty": null, "total_households": 75, "renter_occupied": 0, "unemployed": "0", "single_parent_households": "12", "state": "06", "county": "067", "tract": "008708", "block group": "4", "surveilled_sites_count": 0, "surveilled_sites_list": "None", "surveilled_categories": "None", "pct_poverty": null, "pct_renter": 0.0, "pct_non_citizen": null, "pct_black": 0.0, "pct_hispanic": 17.972350230414747 }, "geometry": { "type": "Point", "coordinates": [ -121.196072699999988, 38.55747030000002 ] } },
{ "type": "Feature", "properties": { "id": 14078008501, "lat": 38.4234518, "lon": -121.3344954, "direction": 78.0, "operator": "Unknown", "brand": "Unknown", "STATEFP": "06", "COUNTYFP": "067", "TRACTCE": "009336", "BLKGRPCE": "2", "AFFGEOID": "1500000US060670093362", "GEOID": "060670093362", "NAME_x": "2", "NAMELSAD": "Block Group 2", "LSAD": "BG", "ALAND": 4444768, "AWATER": 0, "NAME_y": "Block Group 2; Census Tract 93.36; Sacramento County; California", "pop_total": 1019, "median_income": 250001.0, "pop_white": "604", "pop_black": 13, "pop_native": "0", "pop_asian": "285", "pop_pacific": "10", "pop_other": "26", "pop_two_plus": "81", "pop_hispanic": 67, "pop_non_citizen": null, "poverty_universe": null, "pop_poverty": null, "total_households": 291, "renter_occupied": 18, "unemployed": "5", "single_parent_households": "132", "state": "06", "county": "067", "tract": "009336", "block group": "2", "surveilled_sites_count": 0, "surveilled_sites_list": "None", "surveilled_categories": "None", "pct_poverty": null, "pct_renter": 6.1855670103092786, "pct_non_citizen": null, "pct_black": 1.2757605495583906, "pct_hispanic": 6.5750736015701667 }, "geometry": { "type": "Point", "coordinates": [ -121.3344954, 38.4234518 ] } }
]
}
