{
"type": "FeatureCollection",
"name": "alpr_cameras",
"crs": { "type": "name", "properties": { "name": "urn:ogc:def:crs:OGC:1.3:CRS84" } },
"features": [
{ "type": "Feature", "properties": { "id": 6440809350, "lat": 38.4562567, "lon": -121.405089, "direction": 350.0, "operator": "Unknown", "brand": "Unknown" }, "geometry": { "type": "Point", "coordinates": [ -121.405089, 38.4562567 ] } },
{ "type": "Feature", "properties": { "id": 6440809353, "lat": 38.4559387, "lon": -121.4055508, "direction": 185.0, "operator": "Unknown", "brand": "Unknown" }, "geometry": { "type": "Point", "coordinates": [ -121.4055508, 38.4559387 ] } },
{ "type": "Feature", "properties": { "id": 6765453650, "lat": 38.6395922, "lon": -121.5028977, "direction": 170.0, "operator": "Sacramento Police Department", "brand": "Unknown" }, "geometry": { "type": "Point", "coordinates": [ -121.5028977, 38.6395922 ] } },
{ "type": "Feature", "properties": { "id": 7129724966, "lat": 38.618187, "lon": -121.4013185, "direction": 340.0, "operator": "Unknown", "brand": "Unknown" }, "geometry": { "type": "Point", "coordinates": [ -121.4013185, 38.618187 ] } },
{ "type": "Feature", "properties": { "id": 7460813327, "lat": 38.5157749, "lon": -121.4381162, "direction": 75.0, "operator": "Sacramento Police Department", "brand": "Unknown" }, "geometry": { "type": "Point", "coordinates": [ -121.4381162, 38.5157749 ] } },
{ "type": "Feature", "properties": { "id": 9962851462, "lat": 38.6184482, "lon": -121.2684098, "direction": 235.0, "operator": "Unknown", "brand": "Unknown" }, "geometry": { "type": "Point", "coordinates": [ -121.2684098, 38.6184482 ] } },
{ "type": "Feature", "properties": { "id": 11990338852, "lat": 38.2910334, "lon": -121.3029494, "direction": 55.0, "operator": "Unknown", "brand": "Unknown" }, "geometry": { "type": "Point", "coordinates": [ -121.3029494, 38.2910334 ] } },
{ "type": "Feature", "properties": { "id": 12335897695, "lat": 38.7076523, "lon": -121.3036142, "direction": 335.0, "operator": "Flock Safety", "brand": "Unknown" }, "geometry": { "type": "Point", "coordinates": [ -121.3036142, 38.7076523 ] } },
{ "type": "Feature", "properties": { "id": 12335930477, "lat": 38.7070275, "lon": -121.3059933, "direction": 155.0, "operator": "Flock Safety", "brand": "Unknown" }, "geometry": { "type": "Point", "coordinates": [ -121.3059933, 38.7070275 ] } },
{ "type": "Feature", "properties": { "id": 12603022095, "lat": 38.6335354, "lon": -121.2179574, "direction": 45.0, "operator": "Unknown", "brand": "Unknown" }, "geometry": { "type": "Point", "coordinates": [ -121.2179574, 38.6335354 ] } },
{ "type": "Feature", "properties": { "id": 12603022096, "lat": 38.6336569, "lon": -121.2180539, "direction": 220.0, "operator": "Unknown", "brand": "Unknown" }, "geometry": { "type": "Point", "coordinates": [ -121.2180539, 38.6336569 ] } },
{ "type": "Feature", "properties": { "id": 12603026635, "lat": 38.6153179, "lon": -121.1485823, "direction": 230.0, "operator": "Unknown", "brand": "Unknown" }, "geometry": { "type": "Point", "coordinates": [ -121.1485823, 38.6153179 ] } },
{ "type": "Feature", "properties": { "id": 12603026636, "lat": 38.6157088, "lon": -121.1497323, "direction": 315.0, "operator": "Unknown", "brand": "Unknown" }, "geometry": { "type": "Point", "coordinates": [ -121.1497323, 38.6157088 ] } },
{ "type": "Feature", "properties": { "id": 12727107870, "lat": 38.5591425, "lon": -121.2433817, "direction": 160.0, "operator": "Unknown", "brand": "Unknown" }, "geometry": { "type": "Point", "coordinates": [ -121.2433817, 38.5591425 ] } },
{ "type": "Feature", "properties": { "id": 12727107871, "lat": 38.5592591, "lon": -121.242801, "direction": 75.0, "operator": "Unknown", "brand": "Unknown" }, "geometry": { "type": "Point", "coordinates": [ -121.242801, 38.5592591 ] } },
{ "type": "Feature", "properties": { "id": 12727107872, "lat": 38.559658, "lon": -121.2431541, "direction": 330.0, "operator": "Unknown", "brand": "Unknown" }, "geometry": { "type": "Point", "coordinates": [ -121.2431541, 38.559658 ] } },
{ "type": "Feature", "properties": { "id": 12727107873, "lat": 38.5595764, "lon": -121.2436878, "direction": 245.0, "operator": "Unknown", "brand": "Unknown" }, "geometry": { "type": "Point", "coordinates": [ -121.2436878, 38.5595764 ] } },
{ "type": "Feature", "properties": { "id": 12727107874, "lat": 38.6012914, "lon": -121.2664646, "direction": 359.0, "operator": "Unknown", "brand": "Unknown" }, "geometry": { "type": "Point", "coordinates": [ -121.2664646, 38.6012914 ] } },
{ "type": "Feature", "properties": { "id": 12727135142, "lat": 38.5619563, "lon": -121.3358896, "direction": 65.0, "operator": "Unknown", "brand": "Unknown" }, "geometry": { "type": "Point", "coordinates": [ -121.3358896, 38.5619563 ] } },
{ "type": "Feature", "properties": { "id": 12732106420, "lat": 38.5960141, "lon": -121.2886351, "direction": 40.0, "operator": "Unknown", "brand": "Unknown" }, "geometry": { "type": "Point", "coordinates": [ -121.2886351, 38.5960141 ] } },
{ "type": "Feature", "properties": { "id": 12732106421, "lat": 38.5960737, "lon": -121.2891966, "direction": 220.0, "operator": "Unknown", "brand": "Unknown" }, "geometry": { "type": "Point", "coordinates": [ -121.2891966, 38.5960737 ] } },
{ "type": "Feature", "properties": { "id": 12732106422, "lat": 38.5932231, "lon": -121.2880386, "direction": 165.0, "operator": "Unknown", "brand": "Unknown" }, "geometry": { "type": "Point", "coordinates": [ -121.2880386, 38.5932231 ] } },
{ "type": "Feature", "properties": { "id": 12895870938, "lat": 38.6178718, "lon": -121.4012147, "direction": 61.0, "operator": "Unknown", "brand": "Unknown" }, "geometry": { "type": "Point", "coordinates": [ -121.4012147, 38.6178718 ] } },
{ "type": "Feature", "properties": { "id": 12895911089, "lat": 38.5958881, "lon": -121.4012248, "direction": 80.0, "operator": "Unknown", "brand": "Unknown" }, "geometry": { "type": "Point", "coordinates": [ -121.4012248, 38.5958881 ] } },
{ "type": "Feature", "properties": { "id": 12895918329, "lat": 38.6181478, "lon": -121.4017147, "direction": 232.0, "operator": "Unknown", "brand": "Unknown" }, "geometry": { "type": "Point", "coordinates": [ -121.4017147, 38.6181478 ] } },
{ "type": "Feature", "properties": { "id": 12895952047, "lat": 38.5965851, "lon": -121.4013478, "direction": -15.0, "operator": "Unknown", "brand": "Unknown" }, "geometry": { "type": "Point", "coordinates": [ -121.4013478, 38.5965851 ] } },
{ "type": "Feature", "properties": { "id": 12913849948, "lat": 38.6408325, "lon": -121.5210532, "direction": 20.0, "operator": "Unknown", "brand": "Unknown" }, "geometry": { "type": "Point", "coordinates": [ -121.5210532, 38.6408325 ] } },
{ "type": "Feature", "properties": { "id": 12918213431, "lat": 38.6012652, "lon": -121.415021, "direction": 250.0, "operator": "Unknown", "brand": "Unknown" }, "geometry": { "type": "Point", "coordinates": [ -121.415021, 38.6012652 ] } },
{ "type": "Feature", "properties": { "id": 12918255079, "lat": 38.6034742, "lon": -121.4121986, "direction": 75.0, "operator": "Unknown", "brand": "Unknown" }, "geometry": { "type": "Point", "coordinates": [ -121.4121986, 38.6034742 ] } },
{ "type": "Feature", "properties": { "id": 12918255799, "lat": 38.6034476, "lon": -121.4144727, "direction": 35.0, "operator": "Unknown", "brand": "Unknown" }, "geometry": { "type": "Point", "coordinates": [ -121.4144727, 38.6034476 ] } },
{ "type": "Feature", "properties": { "id": 12918273267, "lat": 38.6107112, "lon": -121.4151002, "direction": 75.0, "operator": "Unknown", "brand": "Unknown" }, "geometry": { "type": "Point", "coordinates": [ -121.4151002, 38.6107112 ] } },
{ "type": "Feature", "properties": { "id": 12918273325, "lat": 38.6021783, "lon": -121.4150558, "direction": 270.0, "operator": "Unknown", "brand": "Unknown" }, "geometry": { "type": "Point", "coordinates": [ -121.4150558, 38.6021783 ] } },
{ "type": "Feature", "properties": { "id": 12918277853, "lat": 38.6109555, "lon": -121.415191, "direction": 331.0, "operator": "Unknown", "brand": "Unknown" }, "geometry": { "type": "Point", "coordinates": [ -121.415191, 38.6109555 ] } },
{ "type": "Feature", "properties": { "id": 12918278806, "lat": 38.5963231, "lon": -121.4170306, "direction": 0.0, "operator": "Unknown", "brand": "Unknown" }, "geometry": { "type": "Point", "coordinates": [ -121.4170306, 38.5963231 ] } },
{ "type": "Feature", "properties": { "id": 12918314126, "lat": 38.6001232, "lon": -121.4260642, "direction": 105.0, "operator": "Unknown", "brand": "Unknown" }, "geometry": { "type": "Point", "coordinates": [ -121.4260642, 38.6001232 ] } },
{ "type": "Feature", "properties": { "id": 12918317608, "lat": 38.598151, "lon": -121.4164766, "direction": 180.0, "operator": "Unknown", "brand": "Unknown" }, "geometry": { "type": "Point", "coordinates": [ -121.4164766, 38.598151 ] } },
{ "type": "Feature", "properties": { "id": 12988788485, "lat": 38.6739598, "lon": -121.5791501, "direction": 50.0, "operator": "Unknown", "brand": "Unknown" }, "geometry": { "type": "Point", "coordinates": [ -121.5791501, 38.6739598 ] } },
{ "type": "Feature", "properties": { "id": 12988819392, "lat": 38.6740966, "lon": -121.5792609, "direction": 210.0, "operator": "Unknown", "brand": "Unknown" }, "geometry": { "type": "Point", "coordinates": [ -121.5792609, 38.6740966 ] } },
{ "type": "Feature", "properties": { "id": 13063727659, "lat": 38.4626463, "lon": -121.4178304, "direction": 90.0, "operator": "Unknown", "brand": "Unknown" }, "geometry": { "type": "Point", "coordinates": [ -121.4178304, 38.4626463 ] } },
{ "type": "Feature", "properties": { "id": 13095195384, "lat": 38.4963941, "lon": -121.452004, "direction": 160.0, "operator": "The Home Depot", "brand": "Unknown" }, "geometry": { "type": "Point", "coordinates": [ -121.452004, 38.4963941 ] } },
{ "type": "Feature", "properties": { "id": 13095195385, "lat": 38.496272, "lon": -121.4518428, "direction": 300.0, "operator": "The Home Depot", "brand": "Unknown" }, "geometry": { "type": "Point", "coordinates": [ -121.4518428, 38.496272 ] } },
{ "type": "Feature", "properties": { "id": 13095195386, "lat": 38.496267, "lon": -121.4518362, "direction": 240.0, "operator": "The Home Depot", "brand": "Unknown" }, "geometry": { "type": "Point", "coordinates": [ -121.4518362, 38.496267 ] } },
{ "type": "Feature", "properties": { "id": 13095195387, "lat": 38.4962907, "lon": -121.4534305, "direction": 70.0, "operator": "The Home Depot", "brand": "Unknown" }, "geometry": { "type": "Point", "coordinates": [ -121.4534305, 38.4962907 ] } },
{ "type": "Feature", "properties": { "id": 13095195388, "lat": 38.4968829, "lon": -121.4534275, "direction": 60.0, "operator": "The Home Depot", "brand": "Unknown" }, "geometry": { "type": "Point", "coordinates": [ -121.4534275, 38.4968829 ] } },
{ "type": "Feature", "properties": { "id": 13095212492, "lat": 38.4819759, "lon": -121.5028082, "direction": 180.0, "operator": "The Home Depot", "brand": "Unknown" }, "geometry": { "type": "Point", "coordinates": [ -121.5028082, 38.4819759 ] } },
{ "type": "Feature", "properties": { "id": 13095212493, "lat": 38.4820058, "lon": -121.5039288, "direction": 180.0, "operator": "The Home Depot", "brand": "Unknown" }, "geometry": { "type": "Point", "coordinates": [ -121.5039288, 38.4820058 ] } },
{ "type": "Feature", "properties": { "id": 13095212494, "lat": 38.4820229, "lon": -121.5016147, "direction": 240.0, "operator": "The Home Depot", "brand": "Unknown" }, "geometry": { "type": "Point", "coordinates": [ -121.5016147, 38.4820229 ] } },
{ "type": "Feature", "properties": { "id": 13095212495, "lat": 38.4823006, "lon": -121.504065, "direction": 40.0, "operator": "The Home Depot", "brand": "Unknown" }, "geometry": { "type": "Point", "coordinates": [ -121.504065, 38.4823006 ] } },
{ "type": "Feature", "properties": { "id": 13095273437, "lat": 38.549548, "lon": -121.4102723, "direction": 190.0, "operator": "The Home Depot", "brand": "Unknown" }, "geometry": { "type": "Point", "coordinates": [ -121.4102723, 38.549548 ] } },
{ "type": "Feature", "properties": { "id": 13095273438, "lat": 38.549542, "lon": -121.412625, "direction": 130.0, "operator": "The Home Depot", "brand": "Unknown" }, "geometry": { "type": "Point", "coordinates": [ -121.412625, 38.549542 ] } },
{ "type": "Feature", "properties": { "id": 13095273439, "lat": 38.5489786, "lon": -121.4101589, "direction": 260.0, "operator": "The Home Depot", "brand": "Unknown" }, "geometry": { "type": "Point", "coordinates": [ -121.4101589, 38.5489786 ] } },
{ "type": "Feature", "properties": { "id": 13095281636, "lat": 38.4538529, "lon": -121.4053113, "direction": 40.0, "operator": "Lowe's", "brand": "Unknown" }, "geometry": { "type": "Point", "coordinates": [ -121.4053113, 38.4538529 ] } },
{ "type": "Feature", "properties": { "id": 13095281637, "lat": 38.4555189, "lon": -121.4036781, "direction": 220.0, "operator": "Lowe's", "brand": "Unknown" }, "geometry": { "type": "Point", "coordinates": [ -121.4036781, 38.4555189 ] } },
{ "type": "Feature", "properties": { "id": 13095281638, "lat": 38.4551081, "lon": -121.4052327, "direction": 60.0, "operator": "Lowe's", "brand": "Unknown" }, "geometry": { "type": "Point", "coordinates": [ -121.4052327, 38.4551081 ] } },
{ "type": "Feature", "properties": { "id": 13095291592, "lat": 38.4258003, "lon": -121.4002007, "direction": 270.0, "operator": "The Home Depot", "brand": "Unknown" }, "geometry": { "type": "Point", "coordinates": [ -121.4002007, 38.4258003 ] } },
{ "type": "Feature", "properties": { "id": 13095291593, "lat": 38.4243628, "lon": -121.4011736, "direction": 330.0, "operator": "The Home Depot", "brand": "Unknown" }, "geometry": { "type": "Point", "coordinates": [ -121.4011736, 38.4243628 ] } },
{ "type": "Feature", "properties": { "id": 13095291594, "lat": 38.4243398, "lon": -121.4016011, "direction": 340.0, "operator": "The Home Depot", "brand": "Unknown" }, "geometry": { "type": "Point", "coordinates": [ -121.4016011, 38.4243398 ] } },
{ "type": "Feature", "properties": { "id": 13095299862, "lat": 38.6707263, "lon": -121.1572148, "direction": 350.0, "operator": "Lowe's", "brand": "Unknown" }, "geometry": { "type": "Point", "coordinates": [ -121.1572148, 38.6707263 ] } },
{ "type": "Feature", "properties": { "id": 13095299863, "lat": 38.6720749, "lon": -121.1585145, "direction": 100.0, "operator": "Lowe's", "brand": "Unknown" }, "geometry": { "type": "Point", "coordinates": [ -121.1585145, 38.6720749 ] } },
{ "type": "Feature", "properties": { "id": 13095299864, "lat": 38.6721571, "lon": -121.1564731, "direction": 300.0, "operator": "Lowe's", "brand": "Unknown" }, "geometry": { "type": "Point", "coordinates": [ -121.1564731, 38.6721571 ] } },
{ "type": "Feature", "properties": { "id": 13095299865, "lat": 38.6714351, "lon": -121.1564629, "direction": 270.0, "operator": "Lowe's", "brand": "Unknown" }, "geometry": { "type": "Point", "coordinates": [ -121.1564629, 38.6714351 ] } },
{ "type": "Feature", "properties": { "id": 13095308413, "lat": 38.5826283, "lon": -121.2828484, "direction": 300.0, "operator": "Lowe's", "brand": "Unknown" }, "geometry": { "type": "Point", "coordinates": [ -121.2828484, 38.5826283 ] } },
{ "type": "Feature", "properties": { "id": 13095308414, "lat": 38.584046, "lon": -121.2836629, "direction": 200.0, "operator": "Lowe's", "brand": "Unknown" }, "geometry": { "type": "Point", "coordinates": [ -121.2836629, 38.584046 ] } },
{ "type": "Feature", "properties": { "id": 13095311889, "lat": 38.6019271, "lon": -121.2669179, "direction": 270.0, "operator": "Lowe's", "brand": "Unknown" }, "geometry": { "type": "Point", "coordinates": [ -121.2669179, 38.6019271 ] } },
{ "type": "Feature", "properties": { "id": 13095322837, "lat": 38.677283, "lon": -121.2720363, "direction": 320.0, "operator": "Lowe's", "brand": "Unknown" }, "geometry": { "type": "Point", "coordinates": [ -121.2720363, 38.677283 ] } },
{ "type": "Feature", "properties": { "id": 13095322838, "lat": 38.6782038, "lon": -121.2728744, "direction": 160.0, "operator": "Lowe's", "brand": "Unknown" }, "geometry": { "type": "Point", "coordinates": [ -121.2728744, 38.6782038 ] } },
{ "type": "Feature", "properties": { "id": 13095322839, "lat": 38.6780392, "lon": -121.2743435, "direction": 200.0, "operator": "Lowe's", "brand": "Unknown" }, "geometry": { "type": "Point", "coordinates": [ -121.2743435, 38.6780392 ] } },
{ "type": "Feature", "properties": { "id": 13095324760, "lat": 38.7047957, "lon": -121.3279538, "direction": 270.0, "operator": "The Home Depot", "brand": "Unknown" }, "geometry": { "type": "Point", "coordinates": [ -121.3279538, 38.7047957 ] } },
{ "type": "Feature", "properties": { "id": 13095324761, "lat": 38.7059895, "lon": -121.3284989, "direction": 80.0, "operator": "The Home Depot", "brand": "Unknown" }, "geometry": { "type": "Point", "coordinates": [ -121.3284989, 38.7059895 ] } },
{ "type": "Feature", "properties": { "id": 13095324762, "lat": 38.7053867, "lon": -121.3277108, "direction": 360.0, "operator": "The Home Depot", "brand": "Unknown" }, "geometry": { "type": "Point", "coordinates": [ -121.3277108, 38.7053867 ] } },
{ "type": "Feature", "properties": { "id": 13157040470, "lat": 38.6453212, "lon": -121.1360873, "direction": 225.0, "operator": "Unknown", "brand": "Unknown" }, "geometry": { "type": "Point", "coordinates": [ -121.1360873, 38.6453212 ] } },
{ "type": "Feature", "properties": { "id": 13158439777, "lat": 38.4559017, "lon": -121.405078, "direction": 85.0, "operator": "Unknown", "brand": "Unknown" }, "geometry": { "type": "Point", "coordinates": [ -121.405078, 38.4559017 ] } },
{ "type": "Feature", "properties": { "id": 13158439778, "lat": 38.4562699, "lon": -121.4056276, "direction": 280.0, "operator": "Unknown", "brand": "Unknown" }, "geometry": { "type": "Point", "coordinates": [ -121.4056276, 38.4562699 ] } },
{ "type": "Feature", "properties": { "id": 13158440851, "lat": 38.5107526, "lon": -121.3908828, "direction": 270.0, "operator": "Unknown", "brand": "Unknown" }, "geometry": { "type": "Point", "coordinates": [ -121.3908828, 38.5107526 ] } },
{ "type": "Feature", "properties": { "id": 13158455403, "lat": 38.4830736, "lon": -121.4086792, "direction": 355.0, "operator": "Unknown", "brand": "Unknown" }, "geometry": { "type": "Point", "coordinates": [ -121.4086792, 38.4830736 ] } },
{ "type": "Feature", "properties": { "id": 13163271009, "lat": 38.6478919, "lon": -121.1216551, "direction": 25.0, "operator": "Unknown", "brand": "Unknown" }, "geometry": { "type": "Point", "coordinates": [ -121.1216551, 38.6478919 ] } },
{ "type": "Feature", "properties": { "id": 13163271010, "lat": 38.6473361, "lon": -121.1198675, "direction": 265.0, "operator": "Unknown", "brand": "Unknown" }, "geometry": { "type": "Point", "coordinates": [ -121.1198675, 38.6473361 ] } },
{ "type": "Feature", "properties": { "id": 13171216089, "lat": 38.6837446, "lon": -121.2783233, "direction": 10.0, "operator": "Unknown", "brand": "Unknown" }, "geometry": { "type": "Point", "coordinates": [ -121.2783233, 38.6837446 ] } },
{ "type": "Feature", "properties": { "id": 13172454087, "lat": 38.6441871, "lon": -121.1913283, "direction": 195.0, "operator": "Unknown", "brand": "Unknown" }, "geometry": { "type": "Point", "coordinates": [ -121.1913283, 38.6441871 ] } },
{ "type": "Feature", "properties": { "id": 13172454088, "lat": 38.6441949, "lon": -121.19134, "direction": 220.0, "operator": "Unknown", "brand": "Unknown" }, "geometry": { "type": "Point", "coordinates": [ -121.19134, 38.6441949 ] } },
{ "type": "Feature", "properties": { "id": 13172454089, "lat": 38.6442156, "lon": -121.1913674, "direction": 220.0, "operator": "Unknown", "brand": "Unknown" }, "geometry": { "type": "Point", "coordinates": [ -121.1913674, 38.6442156 ] } },
{ "type": "Feature", "properties": { "id": 13172454090, "lat": 38.6443917, "lon": -121.1907952, "direction": 30.0, "operator": "Unknown", "brand": "Unknown" }, "geometry": { "type": "Point", "coordinates": [ -121.1907952, 38.6443917 ] } },
{ "type": "Feature", "properties": { "id": 13172454091, "lat": 38.6443863, "lon": -121.1907873, "direction": 45.0, "operator": "Unknown", "brand": "Unknown" }, "geometry": { "type": "Point", "coordinates": [ -121.1907873, 38.6443863 ] } },
{ "type": "Feature", "properties": { "id": 13172454092, "lat": 38.6477866, "lon": -121.1154519, "direction": 150.0, "operator": "Unknown", "brand": "Unknown" }, "geometry": { "type": "Point", "coordinates": [ -121.1154519, 38.6477866 ] } },
{ "type": "Feature", "properties": { "id": 13172454093, "lat": 38.6478005, "lon": -121.115416, "direction": 150.0, "operator": "Unknown", "brand": "Unknown" }, "geometry": { "type": "Point", "coordinates": [ -121.115416, 38.6478005 ] } },
{ "type": "Feature", "properties": { "id": 13172454094, "lat": 38.6478039, "lon": -121.1154072, "direction": 135.0, "operator": "Unknown", "brand": "Unknown" }, "geometry": { "type": "Point", "coordinates": [ -121.1154072, 38.6478039 ] } },
{ "type": "Feature", "properties": { "id": 13172454095, "lat": 38.6381927, "lon": -121.1141382, "direction": 355.0, "operator": "Unknown", "brand": "Unknown" }, "geometry": { "type": "Point", "coordinates": [ -121.1141382, 38.6381927 ] } },
{ "type": "Feature", "properties": { "id": 13172454096, "lat": 38.6381923, "lon": -121.1141453, "direction": 345.0, "operator": "Unknown", "brand": "Unknown" }, "geometry": { "type": "Point", "coordinates": [ -121.1141453, 38.6381923 ] } },
{ "type": "Feature", "properties": { "id": 13172454097, "lat": 38.6381918, "lon": -121.1141639, "direction": 335.0, "operator": "Unknown", "brand": "Unknown" }, "geometry": { "type": "Point", "coordinates": [ -121.1141639, 38.6381918 ] } },
{ "type": "Feature", "properties": { "id": 13172454098, "lat": 38.6467458, "lon": -121.1602332, "direction": 145.0, "operator": "Unknown", "brand": "Unknown" }, "geometry": { "type": "Point", "coordinates": [ -121.1602332, 38.6467458 ] } },
{ "type": "Feature", "properties": { "id": 13172454099, "lat": 38.6467545, "lon": -121.1602188, "direction": 145.0, "operator": "Unknown", "brand": "Unknown" }, "geometry": { "type": "Point", "coordinates": [ -121.1602188, 38.6467545 ] } },
{ "type": "Feature", "properties": { "id": 13172454100, "lat": 38.6467573, "lon": -121.1602147, "direction": 115.0, "operator": "Unknown", "brand": "Unknown" }, "geometry": { "type": "Point", "coordinates": [ -121.1602147, 38.6467573 ] } },
{ "type": "Feature", "properties": { "id": 13178981488, "lat": 38.6483024, "lon": -121.0868737, "direction": 200.0, "operator": "Unknown", "brand": "Unknown" }, "geometry": { "type": "Point", "coordinates": [ -121.0868737, 38.6483024 ] } },
{ "type": "Feature", "properties": { "id": 13182350247, "lat": 38.6566882, "lon": -121.126646, "direction": 185.0, "operator": "Unknown", "brand": "Unknown" }, "geometry": { "type": "Point", "coordinates": [ -121.126646, 38.6566882 ] } },
{ "type": "Feature", "properties": { "id": 13184773087, "lat": 38.7068214, "lon": -121.2902151, "direction": 330.0, "operator": "Unknown", "brand": "Unknown" }, "geometry": { "type": "Point", "coordinates": [ -121.2902151, 38.7068214 ] } },
{ "type": "Feature", "properties": { "id": 13231923183, "lat": 38.6783605, "lon": -121.2254582, "direction": 45.0, "operator": "Unknown", "brand": "Unknown" }, "geometry": { "type": "Point", "coordinates": [ -121.2254582, 38.6783605 ] } },
{ "type": "Feature", "properties": { "id": 13231923184, "lat": 38.6786634, "lon": -121.2259804, "direction": 250.0, "operator": "Unknown", "brand": "Unknown" }, "geometry": { "type": "Point", "coordinates": [ -121.2259804, 38.6786634 ] } },
{ "type": "Feature", "properties": { "id": 13231923185, "lat": 38.6782872, "lon": -121.2258758, "direction": 150.0, "operator": "Unknown", "brand": "Unknown" }, "geometry": { "type": "Point", "coordinates": [ -121.2258758, 38.6782872 ] } },
{ "type": "Feature", "properties": { "id": 13231923252, "lat": 38.6638203, "lon": -121.2718635, "direction": 80.0, "operator": "Unknown", "brand": "Unknown" }, "geometry": { "type": "Point", "coordinates": [ -121.2718635, 38.6638203 ] } },
{ "type": "Feature", "properties": { "id": 13231942411, "lat": 38.6641283, "lon": -121.2255602, "direction": 350.0, "operator": "Unknown", "brand": "Unknown" }, "geometry": { "type": "Point", "coordinates": [ -121.2255602, 38.6641283 ] } },
{ "type": "Feature", "properties": { "id": 13231942412, "lat": 38.6637877, "lon": -121.2254904, "direction": 80.0, "operator": "Unknown", "brand": "Unknown" }, "geometry": { "type": "Point", "coordinates": [ -121.2254904, 38.6637877 ] } },
{ "type": "Feature", "properties": { "id": 13231942413, "lat": 38.6640781, "lon": -121.2260197, "direction": 250.0, "operator": "Unknown", "brand": "Unknown" }, "geometry": { "type": "Point", "coordinates": [ -121.2260197, 38.6640781 ] } },
{ "type": "Feature", "properties": { "id": 13231942414, "lat": 38.6637053, "lon": -121.2259375, "direction": 160.0, "operator": "Unknown", "brand": "Unknown" }, "geometry": { "type": "Point", "coordinates": [ -121.2259375, 38.6637053 ] } },
{ "type": "Feature", "properties": { "id": 13237628741, "lat": 38.6355025, "lon": -121.2243925, "direction": 45.0, "operator": "Unknown", "brand": "Unknown" }, "geometry": { "type": "Point", "coordinates": [ -121.2243925, 38.6355025 ] } },
{ "type": "Feature", "properties": { "id": 13237631209, "lat": 38.5936415, "lon": -121.287672, "direction": 50.0, "operator": "Unknown", "brand": "Unknown" }, "geometry": { "type": "Point", "coordinates": [ -121.287672, 38.5936415 ] } },
{ "type": "Feature", "properties": { "id": 13237631210, "lat": 38.5938447, "lon": -121.2878183, "direction": 330.0, "operator": "Unknown", "brand": "Unknown" }, "geometry": { "type": "Point", "coordinates": [ -121.2878183, 38.5938447 ] } },
{ "type": "Feature", "properties": { "id": 13237631211, "lat": 38.5937605, "lon": -121.2880804, "direction": 240.0, "operator": "Unknown", "brand": "Unknown" }, "geometry": { "type": "Point", "coordinates": [ -121.2880804, 38.5937605 ] } },
{ "type": "Feature", "properties": { "id": 13237631212, "lat": 38.5935827, "lon": -121.287993, "direction": 160.0, "operator": "Unknown", "brand": "Unknown" }, "geometry": { "type": "Point", "coordinates": [ -121.287993, 38.5935827 ] } },
{ "type": "Feature", "properties": { "id": 13241177077, "lat": 38.6463102, "lon": -121.1144484, "direction": 25.0, "operator": "Unknown", "brand": "Unknown" }, "geometry": { "type": "Point", "coordinates": [ -121.1144484, 38.6463102 ] } },
{ "type": "Feature", "properties": { "id": 13241177078, "lat": 38.6554232, "lon": -121.1275713, "direction": 335.0, "operator": "Unknown", "brand": "Unknown" }, "geometry": { "type": "Point", "coordinates": [ -121.1275713, 38.6554232 ] } },
{ "type": "Feature", "properties": { "id": 13241177079, "lat": 38.6557863, "lon": -121.12653, "direction": 335.0, "operator": "Unknown", "brand": "Unknown" }, "geometry": { "type": "Point", "coordinates": [ -121.12653, 38.6557863 ] } },
{ "type": "Feature", "properties": { "id": 13241624068, "lat": 38.6784393, "lon": -121.2624167, "direction": 80.0, "operator": "Unknown", "brand": "Unknown" }, "geometry": { "type": "Point", "coordinates": [ -121.2624167, 38.6784393 ] } },
{ "type": "Feature", "properties": { "id": 13241624069, "lat": 38.6784095, "lon": -121.2623883, "direction": 170.0, "operator": "Unknown", "brand": "Unknown" }, "geometry": { "type": "Point", "coordinates": [ -121.2623883, 38.6784095 ] } },
{ "type": "Feature", "properties": { "id": 13241624070, "lat": 38.6787591, "lon": -121.2620774, "direction": 350.0, "operator": "Unknown", "brand": "Unknown" }, "geometry": { "type": "Point", "coordinates": [ -121.2620774, 38.6787591 ] } },
{ "type": "Feature", "properties": { "id": 13241633224, "lat": 38.7187279, "lon": -121.2716599, "direction": 350.0, "operator": "Unknown", "brand": "Unknown" }, "geometry": { "type": "Point", "coordinates": [ -121.2716599, 38.7187279 ] } },
{ "type": "Feature", "properties": { "id": 13241633225, "lat": 38.7184489, "lon": -121.2719129, "direction": 170.0, "operator": "Unknown", "brand": "Unknown" }, "geometry": { "type": "Point", "coordinates": [ -121.2719129, 38.7184489 ] } },
{ "type": "Feature", "properties": { "id": 13241636888, "lat": 38.7077376, "lon": -121.2720839, "direction": 270.0, "operator": "Unknown", "brand": "Unknown" }, "geometry": { "type": "Point", "coordinates": [ -121.2720839, 38.7077376 ] } },
{ "type": "Feature", "properties": { "id": 13241659043, "lat": 38.7059366, "lon": -121.2673051, "direction": 45.0, "operator": "Unknown", "brand": "Unknown" }, "geometry": { "type": "Point", "coordinates": [ -121.2673051, 38.7059366 ] } },
{ "type": "Feature", "properties": { "id": 13242755244, "lat": 38.5977688, "lon": -121.4197863, "direction": 325.0, "operator": "Unknown", "brand": "Unknown" }, "geometry": { "type": "Point", "coordinates": [ -121.4197863, 38.5977688 ] } },
{ "type": "Feature", "properties": { "id": 13242765044, "lat": 38.5959392, "lon": -121.383319, "direction": 255.0, "operator": "Unknown", "brand": "Unknown" }, "geometry": { "type": "Point", "coordinates": [ -121.383319, 38.5959392 ] } },
{ "type": "Feature", "properties": { "id": 13242776147, "lat": 38.6609161, "lon": -121.3642498, "direction": 60.0, "operator": "Unknown", "brand": "Unknown" }, "geometry": { "type": "Point", "coordinates": [ -121.3642498, 38.6609161 ] } },
{ "type": "Feature", "properties": { "id": 13242776148, "lat": 38.6612373, "lon": -121.3646959, "direction": 240.0, "operator": "Unknown", "brand": "Unknown" }, "geometry": { "type": "Point", "coordinates": [ -121.3646959, 38.6612373 ] } },
{ "type": "Feature", "properties": { "id": 13243083871, "lat": 38.6550559, "lon": -121.4777996, "direction": 90.0, "operator": "Sacramento Police Department", "brand": "Unknown" }, "geometry": { "type": "Point", "coordinates": [ -121.4777996, 38.6550559 ] } },
{ "type": "Feature", "properties": { "id": 13243109051, "lat": 38.6545208, "lon": -121.4288864, "direction": 90.0, "operator": "Sacramento Police Department", "brand": "Unknown" }, "geometry": { "type": "Point", "coordinates": [ -121.4288864, 38.6545208 ] } },
{ "type": "Feature", "properties": { "id": 13243121516, "lat": 38.6746473, "lon": -121.5909578, "direction": 0.0, "operator": "Unknown", "brand": "Unknown" }, "geometry": { "type": "Point", "coordinates": [ -121.5909578, 38.6746473 ] } },
{ "type": "Feature", "properties": { "id": 13243135838, "lat": 38.6298645, "lon": -121.4754684, "direction": 0.0, "operator": "Sacramento Police Department", "brand": "Unknown" }, "geometry": { "type": "Point", "coordinates": [ -121.4754684, 38.6298645 ] } },
{ "type": "Feature", "properties": { "id": 13243135839, "lat": 38.6298645, "lon": -121.475474, "direction": 350.0, "operator": "Unknown", "brand": "Unknown" }, "geometry": { "type": "Point", "coordinates": [ -121.475474, 38.6298645 ] } },
{ "type": "Feature", "properties": { "id": 13243135840, "lat": 38.6298648, "lon": -121.4754807, "direction": 220.0, "operator": "Sacramento Police Department", "brand": "Unknown" }, "geometry": { "type": "Point", "coordinates": [ -121.4754807, 38.6298648 ] } },
{ "type": "Feature", "properties": { "id": 13243136564, "lat": 38.612656, "lon": -121.4975968, "direction": 90.0, "operator": "Sacramento Police Department", "brand": "Unknown" }, "geometry": { "type": "Point", "coordinates": [ -121.4975968, 38.612656 ] } },
{ "type": "Feature", "properties": { "id": 13243136565, "lat": 38.6126666, "lon": -121.4976054, "direction": 75.0, "operator": "Sacramento Police Department", "brand": "Unknown" }, "geometry": { "type": "Point", "coordinates": [ -121.4976054, 38.6126666 ] } },
{ "type": "Feature", "properties": { "id": 13243136566, "lat": 38.6126808, "lon": -121.497605, "direction": 285.0, "operator": "Sacramento Police Department", "brand": "Unknown" }, "geometry": { "type": "Point", "coordinates": [ -121.497605, 38.6126808 ] } },
{ "type": "Feature", "properties": { "id": 13248298474, "lat": 38.4746552, "lon": -121.4188293, "direction": 5.0, "operator": "Unknown", "brand": "Unknown" }, "geometry": { "type": "Point", "coordinates": [ -121.4188293, 38.4746552 ] } },
{ "type": "Feature", "properties": { "id": 13260777071, "lat": 38.5351594, "lon": -121.4938017, "direction": 195.0, "operator": "Sacramento PD", "brand": "Unknown" }, "geometry": { "type": "Point", "coordinates": [ -121.4938017, 38.5351594 ] } },
{ "type": "Feature", "properties": { "id": 13265949845, "lat": 38.7014425, "lon": -121.1471375, "direction": 285.0, "operator": "Unknown", "brand": "Unknown" }, "geometry": { "type": "Point", "coordinates": [ -121.1471375, 38.7014425 ] } },
{ "type": "Feature", "properties": { "id": 13270823308, "lat": 38.693904, "lon": -121.2905223, "direction": 170.0, "operator": "Unknown", "brand": "Unknown" }, "geometry": { "type": "Point", "coordinates": [ -121.2905223, 38.693904 ] } },
{ "type": "Feature", "properties": { "id": 13271112689, "lat": 38.6786265, "lon": -121.2713841, "direction": 350.0, "operator": "Unknown", "brand": "Unknown" }, "geometry": { "type": "Point", "coordinates": [ -121.2713841, 38.6786265 ] } },
{ "type": "Feature", "properties": { "id": 13271112690, "lat": 38.6783124, "lon": -121.2713126, "direction": 80.0, "operator": "Unknown", "brand": "Unknown" }, "geometry": { "type": "Point", "coordinates": [ -121.2713126, 38.6783124 ] } },
{ "type": "Feature", "properties": { "id": 13271112691, "lat": 38.6782524, "lon": -121.2717435, "direction": 170.0, "operator": "Unknown", "brand": "Unknown" }, "geometry": { "type": "Point", "coordinates": [ -121.2717435, 38.6782524 ] } },
{ "type": "Feature", "properties": { "id": 13271112692, "lat": 38.6785734, "lon": -121.271824, "direction": 260.0, "operator": "Unknown", "brand": "Unknown" }, "geometry": { "type": "Point", "coordinates": [ -121.271824, 38.6785734 ] } },
{ "type": "Feature", "properties": { "id": 13271152312, "lat": 38.6785218, "lon": -121.2758938, "direction": 350.0, "operator": "Unknown", "brand": "Unknown" }, "geometry": { "type": "Point", "coordinates": [ -121.2758938, 38.6785218 ] } },
{ "type": "Feature", "properties": { "id": 13271152313, "lat": 38.6781644, "lon": -121.2761298, "direction": 170.0, "operator": "Unknown", "brand": "Unknown" }, "geometry": { "type": "Point", "coordinates": [ -121.2761298, 38.6781644 ] } },
{ "type": "Feature", "properties": { "id": 13271171250, "lat": 38.6784408, "lon": -121.2923281, "direction": 350.0, "operator": "Unknown", "brand": "Unknown" }, "geometry": { "type": "Point", "coordinates": [ -121.2923281, 38.6784408 ] } },
{ "type": "Feature", "properties": { "id": 13271171251, "lat": 38.6781835, "lon": -121.2922989, "direction": 75.0, "operator": "Unknown", "brand": "Unknown" }, "geometry": { "type": "Point", "coordinates": [ -121.2922989, 38.6781835 ] } },
{ "type": "Feature", "properties": { "id": 13271171252, "lat": 38.6783516, "lon": -121.2927402, "direction": 260.0, "operator": "Unknown", "brand": "Unknown" }, "geometry": { "type": "Point", "coordinates": [ -121.2927402, 38.6783516 ] } },
{ "type": "Feature", "properties": { "id": 13271171253, "lat": 38.678061, "lon": -121.2925833, "direction": 170.0, "operator": "Unknown", "brand": "Unknown" }, "geometry": { "type": "Point", "coordinates": [ -121.2925833, 38.678061 ] } },
{ "type": "Feature", "properties": { "id": 13271171254, "lat": 38.6782935, "lon": -121.2878331, "direction": 270.0, "operator": "Unknown", "brand": "Unknown" }, "geometry": { "type": "Point", "coordinates": [ -121.2878331, 38.6782935 ] } },
{ "type": "Feature", "properties": { "id": 13271523407, "lat": 38.451789, "lon": -121.3349152, "direction": 180.0, "operator": "Unknown", "brand": "Unknown" }, "geometry": { "type": "Point", "coordinates": [ -121.3349152, 38.451789 ] } },
{ "type": "Feature", "properties": { "id": 13272915618, "lat": 38.7040888, "lon": -121.2716334, "direction": 70.0, "operator": "Unknown", "brand": "Unknown" }, "geometry": { "type": "Point", "coordinates": [ -121.2716334, 38.7040888 ] } },
{ "type": "Feature", "properties": { "id": 13272946228, "lat": 38.7004534, "lon": -121.2716298, "direction": 100.0, "operator": "Unknown", "brand": "Unknown" }, "geometry": { "type": "Point", "coordinates": [ -121.2716298, 38.7004534 ] } },
{ "type": "Feature", "properties": { "id": 13272965144, "lat": 38.7006392, "lon": -121.2623566, "direction": 350.0, "operator": "Unknown", "brand": "Unknown" }, "geometry": { "type": "Point", "coordinates": [ -121.2623566, 38.7006392 ] } },
{ "type": "Feature", "properties": { "id": 13272965145, "lat": 38.6997253, "lon": -121.2626222, "direction": 170.0, "operator": "Unknown", "brand": "Unknown" }, "geometry": { "type": "Point", "coordinates": [ -121.2626222, 38.6997253 ] } },
{ "type": "Feature", "properties": { "id": 13274445287, "lat": 38.6794547, "lon": -121.1924198, "direction": 205.0, "operator": "Unknown", "brand": "Unknown" }, "geometry": { "type": "Point", "coordinates": [ -121.1924198, 38.6794547 ] } },
{ "type": "Feature", "properties": { "id": 13274519844, "lat": 38.6805492, "lon": -121.1938871, "direction": 100.0, "operator": "Unknown", "brand": "Unknown" }, "geometry": { "type": "Point", "coordinates": [ -121.1938871, 38.6805492 ] } },
{ "type": "Feature", "properties": { "id": 13274555426, "lat": 38.6996016, "lon": -121.1940216, "direction": 65.0, "operator": "Unknown", "brand": "Unknown" }, "geometry": { "type": "Point", "coordinates": [ -121.1940216, 38.6996016 ] } },
{ "type": "Feature", "properties": { "id": 13274565365, "lat": 38.6775984, "lon": -121.1955051, "direction": 65.0, "operator": "Unknown", "brand": "Unknown" }, "geometry": { "type": "Point", "coordinates": [ -121.1955051, 38.6775984 ] } },
{ "type": "Feature", "properties": { "id": 13274565366, "lat": 38.6776109, "lon": -121.1955116, "direction": 60.0, "operator": "Unknown", "brand": "Unknown" }, "geometry": { "type": "Point", "coordinates": [ -121.1955116, 38.6776109 ] } },
{ "type": "Feature", "properties": { "id": 13274565367, "lat": 38.6776424, "lon": -121.1960829, "direction": 225.0, "operator": "Unknown", "brand": "Unknown" }, "geometry": { "type": "Point", "coordinates": [ -121.1960829, 38.6776424 ] } },
{ "type": "Feature", "properties": { "id": 13274565368, "lat": 38.677623, "lon": -121.1960649, "direction": 225.0, "operator": "Unknown", "brand": "Unknown" }, "geometry": { "type": "Point", "coordinates": [ -121.1960649, 38.677623 ] } },
{ "type": "Feature", "properties": { "id": 13284341360, "lat": 38.613326, "lon": -121.2695604, "direction": 5.0, "operator": "Unknown", "brand": "Unknown" }, "geometry": { "type": "Point", "coordinates": [ -121.2695604, 38.613326 ] } },
{ "type": "Feature", "properties": { "id": 13288496298, "lat": 38.594094, "lon": -121.387552, "direction": 135.0, "operator": "Unknown", "brand": "Unknown" }, "geometry": { "type": "Point", "coordinates": [ -121.387552, 38.594094 ] } },
{ "type": "Feature", "properties": { "id": 13297326301, "lat": 38.5626044, "lon": -121.3359873, "direction": 0.0, "operator": "Unknown", "brand": "Unknown" }, "geometry": { "type": "Point", "coordinates": [ -121.3359873, 38.5626044 ] } },
{ "type": "Feature", "properties": { "id": 13298368401, "lat": 38.5547926, "lon": -121.3361082, "direction": 0.0, "operator": "Unknown", "brand": "Unknown" }, "geometry": { "type": "Point", "coordinates": [ -121.3361082, 38.5547926 ] } },
{ "type": "Feature", "properties": { "id": 13298721701, "lat": 38.5253151, "lon": -121.2432339, "direction": 182.0, "operator": "Unknown", "brand": "Unknown" }, "geometry": { "type": "Point", "coordinates": [ -121.2432339, 38.5253151 ] } },
{ "type": "Feature", "properties": { "id": 13305267001, "lat": 38.6168352, "lon": -121.1411907, "direction": 74.0, "operator": "Unknown", "brand": "Unknown" }, "geometry": { "type": "Point", "coordinates": [ -121.1411907, 38.6168352 ] } },
{ "type": "Feature", "properties": { "id": 13305273801, "lat": 38.6322858, "lon": -121.0795531, "direction": 23.0, "operator": "Unknown", "brand": "Unknown" }, "geometry": { "type": "Point", "coordinates": [ -121.0795531, 38.6322858 ] } },
{ "type": "Feature", "properties": { "id": 13307235889, "lat": 38.6292114, "lon": -121.2161879, "direction": 225.0, "operator": "Unknown", "brand": "Unknown" }, "geometry": { "type": "Point", "coordinates": [ -121.2161879, 38.6292114 ] } },
{ "type": "Feature", "properties": { "id": 13307235890, "lat": 38.6292024, "lon": -121.2161815, "direction": 225.0, "operator": "Unknown", "brand": "Unknown" }, "geometry": { "type": "Point", "coordinates": [ -121.2161815, 38.6292024 ] } },
{ "type": "Feature", "properties": { "id": 13308832154, "lat": 38.4279014, "lon": -121.481095, "direction": 235.0, "operator": "Elk Grove Police Department", "brand": "Unknown" }, "geometry": { "type": "Point", "coordinates": [ -121.481095, 38.4279014 ] } },
{ "type": "Feature", "properties": { "id": 13308866284, "lat": 38.4276912, "lon": -121.4805149, "direction": 50.0, "operator": "Elk Grove Police Department", "brand": "Unknown" }, "geometry": { "type": "Point", "coordinates": [ -121.4805149, 38.4276912 ] } },
{ "type": "Feature", "properties": { "id": 13312724701, "lat": 38.6904416, "lon": -121.3830571, "direction": 244.0, "operator": "Unknown", "brand": "Unknown" }, "geometry": { "type": "Point", "coordinates": [ -121.3830571, 38.6904416 ] } },
{ "type": "Feature", "properties": { "id": 13312909001, "lat": 38.6058749, "lon": -121.2688549, "direction": 48.0, "operator": "Unknown", "brand": "Unknown" }, "geometry": { "type": "Point", "coordinates": [ -121.2688549, 38.6058749 ] } },
{ "type": "Feature", "properties": { "id": 13312911601, "lat": 38.6055127, "lon": -121.2699773, "direction": 245.0, "operator": "Unknown", "brand": "Unknown" }, "geometry": { "type": "Point", "coordinates": [ -121.2699773, 38.6055127 ] } },
{ "type": "Feature", "properties": { "id": 13315312201, "lat": 38.4270579, "lon": -121.3528468, "direction": 0.0, "operator": "Unknown", "brand": "Unknown" }, "geometry": { "type": "Point", "coordinates": [ -121.3528468, 38.4270579 ] } },
{ "type": "Feature", "properties": { "id": 13315355702, "lat": 38.4523618, "lon": -121.3879965, "direction": 89.0, "operator": "Unknown", "brand": "Unknown" }, "geometry": { "type": "Point", "coordinates": [ -121.3879965, 38.4523618 ] } },
{ "type": "Feature", "properties": { "id": 13315357101, "lat": 38.4270579, "lon": -121.3528468, "direction": 0.0, "operator": "Unknown", "brand": "Unknown" }, "geometry": { "type": "Point", "coordinates": [ -121.3528468, 38.4270579 ] } },
{ "type": "Feature", "properties": { "id": 13315358701, "lat": 38.4092296, "lon": -121.3345949, "direction": 0.0, "operator": "Unknown", "brand": "Unknown" }, "geometry": { "type": "Point", "coordinates": [ -121.3345949, 38.4092296 ] } },
{ "type": "Feature", "properties": { "id": 13315358702, "lat": 38.4349085, "lon": -121.3719779, "direction": 182.0, "operator": "Unknown", "brand": "Unknown" }, "geometry": { "type": "Point", "coordinates": [ -121.3719779, 38.4349085 ] } },
{ "type": "Feature", "properties": { "id": 13315359301, "lat": 38.3933234, "lon": -121.3531005, "direction": 0.0, "operator": "Unknown", "brand": "Unknown" }, "geometry": { "type": "Point", "coordinates": [ -121.3531005, 38.3933234 ] } },
{ "type": "Feature", "properties": { "id": 13315361601, "lat": 38.4527987, "lon": -121.3714531, "direction": 266.0, "operator": "Unknown", "brand": "Unknown" }, "geometry": { "type": "Point", "coordinates": [ -121.3714531, 38.4527987 ] } },
{ "type": "Feature", "properties": { "id": 13315361801, "lat": 38.4527987, "lon": -121.3714531, "direction": 330.0, "operator": "Unknown", "brand": "Unknown" }, "geometry": { "type": "Point", "coordinates": [ -121.3714531, 38.4527987 ] } },
{ "type": "Feature", "properties": { "id": 13315363301, "lat": 38.4476727, "lon": -121.3719086, "direction": 185.0, "operator": "Unknown", "brand": "Unknown" }, "geometry": { "type": "Point", "coordinates": [ -121.3719086, 38.4476727 ] } },
{ "type": "Feature", "properties": { "id": 13315490301, "lat": 38.5817145, "lon": -121.2844314, "direction": 59.0, "operator": "Unknown", "brand": "Unknown" }, "geometry": { "type": "Point", "coordinates": [ -121.2844314, 38.5817145 ] } },
{ "type": "Feature", "properties": { "id": 13315490401, "lat": 38.5816024, "lon": -121.2847067, "direction": 150.0, "operator": "Unknown", "brand": "Unknown" }, "geometry": { "type": "Point", "coordinates": [ -121.2847067, 38.5816024 ] } },
{ "type": "Feature", "properties": { "id": 13315493301, "lat": 38.5818262, "lon": -121.2849133, "direction": 247.0, "operator": "Unknown", "brand": "Unknown" }, "geometry": { "type": "Point", "coordinates": [ -121.2849133, 38.5818262 ] } },
{ "type": "Feature", "properties": { "id": 13315493601, "lat": 38.5878173, "lon": -121.28665, "direction": 82.0, "operator": "Unknown", "brand": "Unknown" }, "geometry": { "type": "Point", "coordinates": [ -121.28665, 38.5878173 ] } },
{ "type": "Feature", "properties": { "id": 13315494901, "lat": 38.587875, "lon": -121.2869412, "direction": 258.0, "operator": "Unknown", "brand": "Unknown" }, "geometry": { "type": "Point", "coordinates": [ -121.2869412, 38.587875 ] } },
{ "type": "Feature", "properties": { "id": 13315499301, "lat": 38.5877689, "lon": -121.2869476, "direction": 169.0, "operator": "Unknown", "brand": "Unknown" }, "geometry": { "type": "Point", "coordinates": [ -121.2869476, 38.5877689 ] } },
{ "type": "Feature", "properties": { "id": 13315522102, "lat": 38.4810808, "lon": -121.4090448, "direction": 175.0, "operator": "Unknown", "brand": "Unknown" }, "geometry": { "type": "Point", "coordinates": [ -121.4090448, 38.4810808 ] } },
{ "type": "Feature", "properties": { "id": 13317188106, "lat": 38.640288, "lon": -121.1147222, "direction": 160.0, "operator": "Unknown", "brand": "Unknown" }, "geometry": { "type": "Point", "coordinates": [ -121.1147222, 38.640288 ] } },
{ "type": "Feature", "properties": { "id": 13317199103, "lat": 38.6231846, "lon": -121.1141935, "direction": 171.0, "operator": "Unknown", "brand": "Unknown" }, "geometry": { "type": "Point", "coordinates": [ -121.1141935, 38.6231846 ] } },
{ "type": "Feature", "properties": { "id": 13317224801, "lat": 38.6231846, "lon": -121.1141935, "direction": 171.0, "operator": "Unknown", "brand": "Unknown" }, "geometry": { "type": "Point", "coordinates": [ -121.1141935, 38.6231846 ] } },
{ "type": "Feature", "properties": { "id": 13317311401, "lat": 38.592005, "lon": -121.2405561, "direction": 77.0, "operator": "Unknown", "brand": "Unknown" }, "geometry": { "type": "Point", "coordinates": [ -121.2405561, 38.592005 ] } },
{ "type": "Feature", "properties": { "id": 13320030501, "lat": 38.4742729, "lon": -121.4175051, "direction": 92.0, "operator": "Unknown", "brand": "Unknown" }, "geometry": { "type": "Point", "coordinates": [ -121.4175051, 38.4742729 ] } },
{ "type": "Feature", "properties": { "id": 13320161701, "lat": 38.5390651, "lon": -121.2881047, "direction": 45.0, "operator": "Unknown", "brand": "Unknown" }, "geometry": { "type": "Point", "coordinates": [ -121.2881047, 38.5390651 ] } },
{ "type": "Feature", "properties": { "id": 13320354001, "lat": 38.5103508, "lon": -121.4089712, "direction": 180.0, "operator": "Unknown", "brand": "Unknown" }, "geometry": { "type": "Point", "coordinates": [ -121.4089712, 38.5103508 ] } },
{ "type": "Feature", "properties": { "id": 13320355401, "lat": 38.495904, "lon": -121.4091016, "direction": 166.0, "operator": "Unknown", "brand": "Unknown" }, "geometry": { "type": "Point", "coordinates": [ -121.4091016, 38.495904 ] } },
{ "type": "Feature", "properties": { "id": 13320355402, "lat": 38.481496, "lon": -121.4085065, "direction": 81.0, "operator": "Unknown", "brand": "Unknown" }, "geometry": { "type": "Point", "coordinates": [ -121.4085065, 38.481496 ] } },
{ "type": "Feature", "properties": { "id": 13320480101, "lat": 38.5859544, "lon": -121.5050275, "direction": 281.0, "operator": "Unknown", "brand": "Unknown" }, "geometry": { "type": "Point", "coordinates": [ -121.5050275, 38.5859544 ] } },
{ "type": "Feature", "properties": { "id": 13324231002, "lat": 38.7250724, "lon": -121.3926148, "direction": 180.0, "operator": "Unknown", "brand": "Unknown" }, "geometry": { "type": "Point", "coordinates": [ -121.3926148, 38.7250724 ] } },
{ "type": "Feature", "properties": { "id": 13325116701, "lat": 38.3734353, "lon": -121.364947, "direction": 310.0, "operator": "Unknown", "brand": "Unknown" }, "geometry": { "type": "Point", "coordinates": [ -121.364947, 38.3734353 ] } },
{ "type": "Feature", "properties": { "id": 13325116801, "lat": 38.3734353, "lon": -121.364947, "direction": 310.0, "operator": "Unknown", "brand": "Unknown" }, "geometry": { "type": "Point", "coordinates": [ -121.364947, 38.3734353 ] } },
{ "type": "Feature", "properties": { "id": 13331227302, "lat": 38.6318641, "lon": -121.0800894, "direction": 205.0, "operator": "Unknown", "brand": "Unknown" }, "geometry": { "type": "Point", "coordinates": [ -121.0800894, 38.6318641 ] } },
{ "type": "Feature", "properties": { "id": 13332850397, "lat": 38.6438155, "lon": -121.1344867, "direction": 320.0, "operator": "Unknown", "brand": "Unknown" }, "geometry": { "type": "Point", "coordinates": [ -121.1344867, 38.6438155 ] } },
{ "type": "Feature", "properties": { "id": 13341885438, "lat": 38.574241, "lon": -121.4006185, "direction": 90.0, "operator": "Unknown", "brand": "Unknown" }, "geometry": { "type": "Point", "coordinates": [ -121.4006185, 38.574241 ] } },
{ "type": "Feature", "properties": { "id": 13356534101, "lat": 38.6108749, "lon": -121.2916635, "direction": 228.0, "operator": "Unknown", "brand": "Unknown" }, "geometry": { "type": "Point", "coordinates": [ -121.2916635, 38.6108749 ] } },
{ "type": "Feature", "properties": { "id": 13356534801, "lat": 38.6110707, "lon": -121.2907616, "direction": 33.0, "operator": "Unknown", "brand": "Unknown" }, "geometry": { "type": "Point", "coordinates": [ -121.2907616, 38.6110707 ] } },
{ "type": "Feature", "properties": { "id": 13358186901, "lat": 38.1104844, "lon": -121.6967701, "direction": 267.0, "operator": "Unknown", "brand": "Unknown" }, "geometry": { "type": "Point", "coordinates": [ -121.6967701, 38.1104844 ] } },
{ "type": "Feature", "properties": { "id": 13358529301, "lat": 38.6000221, "lon": -121.4012878, "direction": 330.0, "operator": "Unknown", "brand": "Unknown" }, "geometry": { "type": "Point", "coordinates": [ -121.4012878, 38.6000221 ] } },
{ "type": "Feature", "properties": { "id": 13358529401, "lat": 38.599686, "lon": -121.4016616, "direction": 150.0, "operator": "Unknown", "brand": "Unknown" }, "geometry": { "type": "Point", "coordinates": [ -121.4016616, 38.599686 ] } },
{ "type": "Feature", "properties": { "id": 13362579207, "lat": 38.5599761, "lon": -121.3800934, "direction": 320.0, "operator": "Unknown", "brand": "Unknown" }, "geometry": { "type": "Point", "coordinates": [ -121.3800934, 38.5599761 ] } },
{ "type": "Feature", "properties": { "id": 13362579208, "lat": 38.5599528, "lon": -121.3801432, "direction": 315.0, "operator": "Unknown", "brand": "Unknown" }, "geometry": { "type": "Point", "coordinates": [ -121.3801432, 38.5599528 ] } },
{ "type": "Feature", "properties": { "id": 13362653738, "lat": 38.552195, "lon": -121.3772475, "direction": 215.0, "operator": "Sacramento Police Department", "brand": "Unknown" }, "geometry": { "type": "Point", "coordinates": [ -121.3772475, 38.552195 ] } },
{ "type": "Feature", "properties": { "id": 13370108701, "lat": 38.5592422, "lon": -121.1875055, "direction": 235.0, "operator": "Unknown", "brand": "Unknown" }, "geometry": { "type": "Point", "coordinates": [ -121.1875055, 38.5592422 ] } },
{ "type": "Feature", "properties": { "id": 13372195501, "lat": 38.6173896, "lon": -121.4016083, "direction": 144.0, "operator": "Unknown", "brand": "Unknown" }, "geometry": { "type": "Point", "coordinates": [ -121.4016083, 38.6173896 ] } },
{ "type": "Feature", "properties": { "id": 13379090801, "lat": 38.5768031, "lon": -121.2910343, "direction": 315.0, "operator": "Kaiser Permanente", "brand": "Unknown" }, "geometry": { "type": "Point", "coordinates": [ -121.2910343, 38.5768031 ] } },
{ "type": "Feature", "properties": { "id": 13382177301, "lat": 38.5745757, "lon": -121.3036515, "direction": 98.0, "operator": "Unknown", "brand": "Unknown" }, "geometry": { "type": "Point", "coordinates": [ -121.3036515, 38.5745757 ] } },
{ "type": "Feature", "properties": { "id": 13384245646, "lat": 38.6401898, "lon": -121.1560956, "direction": 145.0, "operator": "Unknown", "brand": "Unknown" }, "geometry": { "type": "Point", "coordinates": [ -121.1560956, 38.6401898 ] } },
{ "type": "Feature", "properties": { "id": 13387039701, "lat": 38.5748953, "lon": -121.3036688, "direction": 19.0, "operator": "Unknown", "brand": "Unknown" }, "geometry": { "type": "Point", "coordinates": [ -121.3036688, 38.5748953 ] } },
{ "type": "Feature", "properties": { "id": 13387224801, "lat": 38.6021965, "lon": -121.3924689, "direction": 190.0, "operator": "Kaiser Permanente", "brand": "Unknown" }, "geometry": { "type": "Point", "coordinates": [ -121.3924689, 38.6021965 ] } },
{ "type": "Feature", "properties": { "id": 13387225301, "lat": 38.6012401, "lon": -121.3923585, "direction": 240.0, "operator": "Kaiser Permanente", "brand": "Unknown" }, "geometry": { "type": "Point", "coordinates": [ -121.3923585, 38.6012401 ] } },
{ "type": "Feature", "properties": { "id": 13387811501, "lat": 38.69841, "lon": -121.32624, "direction": 64.0, "operator": "Unknown", "brand": "Unknown" }, "geometry": { "type": "Point", "coordinates": [ -121.32624, 38.69841 ] } },
{ "type": "Feature", "properties": { "id": 13395496401, "lat": 38.5252269, "lon": -121.4090131, "direction": 180.0, "operator": "Unknown", "brand": "Unknown" }, "geometry": { "type": "Point", "coordinates": [ -121.4090131, 38.5252269 ] } },
{ "type": "Feature", "properties": { "id": 13395500801, "lat": 38.5396024, "lon": -121.4093052, "direction": 147.0, "operator": "Unknown", "brand": "Unknown" }, "geometry": { "type": "Point", "coordinates": [ -121.4093052, 38.5396024 ] } },
{ "type": "Feature", "properties": { "id": 13396891401, "lat": 38.5797536, "lon": -121.3091289, "direction": 304.0, "operator": "Unknown", "brand": "Unknown" }, "geometry": { "type": "Point", "coordinates": [ -121.3091289, 38.5797536 ] } },
{ "type": "Feature", "properties": { "id": 13399328392, "lat": 38.6340659, "lon": -121.2215789, "direction": 5.0, "operator": "Unknown", "brand": "Unknown" }, "geometry": { "type": "Point", "coordinates": [ -121.2215789, 38.6340659 ] } },
{ "type": "Feature", "properties": { "id": 13401768389, "lat": 38.7050265, "lon": -121.1690082, "direction": 90.0, "operator": "Unknown", "brand": "Unknown" }, "geometry": { "type": "Point", "coordinates": [ -121.1690082, 38.7050265 ] } },
{ "type": "Feature", "properties": { "id": 13402092307, "lat": 38.6430154, "lon": -121.1890916, "direction": 50.0, "operator": "Unknown", "brand": "Unknown" }, "geometry": { "type": "Point", "coordinates": [ -121.1890916, 38.6430154 ] } },
{ "type": "Feature", "properties": { "id": 13402092308, "lat": 38.6448425, "lon": -121.1869013, "direction": 185.0, "operator": "Unknown", "brand": "Unknown" }, "geometry": { "type": "Point", "coordinates": [ -121.1869013, 38.6448425 ] } },
{ "type": "Feature", "properties": { "id": 13414650255, "lat": 38.4087061, "lon": -121.4775025, "direction": 265.0, "operator": "Elk Grove Police Department", "brand": "Unknown" }, "geometry": { "type": "Point", "coordinates": [ -121.4775025, 38.4087061 ] } },
{ "type": "Feature", "properties": { "id": 13414704922, "lat": 38.4081044, "lon": -121.4601599, "direction": 215.0, "operator": "Elk Grove Police Department", "brand": "Unknown" }, "geometry": { "type": "Point", "coordinates": [ -121.4601599, 38.4081044 ] } },
{ "type": "Feature", "properties": { "id": 13416380301, "lat": 38.5847338, "lon": -121.2656016, "direction": 257.0, "operator": "Unknown", "brand": "Unknown" }, "geometry": { "type": "Point", "coordinates": [ -121.2656016, 38.5847338 ] } },
{ "type": "Feature", "properties": { "id": 13417197501, "lat": 38.4088706, "lon": -121.3843867, "direction": 87.0, "operator": "Unknown", "brand": "Unknown" }, "geometry": { "type": "Point", "coordinates": [ -121.3843867, 38.4088706 ] } },
{ "type": "Feature", "properties": { "id": 13423921301, "lat": 38.452478, "lon": -121.3693544, "direction": 90.0, "operator": "Unknown", "brand": "Unknown" }, "geometry": { "type": "Point", "coordinates": [ -121.3693544, 38.452478 ] } },
{ "type": "Feature", "properties": { "id": 13427786701, "lat": 38.6780219, "lon": -121.3194958, "direction": 92.0, "operator": "Unknown", "brand": "Unknown" }, "geometry": { "type": "Point", "coordinates": [ -121.3194958, 38.6780219 ] } },
{ "type": "Feature", "properties": { "id": 13431262901, "lat": 38.6527845, "lon": -121.5482846, "direction": 223.0, "operator": "Unknown", "brand": "Unknown" }, "geometry": { "type": "Point", "coordinates": [ -121.5482846, 38.6527845 ] } },
{ "type": "Feature", "properties": { "id": 13431265201, "lat": 38.6525541, "lon": -121.548012, "direction": 66.0, "operator": "Unknown", "brand": "Unknown" }, "geometry": { "type": "Point", "coordinates": [ -121.548012, 38.6525541 ] } },
{ "type": "Feature", "properties": { "id": 13433006002, "lat": 38.5746134, "lon": -121.4083781, "direction": 157.0, "operator": "Unknown", "brand": "Unknown" }, "geometry": { "type": "Point", "coordinates": [ -121.4083781, 38.5746134 ] } },
{ "type": "Feature", "properties": { "id": 13433010401, "lat": 38.5745726, "lon": -121.4082549, "direction": 324.0, "operator": "Unknown", "brand": "Unknown" }, "geometry": { "type": "Point", "coordinates": [ -121.4082549, 38.5745726 ] } },
{ "type": "Feature", "properties": { "id": 13433020101, "lat": 38.5744689, "lon": -121.4104019, "direction": 228.0, "operator": "Unknown", "brand": "Unknown" }, "geometry": { "type": "Point", "coordinates": [ -121.4104019, 38.5744689 ] } },
{ "type": "Feature", "properties": { "id": 13433022001, "lat": 38.5742288, "lon": -121.4100179, "direction": 63.0, "operator": "Unknown", "brand": "Unknown" }, "geometry": { "type": "Point", "coordinates": [ -121.4100179, 38.5742288 ] } },
{ "type": "Feature", "properties": { "id": 13433022801, "lat": 38.5744517, "lon": -121.4070067, "direction": 218.0, "operator": "Unknown", "brand": "Unknown" }, "geometry": { "type": "Point", "coordinates": [ -121.4070067, 38.5744517 ] } },
{ "type": "Feature", "properties": { "id": 13433371501, "lat": 38.6110969, "lon": -121.4752325, "direction": 177.0, "operator": "Unknown", "brand": "Unknown" }, "geometry": { "type": "Point", "coordinates": [ -121.4752325, 38.6110969 ] } },
{ "type": "Feature", "properties": { "id": 13433425501, "lat": 38.5835723, "lon": -121.3099279, "direction": 157.0, "operator": "Unknown", "brand": "Unknown" }, "geometry": { "type": "Point", "coordinates": [ -121.3099279, 38.5835723 ] } },
{ "type": "Feature", "properties": { "id": 13433426101, "lat": 38.5856915, "lon": -121.3101162, "direction": 213.0, "operator": "Unknown", "brand": "Unknown" }, "geometry": { "type": "Point", "coordinates": [ -121.3101162, 38.5856915 ] } },
{ "type": "Feature", "properties": { "id": 13433429601, "lat": 38.5858401, "lon": -121.3092884, "direction": 23.0, "operator": "Unknown", "brand": "Unknown" }, "geometry": { "type": "Point", "coordinates": [ -121.3092884, 38.5858401 ] } },
{ "type": "Feature", "properties": { "id": 13433443301, "lat": 38.5802116, "lon": -121.3184576, "direction": 117.0, "operator": "Unknown", "brand": "Unknown" }, "geometry": { "type": "Point", "coordinates": [ -121.3184576, 38.5802116 ] } },
{ "type": "Feature", "properties": { "id": 13433445801, "lat": 38.5700532, "lon": -121.3366287, "direction": 154.0, "operator": "Unknown", "brand": "Unknown" }, "geometry": { "type": "Point", "coordinates": [ -121.3366287, 38.5700532 ] } },
{ "type": "Feature", "properties": { "id": 13433456101, "lat": 38.5945498, "lon": -121.3831861, "direction": 224.0, "operator": "Unknown", "brand": "Unknown" }, "geometry": { "type": "Point", "coordinates": [ -121.3831861, 38.5945498 ] } },
{ "type": "Feature", "properties": { "id": 13433456102, "lat": 38.5959976, "lon": -121.3828182, "direction": 334.0, "operator": "Unknown", "brand": "Unknown" }, "geometry": { "type": "Point", "coordinates": [ -121.3828182, 38.5959976 ] } },
{ "type": "Feature", "properties": { "id": 13433463201, "lat": 38.600015, "lon": -121.3943736, "direction": 344.0, "operator": "Kaiser Permanente", "brand": "Unknown" }, "geometry": { "type": "Point", "coordinates": [ -121.3943736, 38.600015 ] } },
{ "type": "Feature", "properties": { "id": 13433468702, "lat": 38.6031128, "lon": -121.3913095, "direction": 154.0, "operator": "Kaiser Permanente", "brand": "Unknown" }, "geometry": { "type": "Point", "coordinates": [ -121.3913095, 38.6031128 ] } },
{ "type": "Feature", "properties": { "id": 13433470101, "lat": 38.6031985, "lon": -121.3917848, "direction": 15.0, "operator": "Kaiser Permanente", "brand": "Unknown" }, "geometry": { "type": "Point", "coordinates": [ -121.3917848, 38.6031985 ] } },
{ "type": "Feature", "properties": { "id": 13436467701, "lat": 38.7058843, "lon": -121.3129481, "direction": 0.0, "operator": "Unknown", "brand": "Unknown" }, "geometry": { "type": "Point", "coordinates": [ -121.3129481, 38.7058843 ] } },
{ "type": "Feature", "properties": { "id": 13440381901, "lat": 38.6296841, "lon": -121.5223625, "direction": 235.0, "operator": "Unknown", "brand": "Unknown" }, "geometry": { "type": "Point", "coordinates": [ -121.5223625, 38.6296841 ] } },
{ "type": "Feature", "properties": { "id": 13440385801, "lat": 38.4817908, "lon": -121.4099815, "direction": 264.0, "operator": "Unknown", "brand": "Unknown" }, "geometry": { "type": "Point", "coordinates": [ -121.4099815, 38.4817908 ] } },
{ "type": "Feature", "properties": { "id": 13448385401, "lat": 38.6305606, "lon": -121.5228043, "direction": 217.0, "operator": "Unknown", "brand": "Unknown" }, "geometry": { "type": "Point", "coordinates": [ -121.5228043, 38.6305606 ] } },
{ "type": "Feature", "properties": { "id": 13449357505, "lat": 38.5664968, "lon": -121.2548371, "direction": 185.0, "operator": "Unknown", "brand": "Unknown" }, "geometry": { "type": "Point", "coordinates": [ -121.2548371, 38.5664968 ] } },
{ "type": "Feature", "properties": { "id": 13450894604, "lat": 38.6799355, "lon": -121.5278018, "direction": 53.0, "operator": "Unknown", "brand": "Unknown" }, "geometry": { "type": "Point", "coordinates": [ -121.5278018, 38.6799355 ] } },
{ "type": "Feature", "properties": { "id": 13450909203, "lat": 38.6799493, "lon": -121.5281063, "direction": 136.0, "operator": "Unknown", "brand": "Unknown" }, "geometry": { "type": "Point", "coordinates": [ -121.5281063, 38.6799493 ] } },
{ "type": "Feature", "properties": { "id": 13450914901, "lat": 38.6800746, "lon": -121.5277573, "direction": 246.0, "operator": "Unknown", "brand": "Unknown" }, "geometry": { "type": "Point", "coordinates": [ -121.5277573, 38.6800746 ] } },
{ "type": "Feature", "properties": { "id": 13450926101, "lat": 38.6778942, "lon": -121.5281539, "direction": 64.0, "operator": "Unknown", "brand": "Unknown" }, "geometry": { "type": "Point", "coordinates": [ -121.5281539, 38.6778942 ] } },
{ "type": "Feature", "properties": { "id": 13456982401, "lat": 38.4306001, "lon": -121.300327, "direction": 82.0, "operator": "Unknown", "brand": "Unknown" }, "geometry": { "type": "Point", "coordinates": [ -121.300327, 38.4306001 ] } },
{ "type": "Feature", "properties": { "id": 13457083101, "lat": 38.4238041, "lon": -121.3929387, "direction": 68.0, "operator": "Unknown", "brand": "Unknown" }, "geometry": { "type": "Point", "coordinates": [ -121.3929387, 38.4238041 ] } },
{ "type": "Feature", "properties": { "id": 13457351301, "lat": 38.4236233, "lon": -121.3984082, "direction": 232.0, "operator": "Unknown", "brand": "Unknown" }, "geometry": { "type": "Point", "coordinates": [ -121.3984082, 38.4236233 ] } },
{ "type": "Feature", "properties": { "id": 13458370901, "lat": 38.5105831, "lon": -121.4090073, "direction": 359.0, "operator": "Sacramento Police Department", "brand": "Unknown" }, "geometry": { "type": "Point", "coordinates": [ -121.4090073, 38.5105831 ] } },
{ "type": "Feature", "properties": { "id": 13458371901, "lat": 38.5105479, "lon": -121.408977, "direction": 249.0, "operator": "Sacramento Police Department", "brand": "Unknown" }, "geometry": { "type": "Point", "coordinates": [ -121.408977, 38.5105479 ] } },
{ "type": "Feature", "properties": { "id": 13458375901, "lat": 38.5251433, "lon": -121.4090128, "direction": 243.0, "operator": "Unknown", "brand": "Unknown" }, "geometry": { "type": "Point", "coordinates": [ -121.4090128, 38.5251433 ] } },
{ "type": "Feature", "properties": { "id": 13458394001, "lat": 38.5448347, "lon": -121.4090994, "direction": 155.0, "operator": "Unknown", "brand": "Unknown" }, "geometry": { "type": "Point", "coordinates": [ -121.4090994, 38.5448347 ] } },
{ "type": "Feature", "properties": { "id": 13458402001, "lat": 38.5574906, "lon": -121.4079471, "direction": 85.0, "operator": "Sacramento Police Department", "brand": "Unknown" }, "geometry": { "type": "Point", "coordinates": [ -121.4079471, 38.5574906 ] } },
{ "type": "Feature", "properties": { "id": 13461638601, "lat": 38.5813056, "lon": -121.318995, "direction": 61.0, "operator": "Unknown", "brand": "Unknown" }, "geometry": { "type": "Point", "coordinates": [ -121.318995, 38.5813056 ] } },
{ "type": "Feature", "properties": { "id": 13461638801, "lat": 38.5811925, "lon": -121.3187352, "direction": 250.0, "operator": "Unknown", "brand": "Unknown" }, "geometry": { "type": "Point", "coordinates": [ -121.3187352, 38.5811925 ] } },
{ "type": "Feature", "properties": { "id": 13462633302, "lat": 38.6654902, "lon": -121.5092673, "direction": 54.0, "operator": "Unknown", "brand": "Unknown" }, "geometry": { "type": "Point", "coordinates": [ -121.5092673, 38.6654902 ] } },
{ "type": "Feature", "properties": { "id": 13462651801, "lat": 38.6654899, "lon": -121.5083194, "direction": 261.0, "operator": "Unknown", "brand": "Unknown" }, "geometry": { "type": "Point", "coordinates": [ -121.5083194, 38.6654899 ] } },
{ "type": "Feature", "properties": { "id": 13462717701, "lat": 38.676955, "lon": -121.5086752, "direction": 252.0, "operator": "Unknown", "brand": "Unknown" }, "geometry": { "type": "Point", "coordinates": [ -121.5086752, 38.676955 ] } },
{ "type": "Feature", "properties": { "id": 13462824101, "lat": 38.5725266, "lon": -121.3366006, "direction": 250.0, "operator": "Unknown", "brand": "Unknown" }, "geometry": { "type": "Point", "coordinates": [ -121.3366006, 38.5725266 ] } },
{ "type": "Feature", "properties": { "id": 13463051701, "lat": 38.676061, "lon": -121.5267686, "direction": 34.0, "operator": "Unknown", "brand": "Unknown" }, "geometry": { "type": "Point", "coordinates": [ -121.5267686, 38.676061 ] } },
{ "type": "Feature", "properties": { "id": 13463057801, "lat": 38.6763012, "lon": -121.5266683, "direction": 217.0, "operator": "Unknown", "brand": "Unknown" }, "geometry": { "type": "Point", "coordinates": [ -121.5266683, 38.6763012 ] } },
{ "type": "Feature", "properties": { "id": 13463067601, "lat": 38.666296, "lon": -121.5235755, "direction": 74.0, "operator": "Unknown", "brand": "Unknown" }, "geometry": { "type": "Point", "coordinates": [ -121.5235755, 38.666296 ] } },
{ "type": "Feature", "properties": { "id": 13463070101, "lat": 38.6665583, "lon": -121.5238966, "direction": 339.0, "operator": "Unknown", "brand": "Unknown" }, "geometry": { "type": "Point", "coordinates": [ -121.5238966, 38.6665583 ] } },
{ "type": "Feature", "properties": { "id": 13463072802, "lat": 38.6678768, "lon": -121.5173885, "direction": 27.0, "operator": "Unknown", "brand": "Unknown" }, "geometry": { "type": "Point", "coordinates": [ -121.5173885, 38.6678768 ] } },
{ "type": "Feature", "properties": { "id": 13463074601, "lat": 38.6677406, "lon": -121.51719, "direction": 196.0, "operator": "Unknown", "brand": "Unknown" }, "geometry": { "type": "Point", "coordinates": [ -121.51719, 38.6677406 ] } },
{ "type": "Feature", "properties": { "id": 13463084401, "lat": 38.670569, "lon": -121.531595, "direction": 87.0, "operator": "Unknown", "brand": "Unknown" }, "geometry": { "type": "Point", "coordinates": [ -121.531595, 38.670569 ] } },
{ "type": "Feature", "properties": { "id": 13463096901, "lat": 38.6769059, "lon": -121.5317576, "direction": 183.0, "operator": "Unknown", "brand": "Unknown" }, "geometry": { "type": "Point", "coordinates": [ -121.5317576, 38.6769059 ] } },
{ "type": "Feature", "properties": { "id": 13463097801, "lat": 38.6754546, "lon": -121.5333984, "direction": 99.0, "operator": "Unknown", "brand": "Unknown" }, "geometry": { "type": "Point", "coordinates": [ -121.5333984, 38.6754546 ] } },
{ "type": "Feature", "properties": { "id": 13463097802, "lat": 38.6775443, "lon": -121.5326372, "direction": 287.0, "operator": "Unknown", "brand": "Unknown" }, "geometry": { "type": "Point", "coordinates": [ -121.5326372, 38.6775443 ] } },
{ "type": "Feature", "properties": { "id": 13463111401, "lat": 38.6726771, "lon": -121.5237531, "direction": 211.0, "operator": "Unknown", "brand": "Unknown" }, "geometry": { "type": "Point", "coordinates": [ -121.5237531, 38.6726771 ] } },
{ "type": "Feature", "properties": { "id": 13463111901, "lat": 38.6722267, "lon": -121.5254586, "direction": 18.0, "operator": "Unknown", "brand": "Unknown" }, "geometry": { "type": "Point", "coordinates": [ -121.5254586, 38.6722267 ] } },
{ "type": "Feature", "properties": { "id": 13463111902, "lat": 38.6712605, "lon": -121.5298525, "direction": 111.0, "operator": "Unknown", "brand": "Unknown" }, "geometry": { "type": "Point", "coordinates": [ -121.5298525, 38.6712605 ] } },
{ "type": "Feature", "properties": { "id": 13463111903, "lat": 38.6678125, "lon": -121.5302437, "direction": 315.0, "operator": "Unknown", "brand": "Unknown" }, "geometry": { "type": "Point", "coordinates": [ -121.5302437, 38.6678125 ] } },
{ "type": "Feature", "properties": { "id": 13463119301, "lat": 38.6589592, "lon": -121.5254987, "direction": 325.0, "operator": "Unknown", "brand": "Unknown" }, "geometry": { "type": "Point", "coordinates": [ -121.5254987, 38.6589592 ] } },
{ "type": "Feature", "properties": { "id": 13463361401, "lat": 38.4719736, "lon": -121.4236189, "direction": 306.0, "operator": "Unknown", "brand": "Unknown" }, "geometry": { "type": "Point", "coordinates": [ -121.4236189, 38.4719736 ] } },
{ "type": "Feature", "properties": { "id": 13463361402, "lat": 38.4721359, "lon": -121.4230353, "direction": 330.0, "operator": "Unknown", "brand": "Unknown" }, "geometry": { "type": "Point", "coordinates": [ -121.4230353, 38.4721359 ] } },
{ "type": "Feature", "properties": { "id": 13463362801, "lat": 38.4722314, "lon": -121.4246946, "direction": 45.0, "operator": "Unknown", "brand": "Unknown" }, "geometry": { "type": "Point", "coordinates": [ -121.4246946, 38.4722314 ] } },
{ "type": "Feature", "properties": { "id": 13464395601, "lat": 38.4464802, "lon": -121.3536946, "direction": 149.0, "operator": "Unknown", "brand": "Unknown" }, "geometry": { "type": "Point", "coordinates": [ -121.3536946, 38.4464802 ] } },
{ "type": "Feature", "properties": { "id": 13464475602, "lat": 38.4814944, "lon": -121.422069, "direction": 92.0, "operator": "Unknown", "brand": "Unknown" }, "geometry": { "type": "Point", "coordinates": [ -121.422069, 38.4814944 ] } },
{ "type": "Feature", "properties": { "id": 13464487901, "lat": 38.4818536, "lon": -121.4223812, "direction": 341.0, "operator": "Unknown", "brand": "Unknown" }, "geometry": { "type": "Point", "coordinates": [ -121.4223812, 38.4818536 ] } },
{ "type": "Feature", "properties": { "id": 13464489201, "lat": 38.5724227, "lon": -121.3361907, "direction": 45.0, "operator": "Unknown", "brand": "Unknown" }, "geometry": { "type": "Point", "coordinates": [ -121.3361907, 38.5724227 ] } },
{ "type": "Feature", "properties": { "id": 13464672101, "lat": 38.4810017, "lon": -121.4222163, "direction": 163.0, "operator": "Unknown", "brand": "Unknown" }, "geometry": { "type": "Point", "coordinates": [ -121.4222163, 38.4810017 ] } },
{ "type": "Feature", "properties": { "id": 13475051101, "lat": 38.4382219, "lon": -121.3592336, "direction": 248.0, "operator": "Unknown", "brand": "Unknown" }, "geometry": { "type": "Point", "coordinates": [ -121.3592336, 38.4382219 ] } },
{ "type": "Feature", "properties": { "id": 13475052401, "lat": 38.4378183, "lon": -121.4088836, "direction": 162.0, "operator": "Unknown", "brand": "Unknown" }, "geometry": { "type": "Point", "coordinates": [ -121.4088836, 38.4378183 ] } },
{ "type": "Feature", "properties": { "id": 13477605965, "lat": 38.4365293, "lon": -121.3975423, "direction": 0.0, "operator": "Unknown", "brand": "Unknown" }, "geometry": { "type": "Point", "coordinates": [ -121.3975423, 38.4365293 ] } },
{ "type": "Feature", "properties": { "id": 13477606224, "lat": 38.4381239, "lon": -121.4037678, "direction": 245.0, "operator": "Unknown", "brand": "Unknown" }, "geometry": { "type": "Point", "coordinates": [ -121.4037678, 38.4381239 ] } },
{ "type": "Feature", "properties": { "id": 13477644852, "lat": 38.429381, "lon": -121.4122966, "direction": 270.0, "operator": "Unknown", "brand": "Unknown" }, "geometry": { "type": "Point", "coordinates": [ -121.4122966, 38.429381 ] } },
{ "type": "Feature", "properties": { "id": 13478054601, "lat": 38.616226, "lon": -121.2690689, "direction": 176.0, "operator": "Unknown", "brand": "Unknown" }, "geometry": { "type": "Point", "coordinates": [ -121.2690689, 38.616226 ] } },
{ "type": "Feature", "properties": { "id": 13478085401, "lat": 38.4381727, "lon": -121.3714823, "direction": 333.0, "operator": "Unknown", "brand": "Unknown" }, "geometry": { "type": "Point", "coordinates": [ -121.3714823, 38.4381727 ] } },
{ "type": "Feature", "properties": { "id": 13478087801, "lat": 38.4538084, "lon": -121.3164281, "direction": 253.0, "operator": "Unknown", "brand": "Unknown" }, "geometry": { "type": "Point", "coordinates": [ -121.3164281, 38.4538084 ] } },
{ "type": "Feature", "properties": { "id": 13478089501, "lat": 38.4521169, "lon": -121.277192, "direction": 3.0, "operator": "Unknown", "brand": "Unknown" }, "geometry": { "type": "Point", "coordinates": [ -121.277192, 38.4521169 ] } },
{ "type": "Feature", "properties": { "id": 13478313201, "lat": 38.520795, "lon": -121.2024095, "direction": 195.0, "operator": "Unknown", "brand": "Unknown" }, "geometry": { "type": "Point", "coordinates": [ -121.2024095, 38.520795 ] } },
{ "type": "Feature", "properties": { "id": 13479451401, "lat": 38.4088442, "lon": -121.3904664, "direction": 77.0, "operator": "Unknown", "brand": "Unknown" }, "geometry": { "type": "Point", "coordinates": [ -121.3904664, 38.4088442 ] } },
{ "type": "Feature", "properties": { "id": 13479459202, "lat": 38.4236801, "lon": -121.3737414, "direction": 228.0, "operator": "Unknown", "brand": "Unknown" }, "geometry": { "type": "Point", "coordinates": [ -121.3737414, 38.4236801 ] } },
{ "type": "Feature", "properties": { "id": 13479657601, "lat": 38.4378924, "lon": -121.3995307, "direction": 288.0, "operator": "Unknown", "brand": "Unknown" }, "geometry": { "type": "Point", "coordinates": [ -121.3995307, 38.4378924 ] } },
{ "type": "Feature", "properties": { "id": 13484042801, "lat": 38.4528891, "lon": -121.3326109, "direction": 307.0, "operator": "Unknown", "brand": "Unknown" }, "geometry": { "type": "Point", "coordinates": [ -121.3326109, 38.4528891 ] } },
{ "type": "Feature", "properties": { "id": 13484044601, "lat": 38.4541595, "lon": -121.3344957, "direction": 53.0, "operator": "Unknown", "brand": "Unknown" }, "geometry": { "type": "Point", "coordinates": [ -121.3344957, 38.4541595 ] } },
{ "type": "Feature", "properties": { "id": 13505583701, "lat": 38.4088527, "lon": -121.3708662, "direction": 93.0, "operator": "Unknown", "brand": "Unknown" }, "geometry": { "type": "Point", "coordinates": [ -121.3708662, 38.4088527 ] } },
{ "type": "Feature", "properties": { "id": 13505587501, "lat": 38.4092422, "lon": -121.3903642, "direction": 249.0, "operator": "Unknown", "brand": "Unknown" }, "geometry": { "type": "Point", "coordinates": [ -121.3903642, 38.4092422 ] } },
{ "type": "Feature", "properties": { "id": 13512297801, "lat": 38.4245607, "lon": -121.4071425, "direction": 45.0, "operator": "Unknown", "brand": "Unknown" }, "geometry": { "type": "Point", "coordinates": [ -121.4071425, 38.4245607 ] } },
{ "type": "Feature", "properties": { "id": 13512300001, "lat": 38.4255926, "lon": -121.4079937, "direction": 77.0, "operator": "Unknown", "brand": "Unknown" }, "geometry": { "type": "Point", "coordinates": [ -121.4079937, 38.4255926 ] } },
{ "type": "Feature", "properties": { "id": 13513765601, "lat": 38.6921818, "lon": -121.2625057, "direction": 204.0, "operator": "Unknown", "brand": "Unknown" }, "geometry": { "type": "Point", "coordinates": [ -121.2625057, 38.6921818 ] } },
{ "type": "Feature", "properties": { "id": 13515780001, "lat": 38.4087097, "lon": -121.4813656, "direction": 62.0, "operator": "Unknown", "brand": "Unknown" }, "geometry": { "type": "Point", "coordinates": [ -121.4813656, 38.4087097 ] } },
{ "type": "Feature", "properties": { "id": 13515796301, "lat": 38.4086817, "lon": -121.4814114, "direction": 62.0, "operator": "Unknown", "brand": "Unknown" }, "geometry": { "type": "Point", "coordinates": [ -121.4814114, 38.4086817 ] } },
{ "type": "Feature", "properties": { "id": 13520361742, "lat": 38.6728339, "lon": -121.3098174, "direction": 130.0, "operator": "Unknown", "brand": "Unknown" }, "geometry": { "type": "Point", "coordinates": [ -121.3098174, 38.6728339 ] } },
{ "type": "Feature", "properties": { "id": 13520361743, "lat": 38.6720613, "lon": -121.3090904, "direction": 300.0, "operator": "Unknown", "brand": "Unknown" }, "geometry": { "type": "Point", "coordinates": [ -121.3090904, 38.6720613 ] } },
{ "type": "Feature", "properties": { "id": 13520389446, "lat": 38.6800741, "lon": -121.3222664, "direction": 100.0, "operator": "Unknown", "brand": "Unknown" }, "geometry": { "type": "Point", "coordinates": [ -121.3222664, 38.6800741 ] } },
{ "type": "Feature", "properties": { "id": 13523415908, "lat": 38.7132138, "lon": -121.364176, "direction": 70.0, "operator": "Unknown", "brand": "Unknown" }, "geometry": { "type": "Point", "coordinates": [ -121.364176, 38.7132138 ] } },
{ "type": "Feature", "properties": { "id": 13525359084, "lat": 38.6175171, "lon": -121.4697888, "direction": 105.0, "operator": "Sacramento Police Department", "brand": "Unknown" }, "geometry": { "type": "Point", "coordinates": [ -121.4697888, 38.6175171 ] } },
{ "type": "Feature", "properties": { "id": 13525359087, "lat": 38.6347628, "lon": -121.4406032, "direction": 270.0, "operator": "Sacramento Police Department", "brand": "Unknown" }, "geometry": { "type": "Point", "coordinates": [ -121.4406032, 38.6347628 ] } },
{ "type": "Feature", "properties": { "id": 13525363902, "lat": 38.406153, "lon": -121.3714079, "direction": 0.0, "operator": "Unknown", "brand": "Unknown" }, "geometry": { "type": "Point", "coordinates": [ -121.3714079, 38.406153 ] } },
{ "type": "Feature", "properties": { "id": 13525378501, "lat": 38.4080097, "lon": -121.3849354, "direction": 204.0, "operator": "Unknown", "brand": "Unknown" }, "geometry": { "type": "Point", "coordinates": [ -121.3849354, 38.4080097 ] } },
{ "type": "Feature", "properties": { "id": 13525378601, "lat": 38.4070648, "lon": -121.3857868, "direction": 214.0, "operator": "Unknown", "brand": "Unknown" }, "geometry": { "type": "Point", "coordinates": [ -121.3857868, 38.4070648 ] } },
{ "type": "Feature", "properties": { "id": 13525383986, "lat": 38.6365847, "lon": -121.4299716, "direction": 260.0, "operator": "Sacramento Police Department", "brand": "Unknown" }, "geometry": { "type": "Point", "coordinates": [ -121.4299716, 38.6365847 ] } },
{ "type": "Feature", "properties": { "id": 13525383987, "lat": 38.6365209, "lon": -121.4383247, "direction": 90.0, "operator": "Sacramento Police Department", "brand": "Unknown" }, "geometry": { "type": "Point", "coordinates": [ -121.4383247, 38.6365209 ] } },
{ "type": "Feature", "properties": { "id": 13525383988, "lat": 38.6441707, "lon": -121.4568134, "direction": 0.0, "operator": "Sacramento Police Department", "brand": "Unknown" }, "geometry": { "type": "Point", "coordinates": [ -121.4568134, 38.6441707 ] } },
{ "type": "Feature", "properties": { "id": 13525393292, "lat": 38.6381349, "lon": -121.3802622, "direction": 40.0, "operator": "Sacramento Police Department", "brand": "Unknown" }, "geometry": { "type": "Point", "coordinates": [ -121.3802622, 38.6381349 ] } },
{ "type": "Feature", "properties": { "id": 13525393293, "lat": 38.6582596, "lon": -121.4268683, "direction": 270.0, "operator": "Sacramento Police Department", "brand": "Unknown" }, "geometry": { "type": "Point", "coordinates": [ -121.4268683, 38.6582596 ] } },
{ "type": "Feature", "properties": { "id": 13525393294, "lat": 38.6575507, "lon": -121.4234123, "direction": 170.0, "operator": "Sacramento Police Department", "brand": "Unknown" }, "geometry": { "type": "Point", "coordinates": [ -121.4234123, 38.6575507 ] } },
{ "type": "Feature", "properties": { "id": 13525393295, "lat": 38.6166743, "lon": -121.4460989, "direction": 0.0, "operator": "Sacramento Police Department", "brand": "Unknown" }, "geometry": { "type": "Point", "coordinates": [ -121.4460989, 38.6166743 ] } },
{ "type": "Feature", "properties": { "id": 13525425099, "lat": 38.6288737, "lon": -121.4315831, "direction": 5.0, "operator": "Sacramento Police Department", "brand": "Unknown" }, "geometry": { "type": "Point", "coordinates": [ -121.4315831, 38.6288737 ] } },
{ "type": "Feature", "properties": { "id": 13525447408, "lat": 38.5411103, "lon": -121.4724055, "direction": 75.0, "operator": "Sacramento Police Department", "brand": "Unknown" }, "geometry": { "type": "Point", "coordinates": [ -121.4724055, 38.5411103 ] } },
{ "type": "Feature", "properties": { "id": 13525447409, "lat": 38.6206275, "lon": -121.4207004, "direction": 300.0, "operator": "Sacramento Police Department", "brand": "Unknown" }, "geometry": { "type": "Point", "coordinates": [ -121.4207004, 38.6206275 ] } },
{ "type": "Feature", "properties": { "id": 13525447410, "lat": 38.5988094, "lon": -121.4201254, "direction": 270.0, "operator": "Sacramento Police Department", "brand": "Unknown" }, "geometry": { "type": "Point", "coordinates": [ -121.4201254, 38.5988094 ] } },
{ "type": "Feature", "properties": { "id": 13525447413, "lat": 38.5974081, "lon": -121.5020937, "direction": 215.0, "operator": "Sacramento Police Department", "brand": "Unknown" }, "geometry": { "type": "Point", "coordinates": [ -121.5020937, 38.5974081 ] } },
{ "type": "Feature", "properties": { "id": 13525494878, "lat": 38.5248024, "lon": -121.4719158, "direction": 180.0, "operator": "Sacramento Police Department", "brand": "Unknown" }, "geometry": { "type": "Point", "coordinates": [ -121.4719158, 38.5248024 ] } },
{ "type": "Feature", "properties": { "id": 13525494879, "lat": 38.5109905, "lon": -121.4829433, "direction": 345.0, "operator": "Sacramento Police Department", "brand": "Unknown" }, "geometry": { "type": "Point", "coordinates": [ -121.4829433, 38.5109905 ] } },
{ "type": "Feature", "properties": { "id": 13525494880, "lat": 38.5147834, "lon": -121.5276153, "direction": 220.0, "operator": "Sacramento Police Department", "brand": "Unknown" }, "geometry": { "type": "Point", "coordinates": [ -121.5276153, 38.5147834 ] } },
{ "type": "Feature", "properties": { "id": 13525494881, "lat": 38.4961381, "lon": -121.5237414, "direction": 270.0, "operator": "Sacramento Police Department", "brand": "Unknown" }, "geometry": { "type": "Point", "coordinates": [ -121.5237414, 38.4961381 ] } },
{ "type": "Feature", "properties": { "id": 13525494882, "lat": 38.5132673, "lon": -121.5012194, "direction": 245.0, "operator": "Sacramento Police Department", "brand": "Unknown" }, "geometry": { "type": "Point", "coordinates": [ -121.5012194, 38.5132673 ] } },
{ "type": "Feature", "properties": { "id": 13525494883, "lat": 38.4805491, "lon": -121.5165378, "direction": 225.0, "operator": "Sacramento Police Department", "brand": "Unknown" }, "geometry": { "type": "Point", "coordinates": [ -121.5165378, 38.4805491 ] } },
{ "type": "Feature", "properties": { "id": 13525494884, "lat": 38.4882541, "lon": -121.5170848, "direction": 0.0, "operator": "Sacramento Police Department", "brand": "Unknown" }, "geometry": { "type": "Point", "coordinates": [ -121.5170848, 38.4882541 ] } },
{ "type": "Feature", "properties": { "id": 13525494885, "lat": 38.5080148, "lon": -121.5238822, "direction": 245.0, "operator": "Sacramento Police Department", "brand": "Unknown" }, "geometry": { "type": "Point", "coordinates": [ -121.5238822, 38.5080148 ] } },
{ "type": "Feature", "properties": { "id": 13525505837, "lat": 38.5754189, "lon": -121.4879934, "direction": 180.0, "operator": "Sacramento Police Department", "brand": "Unknown" }, "geometry": { "type": "Point", "coordinates": [ -121.4879934, 38.5754189 ] } },
{ "type": "Feature", "properties": { "id": 13525505838, "lat": 38.5800794, "lon": -121.5058276, "direction": 45.0, "operator": "Sacramento Police Department", "brand": "Unknown" }, "geometry": { "type": "Point", "coordinates": [ -121.5058276, 38.5800794 ] } },
{ "type": "Feature", "properties": { "id": 13525505840, "lat": 38.5821339, "lon": -121.4998959, "direction": 120.0, "operator": "Sacramento Police Department", "brand": "Unknown" }, "geometry": { "type": "Point", "coordinates": [ -121.4998959, 38.5821339 ] } },
{ "type": "Feature", "properties": { "id": 13525505841, "lat": 38.5803921, "lon": -121.4933446, "direction": 0.0, "operator": "Sacramento Police Department", "brand": "Unknown" }, "geometry": { "type": "Point", "coordinates": [ -121.4933446, 38.5803921 ] } },
{ "type": "Feature", "properties": { "id": 13525505842, "lat": 38.5784936, "lon": -121.4912018, "direction": 0.0, "operator": "Sacramento Police Department", "brand": "Unknown" }, "geometry": { "type": "Point", "coordinates": [ -121.4912018, 38.5784936 ] } },
{ "type": "Feature", "properties": { "id": 13525505843, "lat": 38.5803118, "lon": -121.5069292, "direction": 270.0, "operator": "Sacramento Police Department", "brand": "Unknown" }, "geometry": { "type": "Point", "coordinates": [ -121.5069292, 38.5803118 ] } },
{ "type": "Feature", "properties": { "id": 13525510822, "lat": 38.5839127, "lon": -121.4935339, "direction": 180.0, "operator": "Sacramento Police Department", "brand": "Unknown" }, "geometry": { "type": "Point", "coordinates": [ -121.4935339, 38.5839127 ] } },
{ "type": "Feature", "properties": { "id": 13525510823, "lat": 38.563887, "lon": -121.4912992, "direction": 0.0, "operator": "Sacramento Police Department", "brand": "Unknown" }, "geometry": { "type": "Point", "coordinates": [ -121.4912992, 38.563887 ] } },
{ "type": "Feature", "properties": { "id": 13525510824, "lat": 38.5872197, "lon": -121.4876498, "direction": 180.0, "operator": "Sacramento Police Department", "brand": "Unknown" }, "geometry": { "type": "Point", "coordinates": [ -121.4876498, 38.5872197 ] } },
{ "type": "Feature", "properties": { "id": 13525510825, "lat": 38.5619388, "lon": -121.4849248, "direction": 30.0, "operator": "Sacramento Police Department", "brand": "Unknown" }, "geometry": { "type": "Point", "coordinates": [ -121.4849248, 38.5619388 ] } },
{ "type": "Feature", "properties": { "id": 13525510826, "lat": 38.5848376, "lon": -121.4643454, "direction": 70.0, "operator": "Sacramento Police Department", "brand": "Unknown" }, "geometry": { "type": "Point", "coordinates": [ -121.4643454, 38.5848376 ] } },
{ "type": "Feature", "properties": { "id": 13525510827, "lat": 38.5756763, "lon": -121.4804282, "direction": 270.0, "operator": "Sacramento Police Department", "brand": "Unknown" }, "geometry": { "type": "Point", "coordinates": [ -121.4804282, 38.5756763 ] } },
{ "type": "Feature", "properties": { "id": 13525510828, "lat": 38.5737426, "lon": -121.4691476, "direction": 90.0, "operator": "Sacramento Police Department", "brand": "Unknown" }, "geometry": { "type": "Point", "coordinates": [ -121.4691476, 38.5737426 ] } },
{ "type": "Feature", "properties": { "id": 13525525320, "lat": 38.5577977, "lon": -121.5104716, "direction": 300.0, "operator": "Sacramento Police Department", "brand": "Unknown" }, "geometry": { "type": "Point", "coordinates": [ -121.5104716, 38.5577977 ] } },
{ "type": "Feature", "properties": { "id": 13525576438, "lat": 38.4848398, "lon": -121.5337897, "direction": 180.0, "operator": "Sacramento Police Department", "brand": "Unknown" }, "geometry": { "type": "Point", "coordinates": [ -121.5337897, 38.4848398 ] } },
{ "type": "Feature", "properties": { "id": 13525576440, "lat": 38.4712274, "lon": -121.5032751, "direction": 240.0, "operator": "Sacramento Police Department", "brand": "Unknown" }, "geometry": { "type": "Point", "coordinates": [ -121.5032751, 38.4712274 ] } },
{ "type": "Feature", "properties": { "id": 13525576442, "lat": 38.4814185, "lon": -121.5014504, "direction": 240.0, "operator": "Sacramento Police Department", "brand": "Unknown" }, "geometry": { "type": "Point", "coordinates": [ -121.5014504, 38.4814185 ] } },
{ "type": "Feature", "properties": { "id": 13525576443, "lat": 38.4816641, "lon": -121.4683267, "direction": 220.0, "operator": "Sacramento Police Department", "brand": "Unknown" }, "geometry": { "type": "Point", "coordinates": [ -121.4683267, 38.4816641 ] } },
{ "type": "Feature", "properties": { "id": 13525576444, "lat": 38.4920474, "lon": -121.4824391, "direction": 225.0, "operator": "Sacramento Police Department", "brand": "Unknown" }, "geometry": { "type": "Point", "coordinates": [ -121.4824391, 38.4920474 ] } },
{ "type": "Feature", "properties": { "id": 13525576448, "lat": 38.474124, "lon": -121.450008, "direction": 90.0, "operator": "Sacramento Police Department", "brand": "Unknown" }, "geometry": { "type": "Point", "coordinates": [ -121.450008, 38.474124 ] } },
{ "type": "Feature", "properties": { "id": 13525584696, "lat": 38.5253847, "lon": -121.5206015, "direction": 90.0, "operator": "Sacramento Police Department", "brand": "Unknown" }, "geometry": { "type": "Point", "coordinates": [ -121.5206015, 38.5253847 ] } },
{ "type": "Feature", "properties": { "id": 13525584698, "lat": 38.4451832, "lon": -121.4291817, "direction": 180.0, "operator": "Sacramento Police Department", "brand": "Unknown" }, "geometry": { "type": "Point", "coordinates": [ -121.4291817, 38.4451832 ] } },
{ "type": "Feature", "properties": { "id": 13525584699, "lat": 38.4785152, "lon": -121.4304824, "direction": 200.0, "operator": "Sacramento Police Department", "brand": "Unknown" }, "geometry": { "type": "Point", "coordinates": [ -121.4304824, 38.4785152 ] } },
{ "type": "Feature", "properties": { "id": 13525680072, "lat": 38.5252544, "lon": -121.4273597, "direction": 349.0, "operator": "Sacramento Police Department", "brand": "Unknown" }, "geometry": { "type": "Point", "coordinates": [ -121.4273597, 38.5252544 ] } },
{ "type": "Feature", "properties": { "id": 13525680074, "lat": 38.5828406, "lon": -121.4521605, "direction": 330.0, "operator": "Sacramento Police Department", "brand": "Unknown" }, "geometry": { "type": "Point", "coordinates": [ -121.4521605, 38.5828406 ] } },
{ "type": "Feature", "properties": { "id": 13525680075, "lat": 38.5693109, "lon": -121.4665563, "direction": 120.0, "operator": "Sacramento Police Department", "brand": "Unknown" }, "geometry": { "type": "Point", "coordinates": [ -121.4665563, 38.5693109 ] } },
{ "type": "Feature", "properties": { "id": 13525680076, "lat": 38.5679004, "lon": -121.4290834, "direction": 330.0, "operator": "Sacramento Police Department", "brand": "Unknown" }, "geometry": { "type": "Point", "coordinates": [ -121.4290834, 38.5679004 ] } },
{ "type": "Feature", "properties": { "id": 13526744937, "lat": 38.5476007, "lon": -121.3923079, "direction": 340.0, "operator": "Sacramento Police Department", "brand": "Unknown" }, "geometry": { "type": "Point", "coordinates": [ -121.3923079, 38.5476007 ] } },
{ "type": "Feature", "properties": { "id": 13526744938, "lat": 38.564043, "lon": -121.3840084, "direction": 240.0, "operator": "Sacramento Police Department", "brand": "Unknown" }, "geometry": { "type": "Point", "coordinates": [ -121.3840084, 38.564043 ] } },
{ "type": "Feature", "properties": { "id": 13526744939, "lat": 38.5472553, "lon": -121.3991835, "direction": 240.0, "operator": "Sacramento Police Department", "brand": "Unknown" }, "geometry": { "type": "Point", "coordinates": [ -121.3991835, 38.5472553 ] } },
{ "type": "Feature", "properties": { "id": 13526881760, "lat": 38.6412295, "lon": -121.4293357, "direction": 180.0, "operator": "Sacramento Police Department", "brand": "Unknown" }, "geometry": { "type": "Point", "coordinates": [ -121.4293357, 38.6412295 ] } },
{ "type": "Feature", "properties": { "id": 13527307601, "lat": 38.4070441, "lon": -121.4157658, "direction": 319.0, "operator": "Unknown", "brand": "Unknown" }, "geometry": { "type": "Point", "coordinates": [ -121.4157658, 38.4070441 ] } },
{ "type": "Feature", "properties": { "id": 13531390502, "lat": 38.4067555, "lon": -121.4158304, "direction": 151.0, "operator": "Unknown", "brand": "Unknown" }, "geometry": { "type": "Point", "coordinates": [ -121.4158304, 38.4067555 ] } },
{ "type": "Feature", "properties": { "id": 13531402301, "lat": 38.4080394, "lon": -121.4172166, "direction": 107.0, "operator": "Unknown", "brand": "Unknown" }, "geometry": { "type": "Point", "coordinates": [ -121.4172166, 38.4080394 ] } },
{ "type": "Feature", "properties": { "id": 13531405301, "lat": 38.4066929, "lon": -121.4169372, "direction": 65.0, "operator": "Unknown", "brand": "Unknown" }, "geometry": { "type": "Point", "coordinates": [ -121.4169372, 38.4066929 ] } },
{ "type": "Feature", "properties": { "id": 13531409601, "lat": 38.4074364, "lon": -121.4140504, "direction": 118.0, "operator": "Unknown", "brand": "Unknown" }, "geometry": { "type": "Point", "coordinates": [ -121.4140504, 38.4074364 ] } },
{ "type": "Feature", "properties": { "id": 13536056001, "lat": 38.3871133, "lon": -121.3715295, "direction": 161.0, "operator": "Unknown", "brand": "Unknown" }, "geometry": { "type": "Point", "coordinates": [ -121.3715295, 38.3871133 ] } },
{ "type": "Feature", "properties": { "id": 13539175871, "lat": 38.7135317, "lon": -121.364771, "direction": 250.0, "operator": "Unknown", "brand": "Unknown" }, "geometry": { "type": "Point", "coordinates": [ -121.364771, 38.7135317 ] } },
{ "type": "Feature", "properties": { "id": 13544790301, "lat": 38.4080794, "lon": -121.384621, "direction": 0.0, "operator": "Unknown", "brand": "Unknown" }, "geometry": { "type": "Point", "coordinates": [ -121.384621, 38.4080794 ] } },
{ "type": "Feature", "properties": { "id": 13564524001, "lat": 38.3939895, "lon": -121.4411316, "direction": 119.0, "operator": "Unknown", "brand": "Unknown" }, "geometry": { "type": "Point", "coordinates": [ -121.4411316, 38.3939895 ] } },
{ "type": "Feature", "properties": { "id": 13564635001, "lat": 38.6430708, "lon": -121.5408186, "direction": 108.0, "operator": "Unknown", "brand": "Unknown" }, "geometry": { "type": "Point", "coordinates": [ -121.5408186, 38.6430708 ] } },
{ "type": "Feature", "properties": { "id": 13564646001, "lat": 38.6491202, "lon": -121.5407862, "direction": 278.0, "operator": "Unknown", "brand": "Unknown" }, "geometry": { "type": "Point", "coordinates": [ -121.5407862, 38.6491202 ] } },
{ "type": "Feature", "properties": { "id": 13564648901, "lat": 38.6491101, "lon": -121.5411947, "direction": 116.0, "operator": "Unknown", "brand": "Unknown" }, "geometry": { "type": "Point", "coordinates": [ -121.5411947, 38.6491101 ] } },
{ "type": "Feature", "properties": { "id": 13567931201, "lat": 38.7053812, "lon": -121.2812886, "direction": 176.0, "operator": "Unknown", "brand": "Unknown" }, "geometry": { "type": "Point", "coordinates": [ -121.2812886, 38.7053812 ] } },
{ "type": "Feature", "properties": { "id": 13567936701, "lat": 38.6645198, "lon": -121.2844928, "direction": 0.0, "operator": "Unknown", "brand": "Unknown" }, "geometry": { "type": "Point", "coordinates": [ -121.2844928, 38.6645198 ] } },
{ "type": "Feature", "properties": { "id": 13568056901, "lat": 38.6815145, "lon": -121.2848651, "direction": 176.0, "operator": "Unknown", "brand": "Unknown" }, "geometry": { "type": "Point", "coordinates": [ -121.2848651, 38.6815145 ] } },
{ "type": "Feature", "properties": { "id": 13568088501, "lat": 38.6812333, "lon": -121.2809348, "direction": 15.0, "operator": "Unknown", "brand": "Unknown" }, "geometry": { "type": "Point", "coordinates": [ -121.2809348, 38.6812333 ] } },
{ "type": "Feature", "properties": { "id": 13568099501, "lat": 38.6784618, "lon": -121.2819782, "direction": 245.0, "operator": "Unknown", "brand": "Unknown" }, "geometry": { "type": "Point", "coordinates": [ -121.2819782, 38.6784618 ] } },
{ "type": "Feature", "properties": { "id": 13583892501, "lat": 38.5972121, "lon": -121.4163877, "direction": 181.0, "operator": "Unknown", "brand": "Unknown" }, "geometry": { "type": "Point", "coordinates": [ -121.4163877, 38.5972121 ] } },
{ "type": "Feature", "properties": { "id": 13591156001, "lat": 38.4553382, "lon": -121.4022697, "direction": 214.0, "operator": "Lowe's", "brand": "Unknown" }, "geometry": { "type": "Point", "coordinates": [ -121.4022697, 38.4553382 ] } },
{ "type": "Feature", "properties": { "id": 13592979982, "lat": 38.4082329, "lon": -121.4589806, "direction": 25.0, "operator": "Elk Grove Police Department", "brand": "Unknown" }, "geometry": { "type": "Point", "coordinates": [ -121.4589806, 38.4082329 ] } },
{ "type": "Feature", "properties": { "id": 13593423083, "lat": 38.701679, "lon": -121.1481203, "direction": 105.0, "operator": "Unknown", "brand": "Unknown" }, "geometry": { "type": "Point", "coordinates": [ -121.1481203, 38.701679 ] } },
{ "type": "Feature", "properties": { "id": 13594786101, "lat": 38.6839693, "lon": -121.45683, "direction": 321.0, "operator": "Unknown", "brand": "Unknown" }, "geometry": { "type": "Point", "coordinates": [ -121.45683, 38.6839693 ] } },
{ "type": "Feature", "properties": { "id": 13599515653, "lat": 38.6597681, "lon": -121.4952873, "direction": 285.0, "operator": "Unknown", "brand": "Unknown" }, "geometry": { "type": "Point", "coordinates": [ -121.4952873, 38.6597681 ] } },
{ "type": "Feature", "properties": { "id": 13608352701, "lat": 38.4092167, "lon": -121.4081897, "direction": 256.0, "operator": "Unknown", "brand": "Unknown" }, "geometry": { "type": "Point", "coordinates": [ -121.4081897, 38.4092167 ] } },
{ "type": "Feature", "properties": { "id": 13608552001, "lat": 38.6434397, "lon": -121.3834512, "direction": 184.0, "operator": "Unknown", "brand": "Unknown" }, "geometry": { "type": "Point", "coordinates": [ -121.3834512, 38.6434397 ] } },
{ "type": "Feature", "properties": { "id": 13608562801, "lat": 38.7135169, "lon": -121.392486, "direction": 165.0, "operator": "Unknown", "brand": "Unknown" }, "geometry": { "type": "Point", "coordinates": [ -121.392486, 38.7135169 ] } },
{ "type": "Feature", "properties": { "id": 13613428801, "lat": 38.7132098, "lon": -121.3647024, "direction": 168.0, "operator": "Unknown", "brand": "Unknown" }, "geometry": { "type": "Point", "coordinates": [ -121.3647024, 38.7132098 ] } },
{ "type": "Feature", "properties": { "id": 13621695001, "lat": 38.7146688, "lon": -121.3919969, "direction": 341.0, "operator": "Unknown", "brand": "Unknown" }, "geometry": { "type": "Point", "coordinates": [ -121.3919969, 38.7146688 ] } },
{ "type": "Feature", "properties": { "id": 13631173567, "lat": 38.5527865, "lon": -121.418447, "direction": 170.0, "operator": "Unknown", "brand": "Unknown" }, "geometry": { "type": "Point", "coordinates": [ -121.418447, 38.5527865 ] } },
{ "type": "Feature", "properties": { "id": 13631173568, "lat": 38.5527054, "lon": -121.418354, "direction": 320.0, "operator": "Unknown", "brand": "Unknown" }, "geometry": { "type": "Point", "coordinates": [ -121.418354, 38.5527054 ] } },
{ "type": "Feature", "properties": { "id": 13631208546, "lat": 38.5647253, "lon": -121.4263647, "direction": 320.0, "operator": "Unknown", "brand": "Unknown" }, "geometry": { "type": "Point", "coordinates": [ -121.4263647, 38.5647253 ] } },
{ "type": "Feature", "properties": { "id": 13631208547, "lat": 38.5651081, "lon": -121.4270418, "direction": 160.0, "operator": "Unknown", "brand": "Unknown" }, "geometry": { "type": "Point", "coordinates": [ -121.4270418, 38.5651081 ] } },
{ "type": "Feature", "properties": { "id": 13631208548, "lat": 38.5651503, "lon": -121.4273355, "direction": 250.0, "operator": "Unknown", "brand": "Unknown" }, "geometry": { "type": "Point", "coordinates": [ -121.4273355, 38.5651503 ] } },
{ "type": "Feature", "properties": { "id": 13636075249, "lat": 38.5541119, "lon": -121.4184074, "direction": 90.0, "operator": "Unknown", "brand": "Unknown" }, "geometry": { "type": "Point", "coordinates": [ -121.4184074, 38.5541119 ] } },
{ "type": "Feature", "properties": { "id": 13636075250, "lat": 38.5542367, "lon": -121.4186636, "direction": 270.0, "operator": "Unknown", "brand": "Unknown" }, "geometry": { "type": "Point", "coordinates": [ -121.4186636, 38.5542367 ] } },
{ "type": "Feature", "properties": { "id": 13636605401, "lat": 38.6647051, "lon": -121.2732173, "direction": 0.0, "operator": "Unknown", "brand": "Unknown" }, "geometry": { "type": "Point", "coordinates": [ -121.2732173, 38.6647051 ] } },
{ "type": "Feature", "properties": { "id": 13639836401, "lat": 38.4229168, "lon": -121.3997683, "direction": 24.0, "operator": "Unknown", "brand": "Unknown" }, "geometry": { "type": "Point", "coordinates": [ -121.3997683, 38.4229168 ] } },
{ "type": "Feature", "properties": { "id": 13645530301, "lat": 38.6852744, "lon": -121.2720359, "direction": 288.0, "operator": "Unknown", "brand": "Unknown" }, "geometry": { "type": "Point", "coordinates": [ -121.2720359, 38.6852744 ] } },
{ "type": "Feature", "properties": { "id": 13648364001, "lat": 38.6723642, "lon": -121.3563215, "direction": 318.0, "operator": "Unknown", "brand": "Unknown" }, "geometry": { "type": "Point", "coordinates": [ -121.3563215, 38.6723642 ] } },
{ "type": "Feature", "properties": { "id": 13653780601, "lat": 38.7005564, "lon": -121.2473053, "direction": 259.0, "operator": "Unknown", "brand": "Unknown" }, "geometry": { "type": "Point", "coordinates": [ -121.2473053, 38.7005564 ] } },
{ "type": "Feature", "properties": { "id": 13665549001, "lat": 38.7072265, "lon": -121.3130535, "direction": 75.0, "operator": "Unknown", "brand": "Unknown" }, "geometry": { "type": "Point", "coordinates": [ -121.3130535, 38.7072265 ] } },
{ "type": "Feature", "properties": { "id": 13665556201, "lat": 38.7070982, "lon": -121.320582, "direction": 60.0, "operator": "Unknown", "brand": "Unknown" }, "geometry": { "type": "Point", "coordinates": [ -121.320582, 38.7070982 ] } },
{ "type": "Feature", "properties": { "id": 13670385601, "lat": 38.6839746, "lon": -121.4569104, "direction": 224.0, "operator": "Unknown", "brand": "Unknown" }, "geometry": { "type": "Point", "coordinates": [ -121.4569104, 38.6839746 ] } },
{ "type": "Feature", "properties": { "id": 13670385602, "lat": 38.6838071, "lon": -121.4568317, "direction": 27.0, "operator": "Unknown", "brand": "Unknown" }, "geometry": { "type": "Point", "coordinates": [ -121.4568317, 38.6838071 ] } },
{ "type": "Feature", "properties": { "id": 13673470001, "lat": 38.6299846, "lon": -121.401532, "direction": 159.0, "operator": "Unknown", "brand": "Unknown" }, "geometry": { "type": "Point", "coordinates": [ -121.401532, 38.6299846 ] } },
{ "type": "Feature", "properties": { "id": 13673512202, "lat": 38.6354095, "lon": -121.3279541, "direction": 319.0, "operator": "Unknown", "brand": "Unknown" }, "geometry": { "type": "Point", "coordinates": [ -121.3279541, 38.6354095 ] } },
{ "type": "Feature", "properties": { "id": 13673517301, "lat": 38.3781804, "lon": -121.4173337, "direction": 345.0, "operator": "Unknown", "brand": "Unknown" }, "geometry": { "type": "Point", "coordinates": [ -121.4173337, 38.3781804 ] } },
{ "type": "Feature", "properties": { "id": 13673518502, "lat": 38.3781804, "lon": -121.4173337, "direction": 345.0, "operator": "Unknown", "brand": "Unknown" }, "geometry": { "type": "Point", "coordinates": [ -121.4173337, 38.3781804 ] } },
{ "type": "Feature", "properties": { "id": 13673524901, "lat": 38.6276833, "lon": -121.5266405, "direction": 160.0, "operator": "Unknown", "brand": "Unknown" }, "geometry": { "type": "Point", "coordinates": [ -121.5266405, 38.6276833 ] } },
{ "type": "Feature", "properties": { "id": 13673526701, "lat": 38.685342, "lon": -121.5476848, "direction": 146.0, "operator": "Unknown", "brand": "Unknown" }, "geometry": { "type": "Point", "coordinates": [ -121.5476848, 38.685342 ] } },
{ "type": "Feature", "properties": { "id": 13676880401, "lat": 38.5979843, "lon": -121.3459015, "direction": 175.0, "operator": "Unknown", "brand": "Unknown" }, "geometry": { "type": "Point", "coordinates": [ -121.3459015, 38.5979843 ] } },
{ "type": "Feature", "properties": { "id": 13682803901, "lat": 38.5066737, "lon": -121.2423713, "direction": 0.0, "operator": "Unknown", "brand": "Unknown" }, "geometry": { "type": "Point", "coordinates": [ -121.2423713, 38.5066737 ] } },
{ "type": "Feature", "properties": { "id": 13685876301, "lat": 38.6298933, "lon": -121.4015718, "direction": 162.0, "operator": "Unknown", "brand": "Unknown" }, "geometry": { "type": "Point", "coordinates": [ -121.4015718, 38.6298933 ] } },
{ "type": "Feature", "properties": { "id": 13685876401, "lat": 38.6271207, "lon": -121.4013382, "direction": 346.0, "operator": "Unknown", "brand": "Unknown" }, "geometry": { "type": "Point", "coordinates": [ -121.4013382, 38.6271207 ] } },
{ "type": "Feature", "properties": { "id": 13685877101, "lat": 38.598338, "lon": -121.3459019, "direction": 177.0, "operator": "Unknown", "brand": "Unknown" }, "geometry": { "type": "Point", "coordinates": [ -121.3459019, 38.598338 ] } },
{ "type": "Feature", "properties": { "id": 13685880101, "lat": 38.6353872, "lon": -121.3280954, "direction": 0.0, "operator": "Unknown", "brand": "Unknown" }, "geometry": { "type": "Point", "coordinates": [ -121.3280954, 38.6353872 ] } },
{ "type": "Feature", "properties": { "id": 13699317201, "lat": 38.7215888, "lon": -121.3098183, "direction": 108.0, "operator": "Unknown", "brand": "Unknown" }, "geometry": { "type": "Point", "coordinates": [ -121.3098183, 38.7215888 ] } },
{ "type": "Feature", "properties": { "id": 13701971862, "lat": 38.5962206, "lon": -121.428658, "direction": 5.0, "operator": "Kaiser Permanente", "brand": "Unknown" }, "geometry": { "type": "Point", "coordinates": [ -121.428658, 38.5962206 ] } },
{ "type": "Feature", "properties": { "id": 13702014042, "lat": 38.5963875, "lon": -121.4287061, "direction": 195.0, "operator": "Kaiser Permanente", "brand": "Unknown" }, "geometry": { "type": "Point", "coordinates": [ -121.4287061, 38.5963875 ] } },
{ "type": "Feature", "properties": { "id": 13709817245, "lat": 38.5954833, "lon": -121.4311712, "direction": 205.0, "operator": "Kaiser Permanente", "brand": "Unknown" }, "geometry": { "type": "Point", "coordinates": [ -121.4311712, 38.5954833 ] } },
{ "type": "Feature", "properties": { "id": 13709841025, "lat": 38.5974109, "lon": -121.4325213, "direction": 185.0, "operator": "Kaiser Permanente", "brand": "Unknown" }, "geometry": { "type": "Point", "coordinates": [ -121.4325213, 38.5974109 ] } },
{ "type": "Feature", "properties": { "id": 13709841026, "lat": 38.597229, "lon": -121.4323023, "direction": 305.0, "operator": "Kaiser Permanente", "brand": "Unknown" }, "geometry": { "type": "Point", "coordinates": [ -121.4323023, 38.597229 ] } },
{ "type": "Feature", "properties": { "id": 13709841027, "lat": 38.5973147, "lon": -121.4300505, "direction": 210.0, "operator": "Kaiser Permanente", "brand": "Unknown" }, "geometry": { "type": "Point", "coordinates": [ -121.4300505, 38.5973147 ] } },
{ "type": "Feature", "properties": { "id": 13709841028, "lat": 38.5971128, "lon": -121.4301615, "direction": 25.0, "operator": "Kaiser Permanente", "brand": "Unknown" }, "geometry": { "type": "Point", "coordinates": [ -121.4301615, 38.5971128 ] } },
{ "type": "Feature", "properties": { "id": 13710109701, "lat": 38.5639187, "lon": -121.3364352, "direction": 176.0, "operator": "Unknown", "brand": "Unknown" }, "geometry": { "type": "Point", "coordinates": [ -121.3364352, 38.5639187 ] } },
{ "type": "Feature", "properties": { "id": 13723887701, "lat": 38.6483373, "lon": -121.1897668, "direction": 321.0, "operator": "Unknown", "brand": "Unknown" }, "geometry": { "type": "Point", "coordinates": [ -121.1897668, 38.6483373 ] } },
{ "type": "Feature", "properties": { "id": 13726807701, "lat": 38.6795357, "lon": -121.3197741, "direction": 61.0, "operator": "Unknown", "brand": "Unknown" }, "geometry": { "type": "Point", "coordinates": [ -121.3197741, 38.6795357 ] } },
{ "type": "Feature", "properties": { "id": 13726808301, "lat": 38.6785332, "lon": -121.3217635, "direction": 225.0, "operator": "Unknown", "brand": "Unknown" }, "geometry": { "type": "Point", "coordinates": [ -121.3217635, 38.6785332 ] } },
{ "type": "Feature", "properties": { "id": 13744229001, "lat": 38.6595109, "lon": -121.5064062, "direction": 60.0, "operator": "Unknown", "brand": "Unknown" }, "geometry": { "type": "Point", "coordinates": [ -121.5064062, 38.6595109 ] } },
{ "type": "Feature", "properties": { "id": 13750574901, "lat": 38.437817, "lon": -121.4179263, "direction": 146.0, "operator": "Unknown", "brand": "Unknown" }, "geometry": { "type": "Point", "coordinates": [ -121.4179263, 38.437817 ] } },
{ "type": "Feature", "properties": { "id": 13750579601, "lat": 38.2909817, "lon": -121.3058473, "direction": 52.0, "operator": "Unknown", "brand": "Unknown" }, "geometry": { "type": "Point", "coordinates": [ -121.3058473, 38.2909817 ] } },
{ "type": "Feature", "properties": { "id": 13753479901, "lat": 38.6338172, "lon": -121.5042208, "direction": 169.0, "operator": "The Home Depot", "brand": "Unknown" }, "geometry": { "type": "Point", "coordinates": [ -121.5042208, 38.6338172 ] } },
{ "type": "Feature", "properties": { "id": 13753487901, "lat": 38.6336095, "lon": -121.5055527, "direction": 185.0, "operator": "The Home Depot", "brand": "Unknown" }, "geometry": { "type": "Point", "coordinates": [ -121.5055527, 38.6336095 ] } },
{ "type": "Feature", "properties": { "id": 13753646101, "lat": 38.632029, "lon": -121.4991552, "direction": 118.0, "operator": "Unknown", "brand": "Unknown" }, "geometry": { "type": "Point", "coordinates": [ -121.4991552, 38.632029 ] } },
{ "type": "Feature", "properties": { "id": 13754079501, "lat": 38.4481329, "lon": -121.3961367, "direction": 263.0, "operator": "Unknown", "brand": "Unknown" }, "geometry": { "type": "Point", "coordinates": [ -121.3961367, 38.4481329 ] } },
{ "type": "Feature", "properties": { "id": 13757080701, "lat": 38.2909814, "lon": -121.2979733, "direction": 160.0, "operator": "Unknown", "brand": "Unknown" }, "geometry": { "type": "Point", "coordinates": [ -121.2979733, 38.2909814 ] } },
{ "type": "Feature", "properties": { "id": 13757087301, "lat": 38.2900274, "lon": -121.2829823, "direction": 147.0, "operator": "Unknown", "brand": "Unknown" }, "geometry": { "type": "Point", "coordinates": [ -121.2829823, 38.2900274 ] } },
{ "type": "Feature", "properties": { "id": 13757088701, "lat": 38.3953819, "lon": -121.3799163, "direction": 310.0, "operator": "Unknown", "brand": "Unknown" }, "geometry": { "type": "Point", "coordinates": [ -121.3799163, 38.3953819 ] } },
{ "type": "Feature", "properties": { "id": 13757096001, "lat": 38.4394645, "lon": -121.4233976, "direction": 287.0, "operator": "Unknown", "brand": "Unknown" }, "geometry": { "type": "Point", "coordinates": [ -121.4233976, 38.4394645 ] } },
{ "type": "Feature", "properties": { "id": 13759749201, "lat": 38.2800044, "lon": -121.3046931, "direction": 53.0, "operator": "Unknown", "brand": "Unknown" }, "geometry": { "type": "Point", "coordinates": [ -121.3046931, 38.2800044 ] } },
{ "type": "Feature", "properties": { "id": 13759750101, "lat": 38.2692325, "lon": -121.3010673, "direction": 132.0, "operator": "Unknown", "brand": "Unknown" }, "geometry": { "type": "Point", "coordinates": [ -121.3010673, 38.2692325 ] } },
{ "type": "Feature", "properties": { "id": 13759752101, "lat": 38.2829196, "lon": -121.283907, "direction": 211.0, "operator": "Unknown", "brand": "Unknown" }, "geometry": { "type": "Point", "coordinates": [ -121.283907, 38.2829196 ] } },
{ "type": "Feature", "properties": { "id": 13759761501, "lat": 38.2549886, "lon": -121.2964099, "direction": 216.0, "operator": "Unknown", "brand": "Unknown" }, "geometry": { "type": "Point", "coordinates": [ -121.2964099, 38.2549886 ] } },
{ "type": "Feature", "properties": { "id": 13764256303, "lat": 38.6398483, "lon": -121.5211494, "direction": 130.0, "operator": "Unknown", "brand": "Unknown" }, "geometry": { "type": "Point", "coordinates": [ -121.5211494, 38.6398483 ] } },
{ "type": "Feature", "properties": { "id": 13771771421, "lat": 38.5757598, "lon": -121.2921252, "direction": 270.0, "operator": "Kaiser Permanente", "brand": "Unknown" }, "geometry": { "type": "Point", "coordinates": [ -121.2921252, 38.5757598 ] } },
{ "type": "Feature", "properties": { "id": 13771771422, "lat": 38.5757357, "lon": -121.2923092, "direction": 100.0, "operator": "Kaiser Permanente", "brand": "Unknown" }, "geometry": { "type": "Point", "coordinates": [ -121.2923092, 38.5757357 ] } },
{ "type": "Feature", "properties": { "id": 13771771423, "lat": 38.5784246, "lon": -121.2927163, "direction": 140.0, "operator": "Kaiser Permanente", "brand": "Unknown" }, "geometry": { "type": "Point", "coordinates": [ -121.2927163, 38.5784246 ] } },
{ "type": "Feature", "properties": { "id": 13771771424, "lat": 38.5784392, "lon": -121.2926393, "direction": 320.0, "operator": "Kaiser Permanente", "brand": "Unknown" }, "geometry": { "type": "Point", "coordinates": [ -121.2926393, 38.5784392 ] } },
{ "type": "Feature", "properties": { "id": 13778408401, "lat": 38.7001218, "lon": -121.3089208, "direction": 151.0, "operator": "Unknown", "brand": "Unknown" }, "geometry": { "type": "Point", "coordinates": [ -121.3089208, 38.7001218 ] } },
{ "type": "Feature", "properties": { "id": 13783642901, "lat": 38.6565433, "lon": -121.5026535, "direction": 345.0, "operator": "Unknown", "brand": "Unknown" }, "geometry": { "type": "Point", "coordinates": [ -121.5026535, 38.6565433 ] } },
{ "type": "Feature", "properties": { "id": 13783663801, "lat": 38.6706807, "lon": -121.4958014, "direction": 146.0, "operator": "Unknown", "brand": "Unknown" }, "geometry": { "type": "Point", "coordinates": [ -121.4958014, 38.6706807 ] } },
{ "type": "Feature", "properties": { "id": 13783705401, "lat": 38.6690652, "lon": -121.5080125, "direction": 245.0, "operator": "Unknown", "brand": "Unknown" }, "geometry": { "type": "Point", "coordinates": [ -121.5080125, 38.6690652 ] } },
{ "type": "Feature", "properties": { "id": 13784722701, "lat": 38.6385262, "lon": -121.2715479, "direction": 155.0, "operator": "Unknown", "brand": "Unknown" }, "geometry": { "type": "Point", "coordinates": [ -121.2715479, 38.6385262 ] } },
{ "type": "Feature", "properties": { "id": 13784723201, "lat": 38.6281305, "lon": -121.2658612, "direction": 328.0, "operator": "Unknown", "brand": "Unknown" }, "geometry": { "type": "Point", "coordinates": [ -121.2658612, 38.6281305 ] } },
{ "type": "Feature", "properties": { "id": 13784803201, "lat": 38.4573563, "lon": -121.4138473, "direction": 265.0, "operator": "Unknown", "brand": "Unknown" }, "geometry": { "type": "Point", "coordinates": [ -121.4138473, 38.4573563 ] } },
{ "type": "Feature", "properties": { "id": 13784807701, "lat": 38.4959963, "lon": -121.4421232, "direction": 54.0, "operator": "Unknown", "brand": "Unknown" }, "geometry": { "type": "Point", "coordinates": [ -121.4421232, 38.4959963 ] } },
{ "type": "Feature", "properties": { "id": 13784811901, "lat": 38.6613299, "lon": -121.3713701, "direction": 342.0, "operator": "Unknown", "brand": "Unknown" }, "geometry": { "type": "Point", "coordinates": [ -121.3713701, 38.6613299 ] } },
{ "type": "Feature", "properties": { "id": 13785195902, "lat": 38.5682217, "lon": -121.2964085, "direction": 335.0, "operator": "Unknown", "brand": "Unknown" }, "geometry": { "type": "Point", "coordinates": [ -121.2964085, 38.5682217 ] } },
{ "type": "Feature", "properties": { "id": 13785588801, "lat": 38.6592175, "lon": -121.5264823, "direction": 77.0, "operator": "Unknown", "brand": "Unknown" }, "geometry": { "type": "Point", "coordinates": [ -121.5264823, 38.6592175 ] } },
{ "type": "Feature", "properties": { "id": 13785590401, "lat": 38.6819359, "lon": -121.5155687, "direction": 146.0, "operator": "Unknown", "brand": "Unknown" }, "geometry": { "type": "Point", "coordinates": [ -121.5155687, 38.6819359 ] } },
{ "type": "Feature", "properties": { "id": 13785818301, "lat": 38.6274633, "lon": -121.5248048, "direction": 145.0, "operator": "Unknown", "brand": "Unknown" }, "geometry": { "type": "Point", "coordinates": [ -121.5248048, 38.6274633 ] } },
{ "type": "Feature", "properties": { "id": 13804980901, "lat": 38.6708735, "lon": -121.5094106, "direction": 126.0, "operator": "Unknown", "brand": "Unknown" }, "geometry": { "type": "Point", "coordinates": [ -121.5094106, 38.6708735 ] } },
{ "type": "Feature", "properties": { "id": 13804981401, "lat": 38.6708778, "lon": -121.508408, "direction": 229.0, "operator": "Unknown", "brand": "Unknown" }, "geometry": { "type": "Point", "coordinates": [ -121.508408, 38.6708778 ] } },
{ "type": "Feature", "properties": { "id": 13805075901, "lat": 38.5667471, "lon": -121.2969797, "direction": 235.0, "operator": "Unknown", "brand": "Unknown" }, "geometry": { "type": "Point", "coordinates": [ -121.2969797, 38.5667471 ] } },
{ "type": "Feature", "properties": { "id": 13805076701, "lat": 38.5665488, "lon": -121.298093, "direction": 0.0, "operator": "Unknown", "brand": "Unknown" }, "geometry": { "type": "Point", "coordinates": [ -121.298093, 38.5665488 ] } },
{ "type": "Feature", "properties": { "id": 13805077001, "lat": 38.5666221, "lon": -121.3054359, "direction": 176.0, "operator": "Unknown", "brand": "Unknown" }, "geometry": { "type": "Point", "coordinates": [ -121.3054359, 38.5666221 ] } },
{ "type": "Feature", "properties": { "id": 13806395401, "lat": 38.5650343, "lon": -121.3104068, "direction": 17.0, "operator": "Unknown", "brand": "Unknown" }, "geometry": { "type": "Point", "coordinates": [ -121.3104068, 38.5650343 ] } },
{ "type": "Feature", "properties": { "id": 13806397501, "lat": 38.5641183, "lon": -121.3093803, "direction": 74.0, "operator": "Unknown", "brand": "Unknown" }, "geometry": { "type": "Point", "coordinates": [ -121.3093803, 38.5641183 ] } },
{ "type": "Feature", "properties": { "id": 13815677801, "lat": 38.651272, "lon": -121.3827433, "direction": 359.0, "operator": "Unknown", "brand": "Unknown" }, "geometry": { "type": "Point", "coordinates": [ -121.3827433, 38.651272 ] } },
{ "type": "Feature", "properties": { "id": 13827856501, "lat": 38.7157709, "lon": -121.2462668, "direction": 215.0, "operator": "Unknown", "brand": "Unknown" }, "geometry": { "type": "Point", "coordinates": [ -121.2462668, 38.7157709 ] } },
{ "type": "Feature", "properties": { "id": 13828646002, "lat": 38.4960537, "lon": -121.4382036, "direction": 0.0, "operator": "Unknown", "brand": "Unknown" }, "geometry": { "type": "Point", "coordinates": [ -121.4382036, 38.4960537 ] } },
{ "type": "Feature", "properties": { "id": 13841896501, "lat": 38.5943913, "lon": -121.1778952, "direction": 0.0, "operator": "Unknown", "brand": "Flock Safety" }, "geometry": { "type": "Point", "coordinates": [ -121.1778952, 38.5943913 ] } },
{ "type": "Feature", "properties": { "id": 13846843701, "lat": 38.4396768, "lon": -121.3974539, "direction": 156.0, "operator": "Unknown", "brand": "Unknown" }, "geometry": { "type": "Point", "coordinates": [ -121.3974539, 38.4396768 ] } },
{ "type": "Feature", "properties": { "id": 13846856601, "lat": 38.4396768, "lon": -121.3974539, "direction": 156.0, "operator": "Unknown", "brand": "Unknown" }, "geometry": { "type": "Point", "coordinates": [ -121.3974539, 38.4396768 ] } },
{ "type": "Feature", "properties": { "id": 13879013702, "lat": 38.6641604, "lon": -121.2634505, "direction": 251.0, "operator": "Unknown", "brand": "Unknown" }, "geometry": { "type": "Point", "coordinates": [ -121.2634505, 38.6641604 ] } },
{ "type": "Feature", "properties": { "id": 13881015601, "lat": 38.6879224, "lon": -121.308582, "direction": 348.0, "operator": "Unknown", "brand": "Unknown" }, "geometry": { "type": "Point", "coordinates": [ -121.308582, 38.6879224 ] } },
{ "type": "Feature", "properties": { "id": 13885362001, "lat": 38.428711, "lon": -121.4610493, "direction": 59.0, "operator": "Unknown", "brand": "Unknown" }, "geometry": { "type": "Point", "coordinates": [ -121.4610493, 38.428711 ] } },
{ "type": "Feature", "properties": { "id": 13885392301, "lat": 38.4275546, "lon": -121.4600114, "direction": 33.0, "operator": "Unknown", "brand": "Unknown" }, "geometry": { "type": "Point", "coordinates": [ -121.4600114, 38.4275546 ] } },
{ "type": "Feature", "properties": { "id": 13885393301, "lat": 38.4267999, "lon": -121.459669, "direction": 102.0, "operator": "Unknown", "brand": "Unknown" }, "geometry": { "type": "Point", "coordinates": [ -121.459669, 38.4267999 ] } },
{ "type": "Feature", "properties": { "id": 13889499301, "lat": 38.6562535, "lon": -121.5235502, "direction": 350.0, "operator": "Unknown", "brand": "Unknown" }, "geometry": { "type": "Point", "coordinates": [ -121.5235502, 38.6562535 ] } },
{ "type": "Feature", "properties": { "id": 13889502601, "lat": 38.6571574, "lon": -121.5224098, "direction": 254.0, "operator": "Unknown", "brand": "Unknown" }, "geometry": { "type": "Point", "coordinates": [ -121.5224098, 38.6571574 ] } },
{ "type": "Feature", "properties": { "id": 13892774601, "lat": 38.4521126, "lon": -121.4051397, "direction": 144.0, "operator": "Unknown", "brand": "Unknown" }, "geometry": { "type": "Point", "coordinates": [ -121.4051397, 38.4521126 ] } },
{ "type": "Feature", "properties": { "id": 13897244201, "lat": 38.6368807, "lon": -121.328192, "direction": 166.0, "operator": "Unknown", "brand": "Unknown" }, "geometry": { "type": "Point", "coordinates": [ -121.328192, 38.6368807 ] } },
{ "type": "Feature", "properties": { "id": 13897248401, "lat": 38.6593909, "lon": -121.3275531, "direction": 169.0, "operator": "Unknown", "brand": "Unknown" }, "geometry": { "type": "Point", "coordinates": [ -121.3275531, 38.6593909 ] } },
{ "type": "Feature", "properties": { "id": 13905117202, "lat": 38.2641697, "lon": -121.2869844, "direction": 0.0, "operator": "Unknown", "brand": "Unknown" }, "geometry": { "type": "Point", "coordinates": [ -121.2869844, 38.2641697 ] } },
{ "type": "Feature", "properties": { "id": 13908520301, "lat": 38.4082827, "lon": -121.4124783, "direction": 247.0, "operator": "Unknown", "brand": "Unknown" }, "geometry": { "type": "Point", "coordinates": [ -121.4124783, 38.4082827 ] } },
{ "type": "Feature", "properties": { "id": 13914107301, "lat": 38.6835738, "lon": -121.3336598, "direction": 259.0, "operator": "Unknown", "brand": "Unknown" }, "geometry": { "type": "Point", "coordinates": [ -121.3336598, 38.6835738 ] } },
{ "type": "Feature", "properties": { "id": 13921510501, "lat": 38.4091954, "lon": -121.3250571, "direction": 261.0, "operator": "Unknown", "brand": "Unknown" }, "geometry": { "type": "Point", "coordinates": [ -121.3250571, 38.4091954 ] } },
{ "type": "Feature", "properties": { "id": 13924421701, "lat": 38.5105076, "lon": -121.4646544, "direction": 261.0, "operator": "Unknown", "brand": "Unknown" }, "geometry": { "type": "Point", "coordinates": [ -121.4646544, 38.5105076 ] } },
{ "type": "Feature", "properties": { "id": 13930496401, "lat": 38.5954564, "lon": -121.1843111, "direction": 230.0, "operator": "Unknown", "brand": "Unknown" }, "geometry": { "type": "Point", "coordinates": [ -121.1843111, 38.5954564 ] } },
{ "type": "Feature", "properties": { "id": 13930496402, "lat": 38.3783972, "lon": -121.3592049, "direction": 201.0, "operator": "Unknown", "brand": "Unknown" }, "geometry": { "type": "Point", "coordinates": [ -121.3592049, 38.3783972 ] } },
{ "type": "Feature", "properties": { "id": 13939108701, "lat": 38.6532992, "lon": -121.4953348, "direction": 267.0, "operator": "Unknown", "brand": "Unknown" }, "geometry": { "type": "Point", "coordinates": [ -121.4953348, 38.6532992 ] } },
{ "type": "Feature", "properties": { "id": 13939468301, "lat": 38.3972446, "lon": -121.3997035, "direction": 148.0, "operator": "Unknown", "brand": "Unknown" }, "geometry": { "type": "Point", "coordinates": [ -121.3997035, 38.3972446 ] } },
{ "type": "Feature", "properties": { "id": 13939474701, "lat": 38.3941816, "lon": -121.3792866, "direction": 127.0, "operator": "Unknown", "brand": "Unknown" }, "geometry": { "type": "Point", "coordinates": [ -121.3792866, 38.3941816 ] } },
{ "type": "Feature", "properties": { "id": 13944009233, "lat": 38.6677022, "lon": -121.2925326, "direction": 170.0, "operator": "Unknown", "brand": "Unknown" }, "geometry": { "type": "Point", "coordinates": [ -121.2925326, 38.6677022 ] } },
{ "type": "Feature", "properties": { "id": 13945558801, "lat": 38.3746658, "lon": -121.3643658, "direction": 31.0, "operator": "Unknown", "brand": "Unknown" }, "geometry": { "type": "Point", "coordinates": [ -121.3643658, 38.3746658 ] } },
{ "type": "Feature", "properties": { "id": 13946521601, "lat": 38.383761, "lon": -121.3714047, "direction": 41.0, "operator": "Unknown", "brand": "Unknown" }, "geometry": { "type": "Point", "coordinates": [ -121.3714047, 38.383761 ] } },
{ "type": "Feature", "properties": { "id": 13954678754, "lat": 38.549788, "lon": -121.4190945, "direction": 0.0, "operator": "Unknown", "brand": "Unknown" }, "geometry": { "type": "Point", "coordinates": [ -121.4190945, 38.549788 ] } },
{ "type": "Feature", "properties": { "id": 13954680739, "lat": 38.5497096, "lon": -121.4189943, "direction": 190.0, "operator": "Unknown", "brand": "Unknown" }, "geometry": { "type": "Point", "coordinates": [ -121.4189943, 38.5497096 ] } },
{ "type": "Feature", "properties": { "id": 13960558901, "lat": 38.6362633, "lon": -121.5046599, "direction": 125.0, "operator": "Unknown", "brand": "Unknown" }, "geometry": { "type": "Point", "coordinates": [ -121.5046599, 38.6362633 ] } },
{ "type": "Feature", "properties": { "id": 13960977401, "lat": 38.2618234, "lon": -121.3227853, "direction": 52.0, "operator": "Unknown", "brand": "Unknown" }, "geometry": { "type": "Point", "coordinates": [ -121.3227853, 38.2618234 ] } },
{ "type": "Feature", "properties": { "id": 13961208601, "lat": 38.5541112, "lon": -121.4154693, "direction": 190.0, "operator": "Unknown", "brand": "Unknown" }, "geometry": { "type": "Point", "coordinates": [ -121.4154693, 38.5541112 ] } },
{ "type": "Feature", "properties": { "id": 13961208801, "lat": 38.5540327, "lon": -121.4154503, "direction": 28.0, "operator": "Unknown", "brand": "Unknown" }, "geometry": { "type": "Point", "coordinates": [ -121.4154503, 38.5540327 ] } },
{ "type": "Feature", "properties": { "id": 13961210401, "lat": 38.6643369, "lon": -121.2921912, "direction": 0.0, "operator": "Unknown", "brand": "Unknown" }, "geometry": { "type": "Point", "coordinates": [ -121.2921912, 38.6643369 ] } },
{ "type": "Feature", "properties": { "id": 13962926401, "lat": 38.2473874, "lon": -121.5089496, "direction": 190.0, "operator": "Unknown", "brand": "Unknown" }, "geometry": { "type": "Point", "coordinates": [ -121.5089496, 38.2473874 ] } },
{ "type": "Feature", "properties": { "id": 13963046503, "lat": 38.6362633, "lon": -121.5046599, "direction": 31.0, "operator": "Unknown", "brand": "Unknown" }, "geometry": { "type": "Point", "coordinates": [ -121.5046599, 38.6362633 ] } },
{ "type": "Feature", "properties": { "id": 13963287142, "lat": 38.4701367, "lon": -121.4204022, "direction": 47.0, "operator": "Kaiser Permanente", "brand": "Unknown" }, "geometry": { "type": "Point", "coordinates": [ -121.4204022, 38.4701367 ] } },
{ "type": "Feature", "properties": { "id": 13963507801, "lat": 38.4712152, "lon": -121.4239355, "direction": 155.0, "operator": "Kaiser Permanente", "brand": "Unknown" }, "geometry": { "type": "Point", "coordinates": [ -121.4239355, 38.4712152 ] } },
{ "type": "Feature", "properties": { "id": 13966610701, "lat": 38.7070491, "lon": -121.3132396, "direction": 177.0, "operator": "Unknown", "brand": "Unknown" }, "geometry": { "type": "Point", "coordinates": [ -121.3132396, 38.7070491 ] } },
{ "type": "Feature", "properties": { "id": 13968714101, "lat": 38.2403541, "lon": -121.2975582, "direction": 242.0, "operator": "Unknown", "brand": "Unknown" }, "geometry": { "type": "Point", "coordinates": [ -121.2975582, 38.2403541 ] } },
{ "type": "Feature", "properties": { "id": 13973461402, "lat": 38.6330192, "lon": -121.4461279, "direction": 146.0, "operator": "Unknown", "brand": "Unknown" }, "geometry": { "type": "Point", "coordinates": [ -121.4461279, 38.6330192 ] } },
{ "type": "Feature", "properties": { "id": 13973510401, "lat": 38.6111696, "lon": -121.4299363, "direction": 255.0, "operator": "Unknown", "brand": "Unknown" }, "geometry": { "type": "Point", "coordinates": [ -121.4299363, 38.6111696 ] } },
{ "type": "Feature", "properties": { "id": 13973510402, "lat": 38.6110612, "lon": -121.4201596, "direction": 270.0, "operator": "Unknown", "brand": "Unknown" }, "geometry": { "type": "Point", "coordinates": [ -121.4201596, 38.6110612 ] } },
{ "type": "Feature", "properties": { "id": 13973510403, "lat": 38.6108076, "lon": -121.4197576, "direction": 71.0, "operator": "Unknown", "brand": "Unknown" }, "geometry": { "type": "Point", "coordinates": [ -121.4197576, 38.6108076 ] } },
{ "type": "Feature", "properties": { "id": 13976353001, "lat": 38.5508559, "lon": -121.3287946, "direction": 94.0, "operator": "Unknown", "brand": "Unknown" }, "geometry": { "type": "Point", "coordinates": [ -121.3287946, 38.5508559 ] } },
{ "type": "Feature", "properties": { "id": 13976353201, "lat": 38.5510222, "lon": -121.3274408, "direction": 261.0, "operator": "Unknown", "brand": "Unknown" }, "geometry": { "type": "Point", "coordinates": [ -121.3274408, 38.5510222 ] } },
{ "type": "Feature", "properties": { "id": 13978572673, "lat": 38.5926072, "lon": -121.2840484, "direction": 120.0, "operator": "Unknown", "brand": "Unknown" }, "geometry": { "type": "Point", "coordinates": [ -121.2840484, 38.5926072 ] } },
{ "type": "Feature", "properties": { "id": 13980997801, "lat": 38.262625, "lon": -121.2974082, "direction": 309.0, "operator": "Unknown", "brand": "Unknown" }, "geometry": { "type": "Point", "coordinates": [ -121.2974082, 38.262625 ] } },
{ "type": "Feature", "properties": { "id": 13984759001, "lat": 38.552084, "lon": -121.2786228, "direction": 206.0, "operator": "Unknown", "brand": "Unknown" }, "geometry": { "type": "Point", "coordinates": [ -121.2786228, 38.552084 ] } },
{ "type": "Feature", "properties": { "id": 13990802101, "lat": 38.2539612, "lon": -121.3009501, "direction": 177.0, "operator": "Unknown", "brand": "Unknown" }, "geometry": { "type": "Point", "coordinates": [ -121.3009501, 38.2539612 ] } },
{ "type": "Feature", "properties": { "id": 13991022201, "lat": 38.253567, "lon": -121.2949118, "direction": 239.0, "operator": "Unknown", "brand": "Unknown" }, "geometry": { "type": "Point", "coordinates": [ -121.2949118, 38.253567 ] } },
{ "type": "Feature", "properties": { "id": 13991397001, "lat": 38.6878438, "lon": -121.3438339, "direction": 126.0, "operator": "Unknown", "brand": "Unknown" }, "geometry": { "type": "Point", "coordinates": [ -121.3438339, 38.6878438 ] } },
{ "type": "Feature", "properties": { "id": 13995551001, "lat": 38.6542857, "lon": -121.5435761, "direction": 9.0, "operator": "Unknown", "brand": "Unknown" }, "geometry": { "type": "Point", "coordinates": [ -121.5435761, 38.6542857 ] } },
{ "type": "Feature", "properties": { "id": 13995554401, "lat": 38.6532598, "lon": -121.5436585, "direction": 207.0, "operator": "Unknown", "brand": "Unknown" }, "geometry": { "type": "Point", "coordinates": [ -121.5436585, 38.6532598 ] } },
{ "type": "Feature", "properties": { "id": 13995565705, "lat": 38.6463963, "lon": -121.5402107, "direction": 253.0, "operator": "Unknown", "brand": "Unknown" }, "geometry": { "type": "Point", "coordinates": [ -121.5402107, 38.6463963 ] } },
{ "type": "Feature", "properties": { "id": 13995566901, "lat": 38.646339, "lon": -121.5402215, "direction": 77.0, "operator": "Unknown", "brand": "Unknown" }, "geometry": { "type": "Point", "coordinates": [ -121.5402215, 38.646339 ] } },
{ "type": "Feature", "properties": { "id": 13998877101, "lat": 38.3936037, "lon": -121.4488694, "direction": 50.0, "operator": "Unknown", "brand": "Unknown" }, "geometry": { "type": "Point", "coordinates": [ -121.4488694, 38.3936037 ] } },
{ "type": "Feature", "properties": { "id": 13998928502, "lat": 38.4068538, "lon": -121.4503523, "direction": 164.0, "operator": "Unknown", "brand": "Unknown" }, "geometry": { "type": "Point", "coordinates": [ -121.4503523, 38.4068538 ] } },
{ "type": "Feature", "properties": { "id": 14001599602, "lat": 38.4411435, "lon": -121.44526, "direction": 185.0, "operator": "Unknown", "brand": "Unknown" }, "geometry": { "type": "Point", "coordinates": [ -121.44526, 38.4411435 ] } },
{ "type": "Feature", "properties": { "id": 14001600201, "lat": 38.4411975, "lon": -121.4450124, "direction": 329.0, "operator": "Unknown", "brand": "Unknown" }, "geometry": { "type": "Point", "coordinates": [ -121.4450124, 38.4411975 ] } },
{ "type": "Feature", "properties": { "id": 14001635700, "lat": 38.6864304, "lon": -121.3415018, "direction": 293.0, "operator": "Unknown", "brand": "Unknown" }, "geometry": { "type": "Point", "coordinates": [ -121.3415018, 38.6864304 ] } },
{ "type": "Feature", "properties": { "id": 14001659106, "lat": 38.6947452, "lon": -121.2905431, "direction": 213.0, "operator": "Unknown", "brand": "Unknown" }, "geometry": { "type": "Point", "coordinates": [ -121.2905431, 38.6947452 ] } },
{ "type": "Feature", "properties": { "id": 14001659107, "lat": 38.7018313, "lon": -121.290478, "direction": 160.0, "operator": "Unknown", "brand": "Unknown" }, "geometry": { "type": "Point", "coordinates": [ -121.290478, 38.7018313 ] } },
{ "type": "Feature", "properties": { "id": 14001659108, "lat": 38.7072736, "lon": -121.3056853, "direction": 58.0, "operator": "Unknown", "brand": "Unknown" }, "geometry": { "type": "Point", "coordinates": [ -121.3056853, 38.7072736 ] } },
{ "type": "Feature", "properties": { "id": 14002955001, "lat": 38.267981, "lon": -121.3025384, "direction": 135.0, "operator": "Unknown", "brand": "Unknown" }, "geometry": { "type": "Point", "coordinates": [ -121.3025384, 38.267981 ] } },
{ "type": "Feature", "properties": { "id": 14002962302, "lat": 38.2748278, "lon": -121.3043819, "direction": 119.0, "operator": "Unknown", "brand": "Unknown" }, "geometry": { "type": "Point", "coordinates": [ -121.3043819, 38.2748278 ] } },
{ "type": "Feature", "properties": { "id": 14003128701, "lat": 38.2519631, "lon": -121.3072567, "direction": 210.0, "operator": "Unknown", "brand": "Unknown" }, "geometry": { "type": "Point", "coordinates": [ -121.3072567, 38.2519631 ] } },
{ "type": "Feature", "properties": { "id": 14003132201, "lat": 38.240312, "lon": -121.297612, "direction": 101.0, "operator": "Unknown", "brand": "Unknown" }, "geometry": { "type": "Point", "coordinates": [ -121.297612, 38.240312 ] } },
{ "type": "Feature", "properties": { "id": 14003134202, "lat": 38.2518171, "lon": -121.2969254, "direction": 129.0, "operator": "Unknown", "brand": "Unknown" }, "geometry": { "type": "Point", "coordinates": [ -121.2969254, 38.2518171 ] } },
{ "type": "Feature", "properties": { "id": 14003711001, "lat": 38.605544, "lon": -121.269369, "direction": 152.0, "operator": "Unknown", "brand": "Unknown" }, "geometry": { "type": "Point", "coordinates": [ -121.269369, 38.605544 ] } },
{ "type": "Feature", "properties": { "id": 14015894702, "lat": 38.4962265, "lon": -121.4591572, "direction": 85.0, "operator": "Unknown", "brand": "Unknown" }, "geometry": { "type": "Point", "coordinates": [ -121.4591572, 38.4962265 ] } },
{ "type": "Feature", "properties": { "id": 14018060001, "lat": 38.5465258, "lon": -121.2692127, "direction": 236.0, "operator": "Unknown", "brand": "Unknown" }, "geometry": { "type": "Point", "coordinates": [ -121.2692127, 38.5465258 ] } },
{ "type": "Feature", "properties": { "id": 14021162343, "lat": 38.5565043, "lon": -121.4736826, "direction": 80.0, "operator": "Unknown", "brand": "Unknown" }, "geometry": { "type": "Point", "coordinates": [ -121.4736826, 38.5565043 ] } },
{ "type": "Feature", "properties": { "id": 14021282002, "lat": 38.6560119, "lon": -121.4972681, "direction": 0.0, "operator": "Unknown", "brand": "Unknown" }, "geometry": { "type": "Point", "coordinates": [ -121.4972681, 38.6560119 ] } },
{ "type": "Feature", "properties": { "id": 14022770701, "lat": 38.290868, "lon": -121.3107819, "direction": 60.0, "operator": "Unknown", "brand": "Unknown" }, "geometry": { "type": "Point", "coordinates": [ -121.3107819, 38.290868 ] } },
{ "type": "Feature", "properties": { "id": 14023628474, "lat": 38.6031661, "lon": -121.393415, "direction": 330.0, "operator": "Kaiser Permanente", "brand": "Unknown" }, "geometry": { "type": "Point", "coordinates": [ -121.393415, 38.6031661 ] } },
{ "type": "Feature", "properties": { "id": 14023628475, "lat": 38.6031698, "lon": -121.3936137, "direction": 160.0, "operator": "Kaiser Permanente", "brand": "Unknown" }, "geometry": { "type": "Point", "coordinates": [ -121.3936137, 38.6031698 ] } },
{ "type": "Feature", "properties": { "id": 14023628476, "lat": 38.6011345, "lon": -121.3925705, "direction": 90.0, "operator": "Kaiser Permanente", "brand": "Unknown" }, "geometry": { "type": "Point", "coordinates": [ -121.3925705, 38.6011345 ] } },
{ "type": "Feature", "properties": { "id": 14023628477, "lat": 38.6009639, "lon": -121.3926001, "direction": 240.0, "operator": "Kaiser Permanente", "brand": "Unknown" }, "geometry": { "type": "Point", "coordinates": [ -121.3926001, 38.6009639 ] } },
{ "type": "Feature", "properties": { "id": 14023628478, "lat": 38.6008351, "lon": -121.3926675, "direction": 55.0, "operator": "Kaiser Permanente", "brand": "Unknown" }, "geometry": { "type": "Point", "coordinates": [ -121.3926675, 38.6008351 ] } },
{ "type": "Feature", "properties": { "id": 14023628479, "lat": 38.6002439, "lon": -121.3945369, "direction": 160.0, "operator": "Kaiser Permanente", "brand": "Unknown" }, "geometry": { "type": "Point", "coordinates": [ -121.3945369, 38.6002439 ] } },
{ "type": "Feature", "properties": { "id": 14024777701, "lat": 38.1178516, "lon": -121.6278957, "direction": 63.0, "operator": "Unknown", "brand": "Unknown" }, "geometry": { "type": "Point", "coordinates": [ -121.6278957, 38.1178516 ] } },
{ "type": "Feature", "properties": { "id": 14024780601, "lat": 38.1224714, "lon": -121.6822987, "direction": 247.0, "operator": "Unknown", "brand": "Unknown" }, "geometry": { "type": "Point", "coordinates": [ -121.6822987, 38.1224714 ] } },
{ "type": "Feature", "properties": { "id": 14024788501, "lat": 38.1566863, "lon": -121.67936, "direction": 162.0, "operator": "Unknown", "brand": "Unknown" }, "geometry": { "type": "Point", "coordinates": [ -121.67936, 38.1566863 ] } },
{ "type": "Feature", "properties": { "id": 14024789601, "lat": 38.1288035, "lon": -121.5853203, "direction": 281.0, "operator": "Unknown", "brand": "Unknown" }, "geometry": { "type": "Point", "coordinates": [ -121.5853203, 38.1288035 ] } },
{ "type": "Feature", "properties": { "id": 14025550701, "lat": 38.375522, "lon": -121.3639174, "direction": 220.0, "operator": "Unknown", "brand": "Unknown" }, "geometry": { "type": "Point", "coordinates": [ -121.3639174, 38.375522 ] } },
{ "type": "Feature", "properties": { "id": 14027993501, "lat": 38.3792919, "lon": -121.449708, "direction": 255.0, "operator": "Unknown", "brand": "Unknown" }, "geometry": { "type": "Point", "coordinates": [ -121.449708, 38.3792919 ] } },
{ "type": "Feature", "properties": { "id": 14028749303, "lat": 38.4583623, "lon": -121.3165435, "direction": 42.0, "operator": "Unknown", "brand": "Unknown" }, "geometry": { "type": "Point", "coordinates": [ -121.3165435, 38.4583623 ] } },
{ "type": "Feature", "properties": { "id": 14029203701, "lat": 38.2550212, "lon": -121.290795, "direction": 77.0, "operator": "Unknown", "brand": "Unknown" }, "geometry": { "type": "Point", "coordinates": [ -121.290795, 38.2550212 ] } },
{ "type": "Feature", "properties": { "id": 14030021102, "lat": 38.6379181, "lon": -121.3094939, "direction": 245.0, "operator": "Unknown", "brand": "Unknown" }, "geometry": { "type": "Point", "coordinates": [ -121.3094939, 38.6379181 ] } },
{ "type": "Feature", "properties": { "id": 14030022601, "lat": 38.6377955, "lon": -121.3101709, "direction": 68.0, "operator": "Unknown", "brand": "Unknown" }, "geometry": { "type": "Point", "coordinates": [ -121.3101709, 38.6377955 ] } },
{ "type": "Feature", "properties": { "id": 14030254101, "lat": 38.4521169, "lon": -121.2774239, "direction": 187.0, "operator": "Unknown", "brand": "Unknown" }, "geometry": { "type": "Point", "coordinates": [ -121.2774239, 38.4521169 ] } },
{ "type": "Feature", "properties": { "id": 14045784701, "lat": 38.4978329, "lon": -121.0941784, "direction": 67.0, "operator": "Unknown", "brand": "Unknown" }, "geometry": { "type": "Point", "coordinates": [ -121.0941784, 38.4978329 ] } },
{ "type": "Feature", "properties": { "id": 14047618301, "lat": 38.6931359, "lon": -121.12985, "direction": 48.0, "operator": "Unknown", "brand": "Unknown" }, "geometry": { "type": "Point", "coordinates": [ -121.12985, 38.6931359 ] } },
{ "type": "Feature", "properties": { "id": 14047618601, "lat": 38.6932976, "lon": -121.1298853, "direction": 230.0, "operator": "Unknown", "brand": "Unknown" }, "geometry": { "type": "Point", "coordinates": [ -121.1298853, 38.6932976 ] } },
{ "type": "Feature", "properties": { "id": 14047647401, "lat": 38.6817967, "lon": -121.1852914, "direction": 195.0, "operator": "Unknown", "brand": "Unknown" }, "geometry": { "type": "Point", "coordinates": [ -121.1852914, 38.6817967 ] } },
{ "type": "Feature", "properties": { "id": 14047671001, "lat": 38.6822328, "lon": -121.1847917, "direction": 35.0, "operator": "Unknown", "brand": "Unknown" }, "geometry": { "type": "Point", "coordinates": [ -121.1847917, 38.6822328 ] } },
{ "type": "Feature", "properties": { "id": 14049841753, "lat": 38.7009321, "lon": -121.2901807, "direction": 340.0, "operator": "Unknown", "brand": "Unknown" }, "geometry": { "type": "Point", "coordinates": [ -121.2901807, 38.7009321 ] } },
{ "type": "Feature", "properties": { "id": 14049841754, "lat": 38.7038339, "lon": -121.272146, "direction": 210.0, "operator": "Unknown", "brand": "Unknown" }, "geometry": { "type": "Point", "coordinates": [ -121.272146, 38.7038339 ] } },
{ "type": "Feature", "properties": { "id": 14050134401, "lat": 38.2565916, "lon": -121.293997, "direction": 297.0, "operator": "Unknown", "brand": "Unknown" }, "geometry": { "type": "Point", "coordinates": [ -121.293997, 38.2565916 ] } },
{ "type": "Feature", "properties": { "id": 14050492301, "lat": 38.636782, "lon": -121.3113418, "direction": 35.0, "operator": "Unknown", "brand": "Unknown" }, "geometry": { "type": "Point", "coordinates": [ -121.3113418, 38.636782 ] } },
{ "type": "Feature", "properties": { "id": 14050493301, "lat": 38.6369399, "lon": -121.3113239, "direction": 175.0, "operator": "Unknown", "brand": "Unknown" }, "geometry": { "type": "Point", "coordinates": [ -121.3113239, 38.6369399 ] } },
{ "type": "Feature", "properties": { "id": 14050532401, "lat": 38.6338392, "lon": -121.3830969, "direction": 160.0, "operator": "Unknown", "brand": "Unknown" }, "geometry": { "type": "Point", "coordinates": [ -121.3830969, 38.6338392 ] } },
{ "type": "Feature", "properties": { "id": 14050532501, "lat": 38.6340898, "lon": -121.383238, "direction": 220.0, "operator": "Unknown", "brand": "Unknown" }, "geometry": { "type": "Point", "coordinates": [ -121.383238, 38.6340898 ] } },
{ "type": "Feature", "properties": { "id": 14050532502, "lat": 38.6342446, "lon": -121.3827652, "direction": 339.0, "operator": "Unknown", "brand": "Unknown" }, "geometry": { "type": "Point", "coordinates": [ -121.3827652, 38.6342446 ] } },
{ "type": "Feature", "properties": { "id": 14050532801, "lat": 38.6340267, "lon": -121.3826957, "direction": 69.0, "operator": "Unknown", "brand": "Unknown" }, "geometry": { "type": "Point", "coordinates": [ -121.3826957, 38.6340267 ] } },
{ "type": "Feature", "properties": { "id": 14052475701, "lat": 38.4235826, "lon": -121.4181728, "direction": 257.0, "operator": "Unknown", "brand": "Unknown" }, "geometry": { "type": "Point", "coordinates": [ -121.4181728, 38.4235826 ] } },
{ "type": "Feature", "properties": { "id": 14052661701, "lat": 38.4929256, "lon": -121.0932236, "direction": 117.0, "operator": "Unknown", "brand": "Unknown" }, "geometry": { "type": "Point", "coordinates": [ -121.0932236, 38.4929256 ] } },
{ "type": "Feature", "properties": { "id": 14053292101, "lat": 38.4808037, "lon": -121.5413502, "direction": 105.0, "operator": "Unknown", "brand": "Unknown" }, "geometry": { "type": "Point", "coordinates": [ -121.5413502, 38.4808037 ] } },
{ "type": "Feature", "properties": { "id": 14056494701, "lat": 38.5019663, "lon": -121.0901836, "direction": 103.0, "operator": "Unknown", "brand": "Unknown" }, "geometry": { "type": "Point", "coordinates": [ -121.0901836, 38.5019663 ] } },
{ "type": "Feature", "properties": { "id": 14057161701, "lat": 38.7066339, "lon": -121.2719477, "direction": 170.0, "operator": "Unknown", "brand": "Unknown" }, "geometry": { "type": "Point", "coordinates": [ -121.2719477, 38.7066339 ] } },
{ "type": "Feature", "properties": { "id": 14057399101, "lat": 38.663834, "lon": -121.2924875, "direction": 209.0, "operator": "Unknown", "brand": "Unknown" }, "geometry": { "type": "Point", "coordinates": [ -121.2924875, 38.663834 ] } },
{ "type": "Feature", "properties": { "id": 14057399701, "lat": 38.6635607, "lon": -121.2921604, "direction": 64.0, "operator": "Unknown", "brand": "Unknown" }, "geometry": { "type": "Point", "coordinates": [ -121.2921604, 38.6635607 ] } },
{ "type": "Feature", "properties": { "id": 14057630701, "lat": 38.473776, "lon": -121.3928736, "direction": 359.0, "operator": "Unknown", "brand": "Unknown" }, "geometry": { "type": "Point", "coordinates": [ -121.3928736, 38.473776 ] } },
{ "type": "Feature", "properties": { "id": 14060577902, "lat": 38.4558447, "lon": -121.5010079, "direction": 68.0, "operator": "Unknown", "brand": "Unknown" }, "geometry": { "type": "Point", "coordinates": [ -121.5010079, 38.4558447 ] } },
{ "type": "Feature", "properties": { "id": 14060748902, "lat": 38.5694223, "lon": -121.4666437, "direction": 0.0, "operator": "Unknown", "brand": "Unknown" }, "geometry": { "type": "Point", "coordinates": [ -121.4666437, 38.5694223 ] } },
{ "type": "Feature", "properties": { "id": 14067142002, "lat": 38.5957264, "lon": -121.3878011, "direction": 166.0, "operator": "Unknown", "brand": "Unknown" }, "geometry": { "type": "Point", "coordinates": [ -121.3878011, 38.5957264 ] } },
{ "type": "Feature", "properties": { "id": 14068878103, "lat": 38.5956705, "lon": -121.3827406, "direction": 74.0, "operator": "Unknown", "brand": "Unknown" }, "geometry": { "type": "Point", "coordinates": [ -121.3827406, 38.5956705 ] } },
{ "type": "Feature", "properties": { "id": 14069294012, "lat": 38.5997727, "lon": -121.4013064, "direction": 70.0, "operator": "Unknown", "brand": "Unknown" }, "geometry": { "type": "Point", "coordinates": [ -121.4013064, 38.5997727 ] } },
{ "type": "Feature", "properties": { "id": 14069294013, "lat": 38.6000164, "lon": -121.4017255, "direction": 250.0, "operator": "Unknown", "brand": "Unknown" }, "geometry": { "type": "Point", "coordinates": [ -121.4017255, 38.6000164 ] } },
{ "type": "Feature", "properties": { "id": 14069300802, "lat": 38.4309269, "lon": -121.3008265, "direction": 181.0, "operator": "Unknown", "brand": "Unknown" }, "geometry": { "type": "Point", "coordinates": [ -121.3008265, 38.4309269 ] } },
{ "type": "Feature", "properties": { "id": 14069344113, "lat": 38.6034231, "lon": -121.4154751, "direction": 140.0, "operator": "Unknown", "brand": "Unknown" }, "geometry": { "type": "Point", "coordinates": [ -121.4154751, 38.6034231 ] } },
{ "type": "Feature", "properties": { "id": 14069344114, "lat": 38.6037348, "lon": -121.41521, "direction": 330.0, "operator": "Unknown", "brand": "Unknown" }, "geometry": { "type": "Point", "coordinates": [ -121.41521, 38.6037348 ] } },
{ "type": "Feature", "properties": { "id": 14071491529, "lat": 38.6032614, "lon": -121.3932597, "direction": 105.0, "operator": "Kaiser Permanente", "brand": "Unknown" }, "geometry": { "type": "Point", "coordinates": [ -121.3932597, 38.6032614 ] } },
{ "type": "Feature", "properties": { "id": 14071491530, "lat": 38.6029675, "lon": -121.392375, "direction": 150.0, "operator": "Kaiser Permanente", "brand": "Unknown" }, "geometry": { "type": "Point", "coordinates": [ -121.392375, 38.6029675 ] } },
{ "type": "Feature", "properties": { "id": 14071491531, "lat": 38.6015418, "lon": -121.3917716, "direction": 75.0, "operator": "Kaiser Permanente", "brand": "Unknown" }, "geometry": { "type": "Point", "coordinates": [ -121.3917716, 38.6015418 ] } },
{ "type": "Feature", "properties": { "id": 14071580272, "lat": 38.4706764, "lon": -121.4198409, "direction": 205.0, "operator": "Kaiser Permanente", "brand": "Unknown" }, "geometry": { "type": "Point", "coordinates": [ -121.4198409, 38.4706764 ] } },
{ "type": "Feature", "properties": { "id": 14071580273, "lat": 38.4689827, "lon": -121.4220327, "direction": 325.0, "operator": "Kaiser Permanente", "brand": "Unknown" }, "geometry": { "type": "Point", "coordinates": [ -121.4220327, 38.4689827 ] } },
{ "type": "Feature", "properties": { "id": 14071580274, "lat": 38.4691177, "lon": -121.4222723, "direction": 145.0, "operator": "Kaiser Permanente", "brand": "Unknown" }, "geometry": { "type": "Point", "coordinates": [ -121.4222723, 38.4691177 ] } },
{ "type": "Feature", "properties": { "id": 14071580275, "lat": 38.4693404, "lon": -121.4267905, "direction": 80.0, "operator": "Kaiser Permanente", "brand": "Unknown" }, "geometry": { "type": "Point", "coordinates": [ -121.4267905, 38.4693404 ] } },
{ "type": "Feature", "properties": { "id": 14071580276, "lat": 38.4693429, "lon": -121.4265612, "direction": 285.0, "operator": "Kaiser Permanente", "brand": "Unknown" }, "geometry": { "type": "Point", "coordinates": [ -121.4265612, 38.4693429 ] } },
{ "type": "Feature", "properties": { "id": 14071580277, "lat": 38.4710753, "lon": -121.4238045, "direction": 340.0, "operator": "Kaiser Permanente", "brand": "Unknown" }, "geometry": { "type": "Point", "coordinates": [ -121.4238045, 38.4710753 ] } },
{ "type": "Feature", "properties": { "id": 14071584602, "lat": 38.4719565, "lon": -121.4238989, "direction": 90.0, "operator": "Unknown", "brand": "Unknown" }, "geometry": { "type": "Point", "coordinates": [ -121.4238989, 38.4719565 ] } },
{ "type": "Feature", "properties": { "id": 14071584603, "lat": 38.4724025, "lon": -121.4232729, "direction": 170.0, "operator": "Unknown", "brand": "Unknown" }, "geometry": { "type": "Point", "coordinates": [ -121.4232729, 38.4724025 ] } },
{ "type": "Feature", "properties": { "id": 14071584604, "lat": 38.4723794, "lon": -121.4247225, "direction": 195.0, "operator": "Unknown", "brand": "Unknown" }, "geometry": { "type": "Point", "coordinates": [ -121.4247225, 38.4723794 ] } },
{ "type": "Feature", "properties": { "id": 14072505601, "lat": 38.4019245, "lon": -121.3913371, "direction": 337.0, "operator": "Unknown", "brand": "Unknown" }, "geometry": { "type": "Point", "coordinates": [ -121.3913371, 38.4019245 ] } },
{ "type": "Feature", "properties": { "id": 14074033796, "lat": 38.4339481, "lon": -121.4443662, "direction": 70.0, "operator": "Unknown", "brand": "Unknown" }, "geometry": { "type": "Point", "coordinates": [ -121.4443662, 38.4339481 ] } },
{ "type": "Feature", "properties": { "id": 14074051610, "lat": 38.4063835, "lon": -121.3873452, "direction": 325.0, "operator": "Unknown", "brand": "Unknown" }, "geometry": { "type": "Point", "coordinates": [ -121.3873452, 38.4063835 ] } },
{ "type": "Feature", "properties": { "id": 14074059602, "lat": 38.378937, "lon": -121.4462306, "direction": 40.0, "operator": "Unknown", "brand": "Unknown" }, "geometry": { "type": "Point", "coordinates": [ -121.4462306, 38.378937 ] } },
{ "type": "Feature", "properties": { "id": 14075830118, "lat": 38.4307836, "lon": -121.4176229, "direction": 345.0, "operator": "Unknown", "brand": "Unknown" }, "geometry": { "type": "Point", "coordinates": [ -121.4176229, 38.4307836 ] } },
{ "type": "Feature", "properties": { "id": 14075882311, "lat": 38.430689, "lon": -121.4194302, "direction": 260.0, "operator": "Unknown", "brand": "Unknown" }, "geometry": { "type": "Point", "coordinates": [ -121.4194302, 38.430689 ] } },
{ "type": "Feature", "properties": { "id": 14075951401, "lat": 38.6997149, "lon": -121.1929907, "direction": 253.0, "operator": "Unknown", "brand": "Unknown" }, "geometry": { "type": "Point", "coordinates": [ -121.1929907, 38.6997149 ] } },
{ "type": "Feature", "properties": { "id": 14076980701, "lat": 38.6787173, "lon": -121.2623145, "direction": 247.0, "operator": "Unknown", "brand": "Unknown" }, "geometry": { "type": "Point", "coordinates": [ -121.2623145, 38.6787173 ] } },
{ "type": "Feature", "properties": { "id": 14077721802, "lat": 38.4378524, "lon": -121.4170222, "direction": 44.0, "operator": "Unknown", "brand": "Unknown" }, "geometry": { "type": "Point", "coordinates": [ -121.4170222, 38.4378524 ] } },
{ "type": "Feature", "properties": { "id": 14077722002, "lat": 38.4378706, "lon": -121.3974648, "direction": 45.0, "operator": "Unknown", "brand": "Unknown" }, "geometry": { "type": "Point", "coordinates": [ -121.3974648, 38.4378706 ] } },
{ "type": "Feature", "properties": { "id": 14077726301, "lat": 38.4378903, "lon": -121.3922525, "direction": 45.0, "operator": "Unknown", "brand": "Unknown" }, "geometry": { "type": "Point", "coordinates": [ -121.3922525, 38.4378903 ] } },
{ "type": "Feature", "properties": { "id": 14077844301, "lat": 38.5574703, "lon": -121.1960727, "direction": 278.0, "operator": "Unknown", "brand": "Unknown" }, "geometry": { "type": "Point", "coordinates": [ -121.1960727, 38.5574703 ] } },
{ "type": "Feature", "properties": { "id": 14078008501, "lat": 38.4234518, "lon": -121.3344954, "direction": 78.0, "operator": "Unknown", "brand": "Unknown" }, "geometry": { "type": "Point", "coordinates": [ -121.3344954, 38.4234518 ] } }
]
}
