{
"type": "FeatureCollection",
"name": "sensitive_sites",
"crs": { "type": "name", "properties": { "name": "urn:ogc:def:crs:OGC:1.3:CRS84" } },
"features": [
{ "type": "Feature", "properties": { "id": 358760840, "name": "Alpha Technology Middle School", "category": "school", "lat": 38.7315684, "lon": -121.4663438, "source": "OSM_Tier_2" }, "geometry": { "type": "Point", "coordinates": [ -121.4663438, 38.7315684 ] } },
{ "type": "Feature", "properties": { "id": 358760935, "name": "American Legion High School", "category": "school", "lat": 38.5479617, "lon": -121.4641211, "source": "OSM_Tier_2" }, "geometry": { "type": "Point", "coordinates": [ -121.4641211, 38.5479617 ] } },
{ "type": "Feature", "properties": { "id": 358761079, "name": "Arcohe Elementary School", "category": "school", "lat": 38.2954697, "lon": -121.2418918, "source": "OSM_Tier_2" }, "geometry": { "type": "Point", "coordinates": [ -121.2418918, 38.2954697 ] } },
{ "type": "Feature", "properties": { "id": 358761111, "name": "Arlington Heights Elementary School", "category": "school", "lat": 38.6865697, "lon": -121.3138397, "source": "OSM_Tier_2" }, "geometry": { "type": "Point", "coordinates": [ -121.3138397, 38.6865697 ] } },
{ "type": "Feature", "properties": { "id": 358761219, "name": "D W Babcook Elementary School", "category": "school", "lat": 38.6093491, "lon": -121.4249535, "source": "OSM_Tier_2" }, "geometry": { "type": "Point", "coordinates": [ -121.4249535, 38.6093491 ] } },
{ "type": "Feature", "properties": { "id": 358761236, "name": "Fern Bacon Middle School", "category": "school", "lat": 38.5037961, "lon": -121.458843, "source": "OSM_Tier_2" }, "geometry": { "type": "Point", "coordinates": [ -121.458843, 38.5037961 ] } },
{ "type": "Feature", "properties": { "id": 358761461, "name": "John Barrett Middle School", "category": "school", "lat": 38.6429598, "lon": -121.3135618, "source": "OSM_Tier_2" }, "geometry": { "type": "Point", "coordinates": [ -121.3135618, 38.6429598 ] } },
{ "type": "Feature", "properties": { "id": 358761487, "name": "Bates Elementary School", "category": "school", "lat": 38.3304677, "lon": -121.5649548, "source": "OSM_Tier_2" }, "geometry": { "type": "Point", "coordinates": [ -121.5649548, 38.3304677 ] } },
{ "type": "Feature", "properties": { "id": 358761982, "name": "Christian Brothers High School", "category": "school", "lat": 38.5357397, "lon": -121.4630098, "source": "OSM_Tier_2" }, "geometry": { "type": "Point", "coordinates": [ -121.4630098, 38.5357397 ] } },
{ "type": "Feature", "properties": { "id": 358762329, "name": "Bowling Green Charter Chacon Language & Science Academy", "category": "school", "lat": 38.5018516, "lon": -121.4593985, "source": "OSM_Tier_2" }, "geometry": { "type": "Point", "coordinates": [ -121.4593985, 38.5018516 ] } },
{ "type": "Feature", "properties": { "id": 358762385, "name": "Sam Brannan Middle School", "category": "school", "lat": 38.5274065, "lon": -121.5160667, "source": "OSM_Tier_2" }, "geometry": { "type": "Point", "coordinates": [ -121.5160667, 38.5274065 ] } },
{ "type": "Feature", "properties": { "id": 358762968, "name": "Cameron Ranch Elementary School", "category": "school", "lat": 38.643793, "lon": -121.332729, "source": "OSM_Tier_2" }, "geometry": { "type": "Point", "coordinates": [ -121.332729, 38.643793 ] } },
{ "type": "Feature", "properties": { "id": 358762982, "name": "Campos Verdes Adult Education Center", "category": "school", "lat": 38.6776809, "lon": -121.3774524, "source": "OSM_Tier_2" }, "geometry": { "type": "Point", "coordinates": [ -121.3774524, 38.6776809 ] } },
{ "type": "Feature", "properties": { "id": 358763121, "name": "Carmichael Elementary School", "category": "school", "lat": 38.6346266, "lon": -121.3230064, "source": "OSM_Tier_2" }, "geometry": { "type": "Point", "coordinates": [ -121.3230064, 38.6346266 ] } },
{ "type": "Feature", "properties": { "id": 358763144, "name": "Carson Creek Junior Senior High School", "category": "school", "lat": 38.5524069, "lon": -121.134668, "source": "OSM_Tier_2" }, "geometry": { "type": "Point", "coordinates": [ -121.134668, 38.5524069 ] } },
{ "type": "Feature", "properties": { "id": 358763376, "name": "Thomas W Coleman Elementary School", "category": "school", "lat": 38.685181, "lon": -121.2305041, "source": "OSM_Tier_2" }, "geometry": { "type": "Point", "coordinates": [ -121.2305041, 38.685181 ] } },
{ "type": "Feature", "properties": { "id": 358763597, "name": "Winston Churchill Middle School", "category": "school", "lat": 38.6268489, "lon": -121.3513405, "source": "OSM_Tier_2" }, "geometry": { "type": "Point", "coordinates": [ -121.3513405, 38.6268489 ] } },
{ "type": "Feature", "properties": { "id": 358764105, "name": "Cordova Villa Elementary School", "category": "school", "lat": 38.5796281, "lon": -121.2985612, "source": "OSM_Tier_2" }, "geometry": { "type": "Point", "coordinates": [ -121.2985612, 38.5796281 ] } },
{ "type": "Feature", "properties": { "id": 358764159, "name": "Cosumnes River Elementary School", "category": "school", "lat": 38.4931921, "lon": -121.1570814, "source": "OSM_Tier_2" }, "geometry": { "type": "Point", "coordinates": [ -121.1570814, 38.4931921 ] } },
{ "type": "Feature", "properties": { "id": 358764228, "name": "Coyle Avenue Elementary School", "category": "school", "lat": 38.6674035, "lon": -121.3166175, "source": "OSM_Tier_2" }, "geometry": { "type": "Point", "coordinates": [ -121.3166175, 38.6674035 ] } },
{ "type": "Feature", "properties": { "id": 358764298, "name": "Katherine Johnson Middle School", "category": "school", "lat": 38.6127213, "lon": -121.394546, "source": "OSM_Tier_2" }, "geometry": { "type": "Point", "coordinates": [ -121.394546, 38.6127213 ] } },
{ "type": "Feature", "properties": { "id": 358764612, "name": "Del Dayo Elementary School", "category": "school", "lat": 38.5885166, "lon": -121.337728, "source": "OSM_Tier_2" }, "geometry": { "type": "Point", "coordinates": [ -121.337728, 38.5885166 ] } },
{ "type": "Feature", "properties": { "id": 358764739, "name": "C W Dillard Elementary School", "category": "school", "lat": 38.4040777, "lon": -121.2505036, "source": "OSM_Tier_2" }, "geometry": { "type": "Point", "coordinates": [ -121.2505036, 38.4040777 ] } },
{ "type": "Feature", "properties": { "id": 358764860, "name": "William Lee College Prep", "category": "school", "lat": 38.5440729, "lon": -121.4527318, "source": "OSM_Tier_2" }, "geometry": { "type": "Point", "coordinates": [ -121.4527318, 38.5440729 ] } },
{ "type": "Feature", "properties": { "id": 358765464, "name": "Encina High School", "category": "school", "lat": 38.5932385, "lon": -121.4091197, "source": "OSM_Tier_2" }, "geometry": { "type": "Point", "coordinates": [ -121.4091197, 38.5932385 ] } },
{ "type": "Feature", "properties": { "id": 358765528, "name": "O. W. Erlewine Elementary School", "category": "school", "lat": 38.567406, "lon": -121.3602295, "source": "OSM_Tier_2" }, "geometry": { "type": "Point", "coordinates": [ -121.3602295, 38.567406 ] } },
{ "type": "Feature", "properties": { "id": 358765670, "name": "Fairbanks Elementary School", "category": "school", "lat": 38.6265709, "lon": -121.4616212, "source": "OSM_Tier_2" }, "geometry": { "type": "Point", "coordinates": [ -121.4616212, 38.6265709 ] } },
{ "type": "Feature", "properties": { "id": 358765724, "name": "Fairsite Elementary School", "category": "school", "lat": 38.2507485, "lon": -121.2991152, "source": "OSM_Tier_2" }, "geometry": { "type": "Point", "coordinates": [ -121.2991152, 38.2507485 ] } },
{ "type": "Feature", "properties": { "id": 358765954, "name": "Florin Elementary School", "category": "school", "lat": 38.4924078, "lon": -121.404397, "source": "OSM_Tier_2" }, "geometry": { "type": "Point", "coordinates": [ -121.404397, 38.4924078 ] } },
{ "type": "Feature", "properties": { "id": 358765985, "name": "Foothill Farms Junior High School", "category": "school", "lat": 38.6757365, "lon": -121.3480072, "source": "OSM_Tier_2" }, "geometry": { "type": "Point", "coordinates": [ -121.3480072, 38.6757365 ] } },
{ "type": "Feature", "properties": { "id": 358765988, "name": "Foothill High School", "category": "school", "lat": 38.6796253, "lon": -121.3491184, "source": "OSM_Tier_2" }, "geometry": { "type": "Point", "coordinates": [ -121.3491184, 38.6796253 ] } },
{ "type": "Feature", "properties": { "id": 358766196, "name": "Capitol Collegiate Academy", "category": "school", "lat": 38.4807448, "lon": -121.4926932, "source": "OSM_Tier_2" }, "geometry": { "type": "Point", "coordinates": [ -121.4926932, 38.4807448 ] } },
{ "type": "Feature", "properties": { "id": 358766315, "name": "Frontier Elementary School", "category": "school", "lat": 38.6835141, "lon": -121.3430071, "source": "OSM_Tier_2" }, "geometry": { "type": "Point", "coordinates": [ -121.3430071, 38.6835141 ] } },
{ "type": "Feature", "properties": { "id": 358766331, "name": "Frederick C Joyce Elementary School", "category": "school", "lat": 38.6765699, "lon": -121.3816192, "source": "OSM_Tier_2" }, "geometry": { "type": "Point", "coordinates": [ -121.3816192, 38.6765699 ] } },
{ "type": "Feature", "properties": { "id": 358766587, "name": "Gloria Dei Lutheran Elementary School", "category": "school", "lat": 38.5154626, "lon": -121.4468982, "source": "OSM_Tier_2" }, "geometry": { "type": "Point", "coordinates": [ -121.4468982, 38.5154626 ] } },
{ "type": "Feature", "properties": { "id": 358766802, "name": "Grant Union High School", "category": "school", "lat": 38.6357374, "lon": -121.4349538, "source": "OSM_Tier_2" }, "geometry": { "type": "Point", "coordinates": [ -121.4349538, 38.6357374 ] } },
{ "type": "Feature", "properties": { "id": 358766924, "name": "Greer Elementary School", "category": "school", "lat": 38.5893497, "lon": -121.4085641, "source": "OSM_Tier_2" }, "geometry": { "type": "Point", "coordinates": [ -121.4085641, 38.5893497 ] } },
{ "type": "Feature", "properties": { "id": 358767042, "name": "Hagginwood Elementary School", "category": "school", "lat": 38.6224212, "lon": -121.4334515, "source": "OSM_Tier_2" }, "geometry": { "type": "Point", "coordinates": [ -121.4334515, 38.6224212 ] } },
{ "type": "Feature", "properties": { "id": 358767375, "name": "La Entrada Continuation High School", "category": "school", "lat": 38.6635147, "lon": -121.3405069, "source": "OSM_Tier_2" }, "geometry": { "type": "Point", "coordinates": [ -121.3405069, 38.6635147 ] } },
{ "type": "Feature", "properties": { "id": 358767496, "name": "Highlands High School", "category": "school", "lat": 38.6879585, "lon": -121.35884, "source": "OSM_Tier_2" }, "geometry": { "type": "Point", "coordinates": [ -121.35884, 38.6879585 ] } },
{ "type": "Feature", "properties": { "id": 358767506, "name": "Highway Patrol Academy", "category": "college", "lat": 38.4804634, "lon": -121.4732876, "source": "OSM_Tier_2" }, "geometry": { "type": "Point", "coordinates": [ -121.4732876, 38.4804634 ] } },
{ "type": "Feature", "properties": { "id": 358767537, "name": "Hillsdale Elementary School", "category": "school", "lat": 38.6860141, "lon": -121.35634, "source": "OSM_Tier_2" }, "geometry": { "type": "Point", "coordinates": [ -121.35634, 38.6860141 ] } },
{ "type": "Feature", "properties": { "id": 358767591, "name": "Hiram W Johnson High School", "category": "school", "lat": 38.5407397, "lon": -121.4252311, "source": "OSM_Tier_2" }, "geometry": { "type": "Point", "coordinates": [ -121.4252311, 38.5407397 ] } },
{ "type": "Feature", "properties": { "id": 358767677, "name": "Oliver Wendall Holmes Elementary School", "category": "school", "lat": 38.7004582, "lon": -121.37023, "source": "OSM_Tier_2" }, "geometry": { "type": "Point", "coordinates": [ -121.37023, 38.7004582 ] } },
{ "type": "Feature", "properties": { "id": 358767681, "name": "John Holst Elementary School", "category": "school", "lat": 38.6471263, "lon": -121.2880055, "source": "OSM_Tier_2" }, "geometry": { "type": "Point", "coordinates": [ -121.2880055, 38.6471263 ] } },
{ "type": "Feature", "properties": { "id": 358767732, "name": "Holy Spirit School", "category": "school", "lat": 38.5404617, "lon": -121.5052332, "source": "OSM_Tier_2" }, "geometry": { "type": "Point", "coordinates": [ -121.5052332, 38.5404617 ] } },
{ "type": "Feature", "properties": { "id": 358768367, "name": "Jesuit High School", "category": "school", "lat": 38.5862944, "lon": -121.3510626, "source": "OSM_Tier_2" }, "geometry": { "type": "Point", "coordinates": [ -121.3510626, 38.5862944 ] } },
{ "type": "Feature", "properties": { "id": 358768508, "name": "Theodore Judah Elementary School", "category": "school", "lat": 38.6779591, "lon": -121.163558, "source": "OSM_Tier_2" }, "geometry": { "type": "Point", "coordinates": [ -121.163558, 38.6779591 ] } },
{ "type": "Feature", "properties": { "id": 358768759, "name": "Kingswood Elementary School", "category": "school", "lat": 38.6699035, "lon": -121.2774498, "source": "OSM_Tier_2" }, "geometry": { "type": "Point", "coordinates": [ -121.2774498, 38.6699035 ] } },
{ "type": "Feature", "properties": { "id": 358768781, "name": "Mather Youth Academy", "category": "school", "lat": 38.5440736, "lon": -121.2885608, "source": "OSM_Tier_2" }, "geometry": { "type": "Point", "coordinates": [ -121.2885608, 38.5440736 ] } },
{ "type": "Feature", "properties": { "id": 358768814, "name": "Kohler Elementary School", "category": "school", "lat": 38.6790698, "lon": -121.365785, "source": "OSM_Tier_2" }, "geometry": { "type": "Point", "coordinates": [ -121.365785, 38.6790698 ] } },
{ "type": "Feature", "properties": { "id": 358769078, "name": "Larchmont Elementary School", "category": "school", "lat": 38.6843474, "lon": -121.3718967, "source": "OSM_Tier_2" }, "geometry": { "type": "Point", "coordinates": [ -121.3718967, 38.6843474 ] } },
{ "type": "Feature", "properties": { "id": 358769147, "name": "Laurel Ruff Center", "category": "school", "lat": 38.6632369, "lon": -121.3368957, "source": "OSM_Tier_2" }, "geometry": { "type": "Point", "coordinates": [ -121.3368957, 38.6632369 ] } },
{ "type": "Feature", "properties": { "id": 358769293, "name": "Lichen Elementary School", "category": "school", "lat": 38.7184104, "lon": -121.3062236, "source": "OSM_Tier_2" }, "geometry": { "type": "Point", "coordinates": [ -121.3062236, 38.7184104 ] } },
{ "type": "Feature", "properties": { "id": 358769956, "name": "Charles E Mack Elementary School", "category": "school", "lat": 38.481019, "lon": -121.4455091, "source": "OSM_Tier_2" }, "geometry": { "type": "Point", "coordinates": [ -121.4455091, 38.481019 ] } },
{ "type": "Feature", "properties": { "id": 358770047, "name": "Main Avenue Elementary School", "category": "school", "lat": 38.6540703, "lon": -121.4327316, "source": "OSM_Tier_2" }, "geometry": { "type": "Point", "coordinates": [ -121.4327316, 38.6540703 ] } },
{ "type": "Feature", "properties": { "id": 358770196, "name": "Mariposa Avenue Elementary School", "category": "school", "lat": 38.7107357, "lon": -121.2805055, "source": "OSM_Tier_2" }, "geometry": { "type": "Point", "coordinates": [ -121.2805055, 38.7107357 ] } },
{ "type": "Feature", "properties": { "id": 358770208, "name": "Mark Twain Elementary School", "category": "school", "lat": 38.5305296, "lon": -121.4394665, "source": "OSM_Tier_2" }, "geometry": { "type": "Point", "coordinates": [ -121.4394665, 38.5305296 ] } },
{ "type": "Feature", "properties": { "id": 358770328, "name": "Mather Heights Elementary School", "category": "school", "lat": 38.5440736, "lon": -121.2774494, "source": "OSM_Tier_2" }, "geometry": { "type": "Point", "coordinates": [ -121.2774494, 38.5440736 ] } },
{ "type": "Feature", "properties": { "id": 358770400, "name": "Michael J Castori Elementary School", "category": "school", "lat": 38.6332374, "lon": -121.4249536, "source": "OSM_Tier_2" }, "geometry": { "type": "Point", "coordinates": [ -121.4249536, 38.6332374 ] } },
{ "type": "Feature", "properties": { "id": 358770442, "name": "McGeorge School of Law", "category": "school", "lat": 38.548795, "lon": -121.4716213, "source": "OSM_Tier_2" }, "geometry": { "type": "Point", "coordinates": [ -121.4716213, 38.548795 ] } },
{ "type": "Feature", "properties": { "id": 358770860, "name": "Mission Avenue Elementary School", "category": "school", "lat": 38.6185158, "lon": -121.355785, "source": "OSM_Tier_2" }, "geometry": { "type": "Point", "coordinates": [ -121.355785, 38.6185158 ] } },
{ "type": "Feature", "properties": { "id": 358771461, "name": "Natomas Pacific Pathways Prep", "category": "school", "lat": 38.6551127, "lon": -121.5460757, "source": "OSM_Tier_2" }, "geometry": { "type": "Point", "coordinates": [ -121.5460757, 38.6551127 ] } },
{ "type": "Feature", "properties": { "id": 358771554, "name": "Merryhill School Midtown", "category": "school", "lat": 38.560739, "lon": -121.476899, "source": "OSM_Tier_2" }, "geometry": { "type": "Point", "coordinates": [ -121.476899, 38.560739 ] } },
{ "type": "Feature", "properties": { "id": 358771629, "name": "Las Palmas Elementary - West Campus", "category": "school", "lat": 38.6189976, "lon": -121.4555309, "source": "OSM_Tier_2" }, "geometry": { "type": "Point", "coordinates": [ -121.4555309, 38.6189976 ] } },
{ "type": "Feature", "properties": { "id": 358771750, "name": "Northridge Elementary School", "category": "school", "lat": 38.6604594, "lon": -121.2580048, "source": "OSM_Tier_2" }, "geometry": { "type": "Point", "coordinates": [ -121.2580048, 38.6604594 ] } },
{ "type": "Feature", "properties": { "id": 358771784, "name": "Saint John's Notre Dame School", "category": "school", "lat": 38.6824034, "lon": -121.1507798, "source": "OSM_Tier_2" }, "geometry": { "type": "Point", "coordinates": [ -121.1507798, 38.6824034 ] } },
{ "type": "Feature", "properties": { "id": 358771824, "name": "Sunrise Tech Center & Creekside Adult Center", "category": "school", "lat": 38.6993472, "lon": -121.2710608, "source": "OSM_Tier_2" }, "geometry": { "type": "Point", "coordinates": [ -121.2710608, 38.6993472 ] } },
{ "type": "Feature", "properties": { "id": 358771885, "name": "Oak Ridge Elementary School", "category": "school", "lat": 38.5340731, "lon": -121.4635654, "source": "OSM_Tier_2" }, "geometry": { "type": "Point", "coordinates": [ -121.4635654, 38.5340731 ] } },
{ "type": "Feature", "properties": { "id": 358771938, "name": "Oakview Community Elementary School", "category": "school", "lat": 38.6979585, "lon": -121.230782, "source": "OSM_Tier_2" }, "geometry": { "type": "Point", "coordinates": [ -121.230782, 38.6979585 ] } },
{ "type": "Feature", "properties": { "id": 358772109, "name": "Orangevale Open Elementary School", "category": "school", "lat": 38.685181, "lon": -121.215226, "source": "OSM_Tier_2" }, "geometry": { "type": "Point", "coordinates": [ -121.215226, 38.685181 ] } },
{ "type": "Feature", "properties": { "id": 358772303, "name": "Pacific Elementary School", "category": "school", "lat": 38.5135181, "lon": -121.4593985, "source": "OSM_Tier_2" }, "geometry": { "type": "Point", "coordinates": [ -121.4593985, 38.5135181 ] } },
{ "type": "Feature", "properties": { "id": 358772330, "name": "River School", "category": "school", "lat": 38.6743479, "lon": -121.1952255, "source": "OSM_Tier_2" }, "geometry": { "type": "Point", "coordinates": [ -121.1952255, 38.6743479 ] } },
{ "type": "Feature", "properties": { "id": 358772462, "name": "Pasadena Avenue Elementary School", "category": "school", "lat": 38.637682, "lon": -121.3630074, "source": "OSM_Tier_2" }, "geometry": { "type": "Point", "coordinates": [ -121.3630074, 38.637682 ] } },
{ "type": "Feature", "properties": { "id": 358772465, "name": "Louis Pasteur Fundamental Middle School", "category": "school", "lat": 38.6937919, "lon": -121.2224484, "source": "OSM_Tier_2" }, "geometry": { "type": "Point", "coordinates": [ -121.2224484, 38.6937919 ] } },
{ "type": "Feature", "properties": { "id": 358772585, "name": "Pershing Elementary School", "category": "school", "lat": 38.6699036, "lon": -121.2202261, "source": "OSM_Tier_2" }, "geometry": { "type": "Point", "coordinates": [ -121.2202261, 38.6699036 ] } },
{ "type": "Feature", "properties": { "id": 358772629, "name": "Ethel Phillips Elementary School", "category": "school", "lat": 38.5332397, "lon": -121.4766214, "source": "OSM_Tier_2" }, "geometry": { "type": "Point", "coordinates": [ -121.4766214, 38.5332397 ] } },
{ "type": "Feature", "properties": { "id": 358772860, "name": "Pleasant Grove Elementary School", "category": "school", "lat": 38.4304656, "lon": -121.3130053, "source": "OSM_Tier_2" }, "geometry": { "type": "Point", "coordinates": [ -121.3130053, 38.4304656 ] } },
{ "type": "Feature", "properties": { "id": 358773204, "name": "Rancho Cordova Elementary School", "category": "school", "lat": 38.5999054, "lon": -121.2957834, "source": "OSM_Tier_2" }, "geometry": { "type": "Point", "coordinates": [ -121.2957834, 38.5999054 ] } },
{ "type": "Feature", "properties": { "id": 358773656, "name": "Orangevale Open K-8", "category": "school", "lat": 38.6687925, "lon": -121.234115, "source": "OSM_Tier_2" }, "geometry": { "type": "Point", "coordinates": [ -121.234115, 38.6687925 ] } },
{ "type": "Feature", "properties": { "id": 358774056, "name": "Sacred Heart Parish School", "category": "school", "lat": 38.5720117, "lon": -121.4545451, "source": "OSM_Tier_2" }, "geometry": { "type": "Point", "coordinates": [ -121.4545451, 38.5720117 ] } },
{ "type": "Feature", "properties": { "id": 358774121, "name": "Saint Charles Borromeo School", "category": "school", "lat": 38.4831273, "lon": -121.4450996, "source": "OSM_Tier_2" }, "geometry": { "type": "Point", "coordinates": [ -121.4450996, 38.4831273 ] } },
{ "type": "Feature", "properties": { "id": 358774198, "name": "Saint John the Evangelist School", "category": "school", "lat": 38.6435152, "lon": -121.3307844, "source": "OSM_Tier_2" }, "geometry": { "type": "Point", "coordinates": [ -121.3307844, 38.6435152 ] } },
{ "type": "Feature", "properties": { "id": 358774395, "name": "Saint Peter's Catholic School", "category": "school", "lat": 38.5187958, "lon": -121.4321756, "source": "OSM_Tier_2" }, "geometry": { "type": "Point", "coordinates": [ -121.4321756, 38.5187958 ] } },
{ "type": "Feature", "properties": { "id": 358774471, "name": "Jonas Salk Alternative Middle School", "category": "school", "lat": 38.5871276, "lon": -121.3938415, "source": "OSM_Tier_2" }, "geometry": { "type": "Point", "coordinates": [ -121.3938415, 38.5871276 ] } },
{ "type": "Feature", "properties": { "id": 358774949, "name": "Sequoia Elementary School", "category": "school", "lat": 38.5526842, "lon": -121.3630072, "source": "OSM_Tier_2" }, "geometry": { "type": "Point", "coordinates": [ -121.3630072, 38.5526842 ] } },
{ "type": "Feature", "properties": { "id": 358775239, "name": "Sierra Oaks Elementary School", "category": "school", "lat": 38.569628, "lon": -121.3941193, "source": "OSM_Tier_2" }, "geometry": { "type": "Point", "coordinates": [ -121.3941193, 38.569628 ] } },
{ "type": "Feature", "properties": { "id": 358775264, "name": "Sierra Enterprise Elementary School", "category": "school", "lat": 38.5260182, "lon": -121.361896, "source": "OSM_Tier_2" }, "geometry": { "type": "Point", "coordinates": [ -121.361896, 38.5260182 ] } },
{ "type": "Feature", "properties": { "id": 358775364, "name": "Skycrest Elementary School", "category": "school", "lat": 38.6685147, "lon": -121.2855055, "source": "OSM_Tier_2" }, "geometry": { "type": "Point", "coordinates": [ -121.2855055, 38.6685147 ] } },
{ "type": "Feature", "properties": { "id": 358775416, "name": "John D Sloat Elementary School", "category": "school", "lat": 38.4846298, "lon": -121.5002328, "source": "OSM_Tier_2" }, "geometry": { "type": "Point", "coordinates": [ -121.5002328, 38.4846298 ] } },
{ "type": "Feature", "properties": { "id": 358776145, "name": "Alethea B Smythe Elementary School", "category": "school", "lat": 38.6154621, "lon": -121.476077, "source": "OSM_Tier_2" }, "geometry": { "type": "Point", "coordinates": [ -121.476077, 38.6154621 ] } },
{ "type": "Feature", "properties": { "id": 358776380, "name": "Cyril Spinelli Elementary School", "category": "school", "lat": 38.7071246, "lon": -121.387452, "source": "OSM_Tier_2" }, "geometry": { "type": "Point", "coordinates": [ -121.387452, 38.7071246 ] } },
{ "type": "Feature", "properties": { "id": 358776528, "name": "Starr King Elementary and Middle School", "category": "school", "lat": 38.600183, "lon": -121.3518959, "source": "OSM_Tier_2" }, "geometry": { "type": "Point", "coordinates": [ -121.3518959, 38.600183 ] } },
{ "type": "Feature", "properties": { "id": 358776906, "name": "Sutterville Elementary School", "category": "school", "lat": 38.5290731, "lon": -121.5007886, "source": "OSM_Tier_2" }, "geometry": { "type": "Point", "coordinates": [ -121.5007886, 38.5290731 ] } },
{ "type": "Feature", "properties": { "id": 358777114, "name": "Taylor Street Elementary School", "category": "school", "lat": 38.6471259, "lon": -121.451621, "source": "OSM_Tier_2" }, "geometry": { "type": "Point", "coordinates": [ -121.451621, 38.6471259 ] } },
{ "type": "Feature", "properties": { "id": 358777414, "name": "Town and Country Lutheran School", "category": "school", "lat": 38.6185158, "lon": -121.3696743, "source": "OSM_Tier_2" }, "geometry": { "type": "Point", "coordinates": [ -121.3696743, 38.6185158 ] } },
{ "type": "Feature", "properties": { "id": 358777992, "name": "Valley Oaks Elementary School", "category": "school", "lat": 38.2518596, "lon": -121.310782, "source": "OSM_Tier_2" }, "geometry": { "type": "Point", "coordinates": [ -121.310782, 38.2518596 ] } },
{ "type": "Feature", "properties": { "id": 358778153, "name": "Vineland Elementary School", "category": "school", "lat": 38.6840696, "lon": -121.4188424, "source": "OSM_Tier_2" }, "geometry": { "type": "Point", "coordinates": [ -121.4188424, 38.6840696 ] } },
{ "type": "Feature", "properties": { "id": 358778274, "name": "Walnutwood High School", "category": "school", "lat": 38.6071274, "lon": -121.2793941, "source": "OSM_Tier_2" }, "geometry": { "type": "Point", "coordinates": [ -121.2793941, 38.6071274 ] } },
{ "type": "Feature", "properties": { "id": 358778682, "name": "Westside Elementary and Charter Schools", "category": "school", "lat": 38.6865694, "lon": -121.4668992, "source": "OSM_Tier_2" }, "geometry": { "type": "Point", "coordinates": [ -121.4668992, 38.6865694 ] } },
{ "type": "Feature", "properties": { "id": 358779147, "name": "Herbert Winterstein Adult Center", "category": "school", "lat": 38.5815722, "lon": -121.3910636, "source": "OSM_Tier_2" }, "geometry": { "type": "Point", "coordinates": [ -121.3910636, 38.5815722 ] } },
{ "type": "Feature", "properties": { "id": 358779194, "name": "Will C. Wood Middle School", "category": "school", "lat": 38.5168514, "lon": -121.4299534, "source": "OSM_Tier_2" }, "geometry": { "type": "Point", "coordinates": [ -121.4299534, 38.5168514 ] } },
{ "type": "Feature", "properties": { "id": 358835559, "name": "Faith Legacy Church", "category": "place_of_worship", "lat": 38.6282377, "lon": -121.381619, "source": "OSM_Tier_2" }, "geometry": { "type": "Point", "coordinates": [ -121.381619, 38.6282377 ] } },
{ "type": "Feature", "properties": { "id": 358835562, "name": "Calvary Christian Center", "category": "place_of_worship", "lat": 38.6562925, "lon": -121.5263452, "source": "OSM_Tier_2" }, "geometry": { "type": "Point", "coordinates": [ -121.5263452, 38.6562925 ] } },
{ "type": "Feature", "properties": { "id": 358835566, "name": "Del Paso Church of God", "category": "place_of_worship", "lat": 38.6414707, "lon": -121.4312923, "source": "OSM_Tier_2" }, "geometry": { "type": "Point", "coordinates": [ -121.4312923, 38.6414707 ] } },
{ "type": "Feature", "properties": { "id": 358835568, "name": "Del Paso General Baptist Church", "category": "place_of_worship", "lat": 38.6579591, "lon": -121.4352317, "source": "OSM_Tier_2" }, "geometry": { "type": "Point", "coordinates": [ -121.4352317, 38.6579591 ] } },
{ "type": "Feature", "properties": { "id": 358835569, "name": "Del Paso Heights Elementary School", "category": "school", "lat": 38.6343484, "lon": -121.4532876, "source": "OSM_Tier_2" }, "geometry": { "type": "Point", "coordinates": [ -121.4532876, 38.6343484 ] } },
{ "type": "Feature", "properties": { "id": 358835582, "name": "Faith Temple Church of God in Christ", "category": "place_of_worship", "lat": 38.637404, "lon": -121.4552322, "source": "OSM_Tier_2" }, "geometry": { "type": "Point", "coordinates": [ -121.4552322, 38.637404 ] } },
{ "type": "Feature", "properties": { "id": 358835583, "name": "First Samoan Assembly of God Church", "category": "place_of_worship", "lat": 38.6301819, "lon": -121.4527321, "source": "OSM_Tier_2" }, "geometry": { "type": "Point", "coordinates": [ -121.4527321, 38.6301819 ] } },
{ "type": "Feature", "properties": { "id": 358835585, "name": "Greater Grace Community Apostolic Church", "category": "place_of_worship", "lat": 38.6432371, "lon": -121.4577322, "source": "OSM_Tier_2" }, "geometry": { "type": "Point", "coordinates": [ -121.4577322, 38.6432371 ] } },
{ "type": "Feature", "properties": { "id": 358835589, "name": "Liberty Ministries Church of God", "category": "place_of_worship", "lat": 38.6557368, "lon": -121.4413429, "source": "OSM_Tier_2" }, "geometry": { "type": "Point", "coordinates": [ -121.4413429, 38.6557368 ] } },
{ "type": "Feature", "properties": { "id": 358835593, "name": "Mullen Temple Apostolic Church", "category": "place_of_worship", "lat": 38.6437927, "lon": -121.4427319, "source": "OSM_Tier_2" }, "geometry": { "type": "Point", "coordinates": [ -121.4427319, 38.6437927 ] } },
{ "type": "Feature", "properties": { "id": 358835595, "name": "North Highlands Bible Church", "category": "place_of_worship", "lat": 38.6732365, "lon": -121.3835637, "source": "OSM_Tier_2" }, "geometry": { "type": "Point", "coordinates": [ -121.3835637, 38.6732365 ] } },
{ "type": "Feature", "properties": { "id": 358835597, "name": "North Highlands Community Church of God in Christ", "category": "place_of_worship", "lat": 38.6543481, "lon": -121.3780079, "source": "OSM_Tier_2" }, "geometry": { "type": "Point", "coordinates": [ -121.3780079, 38.6543481 ] } },
{ "type": "Feature", "properties": { "id": 358835598, "name": "Northminster Presbyterian Church", "category": "place_of_worship", "lat": 38.6262933, "lon": -121.3880081, "source": "OSM_Tier_2" }, "geometry": { "type": "Point", "coordinates": [ -121.3880081, 38.6262933 ] } },
{ "type": "Feature", "properties": { "id": 358835605, "name": "Robla Elementary School", "category": "school", "lat": 38.6626812, "lon": -121.4463431, "source": "OSM_Tier_2" }, "geometry": { "type": "Point", "coordinates": [ -121.4463431, 38.6626812 ] } },
{ "type": "Feature", "properties": { "id": 358835609, "name": "Taylor Street Missionary Baptist Church", "category": "place_of_worship", "lat": 38.6304597, "lon": -121.4527321, "source": "OSM_Tier_2" }, "geometry": { "type": "Point", "coordinates": [ -121.4527321, 38.6304597 ] } },
{ "type": "Feature", "properties": { "id": 358835612, "name": "United in Christ Christian Foundation", "category": "place_of_worship", "lat": 38.6532369, "lon": -121.4380095, "source": "OSM_Tier_2" }, "geometry": { "type": "Point", "coordinates": [ -121.4380095, 38.6532369 ] } },
{ "type": "Feature", "properties": { "id": 358835613, "name": "Apostolic Gates of Praise Church", "category": "place_of_worship", "lat": 38.6601812, "lon": -121.4557877, "source": "OSM_Tier_2" }, "geometry": { "type": "Point", "coordinates": [ -121.4557877, 38.6601812 ] } },
{ "type": "Feature", "properties": { "id": 358835615, "name": "Arena Christian Center", "category": "place_of_worship", "lat": 38.6437926, "lon": -121.4802328, "source": "OSM_Tier_2" }, "geometry": { "type": "Point", "coordinates": [ -121.4802328, 38.6437926 ] } },
{ "type": "Feature", "properties": { "id": 358835619, "name": "Calvary Baptist Church", "category": "place_of_worship", "lat": 38.6868472, "lon": -121.429676, "source": "OSM_Tier_2" }, "geometry": { "type": "Point", "coordinates": [ -121.429676, 38.6868472 ] } },
{ "type": "Feature", "properties": { "id": 358835620, "name": "Calvary Lutheran Church", "category": "place_of_worship", "lat": 38.6896249, "lon": -121.4543989, "source": "OSM_Tier_2" }, "geometry": { "type": "Point", "coordinates": [ -121.4543989, 38.6896249 ] } },
{ "type": "Feature", "properties": { "id": 358835626, "name": "Church of Christ", "category": "place_of_worship", "lat": 38.641015, "lon": -121.4427318, "source": "OSM_Tier_2" }, "geometry": { "type": "Point", "coordinates": [ -121.4427318, 38.641015 ] } },
{ "type": "Feature", "properties": { "id": 358835627, "name": "Dayspring Ministries", "category": "place_of_worship", "lat": 38.6499036, "lon": -121.476066, "source": "OSM_Tier_2" }, "geometry": { "type": "Point", "coordinates": [ -121.476066, 38.6499036 ] } },
{ "type": "Feature", "properties": { "id": 358835630, "name": "First Apostolic Church of Rio Linda", "category": "place_of_worship", "lat": 38.6857361, "lon": -121.4382873, "source": "OSM_Tier_2" }, "geometry": { "type": "Point", "coordinates": [ -121.4382873, 38.6857361 ] } },
{ "type": "Feature", "properties": { "id": 358835631, "name": "First Baptist Church of Rio Linda", "category": "place_of_worship", "lat": 38.6949026, "lon": -121.442732, "source": "OSM_Tier_2" }, "geometry": { "type": "Point", "coordinates": [ -121.442732, 38.6949026 ] } },
{ "type": "Feature", "properties": { "id": 358835635, "name": "First Fijian Church of God", "category": "place_of_worship", "lat": 38.6826807, "lon": -121.4613435, "source": "OSM_Tier_2" }, "geometry": { "type": "Point", "coordinates": [ -121.4613435, 38.6826807 ] } },
{ "type": "Feature", "properties": { "id": 358835637, "name": "Full Gospel Community Church of Rio Linda", "category": "place_of_worship", "lat": 38.6982358, "lon": -121.4368984, "source": "OSM_Tier_2" }, "geometry": { "type": "Point", "coordinates": [ -121.4368984, 38.6982358 ] } },
{ "type": "Feature", "properties": { "id": 358835639, "name": "Full Gospel Lighthouse Fellowship Church", "category": "place_of_worship", "lat": 38.6690699, "lon": -121.4527322, "source": "OSM_Tier_2" }, "geometry": { "type": "Point", "coordinates": [ -121.4527322, 38.6690699 ] } },
{ "type": "Feature", "properties": { "id": 358835643, "name": "Mount Hermon Baptist Church", "category": "place_of_worship", "lat": 38.6399039, "lon": -121.4443985, "source": "OSM_Tier_2" }, "geometry": { "type": "Point", "coordinates": [ -121.4443985, 38.6399039 ] } },
{ "type": "Feature", "properties": { "id": 358835650, "name": "New Life Church of God", "category": "place_of_worship", "lat": 38.6912916, "lon": -121.4182868, "source": "OSM_Tier_2" }, "geometry": { "type": "Point", "coordinates": [ -121.4182868, 38.6912916 ] } },
{ "type": "Feature", "properties": { "id": 358835653, "name": "Peace Lutheran Church", "category": "place_of_worship", "lat": 38.6279597, "lon": -121.4810661, "source": "OSM_Tier_2" }, "geometry": { "type": "Point", "coordinates": [ -121.4810661, 38.6279597 ] } },
{ "type": "Feature", "properties": { "id": 358835655, "name": "Pentecostal Church of God", "category": "place_of_worship", "lat": 38.694347, "lon": -121.4482876, "source": "OSM_Tier_2" }, "geometry": { "type": "Point", "coordinates": [ -121.4482876, 38.694347 ] } },
{ "type": "Feature", "properties": { "id": 358835656, "name": "Rio Linda Community United Methodist Church", "category": "place_of_worship", "lat": 38.6912916, "lon": -121.4518988, "source": "OSM_Tier_2" }, "geometry": { "type": "Point", "coordinates": [ -121.4518988, 38.6912916 ] } },
{ "type": "Feature", "properties": { "id": 358835659, "name": "Rio Linda Junior High School", "category": "school", "lat": 38.681014, "lon": -121.442176, "source": "OSM_Tier_2" }, "geometry": { "type": "Point", "coordinates": [ -121.442176, 38.681014 ] } },
{ "type": "Feature", "properties": { "id": 358835660, "name": "Rio Linda Seventh Day Adventist Church", "category": "place_of_worship", "lat": 38.7043468, "lon": -121.4435653, "source": "OSM_Tier_2" }, "geometry": { "type": "Point", "coordinates": [ -121.4435653, 38.7043468 ] } },
{ "type": "Feature", "properties": { "id": 358835663, "name": "Shri Guru Ravidass Sabha", "category": "place_of_worship", "lat": 38.6804586, "lon": -121.429676, "source": "OSM_Tier_2" }, "geometry": { "type": "Point", "coordinates": [ -121.429676, 38.6804586 ] } },
{ "type": "Feature", "properties": { "id": 358835670, "name": "Zion All Nations Church of God in Christ", "category": "place_of_worship", "lat": 38.6329596, "lon": -121.4693991, "source": "OSM_Tier_2" }, "geometry": { "type": "Point", "coordinates": [ -121.4693991, 38.6329596 ] } },
{ "type": "Feature", "properties": { "id": 358835671, "name": "A Better Way Evangelical Church", "category": "place_of_worship", "lat": 38.6974026, "lon": -121.3821748, "source": "OSM_Tier_2" }, "geometry": { "type": "Point", "coordinates": [ -121.3821748, 38.6974026 ] } },
{ "type": "Feature", "properties": { "id": 358835672, "name": "Abundant Life Assemblies Pentecostal Church", "category": "place_of_worship", "lat": 38.6918471, "lon": -121.4105088, "source": "OSM_Tier_2" }, "geometry": { "type": "Point", "coordinates": [ -121.4105088, 38.6918471 ] } },
{ "type": "Feature", "properties": { "id": 358835674, "name": "Abundant Life Church of God in Christ", "category": "place_of_worship", "lat": 38.6329597, "lon": -121.4302315, "source": "OSM_Tier_2" }, "geometry": { "type": "Point", "coordinates": [ -121.4302315, 38.6329597 ] } },
{ "type": "Feature", "properties": { "id": 358835675, "name": "Allen Chapel African Methodist Episcopal Church", "category": "place_of_worship", "lat": 38.6368484, "lon": -121.4382872, "source": "OSM_Tier_2" }, "geometry": { "type": "Point", "coordinates": [ -121.4382872, 38.6368484 ] } },
{ "type": "Feature", "properties": { "id": 358835677, "name": "Apostolic Faith Church", "category": "place_of_worship", "lat": 38.7112911, "lon": -121.4588436, "source": "OSM_Tier_2" }, "geometry": { "type": "Point", "coordinates": [ -121.4588436, 38.7112911 ] } },
{ "type": "Feature", "properties": { "id": 358835678, "name": "Bethel Missionary Baptist Church", "category": "place_of_worship", "lat": 38.699347, "lon": -121.3880083, "source": "OSM_Tier_2" }, "geometry": { "type": "Point", "coordinates": [ -121.3880083, 38.699347 ] } },
{ "type": "Feature", "properties": { "id": 358835684, "name": "Church of God Pentecostal", "category": "place_of_worship", "lat": 38.6368484, "lon": -121.432176, "source": "OSM_Tier_2" }, "geometry": { "type": "Point", "coordinates": [ -121.432176, 38.6368484 ] } },
{ "type": "Feature", "properties": { "id": 358835685, "name": "Del Paso Union Baptist Church", "category": "place_of_worship", "lat": 38.6305355, "lon": -121.4359819, "source": "OSM_Tier_2" }, "geometry": { "type": "Point", "coordinates": [ -121.4359819, 38.6305355 ] } },
{ "type": "Feature", "properties": { "id": 358835686, "name": "Elverta Elementary School", "category": "school", "lat": 38.7118465, "lon": -121.4630103, "source": "OSM_Tier_2" }, "geometry": { "type": "Point", "coordinates": [ -121.4630103, 38.7118465 ] } },
{ "type": "Feature", "properties": { "id": 358835688, "name": "Elverta United Methodist Church", "category": "place_of_worship", "lat": 38.7118465, "lon": -121.4593991, "source": "OSM_Tier_2" }, "geometry": { "type": "Point", "coordinates": [ -121.4593991, 38.7118465 ] } },
{ "type": "Feature", "properties": { "id": 358835689, "name": "Evening Light Church of God", "category": "place_of_worship", "lat": 38.6779587, "lon": -121.3880082, "source": "OSM_Tier_2" }, "geometry": { "type": "Point", "coordinates": [ -121.3880082, 38.6779587 ] } },
{ "type": "Feature", "properties": { "id": 358835690, "name": "Faith Baptist Tabernacle", "category": "place_of_worship", "lat": 38.6979582, "lon": -121.3849527, "source": "OSM_Tier_2" }, "geometry": { "type": "Point", "coordinates": [ -121.3849527, 38.6979582 ] } },
{ "type": "Feature", "properties": { "id": 358835692, "name": "Family Gospel Center", "category": "place_of_worship", "lat": 38.7104578, "lon": -121.4613436, "source": "OSM_Tier_2" }, "geometry": { "type": "Point", "coordinates": [ -121.4613436, 38.7104578 ] } },
{ "type": "Feature", "properties": { "id": 358835694, "name": "First Baptist Church of Del Paso Heights", "category": "place_of_worship", "lat": 38.6368485, "lon": -121.4193978, "source": "OSM_Tier_2" }, "geometry": { "type": "Point", "coordinates": [ -121.4193978, 38.6368485 ] } },
{ "type": "Feature", "properties": { "id": 358835696, "name": "Fredonia Baptist Church", "category": "place_of_worship", "lat": 38.6381656, "lon": -121.4363812, "source": "OSM_Tier_2" }, "geometry": { "type": "Point", "coordinates": [ -121.4363812, 38.6381656 ] } },
{ "type": "Feature", "properties": { "id": 358835698, "name": "Good Samaritan Church of God in Christ", "category": "place_of_worship", "lat": 38.6354596, "lon": -121.4413429, "source": "OSM_Tier_2" }, "geometry": { "type": "Point", "coordinates": [ -121.4413429, 38.6354596 ] } },
{ "type": "Feature", "properties": { "id": 358835700, "name": "Greater Community Church of God in Christ", "category": "place_of_worship", "lat": 38.6318486, "lon": -121.4338427, "source": "OSM_Tier_2" }, "geometry": { "type": "Point", "coordinates": [ -121.4338427, 38.6318486 ] } },
{ "type": "Feature", "properties": { "id": 358835707, "name": "Highlands Christian Center", "category": "place_of_worship", "lat": 38.6829586, "lon": -121.3868971, "source": "OSM_Tier_2" }, "geometry": { "type": "Point", "coordinates": [ -121.3868971, 38.6829586 ] } },
{ "type": "Feature", "properties": { "id": 358835710, "name": "Unnamed Facility", "category": "place_of_worship", "lat": 38.6302828, "lon": -121.4458956, "source": "OSM_Tier_2" }, "geometry": { "type": "Point", "coordinates": [ -121.4458956, 38.6302828 ] } },
{ "type": "Feature", "properties": { "id": 358835711, "name": "Kingdom Hall of Jehovahs Witnesses", "category": "place_of_worship", "lat": 38.6835141, "lon": -121.3899528, "source": "OSM_Tier_2" }, "geometry": { "type": "Point", "coordinates": [ -121.3899528, 38.6835141 ] } },
{ "type": "Feature", "properties": { "id": 358835719, "name": "Miracle Church of God in Christ", "category": "place_of_worship", "lat": 38.6340707, "lon": -121.4585655, "source": "OSM_Tier_2" }, "geometry": { "type": "Point", "coordinates": [ -121.4585655, 38.6340707 ] } },
{ "type": "Feature", "properties": { "id": 358835722, "name": "Mount Calvary Baptist Church", "category": "place_of_worship", "lat": 38.6293486, "lon": -121.4485653, "source": "OSM_Tier_2" }, "geometry": { "type": "Point", "coordinates": [ -121.4485653, 38.6293486 ] } },
{ "type": "Feature", "properties": { "id": 358835723, "name": "Mount Zion Baptist Church", "category": "place_of_worship", "lat": 38.6349041, "lon": -121.4418984, "source": "OSM_Tier_2" }, "geometry": { "type": "Point", "coordinates": [ -121.4418984, 38.6349041 ] } },
{ "type": "Feature", "properties": { "id": 358835724, "name": "New Bethel Apostolic Church", "category": "place_of_worship", "lat": 38.6324041, "lon": -121.4441208, "source": "OSM_Tier_2" }, "geometry": { "type": "Point", "coordinates": [ -121.4441208, 38.6324041 ] } },
{ "type": "Feature", "properties": { "id": 358835726, "name": "New Testament Baptist Church", "category": "place_of_worship", "lat": 38.6899028, "lon": -121.3868971, "source": "OSM_Tier_2" }, "geometry": { "type": "Point", "coordinates": [ -121.3868971, 38.6899028 ] } },
{ "type": "Feature", "properties": { "id": 358835727, "name": "New Testament Christian Church", "category": "place_of_worship", "lat": 38.633793, "lon": -121.4302315, "source": "OSM_Tier_2" }, "geometry": { "type": "Point", "coordinates": [ -121.4302315, 38.633793 ] } },
{ "type": "Feature", "properties": { "id": 358835733, "name": "Pearly Gate Missionary Baptist Church", "category": "place_of_worship", "lat": 38.6298734, "lon": -121.4458401, "source": "OSM_Tier_2" }, "geometry": { "type": "Point", "coordinates": [ -121.4458401, 38.6298734 ] } },
{ "type": "Feature", "properties": { "id": 358835735, "name": "Pilgrims Rest Church of God in Christ", "category": "place_of_worship", "lat": 38.6293391, "lon": -121.445361, "source": "OSM_Tier_2" }, "geometry": { "type": "Point", "coordinates": [ -121.445361, 38.6293391 ] } },
{ "type": "Feature", "properties": { "id": 358835740, "name": "Saint Andrews Episcopal Church", "category": "place_of_worship", "lat": 38.7107356, "lon": -121.3888417, "source": "OSM_Tier_2" }, "geometry": { "type": "Point", "coordinates": [ -121.3888417, 38.7107356 ] } },
{ "type": "Feature", "properties": { "id": 358835741, "name": "Saint Stephens Presbyterian Church", "category": "place_of_worship", "lat": 38.6832363, "lon": -121.3824526, "source": "OSM_Tier_2" }, "geometry": { "type": "Point", "coordinates": [ -121.3824526, 38.6832363 ] } },
{ "type": "Feature", "properties": { "id": 358835743, "name": "Sharon Apostolic Church", "category": "place_of_worship", "lat": 38.6360152, "lon": -121.4241202, "source": "OSM_Tier_2" }, "geometry": { "type": "Point", "coordinates": [ -121.4241202, 38.6360152 ] } },
{ "type": "Feature", "properties": { "id": 358835745, "name": "Slavic Missionary Church", "category": "place_of_worship", "lat": 38.6757365, "lon": -121.3793969, "source": "OSM_Tier_2" }, "geometry": { "type": "Point", "coordinates": [ -121.3793969, 38.6757365 ] } },
{ "type": "Feature", "properties": { "id": 358835746, "name": "True Holiness Church of God in Christ", "category": "place_of_worship", "lat": 38.6349041, "lon": -121.4416207, "source": "OSM_Tier_2" }, "geometry": { "type": "Point", "coordinates": [ -121.4416207, 38.6349041 ] } },
{ "type": "Feature", "properties": { "id": 358835747, "name": "Twenty-Fourth Street Baptist Church", "category": "place_of_worship", "lat": 38.7035135, "lon": -121.4102312, "source": "OSM_Tier_2" }, "geometry": { "type": "Point", "coordinates": [ -121.4102312, 38.7035135 ] } },
{ "type": "Feature", "properties": { "id": 358835749, "name": "Victory Tabernacle", "category": "place_of_worship", "lat": 38.6385151, "lon": -121.4291204, "source": "OSM_Tier_2" }, "geometry": { "type": "Point", "coordinates": [ -121.4291204, 38.6385151 ] } },
{ "type": "Feature", "properties": { "id": 358835750, "name": "Zion Lutheran Church", "category": "place_of_worship", "lat": 38.6826808, "lon": -121.3807858, "source": "OSM_Tier_2" }, "geometry": { "type": "Point", "coordinates": [ -121.3807858, 38.6826808 ] } },
{ "type": "Feature", "properties": { "id": 358835752, "name": "Advent Lutheran Church", "category": "place_of_worship", "lat": 38.6726812, "lon": -121.2935613, "source": "OSM_Tier_2" }, "geometry": { "type": "Point", "coordinates": [ -121.2935613, 38.6726812 ] } },
{ "type": "Feature", "properties": { "id": 358835753, "name": "American Christian Academy", "category": "school", "lat": 38.7010138, "lon": -121.3085618, "source": "OSM_Tier_2" }, "geometry": { "type": "Point", "coordinates": [ -121.3085618, 38.7010138 ] } },
{ "type": "Feature", "properties": { "id": 358835755, "name": "Ascension Lutheran Church", "category": "place_of_worship", "lat": 38.7037915, "lon": -121.3068951, "source": "OSM_Tier_2" }, "geometry": { "type": "Point", "coordinates": [ -121.3068951, 38.7037915 ] } },
{ "type": "Feature", "properties": { "id": 358835760, "name": "Christ Community Church", "category": "place_of_worship", "lat": 38.6578032, "lon": -121.3283196, "source": "OSM_Tier_2" }, "geometry": { "type": "Point", "coordinates": [ -121.3283196, 38.6578032 ] } },
{ "type": "Feature", "properties": { "id": 358835761, "name": "Church of Christ", "category": "place_of_worship", "lat": 38.6326822, "lon": -121.3238398, "source": "OSM_Tier_2" }, "geometry": { "type": "Point", "coordinates": [ -121.3238398, 38.6326822 ] } },
{ "type": "Feature", "properties": { "id": 358835764, "name": "Church of God", "category": "place_of_worship", "lat": 38.6279601, "lon": -121.3413403, "source": "OSM_Tier_2" }, "geometry": { "type": "Point", "coordinates": [ -121.3413403, 38.6279601 ] } },
{ "type": "Feature", "properties": { "id": 358835767, "name": "Cypress Avenue Baptist Church", "category": "place_of_worship", "lat": 38.6393486, "lon": -121.33134, "source": "OSM_Tier_2" }, "geometry": { "type": "Point", "coordinates": [ -121.33134, 38.6393486 ] } },
{ "type": "Feature", "properties": { "id": 358835770, "name": "First Baptist Church of Carmichael", "category": "place_of_worship", "lat": 38.6251824, "lon": -121.3457848, "source": "OSM_Tier_2" }, "geometry": { "type": "Point", "coordinates": [ -121.3457848, 38.6251824 ] } },
{ "type": "Feature", "properties": { "id": 358835771, "name": "First Evangelical Free Church", "category": "place_of_worship", "lat": 38.6604593, "lon": -121.3410625, "source": "OSM_Tier_2" }, "geometry": { "type": "Point", "coordinates": [ -121.3410625, 38.6604593 ] } },
{ "type": "Feature", "properties": { "id": 358835779, "name": "Kingdom Hall of Jehovahs Witnesses", "category": "place_of_worship", "lat": 38.6349043, "lon": -121.3299511, "source": "OSM_Tier_2" }, "geometry": { "type": "Point", "coordinates": [ -121.3299511, 38.6349043 ] } },
{ "type": "Feature", "properties": { "id": 358835782, "name": "Los Amigos Continuation High School", "category": "school", "lat": 38.6793477, "lon": -121.288839, "source": "OSM_Tier_2" }, "geometry": { "type": "Point", "coordinates": [ -121.288839, 38.6793477 ] } },
{ "type": "Feature", "properties": { "id": 358835786, "name": "Restoration Ministries", "category": "place_of_worship", "lat": 38.6349043, "lon": -121.3285621, "source": "OSM_Tier_2" }, "geometry": { "type": "Point", "coordinates": [ -121.3285621, 38.6349043 ] } },
{ "type": "Feature", "properties": { "id": 358835787, "name": "Saint Georges Episcopal Church", "category": "place_of_worship", "lat": 38.6476818, "lon": -121.3335623, "source": "OSM_Tier_2" }, "geometry": { "type": "Point", "coordinates": [ -121.3335623, 38.6476818 ] } },
{ "type": "Feature", "properties": { "id": 358835791, "name": "Shepherd of the Valley Lutheran Church", "category": "place_of_worship", "lat": 38.6602834, "lon": -121.3354317, "source": "OSM_Tier_2" }, "geometry": { "type": "Point", "coordinates": [ -121.3354317, 38.6602834 ] } },
{ "type": "Feature", "properties": { "id": 358835794, "name": "Terebinth Fellowship Church", "category": "place_of_worship", "lat": 38.6310155, "lon": -121.3410625, "source": "OSM_Tier_2" }, "geometry": { "type": "Point", "coordinates": [ -121.3410625, 38.6310155 ] } },
{ "type": "Feature", "properties": { "id": 358835796, "name": "United Pentecostal Church", "category": "place_of_worship", "lat": 38.6296267, "lon": -121.3102283, "source": "OSM_Tier_2" }, "geometry": { "type": "Point", "coordinates": [ -121.3102283, 38.6296267 ] } },
{ "type": "Feature", "properties": { "id": 358835798, "name": "Carmichael Seventh Day Adventist Church", "category": "place_of_worship", "lat": 38.6421263, "lon": -121.3563407, "source": "OSM_Tier_2" }, "geometry": { "type": "Point", "coordinates": [ -121.3563407, 38.6421263 ] } },
{ "type": "Feature", "properties": { "id": 358835800, "name": "First Baptist Church of Foothill Farms", "category": "place_of_worship", "lat": 38.6685145, "lon": -121.3418959, "source": "OSM_Tier_2" }, "geometry": { "type": "Point", "coordinates": [ -121.3418959, 38.6685145 ] } },
{ "type": "Feature", "properties": { "id": 358835801, "name": "Highlands Missionary Baptist Church", "category": "place_of_worship", "lat": 38.6579593, "lon": -121.3674521, "source": "OSM_Tier_2" }, "geometry": { "type": "Point", "coordinates": [ -121.3674521, 38.6579593 ] } },
{ "type": "Feature", "properties": { "id": 358835805, "name": "Madison Avenue Baptist Church", "category": "place_of_worship", "lat": 38.6607943, "lon": -121.3663375, "source": "OSM_Tier_2" }, "geometry": { "type": "Point", "coordinates": [ -121.3663375, 38.6607943 ] } },
{ "type": "Feature", "properties": { "id": 358835807, "name": "Neighborhood Bible Church", "category": "place_of_worship", "lat": 38.6793476, "lon": -121.3330068, "source": "OSM_Tier_2" }, "geometry": { "type": "Point", "coordinates": [ -121.3330068, 38.6793476 ] } },
{ "type": "Feature", "properties": { "id": 358835808, "name": "Pacific Career and Technical High School", "category": "school", "lat": 38.6776809, "lon": -121.3757857, "source": "OSM_Tier_2" }, "geometry": { "type": "Point", "coordinates": [ -121.3757857, 38.6776809 ] } },
{ "type": "Feature", "properties": { "id": 358835811, "name": "Community of Christ", "category": "place_of_worship", "lat": 38.6374042, "lon": -121.3693965, "source": "OSM_Tier_2" }, "geometry": { "type": "Point", "coordinates": [ -121.3693965, 38.6374042 ] } },
{ "type": "Feature", "properties": { "id": 358835812, "name": "River City Grace Community Church", "category": "place_of_worship", "lat": 38.6287933, "lon": -121.3655075, "source": "OSM_Tier_2" }, "geometry": { "type": "Point", "coordinates": [ -121.3655075, 38.6287933 ] } },
{ "type": "Feature", "properties": { "id": 358835815, "name": "Sacramento Christian Life Center", "category": "place_of_worship", "lat": 38.658916, "lon": -121.3518783, "source": "OSM_Tier_2" }, "geometry": { "type": "Point", "coordinates": [ -121.3518783, 38.658916 ] } },
{ "type": "Feature", "properties": { "id": 358835816, "name": "Saint Andrews United Methodist Church", "category": "place_of_worship", "lat": 38.6785143, "lon": -121.3377292, "source": "OSM_Tier_2" }, "geometry": { "type": "Point", "coordinates": [ -121.3377292, 38.6785143 ] } },
{ "type": "Feature", "properties": { "id": 358835818, "name": "Saint Michaels Roman Catholic Church", "category": "place_of_worship", "lat": 38.6465707, "lon": -121.336618, "source": "OSM_Tier_2" }, "geometry": { "type": "Point", "coordinates": [ -121.336618, 38.6465707 ] } },
{ "type": "Feature", "properties": { "id": 358835823, "name": "Tyler Street Church of God", "category": "place_of_worship", "lat": 38.6585148, "lon": -121.3602297, "source": "OSM_Tier_2" }, "geometry": { "type": "Point", "coordinates": [ -121.3602297, 38.6585148 ] } },
{ "type": "Feature", "properties": { "id": 358835826, "name": "Woodridge Elementary School", "category": "school", "lat": 38.6726811, "lon": -121.3513406, "source": "OSM_Tier_2" }, "geometry": { "type": "Point", "coordinates": [ -121.3513406, 38.6726811 ] } },
{ "type": "Feature", "properties": { "id": 358835827, "name": "Woodside Seventh Day Adventist Church", "category": "place_of_worship", "lat": 38.6251823, "lon": -121.3641186, "source": "OSM_Tier_2" }, "geometry": { "type": "Point", "coordinates": [ -121.3641186, 38.6251823 ] } },
{ "type": "Feature", "properties": { "id": 358835828, "name": "Antelope Road Christian Fellowship Church", "category": "place_of_worship", "lat": 38.7168466, "lon": -121.3277291, "source": "OSM_Tier_2" }, "geometry": { "type": "Point", "coordinates": [ -121.3277291, 38.7168466 ] } },
{ "type": "Feature", "properties": { "id": 358835835, "name": "Church of Christ", "category": "place_of_worship", "lat": 38.6951806, "lon": -121.28245, "source": "OSM_Tier_2" }, "geometry": { "type": "Point", "coordinates": [ -121.28245, 38.6951806 ] } },
{ "type": "Feature", "properties": { "id": 358835837, "name": "Church of the Nazarene", "category": "place_of_worship", "lat": 38.6840679, "lon": -121.33884, "source": "OSM_Tier_2" }, "geometry": { "type": "Point", "coordinates": [ -121.33884, 38.6840679 ] } },
{ "type": "Feature", "properties": { "id": 358835838, "name": "Citrus Heights United Methodist Church", "category": "place_of_worship", "lat": 38.6901808, "lon": -121.2752276, "source": "OSM_Tier_2" }, "geometry": { "type": "Point", "coordinates": [ -121.2752276, 38.6901808 ] } },
{ "type": "Feature", "properties": { "id": 358835840, "name": "Emmanuel African Methodist Episcopal Church", "category": "place_of_worship", "lat": 38.6826808, "lon": -121.3721745, "source": "OSM_Tier_2" }, "geometry": { "type": "Point", "coordinates": [ -121.3721745, 38.6826808 ] } },
{ "type": "Feature", "properties": { "id": 358835841, "name": "Evangel Christian Fellowship Church", "category": "place_of_worship", "lat": 38.6937916, "lon": -121.3710634, "source": "OSM_Tier_2" }, "geometry": { "type": "Point", "coordinates": [ -121.3710634, 38.6937916 ] } },
{ "type": "Feature", "properties": { "id": 358835842, "name": "First Baptist Church of Fair Oaks", "category": "place_of_worship", "lat": 38.6449042, "lon": -121.2927279, "source": "OSM_Tier_2" }, "geometry": { "type": "Point", "coordinates": [ -121.2927279, 38.6449042 ] } },
{ "type": "Feature", "properties": { "id": 358835844, "name": "Freedom Christian Church", "category": "place_of_worship", "lat": 38.652404, "lon": -121.2807831, "source": "OSM_Tier_2" }, "geometry": { "type": "Point", "coordinates": [ -121.2807831, 38.652404 ] } },
{ "type": "Feature", "properties": { "id": 358835846, "name": "Messiah Lutheran Church", "category": "place_of_worship", "lat": 38.7079581, "lon": -121.3016173, "source": "OSM_Tier_2" }, "geometry": { "type": "Point", "coordinates": [ -121.3016173, 38.7079581 ] } },
{ "type": "Feature", "properties": { "id": 358835855, "name": "Resurrection Life of Jesus Church", "category": "place_of_worship", "lat": 38.7035137, "lon": -121.2907836, "source": "OSM_Tier_2" }, "geometry": { "type": "Point", "coordinates": [ -121.2907836, 38.7035137 ] } },
{ "type": "Feature", "properties": { "id": 358835863, "name": "Sacramento Korean Church of the Nazarene", "category": "place_of_worship", "lat": 38.6840697, "lon": -121.3388404, "source": "OSM_Tier_2" }, "geometry": { "type": "Point", "coordinates": [ -121.3388404, 38.6840697 ] } },
{ "type": "Feature", "properties": { "id": 358835866, "name": "Sun Oak Baptist Church", "category": "place_of_worship", "lat": 38.6976806, "lon": -121.2702275, "source": "OSM_Tier_2" }, "geometry": { "type": "Point", "coordinates": [ -121.2702275, 38.6976806 ] } },
{ "type": "Feature", "properties": { "id": 358835870, "name": "Sunrise Baptist Church", "category": "place_of_worship", "lat": 38.6796255, "lon": -121.2593938, "source": "OSM_Tier_2" }, "geometry": { "type": "Point", "coordinates": [ -121.2593938, 38.6796255 ] } },
{ "type": "Feature", "properties": { "id": 358835873, "name": "Valey Christian Church", "category": "place_of_worship", "lat": 38.6690701, "lon": -121.3743967, "source": "OSM_Tier_2" }, "geometry": { "type": "Point", "coordinates": [ -121.3743967, 38.6690701 ] } },
{ "type": "Feature", "properties": { "id": 358835875, "name": "Woodside Elementary School", "category": "school", "lat": 38.7051804, "lon": -121.2555048, "source": "OSM_Tier_2" }, "geometry": { "type": "Point", "coordinates": [ -121.2555048, 38.7051804 ] } },
{ "type": "Feature", "properties": { "id": 358835877, "name": "Fair Oaks Open Bible Church", "category": "place_of_worship", "lat": 38.6524647, "lon": -121.2824557, "source": "OSM_Tier_2" }, "geometry": { "type": "Point", "coordinates": [ -121.2824557, 38.6524647 ] } },
{ "type": "Feature", "properties": { "id": 358835885, "name": "Faith Lutheran Church", "category": "place_of_worship", "lat": 38.6365711, "lon": -121.2916168, "source": "OSM_Tier_2" }, "geometry": { "type": "Point", "coordinates": [ -121.2916168, 38.6365711 ] } },
{ "type": "Feature", "properties": { "id": 358835886, "name": "Faith Lutheran Elementary School", "category": "school", "lat": 38.6368488, "lon": -121.2916168, "source": "OSM_Tier_2" }, "geometry": { "type": "Point", "coordinates": [ -121.2916168, 38.6368488 ] } },
{ "type": "Feature", "properties": { "id": 358835888, "name": "Freedom Christian School", "category": "school", "lat": 38.652404, "lon": -121.2805053, "source": "OSM_Tier_2" }, "geometry": { "type": "Point", "coordinates": [ -121.2805053, 38.652404 ] } },
{ "type": "Feature", "properties": { "id": 358835889, "name": "Freedom Christian High School", "category": "school", "lat": 38.6521262, "lon": -121.2802276, "source": "OSM_Tier_2" }, "geometry": { "type": "Point", "coordinates": [ -121.2802276, 38.6521262 ] } },
{ "type": "Feature", "properties": { "id": 358835893, "name": "Gateway Christian Life Church", "category": "place_of_worship", "lat": 38.639071, "lon": -121.2916168, "source": "OSM_Tier_2" }, "geometry": { "type": "Point", "coordinates": [ -121.2916168, 38.639071 ] } },
{ "type": "Feature", "properties": { "id": 358835896, "name": "Almondale Academy", "category": "school", "lat": 38.6782367, "lon": -121.2382821, "source": "OSM_Tier_2" }, "geometry": { "type": "Point", "coordinates": [ -121.2382821, 38.6782367 ] } },
{ "type": "Feature", "properties": { "id": 358835900, "name": "Bible Truth Center", "category": "place_of_worship", "lat": 38.6732368, "lon": -121.2160593, "source": "OSM_Tier_2" }, "geometry": { "type": "Point", "coordinates": [ -121.2160593, 38.6732368 ] } },
{ "type": "Feature", "properties": { "id": 358835910, "name": "Church of Christ", "category": "place_of_worship", "lat": 38.6743479, "lon": -121.2027257, "source": "OSM_Tier_2" }, "geometry": { "type": "Point", "coordinates": [ -121.2027257, 38.6743479 ] } },
{ "type": "Feature", "properties": { "id": 358835911, "name": "Church of Hazel Avenue", "category": "place_of_worship", "lat": 38.7146246, "lon": -121.2260597, "source": "OSM_Tier_2" }, "geometry": { "type": "Point", "coordinates": [ -121.2260597, 38.7146246 ] } },
{ "type": "Feature", "properties": { "id": 358835913, "name": "Church of Religious Science", "category": "place_of_worship", "lat": 38.6760146, "lon": -121.2027257, "source": "OSM_Tier_2" }, "geometry": { "type": "Point", "coordinates": [ -121.2027257, 38.6760146 ] } },
{ "type": "Feature", "properties": { "id": 358835929, "name": "Family Christian Academy", "category": "school", "lat": 38.6837984, "lon": -121.2261267, "source": "OSM_Tier_2" }, "geometry": { "type": "Point", "coordinates": [ -121.2261267, 38.6837984 ] } },
{ "type": "Feature", "properties": { "id": 358835930, "name": "Family Christian Center", "category": "place_of_worship", "lat": 38.6843476, "lon": -121.2260596, "source": "OSM_Tier_2" }, "geometry": { "type": "Point", "coordinates": [ -121.2260596, 38.6843476 ] } },
{ "type": "Feature", "properties": { "id": 358835931, "name": "First Baptist Church of Orangevale", "category": "place_of_worship", "lat": 38.6852195, "lon": -121.2211495, "source": "OSM_Tier_2" }, "geometry": { "type": "Point", "coordinates": [ -121.2211495, 38.6852195 ] } },
{ "type": "Feature", "properties": { "id": 358835933, "name": "First United Methodist Church of Orangevale", "category": "place_of_worship", "lat": 38.6862921, "lon": -121.2193927, "source": "OSM_Tier_2" }, "geometry": { "type": "Point", "coordinates": [ -121.2193927, 38.6862921 ] } },
{ "type": "Feature", "properties": { "id": 358835938, "name": "Grace Bible Church", "category": "place_of_worship", "lat": 38.6571262, "lon": -121.2252262, "source": "OSM_Tier_2" }, "geometry": { "type": "Point", "coordinates": [ -121.2252262, 38.6571262 ] } },
{ "type": "Feature", "properties": { "id": 358835950, "name": "Oak Avenue Free Methodist Church", "category": "place_of_worship", "lat": 38.6999028, "lon": -121.2305042, "source": "OSM_Tier_2" }, "geometry": { "type": "Point", "coordinates": [ -121.2305042, 38.6999028 ] } },
{ "type": "Feature", "properties": { "id": 358835952, "name": "Ottoman Way Elementary School", "category": "school", "lat": 38.6968739, "lon": -121.1988257, "source": "OSM_Tier_2" }, "geometry": { "type": "Point", "coordinates": [ -121.1988257, 38.6968739 ] } },
{ "type": "Feature", "properties": { "id": 358835958, "name": "Redeemer Covenant Church", "category": "place_of_worship", "lat": 38.6896253, "lon": -121.2016146, "source": "OSM_Tier_2" }, "geometry": { "type": "Point", "coordinates": [ -121.2016146, 38.6896253 ] } },
{ "type": "Feature", "properties": { "id": 358835965, "name": "Seventh Day Adventist Church", "category": "place_of_worship", "lat": 38.6715703, "lon": -121.2207816, "source": "OSM_Tier_2" }, "geometry": { "type": "Point", "coordinates": [ -121.2207816, 38.6715703 ] } },
{ "type": "Feature", "properties": { "id": 358835976, "name": "Trajan Elementary School", "category": "school", "lat": 38.686292, "lon": -121.2543937, "source": "OSM_Tier_2" }, "geometry": { "type": "Point", "coordinates": [ -121.2543937, 38.686292 ] } },
{ "type": "Feature", "properties": { "id": 358835979, "name": "Victory Christian School", "category": "school", "lat": 38.6568484, "lon": -121.2252262, "source": "OSM_Tier_2" }, "geometry": { "type": "Point", "coordinates": [ -121.2252262, 38.6568484 ] } },
{ "type": "Feature", "properties": { "id": 358835993, "name": "Chinese Community Church", "category": "place_of_worship", "lat": 38.5243509, "lon": -121.5046776, "source": "OSM_Tier_2" }, "geometry": { "type": "Point", "coordinates": [ -121.5046776, 38.5243509 ] } },
{ "type": "Feature", "properties": { "id": 358835994, "name": "Chinese Grace Bible Church", "category": "place_of_worship", "lat": 38.5066951, "lon": -121.5496665, "source": "OSM_Tier_2" }, "geometry": { "type": "Point", "coordinates": [ -121.5496665, 38.5066951 ] } },
{ "type": "Feature", "properties": { "id": 358835995, "name": "Confucius Church of Sacramento", "category": "place_of_worship", "lat": 38.5833683, "lon": -121.500974, "source": "OSM_Tier_2" }, "geometry": { "type": "Point", "coordinates": [ -121.500974, 38.5833683 ] } },
{ "type": "Feature", "properties": { "id": 358836000, "name": "Faith Presbyterian Church", "category": "place_of_worship", "lat": 38.500042, "lon": -121.5351611, "source": "OSM_Tier_2" }, "geometry": { "type": "Point", "coordinates": [ -121.5351611, 38.500042 ] } },
{ "type": "Feature", "properties": { "id": 358836004, "name": "Greenhaven Lutheran Church", "category": "place_of_worship", "lat": 38.504907, "lon": -121.5380116, "source": "OSM_Tier_2" }, "geometry": { "type": "Point", "coordinates": [ -121.5380116, 38.504907 ] } },
{ "type": "Feature", "properties": { "id": 358836005, "name": "Greenhaven Neighborhood Church", "category": "place_of_worship", "lat": 38.5010182, "lon": -121.5371782, "source": "OSM_Tier_2" }, "geometry": { "type": "Point", "coordinates": [ -121.5371782, 38.5010182 ] } },
{ "type": "Feature", "properties": { "id": 358836008, "name": "Islamic Center of Sacramento", "category": "place_of_worship", "lat": 38.5694664, "lon": -121.5066257, "source": "OSM_Tier_2" }, "geometry": { "type": "Point", "coordinates": [ -121.5066257, 38.5694664 ] } },
{ "type": "Feature", "properties": { "id": 358836010, "name": "Konko Church of Sacramento", "category": "place_of_worship", "lat": 38.5704166, "lon": -121.5039075, "source": "OSM_Tier_2" }, "geometry": { "type": "Point", "coordinates": [ -121.5039075, 38.5704166 ] } },
{ "type": "Feature", "properties": { "id": 358836019, "name": "Parkside Community Church", "category": "place_of_worship", "lat": 38.521851, "lon": -121.5124555, "source": "OSM_Tier_2" }, "geometry": { "type": "Point", "coordinates": [ -121.5124555, 38.521851 ] } },
{ "type": "Feature", "properties": { "id": 358836020, "name": "Parkview Presbyterian Church", "category": "place_of_worship", "lat": 38.570422, "lon": -121.5011926, "source": "OSM_Tier_2" }, "geometry": { "type": "Point", "coordinates": [ -121.5011926, 38.570422 ] } },
{ "type": "Feature", "properties": { "id": 358836023, "name": "Riverside United Methodist Church", "category": "place_of_worship", "lat": 38.5574058, "lon": -121.5063444, "source": "OSM_Tier_2" }, "geometry": { "type": "Point", "coordinates": [ -121.5063444, 38.5574058 ] } },
{ "type": "Feature", "properties": { "id": 358836024, "name": "Riverside Wesleyan Church", "category": "place_of_worship", "lat": 38.5087689, "lon": -121.544066, "source": "OSM_Tier_2" }, "geometry": { "type": "Point", "coordinates": [ -121.544066, 38.5087689 ] } },
{ "type": "Feature", "properties": { "id": 358836032, "name": "Saint Francis Roman Catholic Church", "category": "place_of_worship", "lat": 38.5321286, "lon": -121.515789, "source": "OSM_Tier_2" }, "geometry": { "type": "Point", "coordinates": [ -121.515789, 38.5321286 ] } },
{ "type": "Feature", "properties": { "id": 358836070, "name": "Jefferson Elementary School", "category": "school", "lat": 38.621679, "lon": -121.510542, "source": "OSM_Tier_2" }, "geometry": { "type": "Point", "coordinates": [ -121.510542, 38.621679 ] } },
{ "type": "Feature", "properties": { "id": 358836080, "name": "Calvary Christian School", "category": "school", "lat": 38.511296, "lon": -121.4438426, "source": "OSM_Tier_2" }, "geometry": { "type": "Point", "coordinates": [ -121.4438426, 38.511296 ] } },
{ "type": "Feature", "properties": { "id": 358836081, "name": "Calvary Christian High School", "category": "school", "lat": 38.5107404, "lon": -121.4443981, "source": "OSM_Tier_2" }, "geometry": { "type": "Point", "coordinates": [ -121.4443981, 38.5107404 ] } },
{ "type": "Feature", "properties": { "id": 358836138, "name": "Marian Anderson Elementary School", "category": "school", "lat": 38.5487681, "lon": -121.4508487, "source": "OSM_Tier_2" }, "geometry": { "type": "Point", "coordinates": [ -121.4508487, 38.5487681 ] } },
{ "type": "Feature", "properties": { "id": 358836139, "name": "Sacramento Country Day School", "category": "school", "lat": 38.569628, "lon": -121.4002305, "source": "OSM_Tier_2" }, "geometry": { "type": "Point", "coordinates": [ -121.4002305, 38.569628 ] } },
{ "type": "Feature", "properties": { "id": 358836140, "name": "Sacramento Country Day High School", "category": "school", "lat": 38.5693502, "lon": -121.3991194, "source": "OSM_Tier_2" }, "geometry": { "type": "Point", "coordinates": [ -121.3991194, 38.5693502 ] } },
{ "type": "Feature", "properties": { "id": 358836145, "name": "Sierra Nueva Continuation High School", "category": "school", "lat": 38.5918496, "lon": -121.4085641, "source": "OSM_Tier_2" }, "geometry": { "type": "Point", "coordinates": [ -121.4085641, 38.5918496 ] } },
{ "type": "Feature", "properties": { "id": 358836159, "name": "Christian Faith Fellowship Church", "category": "place_of_worship", "lat": 38.6690704, "lon": -121.1805028, "source": "OSM_Tier_2" }, "geometry": { "type": "Point", "coordinates": [ -121.1805028, 38.6690704 ] } },
{ "type": "Feature", "properties": { "id": 358836161, "name": "Community Bible Church", "category": "place_of_worship", "lat": 38.6787924, "lon": -121.1688359, "source": "OSM_Tier_2" }, "geometry": { "type": "Point", "coordinates": [ -121.1688359, 38.6787924 ] } },
{ "type": "Feature", "properties": { "id": 358836168, "name": "Folsom Montessori School", "category": "school", "lat": 38.6760035, "lon": -121.1749472, "source": "OSM_Tier_2" }, "geometry": { "type": "Point", "coordinates": [ -121.1749472, 38.6760035 ] } },
{ "type": "Feature", "properties": { "id": 358836169, "name": "Folsom Victory Chapel", "category": "place_of_worship", "lat": 38.6690704, "lon": -121.1805028, "source": "OSM_Tier_2" }, "geometry": { "type": "Point", "coordinates": [ -121.1805028, 38.6690704 ] } },
{ "type": "Feature", "properties": { "id": 358836176, "name": "Lakeside Church", "category": "place_of_worship", "lat": 38.6735147, "lon": -121.1802251, "source": "OSM_Tier_2" }, "geometry": { "type": "Point", "coordinates": [ -121.1802251, 38.6735147 ] } },
{ "type": "Feature", "properties": { "id": 358836180, "name": "Mount Olive Lutheran Church", "category": "place_of_worship", "lat": 38.6715703, "lon": -121.1760583, "source": "OSM_Tier_2" }, "geometry": { "type": "Point", "coordinates": [ -121.1760583, 38.6715703 ] } },
{ "type": "Feature", "properties": { "id": 358836187, "name": "Saint Johns Catholic Church", "category": "place_of_worship", "lat": 38.6727329, "lon": -121.179387, "source": "OSM_Tier_2" }, "geometry": { "type": "Point", "coordinates": [ -121.179387, 38.6727329 ] } },
{ "type": "Feature", "properties": { "id": 358836191, "name": "Trinity Episcopal Church", "category": "place_of_worship", "lat": 38.6757368, "lon": -121.1771694, "source": "OSM_Tier_2" }, "geometry": { "type": "Point", "coordinates": [ -121.1771694, 38.6757368 ] } },
{ "type": "Feature", "properties": { "id": 358836195, "name": "Victorious Word Christian Center", "category": "place_of_worship", "lat": 38.6740703, "lon": -121.1649469, "source": "OSM_Tier_2" }, "geometry": { "type": "Point", "coordinates": [ -121.1649469, 38.6740703 ] } },
{ "type": "Feature", "properties": { "id": 358836214, "name": "Father Keith B. Kenny Elementary School", "category": "school", "lat": 38.5424062, "lon": -121.464121, "source": "OSM_Tier_2" }, "geometry": { "type": "Point", "coordinates": [ -121.464121, 38.5424062 ] } },
{ "type": "Feature", "properties": { "id": 358836222, "name": "Pioneer Congregational UCC", "category": "place_of_worship", "lat": 38.5715722, "lon": -121.4710657, "source": "OSM_Tier_2" }, "geometry": { "type": "Point", "coordinates": [ -121.4710657, 38.5715722 ] } },
{ "type": "Feature", "properties": { "id": 358836236, "name": "Antioch Progressive Baptist Church", "category": "place_of_worship", "lat": 38.5507394, "lon": -121.4377315, "source": "OSM_Tier_2" }, "geometry": { "type": "Point", "coordinates": [ -121.4377315, 38.5507394 ] } },
{ "type": "Feature", "properties": { "id": 358836237, "name": "Calvary Chapel", "category": "place_of_worship", "lat": 38.5515729, "lon": -121.4199532, "source": "OSM_Tier_2" }, "geometry": { "type": "Point", "coordinates": [ -121.4199532, 38.5515729 ] } },
{ "type": "Feature", "properties": { "id": 358836238, "name": "Capitol City Seventh Day Adventist Church", "category": "place_of_worship", "lat": 38.5163683, "lon": -121.4244718, "source": "OSM_Tier_2" }, "geometry": { "type": "Point", "coordinates": [ -121.4244718, 38.5163683 ] } },
{ "type": "Feature", "properties": { "id": 358836240, "name": "Central Church of Christ", "category": "place_of_worship", "lat": 38.5449063, "lon": -121.4246755, "source": "OSM_Tier_2" }, "geometry": { "type": "Point", "coordinates": [ -121.4246755, 38.5449063 ] } },
{ "type": "Feature", "properties": { "id": 358836242, "name": "Central United Methodist Church", "category": "place_of_worship", "lat": 38.5687946, "lon": -121.438287, "source": "OSM_Tier_2" }, "geometry": { "type": "Point", "coordinates": [ -121.438287, 38.5687946 ] } },
{ "type": "Feature", "properties": { "id": 358836250, "name": "Chinese Christian Center", "category": "place_of_worship", "lat": 38.5812942, "lon": -121.4657878, "source": "OSM_Tier_2" }, "geometry": { "type": "Point", "coordinates": [ -121.4657878, 38.5812942 ] } },
{ "type": "Feature", "properties": { "id": 358836256, "name": "Church of God Seventh Day Adventist", "category": "place_of_worship", "lat": 38.5187959, "lon": -121.4218976, "source": "OSM_Tier_2" }, "geometry": { "type": "Point", "coordinates": [ -121.4218976, 38.5187959 ] } },
{ "type": "Feature", "properties": { "id": 358836258, "name": "El Faro Assembly of God Church", "category": "place_of_worship", "lat": 38.5346288, "lon": -121.414953, "source": "OSM_Tier_2" }, "geometry": { "type": "Point", "coordinates": [ -121.414953, 38.5346288 ] } },
{ "type": "Feature", "properties": { "id": 358836260, "name": "El Sendero de la Cruz Assembly of God Church", "category": "place_of_worship", "lat": 38.5107405, "lon": -121.4232865, "source": "OSM_Tier_2" }, "geometry": { "type": "Point", "coordinates": [ -121.4232865, 38.5107405 ] } },
{ "type": "Feature", "properties": { "id": 358836261, "name": "Ephphath Korean Baptist Church", "category": "place_of_worship", "lat": 38.5246291, "lon": -121.4174531, "source": "OSM_Tier_2" }, "geometry": { "type": "Point", "coordinates": [ -121.4174531, 38.5246291 ] } },
{ "type": "Feature", "properties": { "id": 358836263, "name": "Faith Bible Church", "category": "place_of_worship", "lat": 38.552017, "lon": -121.4362485, "source": "OSM_Tier_2" }, "geometry": { "type": "Point", "coordinates": [ -121.4362485, 38.552017 ] } },
{ "type": "Feature", "properties": { "id": 358836264, "name": "Faith Landmark Missionary Baptist Church", "category": "place_of_worship", "lat": 38.5107405, "lon": -121.4157863, "source": "OSM_Tier_2" }, "geometry": { "type": "Point", "coordinates": [ -121.4157863, 38.5107405 ] } },
{ "type": "Feature", "properties": { "id": 358836269, "name": "Fourteenth Avenue Baptist Church", "category": "place_of_worship", "lat": 38.5390731, "lon": -121.4313424, "source": "OSM_Tier_2" }, "geometry": { "type": "Point", "coordinates": [ -121.4313424, 38.5390731 ] } },
{ "type": "Feature", "properties": { "id": 358836271, "name": "Fremont Presbyterian Church", "category": "place_of_worship", "lat": 38.568239, "lon": -121.4299535, "source": "OSM_Tier_2" }, "geometry": { "type": "Point", "coordinates": [ -121.4299535, 38.568239 ] } },
{ "type": "Feature", "properties": { "id": 358836272, "name": "Friends Community Church", "category": "place_of_worship", "lat": 38.5748423, "lon": -121.4492859, "source": "OSM_Tier_2" }, "geometry": { "type": "Point", "coordinates": [ -121.4492859, 38.5748423 ] } },
{ "type": "Feature", "properties": { "id": 358836274, "name": "Glen Elder Baptist Church", "category": "place_of_worship", "lat": 38.5107405, "lon": -121.4257865, "source": "OSM_Tier_2" }, "geometry": { "type": "Point", "coordinates": [ -121.4257865, 38.5107405 ] } },
{ "type": "Feature", "properties": { "id": 358836275, "name": "Greek Orthodox Church of the Annunciation", "category": "place_of_worship", "lat": 38.5770559, "lon": -121.4638712, "source": "OSM_Tier_2" }, "geometry": { "type": "Point", "coordinates": [ -121.4638712, 38.5770559 ] } },
{ "type": "Feature", "properties": { "id": 358836279, "name": "Lutheran Church of the Cross", "category": "place_of_worship", "lat": 38.570777, "lon": -121.4458134, "source": "OSM_Tier_2" }, "geometry": { "type": "Point", "coordinates": [ -121.4458134, 38.570777 ] } },
{ "type": "Feature", "properties": { "id": 358836280, "name": "Masjid Annur", "category": "place_of_worship", "lat": 38.5393509, "lon": -121.4174531, "source": "OSM_Tier_2" }, "geometry": { "type": "Point", "coordinates": [ -121.4174531, 38.5393509 ] } },
{ "type": "Feature", "properties": { "id": 358836282, "name": "Mount Sinai Baptist Church", "category": "place_of_worship", "lat": 38.5185181, "lon": -121.4141197, "source": "OSM_Tier_2" }, "geometry": { "type": "Point", "coordinates": [ -121.4141197, 38.5185181 ] } },
{ "type": "Feature", "properties": { "id": 358836283, "name": "New Jerusalem Baptist Church", "category": "place_of_worship", "lat": 38.5157404, "lon": -121.4105084, "source": "OSM_Tier_2" }, "geometry": { "type": "Point", "coordinates": [ -121.4105084, 38.5157404 ] } },
{ "type": "Feature", "properties": { "id": 358836285, "name": "Newman Catholic Community", "category": "place_of_worship", "lat": 38.5665861, "lon": -121.4294018, "source": "OSM_Tier_2" }, "geometry": { "type": "Point", "coordinates": [ -121.4294018, 38.5665861 ] } },
{ "type": "Feature", "properties": { "id": 358836287, "name": "Sacramento Free Methodist Church", "category": "place_of_worship", "lat": 38.577961, "lon": -121.4438428, "source": "OSM_Tier_2" }, "geometry": { "type": "Point", "coordinates": [ -121.4438428, 38.577961 ] } },
{ "type": "Feature", "properties": { "id": 358836289, "name": "Sacramento Yugoslavian Seventh Day Adventist Church", "category": "place_of_worship", "lat": 38.5690724, "lon": -121.4252312, "source": "OSM_Tier_2" }, "geometry": { "type": "Point", "coordinates": [ -121.4252312, 38.5690724 ] } },
{ "type": "Feature", "properties": { "id": 358836293, "name": "Lions Roar Dharma Center", "category": "place_of_worship", "lat": 38.5806179, "lon": -121.4587845, "source": "OSM_Tier_2" }, "geometry": { "type": "Point", "coordinates": [ -121.4587845, 38.5806179 ] } },
{ "type": "Feature", "properties": { "id": 358836294, "name": "Saint Lukes Community Church", "category": "place_of_worship", "lat": 38.5415679, "lon": -121.4095244, "source": "OSM_Tier_2" }, "geometry": { "type": "Point", "coordinates": [ -121.4095244, 38.5415679 ] } },
{ "type": "Feature", "properties": { "id": 358836296, "name": "Saint Mark Missionary Baptist Church", "category": "place_of_worship", "lat": 38.5215737, "lon": -121.409675, "source": "OSM_Tier_2" }, "geometry": { "type": "Point", "coordinates": [ -121.409675, 38.5215737 ] } },
{ "type": "Feature", "properties": { "id": 358836300, "name": "Saint Pauls Lutheran Church", "category": "place_of_worship", "lat": 38.5471284, "lon": -121.436898, "source": "OSM_Tier_2" }, "geometry": { "type": "Point", "coordinates": [ -121.436898, 38.5471284 ] } },
{ "type": "Feature", "properties": { "id": 358836301, "name": "Signal Heights Baptist Church", "category": "place_of_worship", "lat": 38.5246291, "lon": -121.4174531, "source": "OSM_Tier_2" }, "geometry": { "type": "Point", "coordinates": [ -121.4174531, 38.5246291 ] } },
{ "type": "Feature", "properties": { "id": 358836302, "name": "South Sacramento Christian Center Church", "category": "place_of_worship", "lat": 38.5218514, "lon": -121.4085639, "source": "OSM_Tier_2" }, "geometry": { "type": "Point", "coordinates": [ -121.4085639, 38.5218514 ] } },
{ "type": "Feature", "properties": { "id": 358836304, "name": "Valley Community Church", "category": "place_of_worship", "lat": 38.5504619, "lon": -121.3824522, "source": "OSM_Tier_2" }, "geometry": { "type": "Point", "coordinates": [ -121.3824522, 38.5504619 ] } },
{ "type": "Feature", "properties": { "id": 358836307, "name": "Allegheny Wesleyan Methodist Church", "category": "place_of_worship", "lat": 38.5071294, "lon": -121.4449537, "source": "OSM_Tier_2" }, "geometry": { "type": "Point", "coordinates": [ -121.4449537, 38.5071294 ] } },
{ "type": "Feature", "properties": { "id": 358836308, "name": "Capital Christian Fellowship Church", "category": "place_of_worship", "lat": 38.5162959, "lon": -121.4363424, "source": "OSM_Tier_2" }, "geometry": { "type": "Point", "coordinates": [ -121.4363424, 38.5162959 ] } },
{ "type": "Feature", "properties": { "id": 358836309, "name": "Celtic Cross Presbyterian Church", "category": "place_of_worship", "lat": 38.5207401, "lon": -121.4474538, "source": "OSM_Tier_2" }, "geometry": { "type": "Point", "coordinates": [ -121.4474538, 38.5207401 ] } },
{ "type": "Feature", "properties": { "id": 358836311, "name": "Central Baptist Church", "category": "place_of_worship", "lat": 38.5385175, "lon": -121.4502318, "source": "OSM_Tier_2" }, "geometry": { "type": "Point", "coordinates": [ -121.4502318, 38.5385175 ] } },
{ "type": "Feature", "properties": { "id": 358836312, "name": "Christ Temple Apostolic Church", "category": "place_of_worship", "lat": 38.5335176, "lon": -121.4496761, "source": "OSM_Tier_2" }, "geometry": { "type": "Point", "coordinates": [ -121.4496761, 38.5335176 ] } },
{ "type": "Feature", "properties": { "id": 358836316, "name": "Church of Christ", "category": "place_of_worship", "lat": 38.5312954, "lon": -121.4571763, "source": "OSM_Tier_2" }, "geometry": { "type": "Point", "coordinates": [ -121.4571763, 38.5312954 ] } },
{ "type": "Feature", "properties": { "id": 358836317, "name": "Church of Divine Man", "category": "place_of_worship", "lat": 38.5649056, "lon": -121.4860661, "source": "OSM_Tier_2" }, "geometry": { "type": "Point", "coordinates": [ -121.4860661, 38.5649056 ] } },
{ "type": "Feature", "properties": { "id": 358836319, "name": "Church of Jesus Christ in the Americas", "category": "place_of_worship", "lat": 38.5162959, "lon": -121.4341202, "source": "OSM_Tier_2" }, "geometry": { "type": "Point", "coordinates": [ -121.4341202, 38.5162959 ] } },
{ "type": "Feature", "properties": { "id": 358836322, "name": "Colonial Baptist Church", "category": "place_of_worship", "lat": 38.5315733, "lon": -121.4305089, "source": "OSM_Tier_2" }, "geometry": { "type": "Point", "coordinates": [ -121.4305089, 38.5315733 ] } },
{ "type": "Feature", "properties": { "id": 358836323, "name": "First Church of God", "category": "place_of_worship", "lat": 38.5350205, "lon": -121.4391004, "source": "OSM_Tier_2" }, "geometry": { "type": "Point", "coordinates": [ -121.4391004, 38.5350205 ] } },
{ "type": "Feature", "properties": { "id": 358836328, "name": "First Full Gospel Missionary Baptist Church", "category": "place_of_worship", "lat": 38.5251846, "lon": -121.4296756, "source": "OSM_Tier_2" }, "geometry": { "type": "Point", "coordinates": [ -121.4296756, 38.5251846 ] } },
{ "type": "Feature", "properties": { "id": 358836329, "name": "Fruitridge Christian Church", "category": "place_of_worship", "lat": 38.5254623, "lon": -121.4543984, "source": "OSM_Tier_2" }, "geometry": { "type": "Point", "coordinates": [ -121.4543984, 38.5254623 ] } },
{ "type": "Feature", "properties": { "id": 358836331, "name": "Gloria Dei Lutheran Church", "category": "place_of_worship", "lat": 38.514907, "lon": -121.4477316, "source": "OSM_Tier_2" }, "geometry": { "type": "Point", "coordinates": [ -121.4477316, 38.514907 ] } },
{ "type": "Feature", "properties": { "id": 358836332, "name": "Greater Bethlehem Temple Apostolic Church", "category": "place_of_worship", "lat": 38.5385175, "lon": -121.4571764, "source": "OSM_Tier_2" }, "geometry": { "type": "Point", "coordinates": [ -121.4571764, 38.5385175 ] } },
{ "type": "Feature", "properties": { "id": 358836333, "name": "Greater Faith Baptist Church", "category": "place_of_worship", "lat": 38.5254624, "lon": -121.4307867, "source": "OSM_Tier_2" }, "geometry": { "type": "Point", "coordinates": [ -121.4307867, 38.5254624 ] } },
{ "type": "Feature", "properties": { "id": 358836335, "name": "Greater Faith Church of God in Christ", "category": "place_of_worship", "lat": 38.5409976, "lon": -121.4503364, "source": "OSM_Tier_2" }, "geometry": { "type": "Point", "coordinates": [ -121.4503364, 38.5409976 ] } },
{ "type": "Feature", "properties": { "id": 358836336, "name": "Little Burning Bush Church of God in Christ", "category": "place_of_worship", "lat": 38.535462, "lon": -121.4541208, "source": "OSM_Tier_2" }, "geometry": { "type": "Point", "coordinates": [ -121.4541208, 38.535462 ] } },
{ "type": "Feature", "properties": { "id": 358836337, "name": "Mission A B Salem", "category": "place_of_worship", "lat": 38.5299066, "lon": -121.4546763, "source": "OSM_Tier_2" }, "geometry": { "type": "Point", "coordinates": [ -121.4546763, 38.5299066 ] } },
{ "type": "Feature", "properties": { "id": 358836339, "name": "New Gethsemane Baptist Church", "category": "place_of_worship", "lat": 38.5401841, "lon": -121.4505095, "source": "OSM_Tier_2" }, "geometry": { "type": "Point", "coordinates": [ -121.4505095, 38.5401841 ] } },
{ "type": "Feature", "properties": { "id": 358836342, "name": "Prayer Temple", "category": "place_of_worship", "lat": 38.541573, "lon": -121.4507873, "source": "OSM_Tier_2" }, "geometry": { "type": "Point", "coordinates": [ -121.4507873, 38.541573 ] } },
{ "type": "Feature", "properties": { "id": 358836343, "name": "Romanian Pentecostal Church", "category": "place_of_worship", "lat": 38.5346287, "lon": -121.4555096, "source": "OSM_Tier_2" }, "geometry": { "type": "Point", "coordinates": [ -121.4555096, 38.5346287 ] } },
{ "type": "Feature", "properties": { "id": 358836344, "name": "Sacramento Revival Center", "category": "place_of_worship", "lat": 38.5549059, "lon": -121.46801, "source": "OSM_Tier_2" }, "geometry": { "type": "Point", "coordinates": [ -121.46801, 38.5549059 ] } },
{ "type": "Feature", "properties": { "id": 358836346, "name": "Saint James Holy Baptist Church", "category": "place_of_worship", "lat": 38.5410174, "lon": -121.4507873, "source": "OSM_Tier_2" }, "geometry": { "type": "Point", "coordinates": [ -121.4507873, 38.5410174 ] } },
{ "type": "Feature", "properties": { "id": 358836347, "name": "Saint Peters Roman Catholic Church", "category": "place_of_worship", "lat": 38.5179626, "lon": -121.4327312, "source": "OSM_Tier_2" }, "geometry": { "type": "Point", "coordinates": [ -121.4327312, 38.5179626 ] } },
{ "type": "Feature", "properties": { "id": 358836352, "name": "Salvation Army Chapel", "category": "place_of_worship", "lat": 38.5555489, "lon": -121.4731563, "source": "OSM_Tier_2" }, "geometry": { "type": "Point", "coordinates": [ -121.4731563, 38.5555489 ] } },
{ "type": "Feature", "properties": { "id": 358836359, "name": "Trinity Lutheran Church", "category": "place_of_worship", "lat": 38.5685167, "lon": -121.473288, "source": "OSM_Tier_2" }, "geometry": { "type": "Point", "coordinates": [ -121.473288, 38.5685167 ] } },
{ "type": "Feature", "properties": { "id": 358836361, "name": "United Apostolic Church", "category": "place_of_worship", "lat": 38.5098549, "lon": -121.4511778, "source": "OSM_Tier_2" }, "geometry": { "type": "Point", "coordinates": [ -121.4511778, 38.5098549 ] } },
{ "type": "Feature", "properties": { "id": 358836362, "name": "Wesley United Methodist Church", "category": "place_of_worship", "lat": 38.5382397, "lon": -121.4474539, "source": "OSM_Tier_2" }, "geometry": { "type": "Point", "coordinates": [ -121.4474539, 38.5382397 ] } },
{ "type": "Feature", "properties": { "id": 358836363, "name": "Zion Temple Church of Christ", "category": "place_of_worship", "lat": 38.5332398, "lon": -121.4593986, "source": "OSM_Tier_2" }, "geometry": { "type": "Point", "coordinates": [ -121.4593986, 38.5332398 ] } },
{ "type": "Feature", "properties": { "id": 358836365, "name": "Abundant Life Assemblies Church", "category": "place_of_worship", "lat": 38.5015738, "lon": -121.4821769, "source": "OSM_Tier_2" }, "geometry": { "type": "Point", "coordinates": [ -121.4821769, 38.5015738 ] } },
{ "type": "Feature", "properties": { "id": 358836366, "name": "Abundant Life Tabernacle of Praise", "category": "place_of_worship", "lat": 38.5068515, "lon": -121.4543984, "source": "OSM_Tier_2" }, "geometry": { "type": "Point", "coordinates": [ -121.4543984, 38.5068515 ] } },
{ "type": "Feature", "properties": { "id": 358836368, "name": "All Saints Memorial Episcopal Church", "category": "place_of_worship", "lat": 38.5382395, "lon": -121.4907883, "source": "OSM_Tier_2" }, "geometry": { "type": "Point", "coordinates": [ -121.4907883, 38.5382395 ] } },
{ "type": "Feature", "properties": { "id": 358836370, "name": "Calvary Evangelism Center", "category": "place_of_worship", "lat": 38.5104627, "lon": -121.4460649, "source": "OSM_Tier_2" }, "geometry": { "type": "Point", "coordinates": [ -121.4460649, 38.5104627 ] } },
{ "type": "Feature", "properties": { "id": 358836372, "name": "Capital City Baptist Church", "category": "place_of_worship", "lat": 38.5246289, "lon": -121.4482872, "source": "OSM_Tier_2" }, "geometry": { "type": "Point", "coordinates": [ -121.4482872, 38.5246289 ] } },
{ "type": "Feature", "properties": { "id": 358836373, "name": "Centennial United Methodist Church", "category": "place_of_worship", "lat": 38.5260205, "lon": -121.4963146, "source": "OSM_Tier_2" }, "geometry": { "type": "Point", "coordinates": [ -121.4963146, 38.5260205 ] } },
{ "type": "Feature", "properties": { "id": 358836374, "name": "Century Chapel Christian Methodist Episcopal Church", "category": "place_of_worship", "lat": 38.526851, "lon": -121.476899, "source": "OSM_Tier_2" }, "geometry": { "type": "Point", "coordinates": [ -121.476899, 38.526851 ] } },
{ "type": "Feature", "properties": { "id": 358836376, "name": "Chinese Methodist Church", "category": "place_of_worship", "lat": 38.5576836, "lon": -121.4763436, "source": "OSM_Tier_2" }, "geometry": { "type": "Point", "coordinates": [ -121.4763436, 38.5576836 ] } },
{ "type": "Feature", "properties": { "id": 358836377, "name": "Christ Temple Missionary Baptist Church", "category": "place_of_worship", "lat": 38.5282398, "lon": -121.474399, "source": "OSM_Tier_2" }, "geometry": { "type": "Point", "coordinates": [ -121.474399, 38.5282398 ] } },
{ "type": "Feature", "properties": { "id": 358836378, "name": "Church of Christ", "category": "place_of_worship", "lat": 38.5174069, "lon": -121.460232, "source": "OSM_Tier_2" }, "geometry": { "type": "Point", "coordinates": [ -121.460232, 38.5174069 ] } },
{ "type": "Feature", "properties": { "id": 358836381, "name": "Covenant Reformed Church", "category": "place_of_worship", "lat": 38.5362952, "lon": -121.4924551, "source": "OSM_Tier_2" }, "geometry": { "type": "Point", "coordinates": [ -121.4924551, 38.5362952 ] } },
{ "type": "Feature", "properties": { "id": 358836384, "name": "Emanuel United Methodist Church", "category": "place_of_worship", "lat": 38.5171291, "lon": -121.4555096, "source": "OSM_Tier_2" }, "geometry": { "type": "Point", "coordinates": [ -121.4555096, 38.5171291 ] } },
{ "type": "Feature", "properties": { "id": 358836385, "name": "First Chinese Baptist Church", "category": "place_of_worship", "lat": 38.5346285, "lon": -121.4857882, "source": "OSM_Tier_2" }, "geometry": { "type": "Point", "coordinates": [ -121.4857882, 38.5346285 ] } },
{ "type": "Feature", "properties": { "id": 358836387, "name": "First Japanese Baptist Church", "category": "place_of_worship", "lat": 38.5260177, "lon": -121.4760657, "source": "OSM_Tier_2" }, "geometry": { "type": "Point", "coordinates": [ -121.4760657, 38.5260177 ] } },
{ "type": "Feature", "properties": { "id": 358836388, "name": "Gethsemane Gospel Lighthouse", "category": "place_of_worship", "lat": 38.5374063, "lon": -121.4846771, "source": "OSM_Tier_2" }, "geometry": { "type": "Point", "coordinates": [ -121.4846771, 38.5374063 ] } },
{ "type": "Feature", "properties": { "id": 358836389, "name": "Grace Evangelical Free Church", "category": "place_of_worship", "lat": 38.508796, "lon": -121.4543984, "source": "OSM_Tier_2" }, "geometry": { "type": "Point", "coordinates": [ -121.4543984, 38.508796 ] } },
{ "type": "Feature", "properties": { "id": 358836391, "name": "Greater Light Missionary Baptist Church", "category": "place_of_worship", "lat": 38.539073, "lon": -121.4674544, "source": "OSM_Tier_2" }, "geometry": { "type": "Point", "coordinates": [ -121.4674544, 38.539073 ] } },
{ "type": "Feature", "properties": { "id": 358836392, "name": "Greater Solomon Temple Missionary Baptist Church", "category": "place_of_worship", "lat": 38.5310176, "lon": -121.4685655, "source": "OSM_Tier_2" }, "geometry": { "type": "Point", "coordinates": [ -121.4685655, 38.5310176 ] } },
{ "type": "Feature", "properties": { "id": 358836394, "name": "Japanese Seventh Day Adventist Church of Sacramento", "category": "place_of_worship", "lat": 38.5060182, "lon": -121.4605097, "source": "OSM_Tier_2" }, "geometry": { "type": "Point", "coordinates": [ -121.4605097, 38.5060182 ] } },
{ "type": "Feature", "properties": { "id": 358836398, "name": "Lutheran Church of the Master", "category": "place_of_worship", "lat": 38.5299064, "lon": -121.497733, "source": "OSM_Tier_2" }, "geometry": { "type": "Point", "coordinates": [ -121.497733, 38.5299064 ] } },
{ "type": "Feature", "properties": { "id": 358836399, "name": "New Harvest Christian Fellowship Church", "category": "place_of_worship", "lat": 38.5093514, "lon": -121.4696766, "source": "OSM_Tier_2" }, "geometry": { "type": "Point", "coordinates": [ -121.4696766, 38.5093514 ] } },
{ "type": "Feature", "properties": { "id": 358836400, "name": "New Home Baptist Church", "category": "place_of_worship", "lat": 38.507407, "lon": -121.4791214, "source": "OSM_Tier_2" }, "geometry": { "type": "Point", "coordinates": [ -121.4791214, 38.507407 ] } },
{ "type": "Feature", "properties": { "id": 358836401, "name": "New Hope Baptist Church", "category": "place_of_worship", "lat": 38.5410173, "lon": -121.4727324, "source": "OSM_Tier_2" }, "geometry": { "type": "Point", "coordinates": [ -121.4727324, 38.5410173 ] } },
{ "type": "Feature", "properties": { "id": 358836402, "name": "Nichiren Buddhist Church", "category": "place_of_worship", "lat": 38.5279621, "lon": -121.4827326, "source": "OSM_Tier_2" }, "geometry": { "type": "Point", "coordinates": [ -121.4827326, 38.5279621 ] } },
{ "type": "Feature", "properties": { "id": 358836403, "name": "Paradise Baptist Church", "category": "place_of_worship", "lat": 38.5282399, "lon": -121.4677322, "source": "OSM_Tier_2" }, "geometry": { "type": "Point", "coordinates": [ -121.4677322, 38.5282399 ] } },
{ "type": "Feature", "properties": { "id": 358836404, "name": "Providence Missionary Baptist Church", "category": "place_of_worship", "lat": 38.509907, "lon": -121.4785657, "source": "OSM_Tier_2" }, "geometry": { "type": "Point", "coordinates": [ -121.4785657, 38.509907 ] } },
{ "type": "Feature", "properties": { "id": 358836405, "name": "Resurrection Christian Center", "category": "place_of_worship", "lat": 38.5357396, "lon": -121.4835659, "source": "OSM_Tier_2" }, "geometry": { "type": "Point", "coordinates": [ -121.4835659, 38.5357396 ] } },
{ "type": "Feature", "properties": { "id": 358836407, "name": "Russian Evangelical Baptist Mission of Sacramento", "category": "place_of_worship", "lat": 38.5421284, "lon": -121.4755101, "source": "OSM_Tier_2" }, "geometry": { "type": "Point", "coordinates": [ -121.4755101, 38.5421284 ] } },
{ "type": "Feature", "properties": { "id": 358836408, "name": "Sacramento Japanese United Methodist Church", "category": "place_of_worship", "lat": 38.5004629, "lon": -121.4613431, "source": "OSM_Tier_2" }, "geometry": { "type": "Point", "coordinates": [ -121.4613431, 38.5004629 ] } },
{ "type": "Feature", "properties": { "id": 358836411, "name": "Saint Andrews African Methodist Episcopal Church", "category": "place_of_worship", "lat": 38.5460696, "lon": -121.4899857, "source": "OSM_Tier_2" }, "geometry": { "type": "Point", "coordinates": [ -121.4899857, 38.5460696 ] } },
{ "type": "Feature", "properties": { "id": 358836414, "name": "Saint Paul Baptist Church", "category": "place_of_worship", "lat": 38.5393507, "lon": -121.4610654, "source": "OSM_Tier_2" }, "geometry": { "type": "Point", "coordinates": [ -121.4610654, 38.5393507 ] } },
{ "type": "Feature", "properties": { "id": 358836418, "name": "Second Church of Christ Scientist", "category": "place_of_worship", "lat": 38.5465727, "lon": -121.4896772, "source": "OSM_Tier_2" }, "geometry": { "type": "Point", "coordinates": [ -121.4896772, 38.5465727 ] } },
{ "type": "Feature", "properties": { "id": 358836419, "name": "Seven Stars Baptist Church", "category": "place_of_worship", "lat": 38.5343508, "lon": -121.4835659, "source": "OSM_Tier_2" }, "geometry": { "type": "Point", "coordinates": [ -121.4835659, 38.5343508 ] } },
{ "type": "Feature", "properties": { "id": 358836420, "name": "Shepherd of Life Missionary Baptist Church", "category": "place_of_worship", "lat": 38.5012961, "lon": -121.4616209, "source": "OSM_Tier_2" }, "geometry": { "type": "Point", "coordinates": [ -121.4616209, 38.5012961 ] } },
{ "type": "Feature", "properties": { "id": 358836426, "name": "Showers of Blessing Church of God in Christ", "category": "place_of_worship", "lat": 38.5074071, "lon": -121.4635653, "source": "OSM_Tier_2" }, "geometry": { "type": "Point", "coordinates": [ -121.4635653, 38.5074071 ] } },
{ "type": "Feature", "properties": { "id": 358836427, "name": "Tenrikyo Sacramento Church", "category": "place_of_worship", "lat": 38.511018, "lon": -121.4816214, "source": "OSM_Tier_2" }, "geometry": { "type": "Point", "coordinates": [ -121.4816214, 38.511018 ] } },
{ "type": "Feature", "properties": { "id": 358836429, "name": "Trinity Missionary Baptist Church", "category": "place_of_worship", "lat": 38.5415729, "lon": -121.4677322, "source": "OSM_Tier_2" }, "geometry": { "type": "Point", "coordinates": [ -121.4677322, 38.5415729 ] } },
{ "type": "Feature", "properties": { "id": 358836430, "name": "Unity Outreach Church of God in Christ", "category": "place_of_worship", "lat": 38.5046294, "lon": -121.4577319, "source": "OSM_Tier_2" }, "geometry": { "type": "Point", "coordinates": [ -121.4577319, 38.5046294 ] } },
{ "type": "Feature", "properties": { "id": 358836431, "name": "Upper Room Pentecostal Church", "category": "place_of_worship", "lat": 38.536573, "lon": -121.4849549, "source": "OSM_Tier_2" }, "geometry": { "type": "Point", "coordinates": [ -121.4849549, 38.536573 ] } },
{ "type": "Feature", "properties": { "id": 358836433, "name": "Bethel Church of God in Christ", "category": "place_of_worship", "lat": 38.5482394, "lon": -121.4663433, "source": "OSM_Tier_2" }, "geometry": { "type": "Point", "coordinates": [ -121.4663433, 38.5482394 ] } },
{ "type": "Feature", "properties": { "id": 358836434, "name": "Church of the Holy Trinity", "category": "place_of_worship", "lat": 38.5510171, "lon": -121.4710657, "source": "OSM_Tier_2" }, "geometry": { "type": "Point", "coordinates": [ -121.4710657, 38.5510171 ] } },
{ "type": "Feature", "properties": { "id": 358836435, "name": "Feagan Memorial Church of God in Christ", "category": "place_of_worship", "lat": 38.5482394, "lon": -121.4671766, "source": "OSM_Tier_2" }, "geometry": { "type": "Point", "coordinates": [ -121.4671766, 38.5482394 ] } },
{ "type": "Feature", "properties": { "id": 358836437, "name": "Friendship Baptist Church", "category": "place_of_worship", "lat": 38.5440729, "lon": -121.4660655, "source": "OSM_Tier_2" }, "geometry": { "type": "Point", "coordinates": [ -121.4660655, 38.5440729 ] } },
{ "type": "Feature", "properties": { "id": 358836438, "name": "Oak Park Christian Fellowship Church", "category": "place_of_worship", "lat": 38.5521282, "lon": -121.4713435, "source": "OSM_Tier_2" }, "geometry": { "type": "Point", "coordinates": [ -121.4713435, 38.5521282 ] } },
{ "type": "Feature", "properties": { "id": 358836439, "name": "Oak Park United Methodist Church", "category": "place_of_worship", "lat": 38.5497233, "lon": -121.4674533, "source": "OSM_Tier_2" }, "geometry": { "type": "Point", "coordinates": [ -121.4674533, 38.5497233 ] } },
{ "type": "Feature", "properties": { "id": 358836441, "name": "River City Metropolitan Community Church", "category": "place_of_worship", "lat": 38.5515727, "lon": -121.4702323, "source": "OSM_Tier_2" }, "geometry": { "type": "Point", "coordinates": [ -121.4702323, 38.5515727 ] } },
{ "type": "Feature", "properties": { "id": 358836442, "name": "Shiloh Baptist Church", "category": "place_of_worship", "lat": 38.5443506, "lon": -121.4685656, "source": "OSM_Tier_2" }, "geometry": { "type": "Point", "coordinates": [ -121.4685656, 38.5443506 ] } },
{ "type": "Feature", "properties": { "id": 358836444, "name": "Temple of Prayer Pentecostal Church", "category": "place_of_worship", "lat": 38.5482394, "lon": -121.4688434, "source": "OSM_Tier_2" }, "geometry": { "type": "Point", "coordinates": [ -121.4688434, 38.5482394 ] } },
{ "type": "Feature", "properties": { "id": 358836445, "name": "Abraham Lincoln Elementary School", "category": "school", "lat": 38.571295, "lon": -121.3132837, "source": "OSM_Tier_2" }, "geometry": { "type": "Point", "coordinates": [ -121.3132837, 38.571295 ] } },
{ "type": "Feature", "properties": { "id": 358836448, "name": "Atonement Lutheran Church", "category": "place_of_worship", "lat": 38.5468509, "lon": -121.3546737, "source": "OSM_Tier_2" }, "geometry": { "type": "Point", "coordinates": [ -121.3546737, 38.5468509 ] } },
{ "type": "Feature", "properties": { "id": 358836449, "name": "Center of Praise Church", "category": "place_of_worship", "lat": 38.5904612, "lon": -121.3013391, "source": "OSM_Tier_2" }, "geometry": { "type": "Point", "coordinates": [ -121.3013391, 38.5904612 ] } },
{ "type": "Feature", "properties": { "id": 358836451, "name": "Cordova Church", "category": "place_of_worship", "lat": 38.5582396, "lon": -121.3371732, "source": "OSM_Tier_2" }, "geometry": { "type": "Point", "coordinates": [ -121.3371732, 38.5582396 ] } },
{ "type": "Feature", "properties": { "id": 358836452, "name": "Cordova Lutheran Church", "category": "place_of_worship", "lat": 38.5968498, "lon": -121.3038392, "source": "OSM_Tier_2" }, "geometry": { "type": "Point", "coordinates": [ -121.3038392, 38.5968498 ] } },
{ "type": "Feature", "properties": { "id": 358836455, "name": "Emmanuel Korean Baptist Church", "category": "place_of_worship", "lat": 38.5468509, "lon": -121.3546737, "source": "OSM_Tier_2" }, "geometry": { "type": "Point", "coordinates": [ -121.3546737, 38.5468509 ] } },
{ "type": "Feature", "properties": { "id": 358836456, "name": "Gedatsu Church of America", "category": "place_of_worship", "lat": 38.5526843, "lon": -121.3224506, "source": "OSM_Tier_2" }, "geometry": { "type": "Point", "coordinates": [ -121.3224506, 38.5526843 ] } },
{ "type": "Feature", "properties": { "id": 358836457, "name": "Golden Empire Elementary School", "category": "school", "lat": 38.541851, "lon": -121.367174, "source": "OSM_Tier_2" }, "geometry": { "type": "Point", "coordinates": [ -121.367174, 38.541851 ] } },
{ "type": "Feature", "properties": { "id": 358836459, "name": "Grace Missionary Baptist Church", "category": "place_of_worship", "lat": 38.5584078, "lon": -121.3263477, "source": "OSM_Tier_2" }, "geometry": { "type": "Point", "coordinates": [ -121.3263477, 38.5584078 ] } },
{ "type": "Feature", "properties": { "id": 358836462, "name": "James W. Marshall Elementary School", "category": "school", "lat": 38.555462, "lon": -121.3432845, "source": "OSM_Tier_2" }, "geometry": { "type": "Point", "coordinates": [ -121.3432845, 38.555462 ] } },
{ "type": "Feature", "properties": { "id": 358836464, "name": "Kinney High School", "category": "school", "lat": 38.6012943, "lon": -121.2760607, "source": "OSM_Tier_2" }, "geometry": { "type": "Point", "coordinates": [ -121.2760607, 38.6012943 ] } },
{ "type": "Feature", "properties": { "id": 358836467, "name": "Mount Zion Church of God in Christ", "category": "place_of_worship", "lat": 38.5746282, "lon": -121.3041169, "source": "OSM_Tier_2" }, "geometry": { "type": "Point", "coordinates": [ -121.3041169, 38.5746282 ] } },
{ "type": "Feature", "properties": { "id": 358836469, "name": "The Christian Community Church", "category": "place_of_worship", "lat": 38.5515731, "lon": -121.3571737, "source": "OSM_Tier_2" }, "geometry": { "type": "Point", "coordinates": [ -121.3571737, 38.5515731 ] } },
{ "type": "Feature", "properties": { "id": 358836470, "name": "The Family Church", "category": "place_of_worship", "lat": 38.5471288, "lon": -121.3496735, "source": "OSM_Tier_2" }, "geometry": { "type": "Point", "coordinates": [ -121.3496735, 38.5471288 ] } },
{ "type": "Feature", "properties": { "id": 358836471, "name": "Union Gospel Mission Womens Ministries", "category": "place_of_worship", "lat": 38.5637951, "lon": -121.3299509, "source": "OSM_Tier_2" }, "geometry": { "type": "Point", "coordinates": [ -121.3299509, 38.5637951 ] } },
{ "type": "Feature", "properties": { "id": 358836474, "name": "Bethel Lutheran Church", "category": "place_of_worship", "lat": 38.6179601, "lon": -121.4418984, "source": "OSM_Tier_2" }, "geometry": { "type": "Point", "coordinates": [ -121.4418984, 38.6179601 ] } },
{ "type": "Feature", "properties": { "id": 358836477, "name": "First Baptist Church of North Sacramento", "category": "place_of_worship", "lat": 38.6140713, "lon": -121.4455095, "source": "OSM_Tier_2" }, "geometry": { "type": "Point", "coordinates": [ -121.4455095, 38.6140713 ] } },
{ "type": "Feature", "properties": { "id": 358836478, "name": "General Baptist Church", "category": "place_of_worship", "lat": 38.6201885, "lon": -121.4742577, "source": "OSM_Tier_2" }, "geometry": { "type": "Point", "coordinates": [ -121.4742577, 38.6201885 ] } },
{ "type": "Feature", "properties": { "id": 358836481, "name": "Iglesia Bautista Northgate", "category": "place_of_worship", "lat": 38.6151822, "lon": -121.4752326, "source": "OSM_Tier_2" }, "geometry": { "type": "Point", "coordinates": [ -121.4752326, 38.6151822 ] } },
{ "type": "Feature", "properties": { "id": 358836482, "name": "Iglesia del Dios Vivo", "category": "place_of_worship", "lat": 38.5835163, "lon": -121.4838439, "source": "OSM_Tier_2" }, "geometry": { "type": "Point", "coordinates": [ -121.4838439, 38.5835163 ] } },
{ "type": "Feature", "properties": { "id": 358836483, "name": "Natomas Baptist Church", "category": "place_of_worship", "lat": 38.6165711, "lon": -121.4796771, "source": "OSM_Tier_2" }, "geometry": { "type": "Point", "coordinates": [ -121.4796771, 38.6165711 ] } },
{ "type": "Feature", "properties": { "id": 358836484, "name": "Neighborhood Outreach Fellowship Church", "category": "place_of_worship", "lat": 38.5857384, "lon": -121.4827327, "source": "OSM_Tier_2" }, "geometry": { "type": "Point", "coordinates": [ -121.4827327, 38.5857384 ] } },
{ "type": "Feature", "properties": { "id": 358836485, "name": "North Church of the Nazarene", "category": "place_of_worship", "lat": 38.6151823, "lon": -121.4441207, "source": "OSM_Tier_2" }, "geometry": { "type": "Point", "coordinates": [ -121.4441207, 38.6151823 ] } },
{ "type": "Feature", "properties": { "id": 358836486, "name": "North Sacramento United Methodist Church", "category": "place_of_worship", "lat": 38.6107862, "lon": -121.4518948, "source": "OSM_Tier_2" }, "geometry": { "type": "Point", "coordinates": [ -121.4518948, 38.6107862 ] } },
{ "type": "Feature", "properties": { "id": 358836488, "name": "Northgate Church of God in Christ", "category": "place_of_worship", "lat": 38.61546, "lon": -121.4727326, "source": "OSM_Tier_2" }, "geometry": { "type": "Point", "coordinates": [ -121.4727326, 38.61546 ] } },
{ "type": "Feature", "properties": { "id": 358836490, "name": "Saint Johns Lutheran Church", "category": "place_of_worship", "lat": 38.5759297, "lon": -121.4844105, "source": "OSM_Tier_2" }, "geometry": { "type": "Point", "coordinates": [ -121.4844105, 38.5759297 ] } },
{ "type": "Feature", "properties": { "id": 358836493, "name": "Saint Paul Church of God in Christ", "category": "place_of_worship", "lat": 38.6182377, "lon": -121.4596766, "source": "OSM_Tier_2" }, "geometry": { "type": "Point", "coordinates": [ -121.4596766, 38.6182377 ] } },
{ "type": "Feature", "properties": { "id": 358836495, "name": "Saint Paul’s Episcopal Church", "category": "place_of_worship", "lat": 38.5783835, "lon": -121.4868771, "source": "OSM_Tier_2" }, "geometry": { "type": "Point", "coordinates": [ -121.4868771, 38.5783835 ] } },
{ "type": "Feature", "properties": { "id": 358836496, "name": "Temple Baptist Church", "category": "place_of_worship", "lat": 38.6132379, "lon": -121.4391206, "source": "OSM_Tier_2" }, "geometry": { "type": "Point", "coordinates": [ -121.4391206, 38.6132379 ] } },
{ "type": "Feature", "properties": { "id": 358836497, "name": "Victorious Life Ministries", "category": "place_of_worship", "lat": 38.609349, "lon": -121.4532875, "source": "OSM_Tier_2" }, "geometry": { "type": "Point", "coordinates": [ -121.4532875, 38.609349 ] } },
{ "type": "Feature", "properties": { "id": 358836504, "name": "All Nations Church of God in Christ", "category": "place_of_worship", "lat": 38.5471283, "lon": -121.4618987, "source": "OSM_Tier_2" }, "geometry": { "type": "Point", "coordinates": [ -121.4618987, 38.5471283 ] } },
{ "type": "Feature", "properties": { "id": 358836509, "name": "Northern California Koyasan Temple", "category": "place_of_worship", "lat": 38.5664384, "lon": -121.4929087, "source": "OSM_Tier_2" }, "geometry": { "type": "Point", "coordinates": [ -121.4929087, 38.5664384 ] } },
{ "type": "Feature", "properties": { "id": 358836514, "name": "Downtown Baptist Church", "category": "place_of_worship", "lat": 38.5680069, "lon": -121.5015369, "source": "OSM_Tier_2" }, "geometry": { "type": "Point", "coordinates": [ -121.5015369, 38.5680069 ] } },
{ "type": "Feature", "properties": { "id": 358836515, "name": "First Baptist Church", "category": "place_of_worship", "lat": 38.5740721, "lon": -121.4768992, "source": "OSM_Tier_2" }, "geometry": { "type": "Point", "coordinates": [ -121.4768992, 38.5740721 ] } },
{ "type": "Feature", "properties": { "id": 358836516, "name": "Center of Praise", "category": "place_of_worship", "lat": 38.5726833, "lon": -121.477454, "source": "OSM_Tier_2" }, "geometry": { "type": "Point", "coordinates": [ -121.477454, 38.5726833 ] } },
{ "type": "Feature", "properties": { "id": 358836519, "name": "First United Methodist Church", "category": "place_of_worship", "lat": 38.5760165, "lon": -121.4785659, "source": "OSM_Tier_2" }, "geometry": { "type": "Point", "coordinates": [ -121.4785659, 38.5760165 ] } },
{ "type": "Feature", "properties": { "id": 358836521, "name": "Immanuel Baptist Church", "category": "place_of_worship", "lat": 38.5701757, "lon": -121.4770968, "source": "OSM_Tier_2" }, "geometry": { "type": "Point", "coordinates": [ -121.4770968, 38.5701757 ] } },
{ "type": "Feature", "properties": { "id": 358836522, "name": "Nash Temple Church of God in Christ", "category": "place_of_worship", "lat": 38.5443506, "lon": -121.4605098, "source": "OSM_Tier_2" }, "geometry": { "type": "Point", "coordinates": [ -121.4605098, 38.5443506 ] } },
{ "type": "Feature", "properties": { "id": 358836523, "name": "Philadelphia Missionary Baptist Church", "category": "place_of_worship", "lat": 38.5526838, "lon": -121.4596765, "source": "OSM_Tier_2" }, "geometry": { "type": "Point", "coordinates": [ -121.4596765, 38.5526838 ] } },
{ "type": "Feature", "properties": { "id": 358836526, "name": "Rising Star Church of God in Christ", "category": "place_of_worship", "lat": 38.5449062, "lon": -121.4574542, "source": "OSM_Tier_2" }, "geometry": { "type": "Point", "coordinates": [ -121.4574542, 38.5449062 ] } },
{ "type": "Feature", "properties": { "id": 358836527, "name": "Sacramento Asian American Ministries", "category": "place_of_worship", "lat": 38.5729611, "lon": -121.4768992, "source": "OSM_Tier_2" }, "geometry": { "type": "Point", "coordinates": [ -121.4768992, 38.5729611 ] } },
{ "type": "Feature", "properties": { "id": 358836544, "name": "Seventh Day Adventist Church", "category": "place_of_worship", "lat": 38.5496283, "lon": -121.4638433, "source": "OSM_Tier_2" }, "geometry": { "type": "Point", "coordinates": [ -121.4638433, 38.5496283 ] } },
{ "type": "Feature", "properties": { "id": 358836545, "name": "Trinity Episcopal Cathedral", "category": "place_of_worship", "lat": 38.5707388, "lon": -121.4727324, "source": "OSM_Tier_2" }, "geometry": { "type": "Point", "coordinates": [ -121.4727324, 38.5707388 ] } },
{ "type": "Feature", "properties": { "id": 358836561, "name": "Arcade Baptist Church", "category": "place_of_worship", "lat": 38.618238, "lon": -121.3727299, "source": "OSM_Tier_2" }, "geometry": { "type": "Point", "coordinates": [ -121.3727299, 38.618238 ] } },
{ "type": "Feature", "properties": { "id": 358836562, "name": "Arden Christian Church", "category": "place_of_worship", "lat": 38.5921276, "lon": -121.3641185, "source": "OSM_Tier_2" }, "geometry": { "type": "Point", "coordinates": [ -121.3641185, 38.5921276 ] } },
{ "type": "Feature", "properties": { "id": 358836564, "name": "Arden Hills Christian Church", "category": "place_of_worship", "lat": 38.5835167, "lon": -121.3613406, "source": "OSM_Tier_2" }, "geometry": { "type": "Point", "coordinates": [ -121.3613406, 38.5835167 ] } },
{ "type": "Feature", "properties": { "id": 358836565, "name": "Ark Mission Presbyterian Church", "category": "place_of_worship", "lat": 38.6168492, "lon": -121.3324511, "source": "OSM_Tier_2" }, "geometry": { "type": "Point", "coordinates": [ -121.3324511, 38.6168492 ] } },
{ "type": "Feature", "properties": { "id": 358836570, "name": "Bible Baptist Church", "category": "place_of_worship", "lat": 38.5990717, "lon": -121.4105086, "source": "OSM_Tier_2" }, "geometry": { "type": "Point", "coordinates": [ -121.4105086, 38.5990717 ] } },
{ "type": "Feature", "properties": { "id": 358836573, "name": "Buddhist Church of Sacramento", "category": "place_of_worship", "lat": 38.5637945, "lon": -121.4977331, "source": "OSM_Tier_2" }, "geometry": { "type": "Point", "coordinates": [ -121.4977331, 38.5637945 ] } },
{ "type": "Feature", "properties": { "id": 358836575, "name": "Capital Christian Deaf Center", "category": "school", "lat": 38.5589329, "lon": -121.3463487, "source": "OSM_Tier_2" }, "geometry": { "type": "Point", "coordinates": [ -121.3463487, 38.5589329 ] } },
{ "type": "Feature", "properties": { "id": 358836581, "name": "Carmichael Assembly of God Church", "category": "place_of_worship", "lat": 38.6246268, "lon": -121.3291177, "source": "OSM_Tier_2" }, "geometry": { "type": "Point", "coordinates": [ -121.3291177, 38.6246268 ] } },
{ "type": "Feature", "properties": { "id": 358836582, "name": "Carmichael Baptist Church", "category": "place_of_worship", "lat": 38.6229235, "lon": -121.3210351, "source": "OSM_Tier_2" }, "geometry": { "type": "Point", "coordinates": [ -121.3210351, 38.6229235 ] } },
{ "type": "Feature", "properties": { "id": 358836583, "name": "Carmichael Christian Church", "category": "place_of_worship", "lat": 38.6179603, "lon": -121.3510627, "source": "OSM_Tier_2" }, "geometry": { "type": "Point", "coordinates": [ -121.3510627, 38.6179603 ] } },
{ "type": "Feature", "properties": { "id": 358836585, "name": "Carmichael Presbyterian Church", "category": "place_of_worship", "lat": 38.6182273, "lon": -121.33273, "source": "OSM_Tier_2" }, "geometry": { "type": "Point", "coordinates": [ -121.33273, 38.6182273 ] } },
{ "type": "Feature", "properties": { "id": 358836587, "name": "Christ Unity Church", "category": "place_of_worship", "lat": 38.5632394, "lon": -121.3577294, "source": "OSM_Tier_2" }, "geometry": { "type": "Point", "coordinates": [ -121.3577294, 38.5632394 ] } },
{ "type": "Feature", "properties": { "id": 358836589, "name": "Christian Fellowship Church of God in Christ", "category": "place_of_worship", "lat": 38.6167222, "lon": -121.4476024, "source": "OSM_Tier_2" }, "geometry": { "type": "Point", "coordinates": [ -121.4476024, 38.6167222 ] } },
{ "type": "Feature", "properties": { "id": 358836590, "name": "Christian Life Fellowship Church", "category": "place_of_worship", "lat": 38.6029606, "lon": -121.3877303, "source": "OSM_Tier_2" }, "geometry": { "type": "Point", "coordinates": [ -121.3877303, 38.6029606 ] } },
{ "type": "Feature", "properties": { "id": 358836591, "name": "Church of Christ", "category": "place_of_worship", "lat": 38.6040719, "lon": -121.2988391, "source": "OSM_Tier_2" }, "geometry": { "type": "Point", "coordinates": [ -121.2988391, 38.6040719 ] } },
{ "type": "Feature", "properties": { "id": 358836593, "name": "Church of Scientology", "category": "place_of_worship", "lat": 38.617127, "lon": -121.3427292, "source": "OSM_Tier_2" }, "geometry": { "type": "Point", "coordinates": [ -121.3427292, 38.617127 ] } },
{ "type": "Feature", "properties": { "id": 358836595, "name": "Cordova Baptist Church", "category": "place_of_worship", "lat": 38.6074052, "lon": -121.2946723, "source": "OSM_Tier_2" }, "geometry": { "type": "Point", "coordinates": [ -121.2946723, 38.6074052 ] } },
{ "type": "Feature", "properties": { "id": 358836596, "name": "Cordova Neighborhood Church", "category": "place_of_worship", "lat": 38.6085162, "lon": -121.2930055, "source": "OSM_Tier_2" }, "geometry": { "type": "Point", "coordinates": [ -121.2930055, 38.6085162 ] } },
{ "type": "Feature", "properties": { "id": 358836599, "name": "Cordova Presbyterian Church", "category": "place_of_worship", "lat": 38.605183, "lon": -121.2966168, "source": "OSM_Tier_2" }, "geometry": { "type": "Point", "coordinates": [ -121.2966168, 38.605183 ] } },
{ "type": "Feature", "properties": { "id": 358836601, "name": "Cornerstone Christian Assembly Church", "category": "place_of_worship", "lat": 38.6182378, "lon": -121.4366205, "source": "OSM_Tier_2" }, "geometry": { "type": "Point", "coordinates": [ -121.4366205, 38.6182378 ] } },
{ "type": "Feature", "properties": { "id": 358836602, "name": "Cottage Way Christian Church", "category": "place_of_worship", "lat": 38.603516, "lon": -121.4182866, "source": "OSM_Tier_2" }, "geometry": { "type": "Point", "coordinates": [ -121.4182866, 38.603516 ] } },
{ "type": "Feature", "properties": { "id": 358836614, "name": "El Camino Baptist Church", "category": "place_of_worship", "lat": 38.6109679, "lon": -121.39857, "source": "OSM_Tier_2" }, "geometry": { "type": "Point", "coordinates": [ -121.39857, 38.6109679 ] } },
{ "type": "Feature", "properties": { "id": 358836617, "name": "Elevation of the Holy Cross Orthodox Church", "category": "place_of_worship", "lat": 38.6104605, "lon": -121.362174, "source": "OSM_Tier_2" }, "geometry": { "type": "Point", "coordinates": [ -121.362174, 38.6104605 ] } },
{ "type": "Feature", "properties": { "id": 358836619, "name": "Faith Tabernacle Church", "category": "place_of_worship", "lat": 38.62046, "lon": -121.4466208, "source": "OSM_Tier_2" }, "geometry": { "type": "Point", "coordinates": [ -121.4466208, 38.62046 ] } },
{ "type": "Feature", "properties": { "id": 358836623, "name": "Fifth Church of Christ Scientist", "category": "place_of_worship", "lat": 38.6035161, "lon": -121.3877303, "source": "OSM_Tier_2" }, "geometry": { "type": "Point", "coordinates": [ -121.3877303, 38.6035161 ] } },
{ "type": "Feature", "properties": { "id": 358836631, "name": "First Baptist Church of Rancho Cordova", "category": "place_of_worship", "lat": 38.6129606, "lon": -121.288561, "source": "OSM_Tier_2" }, "geometry": { "type": "Point", "coordinates": [ -121.288561, 38.6129606 ] } },
{ "type": "Feature", "properties": { "id": 358836637, "name": "First Church of Christ Scientist", "category": "place_of_worship", "lat": 38.6143492, "lon": -121.3485626, "source": "OSM_Tier_2" }, "geometry": { "type": "Point", "coordinates": [ -121.3485626, 38.6143492 ] } },
{ "type": "Feature", "properties": { "id": 358836639, "name": "First Covenant Church", "category": "place_of_worship", "lat": 38.5639501, "lon": -121.3668954, "source": "OSM_Tier_2" }, "geometry": { "type": "Point", "coordinates": [ -121.3668954, 38.5639501 ] } },
{ "type": "Feature", "properties": { "id": 358836641, "name": "Gethsemane Lutheran Church", "category": "place_of_worship", "lat": 38.5949053, "lon": -121.3549516, "source": "OSM_Tier_2" }, "geometry": { "type": "Point", "coordinates": [ -121.3549516, 38.5949053 ] } },
{ "type": "Feature", "properties": { "id": 358836643, "name": "Good Shepherd Lutheran Church", "category": "place_of_worship", "lat": 38.595183, "lon": -121.3930081, "source": "OSM_Tier_2" }, "geometry": { "type": "Point", "coordinates": [ -121.3930081, 38.595183 ] } },
{ "type": "Feature", "properties": { "id": 358836645, "name": "Grace Lutheran Church", "category": "place_of_worship", "lat": 38.6132383, "lon": -121.2871721, "source": "OSM_Tier_2" }, "geometry": { "type": "Point", "coordinates": [ -121.2871721, 38.6132383 ] } },
{ "type": "Feature", "properties": { "id": 358836646, "name": "Grace Presbyterian Church", "category": "place_of_worship", "lat": 38.5921276, "lon": -121.3635629, "source": "OSM_Tier_2" }, "geometry": { "type": "Point", "coordinates": [ -121.3635629, 38.5921276 ] } },
{ "type": "Feature", "properties": { "id": 358836649, "name": "Greater Hill Zion Missionary Baptist Church", "category": "place_of_worship", "lat": 38.5707393, "lon": -121.3405067, "source": "OSM_Tier_2" }, "geometry": { "type": "Point", "coordinates": [ -121.3405067, 38.5707393 ] } },
{ "type": "Feature", "properties": { "id": 358836650, "name": "Hope Community Reformed Church", "category": "place_of_worship", "lat": 38.6021271, "lon": -121.4196755, "source": "OSM_Tier_2" }, "geometry": { "type": "Point", "coordinates": [ -121.4196755, 38.6021271 ] } },
{ "type": "Feature", "properties": { "id": 358836653, "name": "Immanuel Baptist Church", "category": "place_of_worship", "lat": 38.5996272, "lon": -121.4149532, "source": "OSM_Tier_2" }, "geometry": { "type": "Point", "coordinates": [ -121.4149532, 38.5996272 ] } },
{ "type": "Feature", "properties": { "id": 358836656, "name": "Kingdom Hall of Jehovahs Witnesses", "category": "place_of_worship", "lat": 38.6151824, "lon": -121.4210645, "source": "OSM_Tier_2" }, "geometry": { "type": "Point", "coordinates": [ -121.4210645, 38.6151824 ] } },
{ "type": "Feature", "properties": { "id": 358836661, "name": "Korean Carmichael Presbyterian Church", "category": "place_of_worship", "lat": 38.6182381, "lon": -121.3327289, "source": "OSM_Tier_2" }, "geometry": { "type": "Point", "coordinates": [ -121.3327289, 38.6182381 ] } },
{ "type": "Feature", "properties": { "id": 358836662, "name": "Korean United Methodist Church", "category": "place_of_worship", "lat": 38.6023772, "lon": -121.2902263, "source": "OSM_Tier_2" }, "geometry": { "type": "Point", "coordinates": [ -121.2902263, 38.6023772 ] } },
{ "type": "Feature", "properties": { "id": 358836669, "name": "Lutheran Church of Our Redeemer", "category": "place_of_worship", "lat": 38.6176825, "lon": -121.3560628, "source": "OSM_Tier_2" }, "geometry": { "type": "Point", "coordinates": [ -121.3560628, 38.6176825 ] } },
{ "type": "Feature", "properties": { "id": 358836674, "name": "Miracle Temple Church of God in Christ", "category": "place_of_worship", "lat": 38.6215711, "lon": -121.4363427, "source": "OSM_Tier_2" }, "geometry": { "type": "Point", "coordinates": [ -121.4363427, 38.6215711 ] } },
{ "type": "Feature", "properties": { "id": 358836680, "name": "New Life Center", "category": "place_of_worship", "lat": 38.6043497, "lon": -121.2891166, "source": "OSM_Tier_2" }, "geometry": { "type": "Point", "coordinates": [ -121.2891166, 38.6043497 ] } },
{ "type": "Feature", "properties": { "id": 358836688, "name": "Potters House Church of God in Christ", "category": "place_of_worship", "lat": 38.6212933, "lon": -121.4321759, "source": "OSM_Tier_2" }, "geometry": { "type": "Point", "coordinates": [ -121.4321759, 38.6212933 ] } },
{ "type": "Feature", "properties": { "id": 358836694, "name": "Rancho Cordova United Methodist Church", "category": "place_of_worship", "lat": 38.6024053, "lon": -121.2902277, "source": "OSM_Tier_2" }, "geometry": { "type": "Point", "coordinates": [ -121.2902277, 38.6024053 ] } },
{ "type": "Feature", "properties": { "id": 358836702, "name": "Saint Clements Episcopal Church", "category": "place_of_worship", "lat": 38.6054608, "lon": -121.2871721, "source": "OSM_Tier_2" }, "geometry": { "type": "Point", "coordinates": [ -121.2871721, 38.6054608 ] } },
{ "type": "Feature", "properties": { "id": 358836703, "name": "Saint George Melkite Greek Catholic Church", "category": "place_of_worship", "lat": 38.5943495, "lon": -121.4110642, "source": "OSM_Tier_2" }, "geometry": { "type": "Point", "coordinates": [ -121.4110642, 38.5943495 ] } },
{ "type": "Feature", "properties": { "id": 358836709, "name": "Saint Marks United Methodist Church", "category": "place_of_worship", "lat": 38.6076827, "lon": -121.3749522, "source": "OSM_Tier_2" }, "geometry": { "type": "Point", "coordinates": [ -121.3749522, 38.6076827 ] } },
{ "type": "Feature", "properties": { "id": 358836712, "name": "Saint Matthews Episcopal Church", "category": "place_of_worship", "lat": 38.62296, "lon": -121.4099531, "source": "OSM_Tier_2" }, "geometry": { "type": "Point", "coordinates": [ -121.4099531, 38.62296 ] } },
{ "type": "Feature", "properties": { "id": 358836715, "name": "Saint Michaels Episcopal Church", "category": "place_of_worship", "lat": 38.6040718, "lon": -121.3549516, "source": "OSM_Tier_2" }, "geometry": { "type": "Point", "coordinates": [ -121.3549516, 38.6040718 ] } },
{ "type": "Feature", "properties": { "id": 358836719, "name": "Sierra Arden United Church of Christ", "category": "place_of_worship", "lat": 38.5810166, "lon": -121.3916192, "source": "OSM_Tier_2" }, "geometry": { "type": "Point", "coordinates": [ -121.3916192, 38.5810166 ] } },
{ "type": "Feature", "properties": { "id": 358836728, "name": "Starr King Middle School", "category": "school", "lat": 38.600183, "lon": -121.3535627, "source": "OSM_Tier_2" }, "geometry": { "type": "Point", "coordinates": [ -121.3535627, 38.600183 ] } },
{ "type": "Feature", "properties": { "id": 358836731, "name": "The Bible Chapel", "category": "place_of_worship", "lat": 38.6087937, "lon": -121.4224534, "source": "OSM_Tier_2" }, "geometry": { "type": "Point", "coordinates": [ -121.4224534, 38.6087937 ] } },
{ "type": "Feature", "properties": { "id": 358836733, "name": "Town and Country Lutheran Church", "category": "place_of_worship", "lat": 38.6179603, "lon": -121.3702299, "source": "OSM_Tier_2" }, "geometry": { "type": "Point", "coordinates": [ -121.3702299, 38.6179603 ] } },
{ "type": "Feature", "properties": { "id": 358836734, "name": "Unitarian Universalist Society of Sacramento", "category": "place_of_worship", "lat": 38.5784321, "lon": -121.4050387, "source": "OSM_Tier_2" }, "geometry": { "type": "Point", "coordinates": [ -121.4050387, 38.5784321 ] } },
{ "type": "Feature", "properties": { "id": 358836737, "name": "Vedanta Society of Sacramento", "category": "place_of_worship", "lat": 38.5893498, "lon": -121.3555071, "source": "OSM_Tier_2" }, "geometry": { "type": "Point", "coordinates": [ -121.3555071, 38.5893498 ] } },
{ "type": "Feature", "properties": { "id": 358836740, "name": "Victory Christian Church", "category": "place_of_worship", "lat": 38.6201825, "lon": -121.3371734, "source": "OSM_Tier_2" }, "geometry": { "type": "Point", "coordinates": [ -121.3371734, 38.6201825 ] } },
{ "type": "Feature", "properties": { "id": 358836744, "name": "Victory Christian High School", "category": "school", "lat": 38.6204603, "lon": -121.3374512, "source": "OSM_Tier_2" }, "geometry": { "type": "Point", "coordinates": [ -121.3374512, 38.6204603 ] } },
{ "type": "Feature", "properties": { "id": 358836775, "name": "Calvary Assembly of God Church", "category": "place_of_worship", "lat": 38.6785146, "lon": -121.171336, "source": "OSM_Tier_2" }, "geometry": { "type": "Point", "coordinates": [ -121.171336, 38.6785146 ] } },
{ "type": "Feature", "properties": { "id": 358836781, "name": "Community Bible Church", "category": "place_of_worship", "lat": 38.6760146, "lon": -121.1727249, "source": "OSM_Tier_2" }, "geometry": { "type": "Point", "coordinates": [ -121.1727249, 38.6760146 ] } },
{ "type": "Feature", "properties": { "id": 358836805, "name": "Landmark Baptist Church", "category": "place_of_worship", "lat": 38.6782368, "lon": -121.1732804, "source": "OSM_Tier_2" }, "geometry": { "type": "Point", "coordinates": [ -121.1732804, 38.6782368 ] } },
{ "type": "Feature", "properties": { "id": 358836810, "name": "Mount Olive Lutheran Pre-School", "category": "school", "lat": 38.6757369, "lon": -121.1535577, "source": "OSM_Tier_2" }, "geometry": { "type": "Point", "coordinates": [ -121.1535577, 38.6757369 ] } },
{ "type": "Feature", "properties": { "id": 358836817, "name": "Saint Athanasius Orthodox Church", "category": "place_of_worship", "lat": 38.4701863, "lon": -121.3893964, "source": "OSM_Tier_2" }, "geometry": { "type": "Point", "coordinates": [ -121.3893964, 38.4701863 ] } },
{ "type": "Feature", "properties": { "id": 358836836, "name": "Elk Grove Church of the Nazarene", "category": "place_of_worship", "lat": 38.401855, "lon": -121.3763401, "source": "OSM_Tier_2" }, "geometry": { "type": "Point", "coordinates": [ -121.3763401, 38.401855 ] } },
{ "type": "Feature", "properties": { "id": 358836842, "name": "Ellen Feickert Elementary School", "category": "school", "lat": 38.4174669, "lon": -121.3869208, "source": "OSM_Tier_2" }, "geometry": { "type": "Point", "coordinates": [ -121.3869208, 38.4174669 ] } },
{ "type": "Feature", "properties": { "id": 358836844, "name": "Faith Community United Church of Christ Congregational", "category": "place_of_worship", "lat": 38.4865744, "lon": -121.4471759, "source": "OSM_Tier_2" }, "geometry": { "type": "Point", "coordinates": [ -121.4471759, 38.4865744 ] } },
{ "type": "Feature", "properties": { "id": 358836859, "name": "Franklin Elementary School", "category": "school", "lat": 38.3765777, "lon": -121.457453, "source": "OSM_Tier_2" }, "geometry": { "type": "Point", "coordinates": [ -121.457453, 38.3765777 ] } },
{ "type": "Feature", "properties": { "id": 358836861, "name": "Full Gospel Worship Center", "category": "place_of_worship", "lat": 38.4765748, "lon": -121.4268975, "source": "OSM_Tier_2" }, "geometry": { "type": "Point", "coordinates": [ -121.4268975, 38.4765748 ] } },
{ "type": "Feature", "properties": { "id": 358836866, "name": "Iglesia de Cristo", "category": "place_of_worship", "lat": 38.4818523, "lon": -121.4391201, "source": "OSM_Tier_2" }, "geometry": { "type": "Point", "coordinates": [ -121.4391201, 38.4818523 ] } },
{ "type": "Feature", "properties": { "id": 358836879, "name": "Parkway Church of Christ", "category": "place_of_worship", "lat": 38.4818523, "lon": -121.4391201, "source": "OSM_Tier_2" }, "geometry": { "type": "Point", "coordinates": [ -121.4391201, 38.4818523 ] } },
{ "type": "Feature", "properties": { "id": 358836885, "name": "Saint Lukes Lutheran Church", "category": "place_of_worship", "lat": 38.4818523, "lon": -121.4413424, "source": "OSM_Tier_2" }, "geometry": { "type": "Point", "coordinates": [ -121.4413424, 38.4818523 ] } },
{ "type": "Feature", "properties": { "id": 358836888, "name": "South Side Missionary Baptist Church", "category": "place_of_worship", "lat": 38.48463, "lon": -121.4385645, "source": "OSM_Tier_2" }, "geometry": { "type": "Point", "coordinates": [ -121.4385645, 38.48463 ] } },
{ "type": "Feature", "properties": { "id": 358836921, "name": "Country Oaks Baptist Church", "category": "place_of_worship", "lat": 38.4296322, "lon": -121.3018939, "source": "OSM_Tier_2" }, "geometry": { "type": "Point", "coordinates": [ -121.3018939, 38.4296322 ] } },
{ "type": "Feature", "properties": { "id": 358836925, "name": "Estrellita High School", "category": "school", "lat": 38.2853973, "lon": -121.2812806, "source": "OSM_Tier_2" }, "geometry": { "type": "Point", "coordinates": [ -121.2812806, 38.2853973 ] } },
{ "type": "Feature", "properties": { "id": 358836932, "name": "Isleton Elementary School", "category": "school", "lat": 38.1613059, "lon": -121.6091206, "source": "OSM_Tier_2" }, "geometry": { "type": "Point", "coordinates": [ -121.6091206, 38.1613059 ] } },
{ "type": "Feature", "properties": { "id": 358836941, "name": "Point Pleasant United Methodist Church", "category": "place_of_worship", "lat": 38.3313013, "lon": -121.4641195, "source": "OSM_Tier_2" }, "geometry": { "type": "Point", "coordinates": [ -121.4641195, 38.3313013 ] } },
{ "type": "Feature", "properties": { "id": 358836948, "name": "River Oaks Elementary School", "category": "school", "lat": 38.2751923, "lon": -121.295504, "source": "OSM_Tier_2" }, "geometry": { "type": "Point", "coordinates": [ -121.295504, 38.2751923 ] } },
{ "type": "Feature", "properties": { "id": 358836952, "name": "Saint Lukes Episcopal Church", "category": "place_of_worship", "lat": 38.2526929, "lon": -121.3077265, "source": "OSM_Tier_2" }, "geometry": { "type": "Point", "coordinates": [ -121.3077265, 38.2526929 ] } },
{ "type": "Feature", "properties": { "id": 358836958, "name": "Vernon E Greer Middle School", "category": "school", "lat": 38.253804, "lon": -121.3218934, "source": "OSM_Tier_2" }, "geometry": { "type": "Point", "coordinates": [ -121.3218934, 38.253804 ] } },
{ "type": "Feature", "properties": { "id": 358836965, "name": "Wilton Bible Church", "category": "place_of_worship", "lat": 38.4051887, "lon": -121.251337, "source": "OSM_Tier_2" }, "geometry": { "type": "Point", "coordinates": [ -121.251337, 38.4051887 ] } },
{ "type": "Feature", "properties": { "id": 358836967, "name": "Wilton Christian School", "category": "school", "lat": 38.4054665, "lon": -121.251337, "source": "OSM_Tier_2" }, "geometry": { "type": "Point", "coordinates": [ -121.251337, 38.4054665 ] } },
{ "type": "Feature", "properties": { "id": 358836968, "name": "Wilton Christian High School", "category": "school", "lat": 38.4049109, "lon": -121.2516148, "source": "OSM_Tier_2" }, "geometry": { "type": "Point", "coordinates": [ -121.2516148, 38.4049109 ] } },
{ "type": "Feature", "properties": { "id": 358836974, "name": "Church of Christ", "category": "place_of_worship", "lat": 38.4749081, "lon": -121.4424535, "source": "OSM_Tier_2" }, "geometry": { "type": "Point", "coordinates": [ -121.4424535, 38.4749081 ] } },
{ "type": "Feature", "properties": { "id": 358836975, "name": "Church of the Living God Worship Center", "category": "place_of_worship", "lat": 38.4962965, "lon": -121.416064, "source": "OSM_Tier_2" }, "geometry": { "type": "Point", "coordinates": [ -121.416064, 38.4962965 ] } },
{ "type": "Feature", "properties": { "id": 358836977, "name": "Citadel Baptist Church", "category": "place_of_worship", "lat": 38.4585197, "lon": -121.4380087, "source": "OSM_Tier_2" }, "geometry": { "type": "Point", "coordinates": [ -121.4380087, 38.4585197 ] } },
{ "type": "Feature", "properties": { "id": 358836986, "name": "Crossroads Community Church", "category": "place_of_worship", "lat": 38.449909, "lon": -121.406619, "source": "OSM_Tier_2" }, "geometry": { "type": "Point", "coordinates": [ -121.406619, 38.449909 ] } },
{ "type": "Feature", "properties": { "id": 358836992, "name": "Florin Assembly of God Church", "category": "place_of_worship", "lat": 38.4935189, "lon": -121.3910633, "source": "OSM_Tier_2" }, "geometry": { "type": "Point", "coordinates": [ -121.3910633, 38.4935189 ] } },
{ "type": "Feature", "properties": { "id": 358836993, "name": "Florin Baptist Church", "category": "place_of_worship", "lat": 38.495741, "lon": -121.3988414, "source": "OSM_Tier_2" }, "geometry": { "type": "Point", "coordinates": [ -121.3988414, 38.495741 ] } },
{ "type": "Feature", "properties": { "id": 358836998, "name": "Florin Church of the Nazarene", "category": "place_of_worship", "lat": 38.4968521, "lon": -121.3910634, "source": "OSM_Tier_2" }, "geometry": { "type": "Point", "coordinates": [ -121.3910634, 38.4968521 ] } },
{ "type": "Feature", "properties": { "id": 358837000, "name": "Florin United Methodist Church", "category": "place_of_worship", "lat": 38.4956041, "lon": -121.4152913, "source": "OSM_Tier_2" }, "geometry": { "type": "Point", "coordinates": [ -121.4152913, 38.4956041 ] } },
{ "type": "Feature", "properties": { "id": 358837026, "name": "Prince of Peace Baptist Church", "category": "place_of_worship", "lat": 38.48463, "lon": -121.4532871, "source": "OSM_Tier_2" }, "geometry": { "type": "Point", "coordinates": [ -121.4532871, 38.48463 ] } },
{ "type": "Feature", "properties": { "id": 358837028, "name": "Rio Cazadero Continuation High School", "category": "school", "lat": 38.4703992, "lon": -121.432716, "source": "OSM_Tier_2" }, "geometry": { "type": "Point", "coordinates": [ -121.432716, 38.4703992 ] } },
{ "type": "Feature", "properties": { "id": 358837030, "name": "Saint Jude Christian Tabernacle", "category": "place_of_worship", "lat": 38.4962966, "lon": -121.3996747, "source": "OSM_Tier_2" }, "geometry": { "type": "Point", "coordinates": [ -121.3996747, 38.4962966 ] } },
{ "type": "Feature", "properties": { "id": 358837042, "name": "Union House Elementary School", "category": "school", "lat": 38.4721304, "lon": -121.4527315, "source": "OSM_Tier_2" }, "geometry": { "type": "Point", "coordinates": [ -121.4527315, 38.4721304 ] } },
{ "type": "Feature", "properties": { "id": 358837054, "name": "Calvary Temple", "category": "place_of_worship", "lat": 38.4960183, "lon": -121.5030107, "source": "OSM_Tier_2" }, "geometry": { "type": "Point", "coordinates": [ -121.5030107, 38.4960183 ] } },
{ "type": "Feature", "properties": { "id": 358837072, "name": "Genesis Missionary Baptist Church", "category": "place_of_worship", "lat": 38.4818522, "lon": -121.4749544, "source": "OSM_Tier_2" }, "geometry": { "type": "Point", "coordinates": [ -121.4749544, 38.4818522 ] } },
{ "type": "Feature", "properties": { "id": 358837078, "name": "Isabelle Jackson Elementary School", "category": "school", "lat": 38.4624087, "lon": -121.3918964, "source": "OSM_Tier_2" }, "geometry": { "type": "Point", "coordinates": [ -121.3918964, 38.4624087 ] } },
{ "type": "Feature", "properties": { "id": 358837105, "name": "Memorial Christian Life Center", "category": "place_of_worship", "lat": 38.4818522, "lon": -121.4732876, "source": "OSM_Tier_2" }, "geometry": { "type": "Point", "coordinates": [ -121.4732876, 38.4818522 ] } },
{ "type": "Feature", "properties": { "id": 358837108, "name": "Moments of Blessing House of Prayer", "category": "place_of_worship", "lat": 38.4857409, "lon": -121.4810657, "source": "OSM_Tier_2" }, "geometry": { "type": "Point", "coordinates": [ -121.4810657, 38.4857409 ] } },
{ "type": "Feature", "properties": { "id": 358837112, "name": "Empire Oaks Elementary School", "category": "school", "lat": 38.6778084, "lon": -121.1086755, "source": "OSM_Tier_2" }, "geometry": { "type": "Point", "coordinates": [ -121.1086755, 38.6778084 ] } },
{ "type": "Feature", "properties": { "id": 358837130, "name": "New Hope Community Church", "category": "place_of_worship", "lat": 38.4818522, "lon": -121.4963439, "source": "OSM_Tier_2" }, "geometry": { "type": "Point", "coordinates": [ -121.4963439, 38.4818522 ] } },
{ "type": "Feature", "properties": { "id": 358837131, "name": "Sacramento Christian Reformed Church", "category": "place_of_worship", "lat": 38.4953801, "lon": -121.5038586, "source": "OSM_Tier_2" }, "geometry": { "type": "Point", "coordinates": [ -121.5038586, 38.4953801 ] } },
{ "type": "Feature", "properties": { "id": 358837134, "name": "Saint Philip the Apostle Byzantine Catholic Church", "category": "place_of_worship", "lat": 38.4962965, "lon": -121.4191197, "source": "OSM_Tier_2" }, "geometry": { "type": "Point", "coordinates": [ -121.4191197, 38.4962965 ] } },
{ "type": "Feature", "properties": { "id": 358837137, "name": "Sierra Vista Christian Church", "category": "place_of_worship", "lat": 38.4593532, "lon": -121.3918964, "source": "OSM_Tier_2" }, "geometry": { "type": "Point", "coordinates": [ -121.3918964, 38.4593532 ] } },
{ "type": "Feature", "properties": { "id": 358837141, "name": "Southgate Seventh Day Adventist Church", "category": "place_of_worship", "lat": 38.4818521, "lon": -121.4835657, "source": "OSM_Tier_2" }, "geometry": { "type": "Point", "coordinates": [ -121.4835657, 38.4818521 ] } },
{ "type": "Feature", "properties": { "id": 358837145, "name": "Wat Lao Saophuph", "category": "place_of_worship", "lat": 38.4829705, "lon": -121.3600699, "source": "OSM_Tier_2" }, "geometry": { "type": "Point", "coordinates": [ -121.3600699, 38.4829705 ] } },
{ "type": "Feature", "properties": { "id": 358837147, "name": "(FSEBC) First Slavic Evangelical Baptist Church", "category": "place_of_worship", "lat": 38.4946295, "lon": -121.4971773, "source": "OSM_Tier_2" }, "geometry": { "type": "Point", "coordinates": [ -121.4971773, 38.4946295 ] } },
{ "type": "Feature", "properties": { "id": 358837157, "name": "Elk Grove Adult Education School", "category": "school", "lat": 38.4140769, "lon": -121.372729, "source": "OSM_Tier_2" }, "geometry": { "type": "Point", "coordinates": [ -121.372729, 38.4140769 ] } },
{ "type": "Feature", "properties": { "id": 358837161, "name": "First Baptist Church of Elk Grove", "category": "place_of_worship", "lat": 38.410466, "lon": -121.361062, "source": "OSM_Tier_2" }, "geometry": { "type": "Point", "coordinates": [ -121.361062, 38.410466 ] } },
{ "type": "Feature", "properties": { "id": 358837162, "name": "Elk Grove Congregational Church", "category": "place_of_worship", "lat": 38.4074104, "lon": -121.373006, "source": "OSM_Tier_2" }, "geometry": { "type": "Point", "coordinates": [ -121.373006, 38.4074104 ] } },
{ "type": "Feature", "properties": { "id": 358837166, "name": "Elk Grove United Methodist Church", "category": "place_of_worship", "lat": 38.4087993, "lon": -121.3677288, "source": "OSM_Tier_2" }, "geometry": { "type": "Point", "coordinates": [ -121.3677288, 38.4087993 ] } },
{ "type": "Feature", "properties": { "id": 358837171, "name": "Saint Barnabus the Apostle Eastern Orthodox Church", "category": "place_of_worship", "lat": 38.4076882, "lon": -121.3677288, "source": "OSM_Tier_2" }, "geometry": { "type": "Point", "coordinates": [ -121.3677288, 38.4076882 ] } },
{ "type": "Feature", "properties": { "id": 358837174, "name": "Saint Marys Episcopal Church", "category": "place_of_worship", "lat": 38.4529647, "lon": -121.362729, "source": "OSM_Tier_2" }, "geometry": { "type": "Point", "coordinates": [ -121.362729, 38.4529647 ] } },
{ "type": "Feature", "properties": { "id": 358837175, "name": "Saint Peters Lutheran Church", "category": "place_of_worship", "lat": 38.4451871, "lon": -121.3713403, "source": "OSM_Tier_2" }, "geometry": { "type": "Point", "coordinates": [ -121.3713403, 38.4451871 ] } },
{ "type": "Feature", "properties": { "id": 358852224, "name": "Al-arqam Islamic School", "category": "school", "lat": 38.4996296, "lon": -121.439398, "source": "OSM_Tier_2" }, "geometry": { "type": "Point", "coordinates": [ -121.439398, 38.4996296 ] } },
{ "type": "Feature", "properties": { "id": 358852228, "name": "Alicante School Laguna", "category": "school", "lat": 38.4268539, "lon": -121.4616202, "source": "OSM_Tier_2" }, "geometry": { "type": "Point", "coordinates": [ -121.4616202, 38.4268539 ] } },
{ "type": "Feature", "properties": { "id": 358852232, "name": "Antelope Meadows Elementary School", "category": "school", "lat": 38.7218464, "lon": -121.358841, "source": "OSM_Tier_2" }, "geometry": { "type": "Point", "coordinates": [ -121.358841, 38.7218464 ] } },
{ "type": "Feature", "properties": { "id": 358852236, "name": "Atkinson Youth Services School", "category": "school", "lat": 38.5735169, "lon": -121.3805077, "source": "OSM_Tier_2" }, "geometry": { "type": "Point", "coordinates": [ -121.3805077, 38.5735169 ] } },
{ "type": "Feature", "properties": { "id": 358852239, "name": "Bradshaw Christian School", "category": "school", "lat": 38.4549092, "lon": -121.335506, "source": "OSM_Tier_2" }, "geometry": { "type": "Point", "coordinates": [ -121.335506, 38.4549092 ] } },
{ "type": "Feature", "properties": { "id": 358852248, "name": "Calvary Baptist Church School", "category": "school", "lat": 38.6874028, "lon": -121.4285649, "source": "OSM_Tier_2" }, "geometry": { "type": "Point", "coordinates": [ -121.4285649, 38.6874028 ] } },
{ "type": "Feature", "properties": { "id": 358852250, "name": "Camellia Waldorf School", "category": "school", "lat": 38.5212955, "lon": -121.4966219, "source": "OSM_Tier_2" }, "geometry": { "type": "Point", "coordinates": [ -121.4966219, 38.5212955 ] } },
{ "type": "Feature", "properties": { "id": 358852252, "name": "Capital City School", "category": "school", "lat": 38.4987962, "lon": -121.4618986, "source": "OSM_Tier_2" }, "geometry": { "type": "Point", "coordinates": [ -121.4618986, 38.4987962 ] } },
{ "type": "Feature", "properties": { "id": 358852253, "name": "Capitol Heights Academy", "category": "school", "lat": 38.5551837, "lon": -121.4702323, "source": "OSM_Tier_2" }, "geometry": { "type": "Point", "coordinates": [ -121.4702323, 38.5551837 ] } },
{ "type": "Feature", "properties": { "id": 358852255, "name": "Carden School of Sacramento", "category": "school", "lat": 38.6171268, "lon": -121.3927305, "source": "OSM_Tier_2" }, "geometry": { "type": "Point", "coordinates": [ -121.3927305, 38.6171268 ] } },
{ "type": "Feature", "properties": { "id": 358852256, "name": "Carden Sunrise Christian School", "category": "school", "lat": 38.7001805, "lon": -121.2805055, "source": "OSM_Tier_2" }, "geometry": { "type": "Point", "coordinates": [ -121.2805055, 38.7001805 ] } },
{ "type": "Feature", "properties": { "id": 358852259, "name": "Carousel School", "category": "school", "lat": 38.5819959, "lon": -121.3189993, "source": "OSM_Tier_2" }, "geometry": { "type": "Point", "coordinates": [ -121.3189993, 38.5819959 ] } },
{ "type": "Feature", "properties": { "id": 358852262, "name": "Childrens Home Connection, Inc", "category": "school", "lat": 38.4993517, "lon": -121.4649543, "source": "OSM_Tier_2" }, "geometry": { "type": "Point", "coordinates": [ -121.4649543, 38.4993517 ] } },
{ "type": "Feature", "properties": { "id": 358852266, "name": "Cordova Villa Center", "category": "school", "lat": 38.5787948, "lon": -121.2999501, "source": "OSM_Tier_2" }, "geometry": { "type": "Point", "coordinates": [ -121.2999501, 38.5787948 ] } },
{ "type": "Feature", "properties": { "id": 358852269, "name": "Countryside Montessori School", "category": "school", "lat": 38.6710271, "lon": -121.2917929, "source": "OSM_Tier_2" }, "geometry": { "type": "Point", "coordinates": [ -121.2917929, 38.6710271 ] } },
{ "type": "Feature", "properties": { "id": 358852271, "name": "Creative Frontiers Elementary School", "category": "school", "lat": 38.6843475, "lon": -121.2885612, "source": "OSM_Tier_2" }, "geometry": { "type": "Point", "coordinates": [ -121.2885612, 38.6843475 ] } },
{ "type": "Feature", "properties": { "id": 358852274, "name": "Discovery High School", "category": "school", "lat": 38.6332373, "lon": -121.4941221, "source": "OSM_Tier_2" }, "geometry": { "type": "Point", "coordinates": [ -121.4941221, 38.6332373 ] } },
{ "type": "Feature", "properties": { "id": 358852277, "name": "Eastside Charter School", "category": "school", "lat": 38.6860141, "lon": -121.356618, "source": "OSM_Tier_2" }, "geometry": { "type": "Point", "coordinates": [ -121.356618, 38.6860141 ] } },
{ "type": "Feature", "properties": { "id": 358852282, "name": "El Centro Junior Senior High School", "category": "school", "lat": 38.546851, "lon": -121.3399511, "source": "OSM_Tier_2" }, "geometry": { "type": "Point", "coordinates": [ -121.3399511, 38.546851 ] } },
{ "type": "Feature", "properties": { "id": 358852285, "name": "El Rancho School", "category": "school", "lat": 38.6096272, "lon": -121.3330066, "source": "OSM_Tier_2" }, "geometry": { "type": "Point", "coordinates": [ -121.3330066, 38.6096272 ] } },
{ "type": "Feature", "properties": { "id": 358852290, "name": "Elk Grove Charter School", "category": "school", "lat": 38.4093947, "lon": -121.3637447, "source": "OSM_Tier_2" }, "geometry": { "type": "Point", "coordinates": [ -121.3637447, 38.4093947 ] } },
{ "type": "Feature", "properties": { "id": 358852294, "name": "Elk Grove Montessori School", "category": "school", "lat": 38.4112992, "lon": -121.376618, "source": "OSM_Tier_2" }, "geometry": { "type": "Point", "coordinates": [ -121.376618, 38.4112992 ] } },
{ "type": "Feature", "properties": { "id": 358852298, "name": "Faith Christian Academy", "category": "school", "lat": 38.6896252, "lon": -121.2793943, "source": "OSM_Tier_2" }, "geometry": { "type": "Point", "coordinates": [ -121.2793943, 38.6896252 ] } },
{ "type": "Feature", "properties": { "id": 358852301, "name": "Folsom Hills Elementary School", "category": "school", "lat": 38.68657, "lon": -121.1296682, "source": "OSM_Tier_2" }, "geometry": { "type": "Point", "coordinates": [ -121.1296682, 38.68657 ] } },
{ "type": "Feature", "properties": { "id": 358852302, "name": "Folsom Lake High School", "category": "school", "lat": 38.6724036, "lon": -121.1702248, "source": "OSM_Tier_2" }, "geometry": { "type": "Point", "coordinates": [ -121.1702248, 38.6724036 ] } },
{ "type": "Feature", "properties": { "id": 358852308, "name": "Franklin D Roosevelt School", "category": "school", "lat": 38.4974074, "lon": -121.4543984, "source": "OSM_Tier_2" }, "geometry": { "type": "Point", "coordinates": [ -121.4543984, 38.4974074 ] } },
{ "type": "Feature", "properties": { "id": 358852309, "name": "Franklin High School", "category": "school", "lat": 38.3929662, "lon": -121.43023, "source": "OSM_Tier_2" }, "geometry": { "type": "Point", "coordinates": [ -121.43023, 38.3929662 ] } },
{ "type": "Feature", "properties": { "id": 358852311, "name": "Galt Adventist Christian School", "category": "school", "lat": 38.257415, "lon": -121.3035597, "source": "OSM_Tier_2" }, "geometry": { "type": "Point", "coordinates": [ -121.3035597, 38.257415 ] } },
{ "type": "Feature", "properties": { "id": 358852313, "name": "Glenwood Elementary School", "category": "school", "lat": 38.644626, "lon": -121.4630101, "source": "OSM_Tier_2" }, "geometry": { "type": "Point", "coordinates": [ -121.4630101, 38.644626 ] } },
{ "type": "Feature", "properties": { "id": 358852323, "name": "Herman Leimbach Elementary School", "category": "school", "lat": 38.4632418, "lon": -121.4230084, "source": "OSM_Tier_2" }, "geometry": { "type": "Point", "coordinates": [ -121.4230084, 38.4632418 ] } },
{ "type": "Feature", "properties": { "id": 358852337, "name": "Kipp Sol Aureus College Preparatory", "category": "school", "lat": 38.5282399, "lon": -121.466621, "source": "OSM_Tier_2" }, "geometry": { "type": "Point", "coordinates": [ -121.466621, 38.5282399 ] } },
{ "type": "Feature", "properties": { "id": 358852339, "name": "Land Park Academy", "category": "school", "lat": 38.5101847, "lon": -121.5032886, "source": "OSM_Tier_2" }, "geometry": { "type": "Point", "coordinates": [ -121.5032886, 38.5101847 ] } },
{ "type": "Feature", "properties": { "id": 358852358, "name": "Christian Faith Church", "category": "place_of_worship", "lat": 38.6880369, "lon": -121.3453637, "source": "OSM_Tier_2" }, "geometry": { "type": "Point", "coordinates": [ -121.3453637, 38.6880369 ] } },
{ "type": "Feature", "properties": { "id": 358852361, "name": "Marengo Ranch Elementary School", "category": "school", "lat": 38.2835254, "lon": -121.2910596, "source": "OSM_Tier_2" }, "geometry": { "type": "Point", "coordinates": [ -121.2910596, 38.2835254 ] } },
{ "type": "Feature", "properties": { "id": 358852362, "name": "Martin Luther King, Jr. Technology Academy", "category": "school", "lat": 38.6237957, "lon": -121.4519177, "source": "OSM_Tier_2" }, "geometry": { "type": "Point", "coordinates": [ -121.4519177, 38.6237957 ] } },
{ "type": "Feature", "properties": { "id": 358852369, "name": "Martin's Achievement School", "category": "school", "lat": 38.6624035, "lon": -121.3732856, "source": "OSM_Tier_2" }, "geometry": { "type": "Point", "coordinates": [ -121.3732856, 38.6624035 ] } },
{ "type": "Feature", "properties": { "id": 358852382, "name": "Merryhill Preparatory School", "category": "school", "lat": 38.4924703, "lon": -121.5176553, "source": "OSM_Tier_2" }, "geometry": { "type": "Point", "coordinates": [ -121.5176553, 38.4924703 ] } },
{ "type": "Feature", "properties": { "id": 358852389, "name": "Miles P Richmond School", "category": "school", "lat": 38.6846252, "lon": -121.3605075, "source": "OSM_Tier_2" }, "geometry": { "type": "Point", "coordinates": [ -121.3605075, 38.6846252 ] } },
{ "type": "Feature", "properties": { "id": 358852390, "name": "Mokelumne High School", "category": "school", "lat": 38.3301899, "lon": -121.5688438, "source": "OSM_Tier_2" }, "geometry": { "type": "Point", "coordinates": [ -121.5688438, 38.3301899 ] } },
{ "type": "Feature", "properties": { "id": 358852391, "name": "Mustard Seed School", "category": "school", "lat": 38.5912939, "lon": -121.4830105, "source": "OSM_Tier_2" }, "geometry": { "type": "Point", "coordinates": [ -121.4830105, 38.5912939 ] } },
{ "type": "Feature", "properties": { "id": 358852394, "name": "Natomas Charter School", "category": "school", "lat": 38.6574034, "lon": -121.4941221, "source": "OSM_Tier_2" }, "geometry": { "type": "Point", "coordinates": [ -121.4941221, 38.6574034 ] } },
{ "type": "Feature", "properties": { "id": 358852396, "name": "Natomas High School", "category": "school", "lat": 38.6285152, "lon": -121.4952332, "source": "OSM_Tier_2" }, "geometry": { "type": "Point", "coordinates": [ -121.4952332, 38.6285152 ] } },
{ "type": "Feature", "properties": { "id": 358852397, "name": "Natomas Park Elementary School", "category": "school", "lat": 38.6607366, "lon": -121.503289, "source": "OSM_Tier_2" }, "geometry": { "type": "Point", "coordinates": [ -121.503289, 38.6607366 ] } },
{ "type": "Feature", "properties": { "id": 358852398, "name": "New Dimension Learning Academy", "category": "school", "lat": 38.5507393, "lon": -121.4685656, "source": "OSM_Tier_2" }, "geometry": { "type": "Point", "coordinates": [ -121.4685656, 38.5507393 ] } },
{ "type": "Feature", "properties": { "id": 358852400, "name": "Northern California Preparatory School", "category": "school", "lat": 38.5151848, "lon": -121.4341202, "source": "OSM_Tier_2" }, "geometry": { "type": "Point", "coordinates": [ -121.4341202, 38.5151848 ] } },
{ "type": "Feature", "properties": { "id": 358852401, "name": "Norwood Junior High School", "category": "school", "lat": 38.6524036, "lon": -121.45801, "source": "OSM_Tier_2" }, "geometry": { "type": "Point", "coordinates": [ -121.45801, 38.6524036 ] } },
{ "type": "Feature", "properties": { "id": 358852409, "name": "Land Park Academy, Pat Anderson Education Center", "category": "school", "lat": 38.5385174, "lon": -121.478288, "source": "OSM_Tier_2" }, "geometry": { "type": "Point", "coordinates": [ -121.478288, 38.5385174 ] } },
{ "type": "Feature", "properties": { "id": 358852412, "name": "Phoenix School", "category": "school", "lat": 38.6522958, "lon": -121.1643289, "source": "OSM_Tier_2" }, "geometry": { "type": "Point", "coordinates": [ -121.1643289, 38.6522958 ] } },
{ "type": "Feature", "properties": { "id": 358852418, "name": "Ralph Richardson Center", "category": "school", "lat": 38.6007385, "lon": -121.3527294, "source": "OSM_Tier_2" }, "geometry": { "type": "Point", "coordinates": [ -121.3527294, 38.6007385 ] } },
{ "type": "Feature", "properties": { "id": 358852420, "name": "Reach Learning Academy", "category": "school", "lat": 38.4965741, "lon": -121.4616208, "source": "OSM_Tier_2" }, "geometry": { "type": "Point", "coordinates": [ -121.4616208, 38.4965741 ] } },
{ "type": "Feature", "properties": { "id": 358852422, "name": "Richard A McGee Correctional Training Center", "category": "school", "lat": 38.2890807, "lon": -121.3280048, "source": "OSM_Tier_2" }, "geometry": { "type": "Point", "coordinates": [ -121.3280048, 38.2890807 ] } },
{ "type": "Feature", "properties": { "id": 358852426, "name": "Robert J Fite Elementary School", "category": "school", "lat": 38.4660199, "lon": -121.3410619, "source": "OSM_Tier_2" }, "geometry": { "type": "Point", "coordinates": [ -121.3410619, 38.4660199 ] } },
{ "type": "Feature", "properties": { "id": 358852427, "name": "Rosemont High School", "category": "school", "lat": 38.5440734, "lon": -121.3416178, "source": "OSM_Tier_2" }, "geometry": { "type": "Point", "coordinates": [ -121.3416178, 38.5440734 ] } },
{ "type": "Feature", "properties": { "id": 358852429, "name": "Sacramento Adventist Academy", "category": "school", "lat": 38.6487929, "lon": -121.3349512, "source": "OSM_Tier_2" }, "geometry": { "type": "Point", "coordinates": [ -121.3349512, 38.6487929 ] } },
{ "type": "Feature", "properties": { "id": 358852433, "name": "Sacramento Valley School", "category": "school", "lat": 38.553517, "lon": -121.4832882, "source": "OSM_Tier_2" }, "geometry": { "type": "Point", "coordinates": [ -121.4832882, 38.553517 ] } },
{ "type": "Feature", "properties": { "id": 358852436, "name": "Saint Hope Academy", "category": "school", "lat": 38.5374064, "lon": -121.4649544, "source": "OSM_Tier_2" }, "geometry": { "type": "Point", "coordinates": [ -121.4649544, 38.5374064 ] } },
{ "type": "Feature", "properties": { "id": 358852437, "name": "Saint John Christian Academy", "category": "school", "lat": 38.5696277, "lon": -121.5074556, "source": "OSM_Tier_2" }, "geometry": { "type": "Point", "coordinates": [ -121.5074556, 38.5696277 ] } },
{ "type": "Feature", "properties": { "id": 358852439, "name": "Saint Mark's Lutheran School", "category": "school", "lat": 38.6710146, "lon": -121.2730052, "source": "OSM_Tier_2" }, "geometry": { "type": "Point", "coordinates": [ -121.2730052, 38.6710146 ] } },
{ "type": "Feature", "properties": { "id": 358852440, "name": "Saint Michaels Episcopal Day School", "category": "school", "lat": 38.6040718, "lon": -121.3538405, "source": "OSM_Tier_2" }, "geometry": { "type": "Point", "coordinates": [ -121.3538405, 38.6040718 ] } },
{ "type": "Feature", "properties": { "id": 358852444, "name": "San Juan Choices Charter School", "category": "school", "lat": 38.5965719, "lon": -121.384119, "source": "OSM_Tier_2" }, "geometry": { "type": "Point", "coordinates": [ -121.384119, 38.5965719 ] } },
{ "type": "Feature", "properties": { "id": 358852453, "name": "The Met Sacramento High School", "category": "school", "lat": 38.5674055, "lon": -121.501344, "source": "OSM_Tier_2" }, "geometry": { "type": "Point", "coordinates": [ -121.501344, 38.5674055 ] } },
{ "type": "Feature", "properties": { "id": 358852458, "name": "Sheldon High School", "category": "school", "lat": 38.456298, "lon": -121.3474509, "source": "OSM_Tier_2" }, "geometry": { "type": "Point", "coordinates": [ -121.3474509, 38.456298 ] } },
{ "type": "Feature", "properties": { "id": 358852460, "name": "Shriners Hospitals for Children — Northern California", "category": "hospital", "lat": 38.5529616, "lon": -121.455231, "source": "OSM_Tier_2" }, "geometry": { "type": "Point", "coordinates": [ -121.455231, 38.5529616 ] } },
{ "type": "Feature", "properties": { "id": 358852461, "name": "Sierra School", "category": "school", "lat": 38.6110159, "lon": -121.3943971, "source": "OSM_Tier_2" }, "geometry": { "type": "Point", "coordinates": [ -121.3943971, 38.6110159 ] } },
{ "type": "Feature", "properties": { "id": 358852466, "name": "Stone Lake Elementary School", "category": "school", "lat": 38.4112988, "lon": -121.4616201, "source": "OSM_Tier_2" }, "geometry": { "type": "Point", "coordinates": [ -121.4616201, 38.4112988 ] } },
{ "type": "Feature", "properties": { "id": 358852468, "name": "Storybook Cottage", "category": "school", "lat": 38.6007383, "lon": -121.3916193, "source": "OSM_Tier_2" }, "geometry": { "type": "Point", "coordinates": [ -121.3916193, 38.6007383 ] } },
{ "type": "Feature", "properties": { "id": 358852471, "name": "Sweet Dreams Academy", "category": "school", "lat": 38.4582419, "lon": -121.4382865, "source": "OSM_Tier_2" }, "geometry": { "type": "Point", "coordinates": [ -121.4382865, 38.4582419 ] } },
{ "type": "Feature", "properties": { "id": 358852472, "name": "T R Smedgerg Middle School", "category": "school", "lat": 38.4587979, "lon": -121.3474509, "source": "OSM_Tier_2" }, "geometry": { "type": "Point", "coordinates": [ -121.3474509, 38.4587979 ] } },
{ "type": "Feature", "properties": { "id": 358852473, "name": "Thortin Youth Center - Esperanza", "category": "school", "lat": 38.5479622, "lon": -121.3385621, "source": "OSM_Tier_2" }, "geometry": { "type": "Point", "coordinates": [ -121.3385621, 38.5479622 ] } },
{ "type": "Feature", "properties": { "id": 358852475, "name": "Toby Johnson Middle School", "category": "school", "lat": 38.3910218, "lon": -121.4318969, "source": "OSM_Tier_2" }, "geometry": { "type": "Point", "coordinates": [ -121.4318969, 38.3910218 ] } },
{ "type": "Feature", "properties": { "id": 358852479, "name": "Trinity Christian School", "category": "school", "lat": 38.6624035, "lon": -121.3668965, "source": "OSM_Tier_2" }, "geometry": { "type": "Point", "coordinates": [ -121.3668965, 38.6624035 ] } },
{ "type": "Feature", "properties": { "id": 358852481, "name": "Valley Christian Academy", "category": "school", "lat": 38.7215688, "lon": -121.2955059, "source": "OSM_Tier_2" }, "geometry": { "type": "Point", "coordinates": [ -121.2955059, 38.7215688 ] } },
{ "type": "Feature", "properties": { "id": 358852483, "name": "Valley Christian School of Galt", "category": "school", "lat": 38.2540818, "lon": -121.304393, "source": "OSM_Tier_2" }, "geometry": { "type": "Point", "coordinates": [ -121.304393, 38.2540818 ] } },
{ "type": "Feature", "properties": { "id": 358852486, "name": "Visual and Performing Arts Charter School", "category": "school", "lat": 38.5246292, "lon": -121.3930079, "source": "OSM_Tier_2" }, "geometry": { "type": "Point", "coordinates": [ -121.3930079, 38.5246292 ] } },
{ "type": "Feature", "properties": { "id": 358852489, "name": "West Campus High School", "category": "school", "lat": 38.5290734, "lon": -121.4396759, "source": "OSM_Tier_2" }, "geometry": { "type": "Point", "coordinates": [ -121.4396759, 38.5290734 ] } },
{ "type": "Feature", "properties": { "id": 358852490, "name": "William K Morgan Alternative Center", "category": "school", "lat": 38.5493509, "lon": -121.3385621, "source": "OSM_Tier_2" }, "geometry": { "type": "Point", "coordinates": [ -121.3385621, 38.5493509 ] } },
{ "type": "Feature", "properties": { "id": 358852491, "name": "Wings Learning Resources", "category": "school", "lat": 38.683792, "lon": -121.3221732, "source": "OSM_Tier_2" }, "geometry": { "type": "Point", "coordinates": [ -121.3221732, 38.683792 ] } },
{ "type": "Feature", "properties": { "id": 358852493, "name": "Witter Ranch Elementary School", "category": "school", "lat": 38.6368484, "lon": -121.5327343, "source": "OSM_Tier_2" }, "geometry": { "type": "Point", "coordinates": [ -121.5327343, 38.6368484 ] } },
{ "type": "Feature", "properties": { "id": 358852494, "name": "Wonderland School", "category": "school", "lat": 38.6251824, "lon": -121.345507, "source": "OSM_Tier_2" }, "geometry": { "type": "Point", "coordinates": [ -121.345507, 38.6251824 ] } },
{ "type": "Feature", "properties": { "id": 358858076, "name": "Northwestern College", "category": "school", "lat": 38.6236779, "lon": -121.2626708, "source": "OSM_Tier_2" }, "geometry": { "type": "Point", "coordinates": [ -121.2626708, 38.6236779 ] } },
{ "type": "Feature", "properties": { "id": 358858183, "name": "Campus formerly MTI College", "category": "school", "lat": 38.6612373, "lon": -121.3425507, "source": "OSM_Tier_2" }, "geometry": { "type": "Point", "coordinates": [ -121.3425507, 38.6612373 ] } },
{ "type": "Feature", "properties": { "id": 358858202, "name": "Heald College - Sacramento", "category": "school", "lat": 38.5943509, "lon": -121.278065, "source": "OSM_Tier_2" }, "geometry": { "type": "Point", "coordinates": [ -121.278065, 38.5943509 ] } },
{ "type": "Feature", "properties": { "id": 358858361, "name": "High - Tech Institute - Sacramento", "category": "school", "lat": 38.5614299, "lon": -121.3341785, "source": "OSM_Tier_2" }, "geometry": { "type": "Point", "coordinates": [ -121.3341785, 38.5614299 ] } },
{ "type": "Feature", "properties": { "id": 358858380, "name": "Maric College - Sacramento", "category": "school", "lat": 38.6434321, "lon": -121.3807627, "source": "OSM_Tier_2" }, "geometry": { "type": "Point", "coordinates": [ -121.3807627, 38.6434321 ] } },
{ "type": "Feature", "properties": { "id": 358858548, "name": "Trinity Life Bible College", "category": "school", "lat": 38.6618229, "lon": -121.3661026, "source": "OSM_Tier_2" }, "geometry": { "type": "Point", "coordinates": [ -121.3661026, 38.6618229 ] } },
{ "type": "Feature", "properties": { "id": 358858561, "name": "Western Seminary - Sacramento", "category": "school", "lat": 38.618842, "lon": -121.3723606, "source": "OSM_Tier_2" }, "geometry": { "type": "Point", "coordinates": [ -121.3723606, 38.618842 ] } },
{ "type": "Feature", "properties": { "id": 358858563, "name": "Western Career College", "category": "school", "lat": 38.5557976, "lon": -121.3715355, "source": "OSM_Tier_2" }, "geometry": { "type": "Point", "coordinates": [ -121.3715355, 38.5557976 ] } },
{ "type": "Feature", "properties": { "id": 1044063502, "name": "Stanford Home For Children", "category": "social_facility", "lat": 38.5546327, "lon": -121.3753675, "source": "OSM_Tier_2" }, "geometry": { "type": "Point", "coordinates": [ -121.3753675, 38.5546327 ] } },
{ "type": "Feature", "properties": { "id": 1080839936, "name": "Saint Philomene Food Bank", "category": "social_facility", "lat": 38.6103855, "lon": -121.4092108, "source": "OSM_Tier_2" }, "geometry": { "type": "Point", "coordinates": [ -121.4092108, 38.6103855 ] } },
{ "type": "Feature", "properties": { "id": 1097497071, "name": "Volunteer of America - Open Arms", "category": "social_facility", "lat": 38.5994239, "lon": -121.4320557, "source": "OSM_Tier_2" }, "geometry": { "type": "Point", "coordinates": [ -121.4320557, 38.5994239 ] } },
{ "type": "Feature", "properties": { "id": 1098637309, "name": "Unnamed Facility", "category": "social_facility", "lat": 38.5956295, "lon": -121.4978569, "source": "OSM_Tier_2" }, "geometry": { "type": "Point", "coordinates": [ -121.4978569, 38.5956295 ] } },
{ "type": "Feature", "properties": { "id": 1129268797, "name": "Second Slavic Baptist Church", "category": "place_of_worship", "lat": 38.6866901, "lon": -121.3834286, "source": "OSM_Tier_2" }, "geometry": { "type": "Point", "coordinates": [ -121.3834286, 38.6866901 ] } },
{ "type": "Feature", "properties": { "id": 1129268832, "name": "First Baptist Church", "category": "place_of_worship", "lat": 38.6785722, "lon": -121.3837993, "source": "OSM_Tier_2" }, "geometry": { "type": "Point", "coordinates": [ -121.3837993, 38.6785722 ] } },
{ "type": "Feature", "properties": { "id": 1131968290, "name": "The Church of Jesus Christ of Latter-day Saints", "category": "place_of_worship", "lat": 38.7193766, "lon": -121.379434, "source": "OSM_Tier_2" }, "geometry": { "type": "Point", "coordinates": [ -121.379434, 38.7193766 ] } },
{ "type": "Feature", "properties": { "id": 1169003758, "name": "H. Allen Hight Elementary School", "category": "school", "lat": 38.6663665, "lon": -121.5313197, "source": "OSM_Tier_2" }, "geometry": { "type": "Point", "coordinates": [ -121.5313197, 38.6663665 ] } },
{ "type": "Feature", "properties": { "id": 1169004192, "name": "Natomas Middle School", "category": "school", "lat": 38.6660482, "lon": -121.5318669, "source": "OSM_Tier_2" }, "geometry": { "type": "Point", "coordinates": [ -121.5318669, 38.6660482 ] } },
{ "type": "Feature", "properties": { "id": 1169005300, "name": "Inderkum High School", "category": "school", "lat": 38.6582969, "lon": -121.5171869, "source": "OSM_Tier_2" }, "geometry": { "type": "Point", "coordinates": [ -121.5171869, 38.6582969 ] } },
{ "type": "Feature", "properties": { "id": 1212919848, "name": "Lords Church", "category": "place_of_worship", "lat": 38.5502695, "lon": -121.2793086, "source": "OSM_Tier_2" }, "geometry": { "type": "Point", "coordinates": [ -121.2793086, 38.5502695 ] } },
{ "type": "Feature", "properties": { "id": 1610527202, "name": "STONEHOUSE PARK", "category": "sports_centre", "lat": 38.5082987, "lon": -121.0992405, "source": "OSM_Tier_2" }, "geometry": { "type": "Point", "coordinates": [ -121.0992405, 38.5082987 ] } },
{ "type": "Feature", "properties": { "id": 1651707078, "name": "George Washington Carver School of Arts and Science", "category": "school", "lat": 38.5645085, "lon": -121.3168545, "source": "OSM_Tier_2" }, "geometry": { "type": "Point", "coordinates": [ -121.3168545, 38.5645085 ] } },
{ "type": "Feature", "properties": { "id": 1722540976, "name": "Folsom High School", "category": "school", "lat": 38.6484893, "lon": -121.1567754, "source": "OSM_Tier_2" }, "geometry": { "type": "Point", "coordinates": [ -121.1567754, 38.6484893 ] } },
{ "type": "Feature", "properties": { "id": 2017544672, "name": "Paso Verde School", "category": "school", "lat": 38.6552175, "lon": -121.5472156, "source": "OSM_Tier_2" }, "geometry": { "type": "Point", "coordinates": [ -121.5472156, 38.6552175 ] } },
{ "type": "Feature", "properties": { "id": 2062514650, "name": "Unnamed Facility", "category": "place_of_worship", "lat": 38.6279621, "lon": -121.4782762, "source": "OSM_Tier_2" }, "geometry": { "type": "Point", "coordinates": [ -121.4782762, 38.6279621 ] } },
{ "type": "Feature", "properties": { "id": 2062514654, "name": "Unnamed Facility", "category": "place_of_worship", "lat": 38.6279789, "lon": -121.4792794, "source": "OSM_Tier_2" }, "geometry": { "type": "Point", "coordinates": [ -121.4792794, 38.6279789 ] } },
{ "type": "Feature", "properties": { "id": 2084284972, "name": "Bikram Yoga", "category": "fitness_centre", "lat": 38.6418743, "lon": -121.534662, "source": "OSM_Tier_2" }, "geometry": { "type": "Point", "coordinates": [ -121.534662, 38.6418743 ] } },
{ "type": "Feature", "properties": { "id": 2293164500, "name": "Celtic Cross Presbyterian Church", "category": "place_of_worship", "lat": 38.6724174, "lon": -121.3099288, "source": "OSM_Tier_2" }, "geometry": { "type": "Point", "coordinates": [ -121.3099288, 38.6724174 ] } },
{ "type": "Feature", "properties": { "id": 2295276463, "name": "Journey Church", "category": "place_of_worship", "lat": 38.6733913, "lon": -121.1498462, "source": "OSM_Tier_2" }, "geometry": { "type": "Point", "coordinates": [ -121.1498462, 38.6733913 ] } },
{ "type": "Feature", "properties": { "id": 2499140537, "name": "California Montessori Project - Carmichael", "category": "school", "lat": 38.6351334, "lon": -121.3400979, "source": "OSM_Tier_2" }, "geometry": { "type": "Point", "coordinates": [ -121.3400979, 38.6351334 ] } },
{ "type": "Feature", "properties": { "id": 2588615210, "name": "24 Hour Fitness", "category": "fitness_centre", "lat": 38.4811927, "lon": -121.518123, "source": "OSM_Tier_2" }, "geometry": { "type": "Point", "coordinates": [ -121.518123, 38.4811927 ] } },
{ "type": "Feature", "properties": { "id": 2666723891, "name": "Missionary Gospel Church", "category": "place_of_worship", "lat": 38.6396546, "lon": -121.2898866, "source": "OSM_Tier_2" }, "geometry": { "type": "Point", "coordinates": [ -121.2898866, 38.6396546 ] } },
{ "type": "Feature", "properties": { "id": 2983772912, "name": "California Family Fitness", "category": "fitness_centre", "lat": 38.612612, "lon": -121.270828, "source": "OSM_Tier_2" }, "geometry": { "type": "Point", "coordinates": [ -121.270828, 38.612612 ] } },
{ "type": "Feature", "properties": { "id": 3022744000, "name": "Sunrise Senior Homes", "category": "social_facility", "lat": 38.6541723, "lon": -121.2248464, "source": "OSM_Tier_2" }, "geometry": { "type": "Point", "coordinates": [ -121.2248464, 38.6541723 ] } },
{ "type": "Feature", "properties": { "id": 3104406279, "name": "One Flow Yoga Studio", "category": "sports_centre", "lat": 38.5671049, "lon": -121.4337289, "source": "OSM_Tier_2" }, "geometry": { "type": "Point", "coordinates": [ -121.4337289, 38.5671049 ] } },
{ "type": "Feature", "properties": { "id": 3136073344, "name": "24 Hour Fitness", "category": "fitness_centre", "lat": 38.5893211, "lon": -121.3996378, "source": "OSM_Tier_2" }, "geometry": { "type": "Point", "coordinates": [ -121.3996378, 38.5893211 ] } },
{ "type": "Feature", "properties": { "id": 3180195236, "name": "New Life Community Center", "category": "place_of_worship", "lat": 38.6539611, "lon": -121.263636, "source": "OSM_Tier_2" }, "geometry": { "type": "Point", "coordinates": [ -121.263636, 38.6539611 ] } },
{ "type": "Feature", "properties": { "id": 3384049731, "name": "Asha Yoga", "category": "sports_centre", "lat": 38.5760032, "lon": -121.4804111, "source": "OSM_Tier_2" }, "geometry": { "type": "Point", "coordinates": [ -121.4804111, 38.5760032 ] } },
{ "type": "Feature", "properties": { "id": 3384050140, "name": "Ultimate Fitness", "category": "sports_centre", "lat": 38.5790169, "lon": -121.4830564, "source": "OSM_Tier_2" }, "geometry": { "type": "Point", "coordinates": [ -121.4830564, 38.5790169 ] } },
{ "type": "Feature", "properties": { "id": 3871074751, "name": "Family Law Office of Kelly L. Lynch", "category": "lawyer", "lat": 38.643302, "lon": -121.179752, "source": "OSM_Tier_2" }, "geometry": { "type": "Point", "coordinates": [ -121.179752, 38.643302 ] } },
{ "type": "Feature", "properties": { "id": 3944489015, "name": "Crossfit Sac", "category": "fitness_centre", "lat": 38.6555277, "lon": -121.353419, "source": "OSM_Tier_2" }, "geometry": { "type": "Point", "coordinates": [ -121.353419, 38.6555277 ] } },
{ "type": "Feature", "properties": { "id": 3989020875, "name": "Professional Orthopedic Services of Sacramento", "category": "clinic", "lat": 38.6585406, "lon": -121.351068, "source": "OSM_Tier_2" }, "geometry": { "type": "Point", "coordinates": [ -121.351068, 38.6585406 ] } },
{ "type": "Feature", "properties": { "id": 4001273234, "name": "Valley Recovery Center of California", "category": "hospital", "lat": 38.5751753, "lon": -121.4143325, "source": "OSM_Tier_2" }, "geometry": { "type": "Point", "coordinates": [ -121.4143325, 38.5751753 ] } },
{ "type": "Feature", "properties": { "id": 4093403696, "name": "Capital Christian Center", "category": "place_of_worship", "lat": 38.5607471, "lon": -121.3446454, "source": "OSM_Tier_2" }, "geometry": { "type": "Point", "coordinates": [ -121.3446454, 38.5607471 ] } },
{ "type": "Feature", "properties": { "id": 4124586741, "name": "Central Pacific Freight Depot", "category": "station", "lat": 38.5830687, "lon": -121.5059458, "source": "OSM_Tier_2" }, "geometry": { "type": "Point", "coordinates": [ -121.5059458, 38.5830687 ] } },
{ "type": "Feature", "properties": { "id": 4355019129, "name": "Brookfield School", "category": "school", "lat": 38.516321, "lon": -121.5258715, "source": "OSM_Tier_2" }, "geometry": { "type": "Point", "coordinates": [ -121.5258715, 38.516321 ] } },
{ "type": "Feature", "properties": { "id": 4357822128, "name": "Labor Law Office, APC", "category": "lawyer", "lat": 38.6579754, "lon": -121.271954, "source": "OSM_Tier_2" }, "geometry": { "type": "Point", "coordinates": [ -121.271954, 38.6579754 ] } },
{ "type": "Feature", "properties": { "id": 4420963540, "name": "Morrison Creek", "category": "station", "lat": 38.4662111, "lon": -121.4631067, "source": "OSM_Tier_2" }, "geometry": { "type": "Point", "coordinates": [ -121.4631067, 38.4662111 ] } },
{ "type": "Feature", "properties": { "id": 4464512561, "name": "Lance Daniel Attorney at Law", "category": "lawyer", "lat": 38.5817887, "lon": -121.504514, "source": "OSM_Tier_2" }, "geometry": { "type": "Point", "coordinates": [ -121.504514, 38.5817887 ] } },
{ "type": "Feature", "properties": { "id": 4551225151, "name": "Trina Health Sacramento", "category": "clinic", "lat": 38.6480119, "lon": -121.3617215, "source": "OSM_Tier_2" }, "geometry": { "type": "Point", "coordinates": [ -121.3617215, 38.6480119 ] } },
{ "type": "Feature", "properties": { "id": 4704628050, "name": "YMCA", "category": "sports_centre", "lat": 38.5624159, "lon": -121.4854808, "source": "OSM_Tier_2" }, "geometry": { "type": "Point", "coordinates": [ -121.4854808, 38.5624159 ] } },
{ "type": "Feature", "properties": { "id": 4722881689, "name": "Sacramento Pipeworks, Touchstone Climbing", "category": "fitness_centre", "lat": 38.5889889, "lon": -121.4812701, "source": "OSM_Tier_2" }, "geometry": { "type": "Point", "coordinates": [ -121.4812701, 38.5889889 ] } },
{ "type": "Feature", "properties": { "id": 4724694198, "name": "Mcclellan Jet Services", "category": "association", "lat": 38.6606532, "lon": -121.3925398, "source": "OSM_Tier_2" }, "geometry": { "type": "Point", "coordinates": [ -121.3925398, 38.6606532 ] } },
{ "type": "Feature", "properties": { "id": 4785473104, "name": "Kaiser Pulmonary Rehab", "category": "clinic", "lat": 38.4690867, "lon": -121.424482, "source": "OSM_Tier_2" }, "geometry": { "type": "Point", "coordinates": [ -121.424482, 38.4690867 ] } },
{ "type": "Feature", "properties": { "id": 4785477140, "name": "Kaiser Ambulatory Surgery Center", "category": "hospital", "lat": 38.4692333, "lon": -121.4237154, "source": "OSM_Tier_2" }, "geometry": { "type": "Point", "coordinates": [ -121.4237154, 38.4692333 ] } },
{ "type": "Feature", "properties": { "id": 4800101088, "name": "24 Hour Fitness", "category": "fitness_centre", "lat": 38.4502047, "lon": -121.369936, "source": "OSM_Tier_2" }, "geometry": { "type": "Point", "coordinates": [ -121.369936, 38.4502047 ] } },
{ "type": "Feature", "properties": { "id": 4872587093, "name": "Robert McGarvey Elementary School", "category": "school", "lat": 38.544545, "lon": -121.2332764, "source": "OSM_Tier_2" }, "geometry": { "type": "Point", "coordinates": [ -121.2332764, 38.544545 ] } },
{ "type": "Feature", "properties": { "id": 4881109174, "name": "The Rock Church", "category": "place_of_worship", "lat": 38.448002, "lon": -121.3359937, "source": "OSM_Tier_2" }, "geometry": { "type": "Point", "coordinates": [ -121.3359937, 38.448002 ] } },
{ "type": "Feature", "properties": { "id": 5072640089, "name": "Humani Pilates", "category": "fitness_centre", "lat": 38.5541686, "lon": -121.487987, "source": "OSM_Tier_2" }, "geometry": { "type": "Point", "coordinates": [ -121.487987, 38.5541686 ] } },
{ "type": "Feature", "properties": { "id": 5072643602, "name": "Cycle Life", "category": "fitness_centre", "lat": 38.5507466, "lon": -121.489171, "source": "OSM_Tier_2" }, "geometry": { "type": "Point", "coordinates": [ -121.489171, 38.5507466 ] } },
{ "type": "Feature", "properties": { "id": 5142249358, "name": "Fruitridge", "category": "sports_centre", "lat": 38.5241582, "lon": -121.4605868, "source": "OSM_Tier_2" }, "geometry": { "type": "Point", "coordinates": [ -121.4605868, 38.5241582 ] } },
{ "type": "Feature", "properties": { "id": 5380539061, "name": "Anytime Fitness", "category": "fitness_centre", "lat": 38.5856543, "lon": -121.2844635, "source": "OSM_Tier_2" }, "geometry": { "type": "Point", "coordinates": [ -121.2844635, 38.5856543 ] } },
{ "type": "Feature", "properties": { "id": 5766797133, "name": "Greenhaven Cabana Club South", "category": "sports_centre", "lat": 38.506573, "lon": -121.5262036, "source": "OSM_Tier_2" }, "geometry": { "type": "Point", "coordinates": [ -121.5262036, 38.506573 ] } },
{ "type": "Feature", "properties": { "id": 5910524301, "name": "Delta Weightlifting", "category": "sports_centre", "lat": 38.5391076, "lon": -121.4064542, "source": "OSM_Tier_2" }, "geometry": { "type": "Point", "coordinates": [ -121.4064542, 38.5391076 ] } },
{ "type": "Feature", "properties": { "id": 5910583824, "name": "Occam Athletics", "category": "sports_centre", "lat": 38.5663999, "lon": -121.4795866, "source": "OSM_Tier_2" }, "geometry": { "type": "Point", "coordinates": [ -121.4795866, 38.5663999 ] } },
{ "type": "Feature", "properties": { "id": 5910885668, "name": "Midtown Barbell", "category": "sports_centre", "lat": 38.5714944, "lon": -121.5080108, "source": "OSM_Tier_2" }, "geometry": { "type": "Point", "coordinates": [ -121.5080108, 38.5714944 ] } },
{ "type": "Feature", "properties": { "id": 6100225685, "name": "Bella Vista High School", "category": "school", "lat": 38.6662075, "lon": -121.251001, "source": "OSM_Tier_2" }, "geometry": { "type": "Point", "coordinates": [ -121.251001, 38.6662075 ] } },
{ "type": "Feature", "properties": { "id": 6127338385, "name": "The Boulder Field", "category": "sports_centre", "lat": 38.5388423, "lon": -121.394636, "source": "OSM_Tier_2" }, "geometry": { "type": "Point", "coordinates": [ -121.394636, 38.5388423 ] } },
{ "type": "Feature", "properties": { "id": 6157429158, "name": "16th Street", "category": "bus_station", "lat": 38.5700156, "lon": -121.489487, "source": "OSM_Tier_2" }, "geometry": { "type": "Point", "coordinates": [ -121.489487, 38.5700156 ] } },
{ "type": "Feature", "properties": { "id": 6157429166, "name": "13th Street", "category": "station", "lat": 38.5710594, "lon": -121.493473, "source": "OSM_Tier_2" }, "geometry": { "type": "Point", "coordinates": [ -121.493473, 38.5710594 ] } },
{ "type": "Feature", "properties": { "id": 6157429167, "name": "St. Rose of Lima Park", "category": "station", "lat": 38.5795544, "lon": -121.495494, "source": "OSM_Tier_2" }, "geometry": { "type": "Point", "coordinates": [ -121.495494, 38.5795544 ] } },
{ "type": "Feature", "properties": { "id": 6157429171, "name": "8th & K", "category": "station", "lat": 38.580399, "lon": -121.496529, "source": "OSM_Tier_2" }, "geometry": { "type": "Point", "coordinates": [ -121.496529, 38.580399 ] } },
{ "type": "Feature", "properties": { "id": 6157429174, "name": "7th & Capitol", "category": "bus_station", "lat": 38.5783095, "lon": -121.4986797, "source": "OSM_Tier_2" }, "geometry": { "type": "Point", "coordinates": [ -121.4986797, 38.5783095 ] } },
{ "type": "Feature", "properties": { "id": 6157429175, "name": "8th & Capitol", "category": "bus_station", "lat": 38.5775002, "lon": -121.4978027, "source": "OSM_Tier_2" }, "geometry": { "type": "Point", "coordinates": [ -121.4978027, 38.5775002 ] } },
{ "type": "Feature", "properties": { "id": 6157429180, "name": "Cathedral Square", "category": "station", "lat": 38.5788988, "lon": -121.492808, "source": "OSM_Tier_2" }, "geometry": { "type": "Point", "coordinates": [ -121.492808, 38.5788988 ] } },
{ "type": "Feature", "properties": { "id": 6157430099, "name": "8th & O", "category": "bus_station", "lat": 38.5755071, "lon": -121.498421, "source": "OSM_Tier_2" }, "geometry": { "type": "Point", "coordinates": [ -121.498421, 38.5755071 ] } },
{ "type": "Feature", "properties": { "id": 6157430100, "name": "7th & I/County Center", "category": "station", "lat": 38.582626, "lon": -121.4968248, "source": "OSM_Tier_2" }, "geometry": { "type": "Point", "coordinates": [ -121.4968248, 38.582626 ] } },
{ "type": "Feature", "properties": { "id": 6157430101, "name": "8th & H/County Center", "category": "station", "lat": 38.5830134, "lon": -121.4953789, "source": "OSM_Tier_2" }, "geometry": { "type": "Point", "coordinates": [ -121.4953789, 38.5830134 ] } },
{ "type": "Feature", "properties": { "id": 6157430109, "name": "12th & I", "category": "station", "lat": 38.5811738, "lon": -121.4900378, "source": "OSM_Tier_2" }, "geometry": { "type": "Point", "coordinates": [ -121.4900378, 38.5811738 ] } },
{ "type": "Feature", "properties": { "id": 6157430139, "name": "Archives Plaza", "category": "station", "lat": 38.5743957, "lon": -121.494535, "source": "OSM_Tier_2" }, "geometry": { "type": "Point", "coordinates": [ -121.494535, 38.5743957 ] } },
{ "type": "Feature", "properties": { "id": 6157430142, "name": "Alkali Flat/La Valentina", "category": "bus_station", "lat": 38.5856101, "lon": -121.4881219, "source": "OSM_Tier_2" }, "geometry": { "type": "Point", "coordinates": [ -121.4881219, 38.5856101 ] } },
{ "type": "Feature", "properties": { "id": 6157430341, "name": "7th & Richards/Township 9", "category": "bus_station", "lat": 38.5966817, "lon": -121.4922296, "source": "OSM_Tier_2" }, "geometry": { "type": "Point", "coordinates": [ -121.4922296, 38.5966817 ] } },
{ "type": "Feature", "properties": { "id": 6157430363, "name": "Globe", "category": "bus_station", "lat": 38.602714, "lon": -121.466265, "source": "OSM_Tier_2" }, "geometry": { "type": "Point", "coordinates": [ -121.466265, 38.602714 ] } },
{ "type": "Feature", "properties": { "id": 6157430377, "name": "Arden/Del Paso", "category": "bus_station", "lat": 38.6061648, "lon": -121.4568789, "source": "OSM_Tier_2" }, "geometry": { "type": "Point", "coordinates": [ -121.4568789, 38.6061648 ] } },
{ "type": "Feature", "properties": { "id": 6157430418, "name": "Royal Oaks", "category": "station", "lat": 38.6062039, "lon": -121.447876, "source": "OSM_Tier_2" }, "geometry": { "type": "Point", "coordinates": [ -121.447876, 38.6062039 ] } },
{ "type": "Feature", "properties": { "id": 6157430421, "name": "Swanston", "category": "bus_station", "lat": 38.6076623, "lon": -121.4396628, "source": "OSM_Tier_2" }, "geometry": { "type": "Point", "coordinates": [ -121.4396628, 38.6076623 ] } },
{ "type": "Feature", "properties": { "id": 6157430468, "name": "Marconi/Arcade", "category": "bus_station", "lat": 38.6213176, "lon": -121.4248945, "source": "OSM_Tier_2" }, "geometry": { "type": "Point", "coordinates": [ -121.4248945, 38.6213176 ] } },
{ "type": "Feature", "properties": { "id": 6157430498, "name": "Roseville Road", "category": "station", "lat": 38.6381534, "lon": -121.402348, "source": "OSM_Tier_2" }, "geometry": { "type": "Point", "coordinates": [ -121.402348, 38.6381534 ] } },
{ "type": "Feature", "properties": { "id": 6157430515, "name": "Watt/I-80 West", "category": "station", "lat": 38.6427779, "lon": -121.394739, "source": "OSM_Tier_2" }, "geometry": { "type": "Point", "coordinates": [ -121.394739, 38.6427779 ] } },
{ "type": "Feature", "properties": { "id": 6157430536, "name": "Watt/I-80", "category": "station", "lat": 38.6450265, "lon": -121.3840186, "source": "OSM_Tier_2" }, "geometry": { "type": "Point", "coordinates": [ -121.3840186, 38.6450265 ] } },
{ "type": "Feature", "properties": { "id": 6159580179, "name": "Broadway", "category": "station", "lat": 38.560006, "lon": -121.487808, "source": "OSM_Tier_2" }, "geometry": { "type": "Point", "coordinates": [ -121.487808, 38.560006 ] } },
{ "type": "Feature", "properties": { "id": 6159580180, "name": "4th Avenue/Wayne Hultgren", "category": "station", "lat": 38.551842, "lon": -121.488316, "source": "OSM_Tier_2" }, "geometry": { "type": "Point", "coordinates": [ -121.488316, 38.551842 ] } },
{ "type": "Feature", "properties": { "id": 6159580181, "name": "City College", "category": "station", "lat": 38.5418738, "lon": -121.485413, "source": "OSM_Tier_2" }, "geometry": { "type": "Point", "coordinates": [ -121.485413, 38.5418738 ] } },
{ "type": "Feature", "properties": { "id": 6159580182, "name": "Fruitridge", "category": "bus_station", "lat": 38.5249809, "lon": -121.4800505, "source": "OSM_Tier_2" }, "geometry": { "type": "Point", "coordinates": [ -121.4800505, 38.5249809 ] } },
{ "type": "Feature", "properties": { "id": 6159580183, "name": "47th Avenue", "category": "station", "lat": 38.5118914, "lon": -121.476017, "source": "OSM_Tier_2" }, "geometry": { "type": "Point", "coordinates": [ -121.476017, 38.5118914 ] } },
{ "type": "Feature", "properties": { "id": 6159580184, "name": "Florin", "category": "station", "lat": 38.4976475, "lon": -121.471599, "source": "OSM_Tier_2" }, "geometry": { "type": "Point", "coordinates": [ -121.471599, 38.4976475 ] } },
{ "type": "Feature", "properties": { "id": 6159583685, "name": "Meadowview", "category": "station", "lat": 38.4831762, "lon": -121.467131, "source": "OSM_Tier_2" }, "geometry": { "type": "Point", "coordinates": [ -121.467131, 38.4831762 ] } },
{ "type": "Feature", "properties": { "id": 6159583686, "name": "Franklin", "category": "station", "lat": 38.462907, "lon": -121.448405, "source": "OSM_Tier_2" }, "geometry": { "type": "Point", "coordinates": [ -121.448405, 38.462907 ] } },
{ "type": "Feature", "properties": { "id": 6159583687, "name": "Center Parkway", "category": "station", "lat": 38.4586698, "lon": -121.429739, "source": "OSM_Tier_2" }, "geometry": { "type": "Point", "coordinates": [ -121.429739, 38.4586698 ] } },
{ "type": "Feature", "properties": { "id": 6159583688, "name": "Cosumnes River College", "category": "station", "lat": 38.4535047, "lon": -121.41839, "source": "OSM_Tier_2" }, "geometry": { "type": "Point", "coordinates": [ -121.41839, 38.4535047 ] } },
{ "type": "Feature", "properties": { "id": 6169975191, "name": "39th Street", "category": "station", "lat": 38.5607846, "lon": -121.457278, "source": "OSM_Tier_2" }, "geometry": { "type": "Point", "coordinates": [ -121.457278, 38.5607846 ] } },
{ "type": "Feature", "properties": { "id": 6169975196, "name": "48th Street", "category": "station", "lat": 38.5585295, "lon": -121.449048, "source": "OSM_Tier_2" }, "geometry": { "type": "Point", "coordinates": [ -121.449048, 38.5585295 ] } },
{ "type": "Feature", "properties": { "id": 6169975201, "name": "59th Street", "category": "station", "lat": 38.5549334, "lon": -121.435957, "source": "OSM_Tier_2" }, "geometry": { "type": "Point", "coordinates": [ -121.435957, 38.5549334 ] } },
{ "type": "Feature", "properties": { "id": 6169975206, "name": "University/65th Street", "category": "station", "lat": 38.5526324, "lon": -121.427334, "source": "OSM_Tier_2" }, "geometry": { "type": "Point", "coordinates": [ -121.427334, 38.5526324 ] } },
{ "type": "Feature", "properties": { "id": 6169975208, "name": "Power Inn", "category": "station", "lat": 38.5474511, "lon": -121.407597, "source": "OSM_Tier_2" }, "geometry": { "type": "Point", "coordinates": [ -121.407597, 38.5474511 ] } },
{ "type": "Feature", "properties": { "id": 6169975215, "name": "College Greens", "category": "station", "lat": 38.5470754, "lon": -121.3936987, "source": "OSM_Tier_2" }, "geometry": { "type": "Point", "coordinates": [ -121.3936987, 38.5470754 ] } },
{ "type": "Feature", "properties": { "id": 6169975220, "name": "Watt/Manlove", "category": "bus_station", "lat": 38.553857, "lon": -121.3733582, "source": "OSM_Tier_2" }, "geometry": { "type": "Point", "coordinates": [ -121.3733582, 38.553857 ] } },
{ "type": "Feature", "properties": { "id": 6169975221, "name": "Starfire", "category": "station", "lat": 38.5593339, "lon": -121.362402, "source": "OSM_Tier_2" }, "geometry": { "type": "Point", "coordinates": [ -121.362402, 38.5593339 ] } },
{ "type": "Feature", "properties": { "id": 6169975226, "name": "Tiber", "category": "station", "lat": 38.5638838, "lon": -121.353417, "source": "OSM_Tier_2" }, "geometry": { "type": "Point", "coordinates": [ -121.353417, 38.5638838 ] } },
{ "type": "Feature", "properties": { "id": 6169975235, "name": "Butterfield", "category": "bus_station", "lat": 38.5671011, "lon": -121.3469204, "source": "OSM_Tier_2" }, "geometry": { "type": "Point", "coordinates": [ -121.3469204, 38.5671011 ] } },
{ "type": "Feature", "properties": { "id": 6169975240, "name": "Mather Field/Mills", "category": "bus_station", "lat": 38.5847612, "lon": -121.3113409, "source": "OSM_Tier_2" }, "geometry": { "type": "Point", "coordinates": [ -121.3113409, 38.5847612 ] } },
{ "type": "Feature", "properties": { "id": 6169975245, "name": "Zinfandel", "category": "bus_station", "lat": 38.5950732, "lon": -121.2902136, "source": "OSM_Tier_2" }, "geometry": { "type": "Point", "coordinates": [ -121.2902136, 38.5950732 ] } },
{ "type": "Feature", "properties": { "id": 6169975250, "name": "Cordova Town Center", "category": "bus_station", "lat": 38.5986687, "lon": -121.2829478, "source": "OSM_Tier_2" }, "geometry": { "type": "Point", "coordinates": [ -121.2829478, 38.5986687 ] } },
{ "type": "Feature", "properties": { "id": 6169975255, "name": "Sunrise", "category": "station", "lat": 38.6067334, "lon": -121.266583, "source": "OSM_Tier_2" }, "geometry": { "type": "Point", "coordinates": [ -121.266583, 38.6067334 ] } },
{ "type": "Feature", "properties": { "id": 6169975258, "name": "Hazel", "category": "station", "lat": 38.6304334, "lon": -121.2122288, "source": "OSM_Tier_2" }, "geometry": { "type": "Point", "coordinates": [ -121.2122288, 38.6304334 ] } },
{ "type": "Feature", "properties": { "id": 6169975259, "name": "Iron Point", "category": "station", "lat": 38.6446095, "lon": -121.1901418, "source": "OSM_Tier_2" }, "geometry": { "type": "Point", "coordinates": [ -121.1901418, 38.6446095 ] } },
{ "type": "Feature", "properties": { "id": 6169975262, "name": "Glenn/Robert G Holderness", "category": "bus_station", "lat": 38.6629382, "lon": -121.1836115, "source": "OSM_Tier_2" }, "geometry": { "type": "Point", "coordinates": [ -121.1836115, 38.6629382 ] } },
{ "type": "Feature", "properties": { "id": 6169975263, "name": "Historic Folsom", "category": "station", "lat": 38.6759589, "lon": -121.1805719, "source": "OSM_Tier_2" }, "geometry": { "type": "Point", "coordinates": [ -121.1805719, 38.6759589 ] } },
{ "type": "Feature", "properties": { "id": 6169976028, "name": "29th Street", "category": "station", "lat": 38.5644856, "lon": -121.471061, "source": "OSM_Tier_2" }, "geometry": { "type": "Point", "coordinates": [ -121.471061, 38.5644856 ] } },
{ "type": "Feature", "properties": { "id": 6169976043, "name": "23rd Street", "category": "station", "lat": 38.5666884, "lon": -121.479016, "source": "OSM_Tier_2" }, "geometry": { "type": "Point", "coordinates": [ -121.479016, 38.5666884 ] } },
{ "type": "Feature", "properties": { "id": 6356956027, "name": "Pioneer Baptist Church", "category": "place_of_worship", "lat": 38.6421217, "lon": -121.336028, "source": "OSM_Tier_2" }, "geometry": { "type": "Point", "coordinates": [ -121.336028, 38.6421217 ] } },
{ "type": "Feature", "properties": { "id": 6437660463, "name": "DaVita Dialysis", "category": "clinic", "lat": 38.4596105, "lon": -121.410297, "source": "OSM_Tier_2" }, "geometry": { "type": "Point", "coordinates": [ -121.410297, 38.4596105 ] } },
{ "type": "Feature", "properties": { "id": 6438912593, "name": "UFC Gym", "category": "fitness_centre", "lat": 38.4585451, "lon": -121.4155923, "source": "OSM_Tier_2" }, "geometry": { "type": "Point", "coordinates": [ -121.4155923, 38.4585451 ] } },
{ "type": "Feature", "properties": { "id": 6439449088, "name": "My Gym", "category": "fitness_centre", "lat": 38.4383814, "lon": -121.4194884, "source": "OSM_Tier_2" }, "geometry": { "type": "Point", "coordinates": [ -121.4194884, 38.4383814 ] } },
{ "type": "Feature", "properties": { "id": 6444037466, "name": "Unnamed Facility", "category": "place_of_worship", "lat": 38.7175949, "lon": -121.3893073, "source": "OSM_Tier_2" }, "geometry": { "type": "Point", "coordinates": [ -121.3893073, 38.7175949 ] } },
{ "type": "Feature", "properties": { "id": 6448398828, "name": "Physicians Weight Clinic Inc.", "category": "clinic", "lat": 38.4169178, "lon": -121.3911903, "source": "OSM_Tier_2" }, "geometry": { "type": "Point", "coordinates": [ -121.3911903, 38.4169178 ] } },
{ "type": "Feature", "properties": { "id": 6450723049, "name": "Urgent Care", "category": "clinic", "lat": 38.43011, "lon": -121.4170025, "source": "OSM_Tier_2" }, "geometry": { "type": "Point", "coordinates": [ -121.4170025, 38.43011 ] } },
{ "type": "Feature", "properties": { "id": 6577278008, "name": "Unnamed Facility", "category": "sports_centre", "lat": 38.5377347, "lon": -121.2409994, "source": "OSM_Tier_2" }, "geometry": { "type": "Point", "coordinates": [ -121.2409994, 38.5377347 ] } },
{ "type": "Feature", "properties": { "id": 6582403589, "name": "Mt Zion Church of God-Christ", "category": "place_of_worship", "lat": 38.5738746, "lon": -121.3050965, "source": "OSM_Tier_2" }, "geometry": { "type": "Point", "coordinates": [ -121.3050965, 38.5738746 ] } },
{ "type": "Feature", "properties": { "id": 6582403618, "name": "Progressive Faith Ministries International", "category": "place_of_worship", "lat": 38.5710727, "lon": -121.3417727, "source": "OSM_Tier_2" }, "geometry": { "type": "Point", "coordinates": [ -121.3417727, 38.5710727 ] } },
{ "type": "Feature", "properties": { "id": 6694615422, "name": "Linda Dankman Attorney At Law", "category": "lawyer", "lat": 38.5559021, "lon": -121.4826792, "source": "OSM_Tier_2" }, "geometry": { "type": "Point", "coordinates": [ -121.4826792, 38.5559021 ] } },
{ "type": "Feature", "properties": { "id": 6709187247, "name": "Waldorf School", "category": "school", "lat": 38.6318339, "lon": -121.2860308, "source": "OSM_Tier_2" }, "geometry": { "type": "Point", "coordinates": [ -121.2860308, 38.6318339 ] } },
{ "type": "Feature", "properties": { "id": 6709187258, "name": "El Camino High School", "category": "school", "lat": 38.6543318, "lon": -121.3105695, "source": "OSM_Tier_2" }, "geometry": { "type": "Point", "coordinates": [ -121.3105695, 38.6543318 ] } },
{ "type": "Feature", "properties": { "id": 6709187265, "name": "Unnamed Facility", "category": "hospital", "lat": 38.669576, "lon": -121.3141295, "source": "OSM_Tier_2" }, "geometry": { "type": "Point", "coordinates": [ -121.3141295, 38.669576 ] } },
{ "type": "Feature", "properties": { "id": 6709264695, "name": "Urgent Care", "category": "clinic", "lat": 38.6402428, "lon": -121.3275467, "source": "OSM_Tier_2" }, "geometry": { "type": "Point", "coordinates": [ -121.3275467, 38.6402428 ] } },
{ "type": "Feature", "properties": { "id": 6709264727, "name": "California Family Fitness", "category": "fitness_centre", "lat": 38.6373432, "lon": -121.3168443, "source": "OSM_Tier_2" }, "geometry": { "type": "Point", "coordinates": [ -121.3168443, 38.6373432 ] } },
{ "type": "Feature", "properties": { "id": 6745068332, "name": "Planet Fitness", "category": "fitness_centre", "lat": 38.65953, "lon": -121.5096357, "source": "OSM_Tier_2" }, "geometry": { "type": "Point", "coordinates": [ -121.5096357, 38.65953 ] } },
{ "type": "Feature", "properties": { "id": 6776144161, "name": "24 Hour Fitness", "category": "fitness_centre", "lat": 38.4989185, "lon": -121.4319615, "source": "OSM_Tier_2" }, "geometry": { "type": "Point", "coordinates": [ -121.4319615, 38.4989185 ] } },
{ "type": "Feature", "properties": { "id": 7461464821, "name": "Unnamed Facility", "category": "place_of_worship", "lat": 38.5110712, "lon": -121.4334773, "source": "OSM_Tier_2" }, "geometry": { "type": "Point", "coordinates": [ -121.4334773, 38.5110712 ] } },
{ "type": "Feature", "properties": { "id": 7502091198, "name": "Club Pilates", "category": "fitness_centre", "lat": 38.6542586, "lon": -121.525024, "source": "OSM_Tier_2" }, "geometry": { "type": "Point", "coordinates": [ -121.525024, 38.6542586 ] } },
{ "type": "Feature", "properties": { "id": 7520346639, "name": "Anytime Fitness", "category": "fitness_centre", "lat": 38.2903918, "lon": -121.3001919, "source": "OSM_Tier_2" }, "geometry": { "type": "Point", "coordinates": [ -121.3001919, 38.2903918 ] } },
{ "type": "Feature", "properties": { "id": 7533332704, "name": "Element Health Club", "category": "fitness_centre", "lat": 38.6552482, "lon": -121.504277, "source": "OSM_Tier_2" }, "geometry": { "type": "Point", "coordinates": [ -121.504277, 38.6552482 ] } },
{ "type": "Feature", "properties": { "id": 7700904748, "name": "Saint Francis of Assisi Friary", "category": "place_of_worship", "lat": 38.5730583, "lon": -121.4728304, "source": "OSM_Tier_2" }, "geometry": { "type": "Point", "coordinates": [ -121.4728304, 38.5730583 ] } },
{ "type": "Feature", "properties": { "id": 7862202251, "name": "Spitzer Law", "category": "lawyer", "lat": 38.5811415, "lon": -121.4950634, "source": "OSM_Tier_2" }, "geometry": { "type": "Point", "coordinates": [ -121.4950634, 38.5811415 ] } },
{ "type": "Feature", "properties": { "id": 8836617120, "name": "North Natomas Jibe", "category": "association", "lat": 38.6553878, "lon": -121.5051631, "source": "OSM_Tier_2" }, "geometry": { "type": "Point", "coordinates": [ -121.5051631, 38.6553878 ] } },
{ "type": "Feature", "properties": { "id": 9155646991, "name": "Eskaton Lodge Gold River", "category": "social_facility", "lat": 38.6218325, "lon": -121.2578803, "source": "OSM_Tier_2" }, "geometry": { "type": "Point", "coordinates": [ -121.2578803, 38.6218325 ] } },
{ "type": "Feature", "properties": { "id": 9170192702, "name": "Rodeway Inn", "category": "motel", "lat": 38.6286662, "lon": -121.2190921, "source": "OSM_Tier_2" }, "geometry": { "type": "Point", "coordinates": [ -121.2190921, 38.6286662 ] } },
{ "type": "Feature", "properties": { "id": 9208548172, "name": "Stonebrook Law", "category": "lawyer", "lat": 38.5784142, "lon": -121.5025361, "source": "OSM_Tier_2" }, "geometry": { "type": "Point", "coordinates": [ -121.5025361, 38.5784142 ] } },
{ "type": "Feature", "properties": { "id": 9374258605, "name": "FnStrong", "category": "fitness_centre", "lat": 38.5662902, "lon": -121.4796445, "source": "OSM_Tier_2" }, "geometry": { "type": "Point", "coordinates": [ -121.4796445, 38.5662902 ] } },
{ "type": "Feature", "properties": { "id": 9401828979, "name": "Real Estate Law Corporation", "category": "lawyer", "lat": 38.5781406, "lon": -121.5012694, "source": "OSM_Tier_2" }, "geometry": { "type": "Point", "coordinates": [ -121.5012694, 38.5781406 ] } },
{ "type": "Feature", "properties": { "id": 9404271487, "name": "River City Process Service", "category": "lawyer", "lat": 38.5511063, "lon": -121.3792715, "source": "OSM_Tier_2" }, "geometry": { "type": "Point", "coordinates": [ -121.3792715, 38.5511063 ] } },
{ "type": "Feature", "properties": { "id": 9630476327, "name": "El Sereno High", "category": "school", "lat": 38.6460743, "lon": -121.263907, "source": "OSM_Tier_2" }, "geometry": { "type": "Point", "coordinates": [ -121.263907, 38.6460743 ] } },
{ "type": "Feature", "properties": { "id": 9630476339, "name": "Meraki High School", "category": "school", "lat": 38.6453969, "lon": -121.263361, "source": "OSM_Tier_2" }, "geometry": { "type": "Point", "coordinates": [ -121.263361, 38.6453969 ] } },
{ "type": "Feature", "properties": { "id": 9779174346, "name": "JP Aerospace", "category": "ngo", "lat": 38.6102697, "lon": -121.2583638, "source": "OSM_Tier_2" }, "geometry": { "type": "Point", "coordinates": [ -121.2583638, 38.6102697 ] } },
{ "type": "Feature", "properties": { "id": 9859625903, "name": "Omic Wellness", "category": "clinic", "lat": 38.5515805, "lon": -121.4888877, "source": "OSM_Tier_2" }, "geometry": { "type": "Point", "coordinates": [ -121.4888877, 38.5515805 ] } },
{ "type": "Feature", "properties": { "id": 9873556920, "name": "Holy Ascension Russian Orthodox Church", "category": "place_of_worship", "lat": 38.5821656, "lon": -121.4882058, "source": "OSM_Tier_2" }, "geometry": { "type": "Point", "coordinates": [ -121.4882058, 38.5821656 ] } },
{ "type": "Feature", "properties": { "id": 9919876969, "name": "American River College - Natomas Center", "category": "school", "lat": 38.6571207, "lon": -121.5173052, "source": "OSM_Tier_2" }, "geometry": { "type": "Point", "coordinates": [ -121.5173052, 38.6571207 ] } },
{ "type": "Feature", "properties": { "id": 9958458460, "name": "Orangetheory Fitness", "category": "fitness_centre", "lat": 38.5323357, "lon": -121.4964904, "source": "OSM_Tier_2" }, "geometry": { "type": "Point", "coordinates": [ -121.4964904, 38.5323357 ] } },
{ "type": "Feature", "properties": { "id": 9964227218, "name": "Planet Fitness", "category": "fitness_centre", "lat": 38.654801, "lon": -121.2911168, "source": "OSM_Tier_2" }, "geometry": { "type": "Point", "coordinates": [ -121.2911168, 38.654801 ] } },
{ "type": "Feature", "properties": { "id": 9981118655, "name": "Planet Fitness", "category": "fitness_centre", "lat": 38.5893373, "lon": -121.3052097, "source": "OSM_Tier_2" }, "geometry": { "type": "Point", "coordinates": [ -121.3052097, 38.5893373 ] } },
{ "type": "Feature", "properties": { "id": 9982832309, "name": "Motel 6", "category": "motel", "lat": 38.5932615, "lon": -121.2891689, "source": "OSM_Tier_2" }, "geometry": { "type": "Point", "coordinates": [ -121.2891689, 38.5932615 ] } },
{ "type": "Feature", "properties": { "id": 10011228508, "name": "King & Siegel LLP", "category": "lawyer", "lat": 38.5754628, "lon": -121.4651581, "source": "OSM_Tier_2" }, "geometry": { "type": "Point", "coordinates": [ -121.4651581, 38.5754628 ] } },
{ "type": "Feature", "properties": { "id": 10088042718, "name": "9Round", "category": "fitness_centre", "lat": 38.4224359, "lon": -121.4158139, "source": "OSM_Tier_2" }, "geometry": { "type": "Point", "coordinates": [ -121.4158139, 38.4224359 ] } },
{ "type": "Feature", "properties": { "id": 10196148110, "name": "Reset Fitness", "category": "fitness_centre", "lat": 38.3766712, "lon": -121.359566, "source": "OSM_Tier_2" }, "geometry": { "type": "Point", "coordinates": [ -121.359566, 38.3766712 ] } },
{ "type": "Feature", "properties": { "id": 10196171040, "name": "Valor Training Center", "category": "fitness_centre", "lat": 38.3763001, "lon": -121.35931, "source": "OSM_Tier_2" }, "geometry": { "type": "Point", "coordinates": [ -121.35931, 38.3763001 ] } },
{ "type": "Feature", "properties": { "id": 10196171044, "name": "Rejoice Care Foundation", "category": "school", "lat": 38.3765168, "lon": -121.358908, "source": "OSM_Tier_2" }, "geometry": { "type": "Point", "coordinates": [ -121.358908, 38.3765168 ] } },
{ "type": "Feature", "properties": { "id": 10196171045, "name": "Ability 2 Learn", "category": "school", "lat": 38.3766023, "lon": -121.358771, "source": "OSM_Tier_2" }, "geometry": { "type": "Point", "coordinates": [ -121.358771, 38.3766023 ] } },
{ "type": "Feature", "properties": { "id": 10203025525, "name": "Mayweather Boxing Fitness", "category": "fitness_centre", "lat": 38.4077408, "lon": -121.4171237, "source": "OSM_Tier_2" }, "geometry": { "type": "Point", "coordinates": [ -121.4171237, 38.4077408 ] } },
{ "type": "Feature", "properties": { "id": 10281869535, "name": "Sacramento Valley Station", "category": "station", "lat": 38.5844806, "lon": -121.499928, "source": "OSM_Tier_2" }, "geometry": { "type": "Point", "coordinates": [ -121.499928, 38.5844806 ] } },
{ "type": "Feature", "properties": { "id": 10282230416, "name": "Orangetheory Fitness", "category": "fitness_centre", "lat": 38.6419505, "lon": -121.5348705, "source": "OSM_Tier_2" }, "geometry": { "type": "Point", "coordinates": [ -121.5348705, 38.6419505 ] } },
{ "type": "Feature", "properties": { "id": 10576843842, "name": "Grace Church Elk Grove", "category": "place_of_worship", "lat": 38.403178, "lon": -121.3537709, "source": "OSM_Tier_2" }, "geometry": { "type": "Point", "coordinates": [ -121.3537709, 38.403178 ] } },
{ "type": "Feature", "properties": { "id": 10671414612, "name": "The Nature Conservancy", "category": "ngo", "lat": 38.5705258, "lon": -121.4995787, "source": "OSM_Tier_2" }, "geometry": { "type": "Point", "coordinates": [ -121.4995787, 38.5705258 ] } },
{ "type": "Feature", "properties": { "id": 10804659736, "name": "Underwood Law Firm", "category": "lawyer", "lat": 38.5818965, "lon": -121.5005402, "source": "OSM_Tier_2" }, "geometry": { "type": "Point", "coordinates": [ -121.5005402, 38.5818965 ] } },
{ "type": "Feature", "properties": { "id": 10866259068, "name": "Crestwood Psychiatric Health Facility - Carmichael", "category": "hospital", "lat": 38.6334945, "lon": -121.3545544, "source": "OSM_Tier_2" }, "geometry": { "type": "Point", "coordinates": [ -121.3545544, 38.6334945 ] } },
{ "type": "Feature", "properties": { "id": 10866472839, "name": "Sutter Center For Psychiatry", "category": "hospital", "lat": 38.5499259, "lon": -121.4146168, "source": "OSM_Tier_2" }, "geometry": { "type": "Point", "coordinates": [ -121.4146168, 38.5499259 ] } },
{ "type": "Feature", "properties": { "id": 11037223247, "name": "Eric Ratinoff Law Corp", "category": "lawyer", "lat": 38.5735076, "lon": -121.383484, "source": "OSM_Tier_2" }, "geometry": { "type": "Point", "coordinates": [ -121.383484, 38.5735076 ] } },
{ "type": "Feature", "properties": { "id": 11078126297, "name": "Kash Legal Group Sacramento", "category": "lawyer", "lat": 38.5746452, "lon": -121.3796021, "source": "OSM_Tier_2" }, "geometry": { "type": "Point", "coordinates": [ -121.3796021, 38.5746452 ] } },
{ "type": "Feature", "properties": { "id": 11103498931, "name": "Antelope Hills Seventh-Day Adventist Church", "category": "place_of_worship", "lat": 38.7044832, "lon": -121.3658664, "source": "OSM_Tier_2" }, "geometry": { "type": "Point", "coordinates": [ -121.3658664, 38.7044832 ] } },
{ "type": "Feature", "properties": { "id": 11105501056, "name": "The Pointe Church", "category": "place_of_worship", "lat": 38.7178146, "lon": -121.3928505, "source": "OSM_Tier_2" }, "geometry": { "type": "Point", "coordinates": [ -121.3928505, 38.7178146 ] } },
{ "type": "Feature", "properties": { "id": 11105501079, "name": "The Church of Jesus Christ of Latter-day Saints", "category": "place_of_worship", "lat": 38.7252093, "lon": -121.393156, "source": "OSM_Tier_2" }, "geometry": { "type": "Point", "coordinates": [ -121.393156, 38.7252093 ] } },
{ "type": "Feature", "properties": { "id": 11105721291, "name": "Grace Family Church", "category": "place_of_worship", "lat": 38.6953506, "lon": -121.3848793, "source": "OSM_Tier_2" }, "geometry": { "type": "Point", "coordinates": [ -121.3848793, 38.6953506 ] } },
{ "type": "Feature", "properties": { "id": 11105727429, "name": "The Allegiant Church", "category": "place_of_worship", "lat": 38.709488, "lon": -121.3140871, "source": "OSM_Tier_2" }, "geometry": { "type": "Point", "coordinates": [ -121.3140871, 38.709488 ] } },
{ "type": "Feature", "properties": { "id": 11105727430, "name": "Lifestyle Gym", "category": "fitness_centre", "lat": 38.7089089, "lon": -121.3141051, "source": "OSM_Tier_2" }, "geometry": { "type": "Point", "coordinates": [ -121.3141051, 38.7089089 ] } },
{ "type": "Feature", "properties": { "id": 11105727457, "name": "DaVita Dialysis", "category": "clinic", "lat": 38.7047588, "lon": -121.3141461, "source": "OSM_Tier_2" }, "geometry": { "type": "Point", "coordinates": [ -121.3141461, 38.7047588 ] } },
{ "type": "Feature", "properties": { "id": 11105727461, "name": "Kaia FIT Citrus Heights", "category": "fitness_centre", "lat": 38.7040266, "lon": -121.3150043, "source": "OSM_Tier_2" }, "geometry": { "type": "Point", "coordinates": [ -121.3150043, 38.7040266 ] } },
{ "type": "Feature", "properties": { "id": 11105727499, "name": "Antelope Christian Center", "category": "place_of_worship", "lat": 38.7052566, "lon": -121.358327, "source": "OSM_Tier_2" }, "geometry": { "type": "Point", "coordinates": [ -121.358327, 38.7052566 ] } },
{ "type": "Feature", "properties": { "id": 11105768800, "name": "Family Community Church", "category": "place_of_worship", "lat": 38.6824505, "lon": -121.3839351, "source": "OSM_Tier_2" }, "geometry": { "type": "Point", "coordinates": [ -121.3839351, 38.6824505 ] } },
{ "type": "Feature", "properties": { "id": 11105808319, "name": "Planet Fitness", "category": "fitness_centre", "lat": 38.6755295, "lon": -121.3842006, "source": "OSM_Tier_2" }, "geometry": { "type": "Point", "coordinates": [ -121.3842006, 38.6755295 ] } },
{ "type": "Feature", "properties": { "id": 11105808320, "name": "Faith Fellowship Community Church", "category": "place_of_worship", "lat": 38.6750383, "lon": -121.3841463, "source": "OSM_Tier_2" }, "geometry": { "type": "Point", "coordinates": [ -121.3841463, 38.6750383 ] } },
{ "type": "Feature", "properties": { "id": 11119572685, "name": "Loaves & Fishes", "category": "social_facility", "lat": 38.5916561, "lon": -121.482735, "source": "OSM_Tier_2" }, "geometry": { "type": "Point", "coordinates": [ -121.482735, 38.5916561 ] } },
{ "type": "Feature", "properties": { "id": 11119596952, "name": "Mercy Housing", "category": "social_facility", "lat": 38.5879192, "lon": -121.4827641, "source": "OSM_Tier_2" }, "geometry": { "type": "Point", "coordinates": [ -121.4827641, 38.5879192 ] } },
{ "type": "Feature", "properties": { "id": 11120050685, "name": "Performance Center", "category": "fitness_centre", "lat": 38.6101629, "lon": -121.3103858, "source": "OSM_Tier_2" }, "geometry": { "type": "Point", "coordinates": [ -121.3103858, 38.6101629 ] } },
{ "type": "Feature", "properties": { "id": 11260279978, "name": "West Coast Trial Lawyers", "category": "lawyer", "lat": 38.6089741, "lon": -121.5111274, "source": "OSM_Tier_2" }, "geometry": { "type": "Point", "coordinates": [ -121.5111274, 38.6089741 ] } },
{ "type": "Feature", "properties": { "id": 11397422016, "name": "Nadrich Accident Injury Lawyers", "category": "lawyer", "lat": 38.5734709, "lon": -121.406738, "source": "OSM_Tier_2" }, "geometry": { "type": "Point", "coordinates": [ -121.406738, 38.5734709 ] } },
{ "type": "Feature", "properties": { "id": 11618355961, "name": "Thapar Law", "category": "lawyer", "lat": 38.6571402, "lon": -121.186583, "source": "OSM_Tier_2" }, "geometry": { "type": "Point", "coordinates": [ -121.186583, 38.6571402 ] } },
{ "type": "Feature", "properties": { "id": 11640128516, "name": "MVP Accident Attorneys", "category": "lawyer", "lat": 38.5798179, "lon": -121.4903487, "source": "OSM_Tier_2" }, "geometry": { "type": "Point", "coordinates": [ -121.4903487, 38.5798179 ] } },
{ "type": "Feature", "properties": { "id": 11679346473, "name": "UC Davis Health Folsom Clinic", "category": "clinic", "lat": 38.6552152, "lon": -121.169204, "source": "OSM_Tier_2" }, "geometry": { "type": "Point", "coordinates": [ -121.169204, 38.6552152 ] } },
{ "type": "Feature", "properties": { "id": 11679414119, "name": "UC Davis Health Citrus Heights Clinic", "category": "clinic", "lat": 38.6644164, "lon": -121.2879232, "source": "OSM_Tier_2" }, "geometry": { "type": "Point", "coordinates": [ -121.2879232, 38.6644164 ] } },
{ "type": "Feature", "properties": { "id": 11721667528, "name": "Economy Inn", "category": "motel", "lat": 38.6113647, "lon": -121.4453373, "source": "OSM_Tier_2" }, "geometry": { "type": "Point", "coordinates": [ -121.4453373, 38.6113647 ] } },
{ "type": "Feature", "properties": { "id": 11760053870, "name": "Planet Fitness", "category": "fitness_centre", "lat": 38.47562, "lon": -121.4316172, "source": "OSM_Tier_2" }, "geometry": { "type": "Point", "coordinates": [ -121.4316172, 38.47562 ] } },
{ "type": "Feature", "properties": { "id": 11873277210, "name": "Hoops Bootcamp & Fitness", "category": "fitness_centre", "lat": 38.6558615, "lon": -121.1697537, "source": "OSM_Tier_2" }, "geometry": { "type": "Point", "coordinates": [ -121.1697537, 38.6558615 ] } },
{ "type": "Feature", "properties": { "id": 11879685773, "name": "Midtown Church", "category": "place_of_worship", "lat": 38.5631062, "lon": -121.4869023, "source": "OSM_Tier_2" }, "geometry": { "type": "Point", "coordinates": [ -121.4869023, 38.5631062 ] } },
{ "type": "Feature", "properties": { "id": 11887904667, "name": "Gold's Gym", "category": "fitness_centre", "lat": 38.7204949, "lon": -121.2916394, "source": "OSM_Tier_2" }, "geometry": { "type": "Point", "coordinates": [ -121.2916394, 38.7204949 ] } },
{ "type": "Feature", "properties": { "id": 11916386456, "name": "Wellness Salt Cave LLC", "category": "clinic", "lat": 38.6141414, "lon": -121.3282866, "source": "OSM_Tier_2" }, "geometry": { "type": "Point", "coordinates": [ -121.3282866, 38.6141414 ] } },
{ "type": "Feature", "properties": { "id": 11943755596, "name": "Saphire Law Group", "category": "lawyer", "lat": 38.655435, "lon": -121.1847463, "source": "OSM_Tier_2" }, "geometry": { "type": "Point", "coordinates": [ -121.1847463, 38.655435 ] } },
{ "type": "Feature", "properties": { "id": 11962730868, "name": "Child & Jackson Personal Injury Lawyers", "category": "lawyer", "lat": 38.6569813, "lon": -121.1863896, "source": "OSM_Tier_2" }, "geometry": { "type": "Point", "coordinates": [ -121.1863896, 38.6569813 ] } },
{ "type": "Feature", "properties": { "id": 11965391392, "name": "Motel 6", "category": "motel", "lat": 38.6375584, "lon": -121.4764738, "source": "OSM_Tier_2" }, "geometry": { "type": "Point", "coordinates": [ -121.4764738, 38.6375584 ] } },
{ "type": "Feature", "properties": { "id": 12008859673, "name": "Planet Fitness", "category": "fitness_centre", "lat": 38.6084036, "lon": -121.3815321, "source": "OSM_Tier_2" }, "geometry": { "type": "Point", "coordinates": [ -121.3815321, 38.6084036 ] } },
{ "type": "Feature", "properties": { "id": 12089212438, "name": "Acupuncture Heaven", "category": "clinic", "lat": 38.5808913, "lon": -121.4629476, "source": "OSM_Tier_2" }, "geometry": { "type": "Point", "coordinates": [ -121.4629476, 38.5808913 ] } },
{ "type": "Feature", "properties": { "id": 12109425292, "name": "Satellite Healthcare - Folsom", "category": "clinic", "lat": 38.6563053, "lon": -121.1733326, "source": "OSM_Tier_2" }, "geometry": { "type": "Point", "coordinates": [ -121.1733326, 38.6563053 ] } },
{ "type": "Feature", "properties": { "id": 12109425294, "name": "Yoga Nyla", "category": "fitness_centre", "lat": 38.6562402, "lon": -121.172741, "source": "OSM_Tier_2" }, "geometry": { "type": "Point", "coordinates": [ -121.172741, 38.6562402 ] } },
{ "type": "Feature", "properties": { "id": 12109425295, "name": "TrueNorth Cycle & Strength Studio", "category": "fitness_centre", "lat": 38.6562834, "lon": -121.172633, "source": "OSM_Tier_2" }, "geometry": { "type": "Point", "coordinates": [ -121.172633, 38.6562834 ] } },
{ "type": "Feature", "properties": { "id": 12109425685, "name": "Stronger Folsom", "category": "fitness_centre", "lat": 38.6567549, "lon": -121.1778385, "source": "OSM_Tier_2" }, "geometry": { "type": "Point", "coordinates": [ -121.1778385, 38.6567549 ] } },
{ "type": "Feature", "properties": { "id": 12109425688, "name": "The Gathering Place, Church Folsom", "category": "place_of_worship", "lat": 38.6571744, "lon": -121.1781031, "source": "OSM_Tier_2" }, "geometry": { "type": "Point", "coordinates": [ -121.1781031, 38.6571744 ] } },
{ "type": "Feature", "properties": { "id": 12208353104, "name": "Flying High-Sling Bungee Fitness", "category": "fitness_centre", "lat": 38.6552102, "lon": -121.1830814, "source": "OSM_Tier_2" }, "geometry": { "type": "Point", "coordinates": [ -121.1830814, 38.6552102 ] } },
{ "type": "Feature", "properties": { "id": 12208353105, "name": "Valhallan Esports Training", "category": "fitness_centre", "lat": 38.6551351, "lon": -121.1831245, "source": "OSM_Tier_2" }, "geometry": { "type": "Point", "coordinates": [ -121.1831245, 38.6551351 ] } },
{ "type": "Feature", "properties": { "id": 12286203024, "name": "Sacramento City College Aeronautics", "category": "college", "lat": 38.6724276, "lon": -121.3932748, "source": "OSM_Tier_2" }, "geometry": { "type": "Point", "coordinates": [ -121.3932748, 38.6724276 ] } },
{ "type": "Feature", "properties": { "id": 12336030742, "name": "Orangetheory Fitness", "category": "fitness_centre", "lat": 38.4086666, "lon": -121.4195453, "source": "OSM_Tier_2" }, "geometry": { "type": "Point", "coordinates": [ -121.4195453, 38.4086666 ] } },
{ "type": "Feature", "properties": { "id": 12374296257, "name": "Fitness Exchange", "category": "fitness_centre", "lat": 38.5503177, "lon": -121.5060419, "source": "OSM_Tier_2" }, "geometry": { "type": "Point", "coordinates": [ -121.5060419, 38.5503177 ] } },
{ "type": "Feature", "properties": { "id": 12610894842, "name": "RNBody & Wellness Studio", "category": "fitness_centre", "lat": 38.4268547, "lon": -121.395267, "source": "OSM_Tier_2" }, "geometry": { "type": "Point", "coordinates": [ -121.395267, 38.4268547 ] } },
{ "type": "Feature", "properties": { "id": 12613336895, "name": "In-Shape Fitness", "category": "fitness_centre", "lat": 38.4247787, "lon": -121.3862381, "source": "OSM_Tier_2" }, "geometry": { "type": "Point", "coordinates": [ -121.3862381, 38.4247787 ] } },
{ "type": "Feature", "properties": { "id": 12624448814, "name": "Anytime Fitness", "category": "fitness_centre", "lat": 38.6759437, "lon": -121.1996792, "source": "OSM_Tier_2" }, "geometry": { "type": "Point", "coordinates": [ -121.1996792, 38.6759437 ] } },
{ "type": "Feature", "properties": { "id": 12670966305, "name": "East Natomas Education Complex", "category": "school", "lat": 38.6769795, "lon": -121.4899606, "source": "OSM_Tier_2" }, "geometry": { "type": "Point", "coordinates": [ -121.4899606, 38.6769795 ] } },
{ "type": "Feature", "properties": { "id": 12700777501, "name": "SNAHC", "category": "clinic", "lat": 38.4956293, "lon": -121.4636843, "source": "OSM_Tier_2" }, "geometry": { "type": "Point", "coordinates": [ -121.4636843, 38.4956293 ] } },
{ "type": "Feature", "properties": { "id": 12716364899, "name": "Passport Health Sacramento Travel Clinic", "category": "clinic", "lat": 38.604489, "lon": -121.3836677, "source": "OSM_Tier_2" }, "geometry": { "type": "Point", "coordinates": [ -121.3836677, 38.604489 ] } },
{ "type": "Feature", "properties": { "id": 12748173867, "name": "24 Hour Fitness", "category": "fitness_centre", "lat": 38.4392768, "lon": -121.4189635, "source": "OSM_Tier_2" }, "geometry": { "type": "Point", "coordinates": [ -121.4189635, 38.4392768 ] } },
{ "type": "Feature", "properties": { "id": 12751255887, "name": "Unnamed Facility", "category": "place_of_worship", "lat": 38.6010797, "lon": -121.455291, "source": "OSM_Tier_2" }, "geometry": { "type": "Point", "coordinates": [ -121.455291, 38.6010797 ] } },
{ "type": "Feature", "properties": { "id": 12790627812, "name": "Planet Fitness", "category": "fitness_centre", "lat": 38.5282837, "lon": -121.4457358, "source": "OSM_Tier_2" }, "geometry": { "type": "Point", "coordinates": [ -121.4457358, 38.5282837 ] } },
{ "type": "Feature", "properties": { "id": 12790627856, "name": "The Greens", "category": "motel", "lat": 38.535554, "lon": -121.4471655, "source": "OSM_Tier_2" }, "geometry": { "type": "Point", "coordinates": [ -121.4471655, 38.535554 ] } },
{ "type": "Feature", "properties": { "id": 12797004141, "name": "Clipped In for Life", "category": "association", "lat": 38.6739989, "lon": -121.178306, "source": "OSM_Tier_2" }, "geometry": { "type": "Point", "coordinates": [ -121.178306, 38.6739989 ] } },
{ "type": "Feature", "properties": { "id": 12838624710, "name": "Chùa Nhật Quang", "category": "place_of_worship", "lat": 38.4858316, "lon": -121.3654303, "source": "OSM_Tier_2" }, "geometry": { "type": "Point", "coordinates": [ -121.3654303, 38.4858316 ] } },
{ "type": "Feature", "properties": { "id": 12838624750, "name": "Saint George Melkite-Greek Catholic Church", "category": "place_of_worship", "lat": 38.5695343, "lon": -121.343506, "source": "OSM_Tier_2" }, "geometry": { "type": "Point", "coordinates": [ -121.343506, 38.5695343 ] } },
{ "type": "Feature", "properties": { "id": 12838624751, "name": "Grace Romanian Baptist Church", "category": "place_of_worship", "lat": 38.6281123, "lon": -121.3741064, "source": "OSM_Tier_2" }, "geometry": { "type": "Point", "coordinates": [ -121.3741064, 38.6281123 ] } },
{ "type": "Feature", "properties": { "id": 12838624752, "name": "Sacramento Ukranian SDA Church", "category": "place_of_worship", "lat": 38.6239543, "lon": -121.3299692, "source": "OSM_Tier_2" }, "geometry": { "type": "Point", "coordinates": [ -121.3299692, 38.6239543 ] } },
{ "type": "Feature", "properties": { "id": 12842680168, "name": "Las Palmas Elementary - East Campus", "category": "school", "lat": 38.6190592, "lon": -121.4529678, "source": "OSM_Tier_2" }, "geometry": { "type": "Point", "coordinates": [ -121.4529678, 38.6190592 ] } },
{ "type": "Feature", "properties": { "id": 12865780223, "name": "Door Church Natomas", "category": "place_of_worship", "lat": 38.6270945, "lon": -121.4994809, "source": "OSM_Tier_2" }, "geometry": { "type": "Point", "coordinates": [ -121.4994809, 38.6270945 ] } },
{ "type": "Feature", "properties": { "id": 12920312726, "name": "City Sports Club", "category": "fitness_centre", "lat": 38.5420531, "lon": -121.4841172, "source": "OSM_Tier_2" }, "geometry": { "type": "Point", "coordinates": [ -121.4841172, 38.5420531 ] } },
{ "type": "Feature", "properties": { "id": 12993063445, "name": "Empower Academy Adult Day Programs", "category": "social_facility", "lat": 38.475303, "lon": -121.4474723, "source": "OSM_Tier_2" }, "geometry": { "type": "Point", "coordinates": [ -121.4474723, 38.475303 ] } },
{ "type": "Feature", "properties": { "id": 13000931301, "name": "Sutter Medical Plaza", "category": "clinic", "lat": 38.5654363, "lon": -121.4666348, "source": "OSM_Tier_2" }, "geometry": { "type": "Point", "coordinates": [ -121.4666348, 38.5654363 ] } },
{ "type": "Feature", "properties": { "id": 13169114586, "name": "HKM Employment Attorneys LLP", "category": "lawyer", "lat": 38.5729918, "lon": -121.4808922, "source": "OSM_Tier_2" }, "geometry": { "type": "Point", "coordinates": [ -121.4808922, 38.5729918 ] } },
{ "type": "Feature", "properties": { "id": 13315605323, "name": "Law Office of Nirwan & Associates", "category": "lawyer", "lat": 38.4899834, "lon": -121.5158945, "source": "OSM_Tier_2" }, "geometry": { "type": "Point", "coordinates": [ -121.5158945, 38.4899834 ] } },
{ "type": "Feature", "properties": { "id": 13327382434, "name": "Bowling Green Charter McCoy Academy", "category": "school", "lat": 38.5019447, "lon": -121.4590908, "source": "OSM_Tier_2" }, "geometry": { "type": "Point", "coordinates": [ -121.4590908, 38.5019447 ] } },
{ "type": "Feature", "properties": { "id": 13352450363, "name": "Planet Gymnastics", "category": "fitness_centre", "lat": 38.5499974, "lon": -121.5064347, "source": "OSM_Tier_2" }, "geometry": { "type": "Point", "coordinates": [ -121.5064347, 38.5499974 ] } },
{ "type": "Feature", "properties": { "id": 13447015240, "name": "Crunch Fitness", "category": "fitness_centre", "lat": 38.5991352, "lon": -121.422945, "source": "OSM_Tier_2" }, "geometry": { "type": "Point", "coordinates": [ -121.422945, 38.5991352 ] } },
{ "type": "Feature", "properties": { "id": 13469601016, "name": "Common Ground", "category": "place_of_worship", "lat": 38.4597575, "lon": -121.4270799, "source": "OSM_Tier_2" }, "geometry": { "type": "Point", "coordinates": [ -121.4270799, 38.4597575 ] } },
{ "type": "Feature", "properties": { "id": 13482817901, "name": "Iron Roots", "category": "fitness_centre", "lat": 38.5732636, "lon": -121.4871219, "source": "OSM_Tier_2" }, "geometry": { "type": "Point", "coordinates": [ -121.4871219, 38.5732636 ] } },
{ "type": "Feature", "properties": { "id": 13485173401, "name": "Logic Jiu-Jitsu", "category": "fitness_centre", "lat": 38.5348988, "lon": -121.4934723, "source": "OSM_Tier_2" }, "geometry": { "type": "Point", "coordinates": [ -121.4934723, 38.5348988 ] } },
{ "type": "Feature", "properties": { "id": 13525575570, "name": "Triple R - Club Refresh", "category": "social_facility", "lat": 38.6024255, "lon": -121.4505102, "source": "OSM_Tier_2" }, "geometry": { "type": "Point", "coordinates": [ -121.4505102, 38.6024255 ] } },
{ "type": "Feature", "properties": { "id": 13525575583, "name": "Triple R - Midtown", "category": "social_facility", "lat": 38.5747939, "lon": -121.4698172, "source": "OSM_Tier_2" }, "geometry": { "type": "Point", "coordinates": [ -121.4698172, 38.5747939 ] } },
{ "type": "Feature", "properties": { "id": 13525575584, "name": "Triple R - South Land Park", "category": "social_facility", "lat": 38.5189497, "lon": -121.513495, "source": "OSM_Tier_2" }, "geometry": { "type": "Point", "coordinates": [ -121.513495, 38.5189497 ] } },
{ "type": "Feature", "properties": { "id": 13527548747, "name": "Project R.I.D.E.", "category": "social_facility", "lat": 38.4056359, "lon": -121.373933, "source": "OSM_Tier_2" }, "geometry": { "type": "Point", "coordinates": [ -121.373933, 38.4056359 ] } },
{ "type": "Feature", "properties": { "id": 13555928859, "name": "Visiting Angels Senior Home Care Sacramento", "category": "social_facility", "lat": 38.6388021, "lon": -121.3758282, "source": "OSM_Tier_2" }, "geometry": { "type": "Point", "coordinates": [ -121.3758282, 38.6388021 ] } },
{ "type": "Feature", "properties": { "id": 13571465758, "name": "Northern California Vasectomy", "category": "clinic", "lat": 38.4157355, "lon": -121.3908675, "source": "OSM_Tier_2" }, "geometry": { "type": "Point", "coordinates": [ -121.3908675, 38.4157355 ] } },
{ "type": "Feature", "properties": { "id": 13579095879, "name": "Planned Parenthood Mar Monte", "category": "clinic", "lat": 38.6705462, "lon": -121.3823894, "source": "OSM_Tier_2" }, "geometry": { "type": "Point", "coordinates": [ -121.3823894, 38.6705462 ] } },
{ "type": "Feature", "properties": { "id": 13579102247, "name": "Planned Parenthood Mar Monte", "category": "clinic", "lat": 38.5784074, "lon": -121.4941245, "source": "OSM_Tier_2" }, "geometry": { "type": "Point", "coordinates": [ -121.4941245, 38.5784074 ] } },
{ "type": "Feature", "properties": { "id": 13579109660, "name": "Planned Parenthood Mar Monte", "category": "clinic", "lat": 38.5264434, "lon": -121.471541, "source": "OSM_Tier_2" }, "geometry": { "type": "Point", "coordinates": [ -121.471541, 38.5264434 ] } },
{ "type": "Feature", "properties": { "id": 13607008099, "name": "MD Urgent Care", "category": "clinic", "lat": 38.5980693, "lon": -121.4510184, "source": "OSM_Tier_2" }, "geometry": { "type": "Point", "coordinates": [ -121.4510184, 38.5980693 ] } },
{ "type": "Feature", "properties": { "id": 13607020604, "name": "The Woodlake Senior Living", "category": "social_facility", "lat": 38.5986998, "lon": -121.4563932, "source": "OSM_Tier_2" }, "geometry": { "type": "Point", "coordinates": [ -121.4563932, 38.5986998 ] } },
{ "type": "Feature", "properties": { "id": 13616135701, "name": "Yoga Six", "category": "fitness_centre", "lat": 38.5325237, "lon": -121.4964351, "source": "OSM_Tier_2" }, "geometry": { "type": "Point", "coordinates": [ -121.4964351, 38.5325237 ] } },
{ "type": "Feature", "properties": { "id": 13657288936, "name": "Pilax Pilates", "category": "fitness_centre", "lat": 38.5342405, "lon": -121.4943979, "source": "OSM_Tier_2" }, "geometry": { "type": "Point", "coordinates": [ -121.4943979, 38.5342405 ] } },
{ "type": "Feature", "properties": { "id": 13657666242, "name": "Little Whale Swim School", "category": "sports_centre", "lat": 38.5628115, "lon": -121.4952288, "source": "OSM_Tier_2" }, "geometry": { "type": "Point", "coordinates": [ -121.4952288, 38.5628115 ] } },
{ "type": "Feature", "properties": { "id": 13687878201, "name": "Park Vista Pre-School", "category": "school", "lat": 38.5378286, "lon": -121.50471, "source": "OSM_Tier_2" }, "geometry": { "type": "Point", "coordinates": [ -121.50471, 38.5378286 ] } },
{ "type": "Feature", "properties": { "id": 13687886701, "name": "Garcia & Anderson, LLP", "category": "lawyer", "lat": 38.5375019, "lon": -121.5051468, "source": "OSM_Tier_2" }, "geometry": { "type": "Point", "coordinates": [ -121.5051468, 38.5375019 ] } },
{ "type": "Feature", "properties": { "id": 13687890301, "name": "Joe’s Fitness Revolution", "category": "fitness_centre", "lat": 38.5380998, "lon": -121.5051915, "source": "OSM_Tier_2" }, "geometry": { "type": "Point", "coordinates": [ -121.5051915, 38.5380998 ] } },
{ "type": "Feature", "properties": { "id": 13692117315, "name": "Kalologie | Club Studio | Citrus Heights", "category": "clinic", "lat": 38.6652279, "lon": -121.2742009, "source": "OSM_Tier_2" }, "geometry": { "type": "Point", "coordinates": [ -121.2742009, 38.6652279 ] } },
{ "type": "Feature", "properties": { "id": 13780582474, "name": "Ranchod Law Group", "category": "lawyer", "lat": 38.5577935, "lon": -121.3766788, "source": "OSM_Tier_2" }, "geometry": { "type": "Point", "coordinates": [ -121.3766788, 38.5577935 ] } },
{ "type": "Feature", "properties": { "id": 13840351715, "name": "Galvanize Fitness", "category": "fitness_centre", "lat": 38.5245826, "lon": -121.4792267, "source": "OSM_Tier_2" }, "geometry": { "type": "Point", "coordinates": [ -121.4792267, 38.5245826 ] } },
{ "type": "Feature", "properties": { "id": 13874643339, "name": "Kintsugi Strong", "category": "fitness_centre", "lat": 38.6757284, "lon": -121.2930805, "source": "OSM_Tier_2" }, "geometry": { "type": "Point", "coordinates": [ -121.2930805, 38.6757284 ] } },
{ "type": "Feature", "properties": { "id": 13979218093, "name": "Urban Flex & Flow", "category": "fitness_centre", "lat": 38.6184367, "lon": -121.3273926, "source": "OSM_Tier_2" }, "geometry": { "type": "Point", "coordinates": [ -121.3273926, 38.6184367 ] } },
{ "type": "Feature", "properties": { "id": 13997214705, "name": "Jacoby & Meyers Accident & Injury Lawyers - Sacramento", "category": "lawyer", "lat": 38.5783994, "lon": -121.4901108, "source": "OSM_Tier_2" }, "geometry": { "type": "Point", "coordinates": [ -121.4901108, 38.5783994 ] } },
{ "type": "Feature", "properties": { "id": 13998339360, "name": "UCDavis Health Prenatal Diagnosis of Northern Calofornia", "category": "clinic", "lat": 38.5988547, "lon": -121.4498411, "source": "OSM_Tier_2" }, "geometry": { "type": "Point", "coordinates": [ -121.4498411, 38.5988547 ] } },
{ "type": "Feature", "properties": { "id": 13998340407, "name": "York Law Corporation", "category": "lawyer", "lat": 38.5992848, "lon": -121.4487837, "source": "OSM_Tier_2" }, "geometry": { "type": "Point", "coordinates": [ -121.4487837, 38.5992848 ] } },
{ "type": "Feature", "properties": { "id": 13998360790, "name": "CWC Injury Law", "category": "lawyer", "lat": 38.5994161, "lon": -121.4484152, "source": "OSM_Tier_2" }, "geometry": { "type": "Point", "coordinates": [ -121.4484152, 38.5994161 ] } },
{ "type": "Feature", "properties": { "id": 14003767801, "name": "McClellan VA Clinic", "category": "clinic", "lat": 38.6642699, "lon": -121.3864558, "source": "OSM_Tier_2" }, "geometry": { "type": "Point", "coordinates": [ -121.3864558, 38.6642699 ] } },
{ "type": "Feature", "properties": { "id": 14013904330, "name": "Larry H. Parker Accident Attorneys-Sacramento", "category": "lawyer", "lat": 38.581975, "lon": -121.500508, "source": "OSM_Tier_2" }, "geometry": { "type": "Point", "coordinates": [ -121.500508, 38.581975 ] } },
{ "type": "Feature", "properties": { "id": 14020593839, "name": "In-Shape Fitness", "category": "fitness_centre", "lat": 38.4287113, "lon": -121.4642268, "source": "OSM_Tier_2" }, "geometry": { "type": "Point", "coordinates": [ -121.4642268, 38.4287113 ] } },
{ "type": "Feature", "properties": { "id": 14049925903, "name": "Sun Grove Church", "category": "place_of_worship", "lat": 38.4262046, "lon": -121.4833723, "source": "OSM_Tier_2" }, "geometry": { "type": "Point", "coordinates": [ -121.4833723, 38.4262046 ] } },
{ "type": "Feature", "properties": { "id": 14055087345, "name": "Folsom Surgery Center", "category": "clinic", "lat": 38.6720923, "lon": -121.1465138, "source": "OSM_Tier_2" }, "geometry": { "type": "Point", "coordinates": [ -121.1465138, 38.6720923 ] } },
{ "type": "Feature", "properties": { "id": 14063749333, "name": "Visiting Angels Senior Home Care", "category": "social_facility", "lat": 38.5327391, "lon": -121.4941535, "source": "OSM_Tier_2" }, "geometry": { "type": "Point", "coordinates": [ -121.4941535, 38.5327391 ] } },
{ "type": "Feature", "properties": { "id": 14064835771, "name": "Unnamed Facility", "category": "station", "lat": 38.5933445, "lon": -121.434837, "source": "OSM_Tier_2" }, "geometry": { "type": "Point", "coordinates": [ -121.434837, 38.5933445 ] } },
{ "type": "Feature", "properties": { "id": 14067137630, "name": "Fortune School", "category": "school", "lat": 38.5023042, "lon": -121.4293339, "source": "OSM_Tier_2" }, "geometry": { "type": "Point", "coordinates": [ -121.4293339, 38.5023042 ] } },
{ "type": "Feature", "properties": { "id": 25397831, "name": "Lawrence J. Ellison Ambulatory Care Center", "category": "clinic", "lat": 38.5517976, "lon": -121.4495475, "source": "OSM_Tier_2" }, "geometry": { "type": "Point", "coordinates": [ -121.4495475, 38.5517976 ] } },
{ "type": "Feature", "properties": { "id": 30010967, "name": "D. W. Babcock School", "category": "school", "lat": 38.6091312, "lon": -121.4259952, "source": "OSM_Tier_2" }, "geometry": { "type": "Point", "coordinates": [ -121.4259952, 38.6091312 ] } },
{ "type": "Feature", "properties": { "id": 30141821, "name": "El Camino Fundamental High School", "category": "school", "lat": 38.6083938, "lon": -121.3621162, "source": "OSM_Tier_2" }, "geometry": { "type": "Point", "coordinates": [ -121.3621162, 38.6083938 ] } },
{ "type": "Feature", "properties": { "id": 32027977, "name": "Las Flores High School", "category": "school", "lat": 38.4700282, "lon": -121.4323576, "source": "OSM_Tier_2" }, "geometry": { "type": "Point", "coordinates": [ -121.4323576, 38.4700282 ] } },
{ "type": "Feature", "properties": { "id": 32027999, "name": "Prairie Elementary School", "category": "school", "lat": 38.4670802, "lon": -121.4394736, "source": "OSM_Tier_2" }, "geometry": { "type": "Point", "coordinates": [ -121.4394736, 38.4670802 ] } },
{ "type": "Feature", "properties": { "id": 32028020, "name": "Samuel Jackman Middle School", "category": "school", "lat": 38.468785, "lon": -121.4409706, "source": "OSM_Tier_2" }, "geometry": { "type": "Point", "coordinates": [ -121.4409706, 38.468785 ] } },
{ "type": "Feature", "properties": { "id": 32039653, "name": "Laguna Creek High School", "category": "school", "lat": 38.4291197, "lon": -121.4288008, "source": "OSM_Tier_2" }, "geometry": { "type": "Point", "coordinates": [ -121.4288008, 38.4291197 ] } },
{ "type": "Feature", "properties": { "id": 32039856, "name": "Cordova Gardens Elementary School", "category": "school", "lat": 38.5961102, "lon": -121.310317, "source": "OSM_Tier_2" }, "geometry": { "type": "Point", "coordinates": [ -121.310317, 38.5961102 ] } },
{ "type": "Feature", "properties": { "id": 32039970, "name": "Capital Christian School", "category": "school", "lat": 38.5569249, "lon": -121.3446833, "source": "OSM_Tier_2" }, "geometry": { "type": "Point", "coordinates": [ -121.3446833, 38.5569249 ] } },
{ "type": "Feature", "properties": { "id": 32471574, "name": "Merryhill School - Mill Creek", "category": "school", "lat": 38.6102255, "lon": -121.4988541, "source": "OSM_Tier_2" }, "geometry": { "type": "Point", "coordinates": [ -121.4988541, 38.6102255 ] } },
{ "type": "Feature", "properties": { "id": 32471718, "name": "Dos Rios Elementary School", "category": "school", "lat": 38.5964498, "lon": -121.4827868, "source": "OSM_Tier_2" }, "geometry": { "type": "Point", "coordinates": [ -121.4827868, 38.5964498 ] } },
{ "type": "Feature", "properties": { "id": 32472009, "name": "Bannon Creek Elementary School", "category": "school", "lat": 38.6151146, "lon": -121.5030685, "source": "OSM_Tier_2" }, "geometry": { "type": "Point", "coordinates": [ -121.5030685, 38.6151146 ] } },
{ "type": "Feature", "properties": { "id": 32491818, "name": "Leroy Greene Academy", "category": "school", "lat": 38.6103911, "lon": -121.5271786, "source": "OSM_Tier_2" }, "geometry": { "type": "Point", "coordinates": [ -121.5271786, 38.6103911 ] } },
{ "type": "Feature", "properties": { "id": 32497093, "name": "Alice Birney Public Waldorf TK-8 School", "category": "school", "lat": 38.5128677, "lon": -121.5093126, "source": "OSM_Tier_2" }, "geometry": { "type": "Point", "coordinates": [ -121.5093126, 38.5128677 ] } },
{ "type": "Feature", "properties": { "id": 32497189, "name": "Two Rivers Elementary School", "category": "school", "lat": 38.6105489, "lon": -121.5331434, "source": "OSM_Tier_2" }, "geometry": { "type": "Point", "coordinates": [ -121.5331434, 38.6105489 ] } },
{ "type": "Feature", "properties": { "id": 32498310, "name": "Cordova Meadows Elementary School", "category": "school", "lat": 38.5898123, "lon": -121.3164571, "source": "OSM_Tier_2" }, "geometry": { "type": "Point", "coordinates": [ -121.3164571, 38.5898123 ] } },
{ "type": "Feature", "properties": { "id": 32498793, "name": "Garden Valley Elementary School", "category": "school", "lat": 38.6333632, "lon": -121.4774659, "source": "OSM_Tier_2" }, "geometry": { "type": "Point", "coordinates": [ -121.4774659, 38.6333632 ] } },
{ "type": "Feature", "properties": { "id": 32506536, "name": "Matsuyama Elementary School", "category": "school", "lat": 38.4821093, "lon": -121.5372443, "source": "OSM_Tier_2" }, "geometry": { "type": "Point", "coordinates": [ -121.5372443, 38.4821093 ] } },
{ "type": "Feature", "properties": { "id": 32516635, "name": "Tahoe Elementary School", "category": "school", "lat": 38.5457408, "lon": -121.4362179, "source": "OSM_Tier_2" }, "geometry": { "type": "Point", "coordinates": [ -121.4362179, 38.5457408 ] } },
{ "type": "Feature", "properties": { "id": 32516790, "name": "Bret Harte Elementary School", "category": "school", "lat": 38.5445928, "lon": -121.4767691, "source": "OSM_Tier_2" }, "geometry": { "type": "Point", "coordinates": [ -121.4767691, 38.5445928 ] } },
{ "type": "Feature", "properties": { "id": 32525361, "name": "Unnamed Facility", "category": "school", "lat": 38.6546317, "lon": -121.5458091, "source": "OSM_Tier_2" }, "geometry": { "type": "Point", "coordinates": [ -121.5458091, 38.6546317 ] } },
{ "type": "Feature", "properties": { "id": 32546905, "name": "American Lakes Elementary School", "category": "school", "lat": 38.6170534, "lon": -121.4934334, "source": "OSM_Tier_2" }, "geometry": { "type": "Point", "coordinates": [ -121.4934334, 38.6170534 ] } },
{ "type": "Feature", "properties": { "id": 32560076, "name": "Regency Park Elementary School", "category": "school", "lat": 38.6808509, "lon": -121.5007205, "source": "OSM_Tier_2" }, "geometry": { "type": "Point", "coordinates": [ -121.5007205, 38.6808509 ] } },
{ "type": "Feature", "properties": { "id": 32560177, "name": "Unnamed Facility", "category": "school", "lat": 38.6606735, "lon": -121.5027442, "source": "OSM_Tier_2" }, "geometry": { "type": "Point", "coordinates": [ -121.5027442, 38.6606735 ] } },
{ "type": "Feature", "properties": { "id": 32560270, "name": "Unnamed Facility", "category": "school", "lat": 38.6580898, "lon": -121.4942212, "source": "OSM_Tier_2" }, "geometry": { "type": "Point", "coordinates": [ -121.4942212, 38.6580898 ] } },
{ "type": "Feature", "properties": { "id": 32673815, "name": "Caleb Greenwood School", "category": "school", "lat": 38.5764905, "lon": -121.4305738, "source": "OSM_Tier_2" }, "geometry": { "type": "Point", "coordinates": [ -121.4305738, 38.5764905 ] } },
{ "type": "Feature", "properties": { "id": 32674222, "name": "Unnamed Facility", "category": "sports_centre", "lat": 38.5844046, "lon": -121.3972801, "source": "OSM_Tier_2" }, "geometry": { "type": "Point", "coordinates": [ -121.3972801, 38.5844046 ] } },
{ "type": "Feature", "properties": { "id": 32674234, "name": "Unnamed Facility", "category": "school", "lat": 38.5866018, "lon": -121.3943189, "source": "OSM_Tier_2" }, "geometry": { "type": "Point", "coordinates": [ -121.3943189, 38.5866018 ] } },
{ "type": "Feature", "properties": { "id": 32674295, "name": "Mariemont Elementary School", "category": "school", "lat": 38.5907077, "lon": -121.3679389, "source": "OSM_Tier_2" }, "geometry": { "type": "Point", "coordinates": [ -121.3679389, 38.5907077 ] } },
{ "type": "Feature", "properties": { "id": 32674346, "name": "Unnamed Facility", "category": "school", "lat": 38.6010014, "lon": -121.3526567, "source": "OSM_Tier_2" }, "geometry": { "type": "Point", "coordinates": [ -121.3526567, 38.6010014 ] } },
{ "type": "Feature", "properties": { "id": 32674551, "name": "Marvin Marshall Chidlren's Center", "category": "school", "lat": 38.6147242, "lon": -121.3402327, "source": "OSM_Tier_2" }, "geometry": { "type": "Point", "coordinates": [ -121.3402327, 38.6147242 ] } },
{ "type": "Feature", "properties": { "id": 32674609, "name": "Aldar Academy", "category": "school", "lat": 38.6315604, "lon": -121.360449, "source": "OSM_Tier_2" }, "geometry": { "type": "Point", "coordinates": [ -121.360449, 38.6315604 ] } },
{ "type": "Feature", "properties": { "id": 32674628, "name": "Mira Loma High School", "category": "school", "lat": 38.6318566, "lon": -121.371099, "source": "OSM_Tier_2" }, "geometry": { "type": "Point", "coordinates": [ -121.371099, 38.6318566 ] } },
{ "type": "Feature", "properties": { "id": 32674673, "name": "Arcade Fundamental Middle School", "category": "school", "lat": 38.6331311, "lon": -121.3813156, "source": "OSM_Tier_2" }, "geometry": { "type": "Point", "coordinates": [ -121.3813156, 38.6331311 ] } },
{ "type": "Feature", "properties": { "id": 32674801, "name": "Leo A Palmiter High School", "category": "school", "lat": 38.6026763, "lon": -121.4187525, "source": "OSM_Tier_2" }, "geometry": { "type": "Point", "coordinates": [ -121.4187525, 38.6026763 ] } },
{ "type": "Feature", "properties": { "id": 32697796, "name": "Umoja International Academy", "category": "school", "lat": 38.5615316, "lon": -121.4403666, "source": "OSM_Tier_2" }, "geometry": { "type": "Point", "coordinates": [ -121.4403666, 38.5615316 ] } },
{ "type": "Feature", "properties": { "id": 32698046, "name": "David Lubin Elementary School", "category": "school", "lat": 38.5692092, "lon": -121.459828, "source": "OSM_Tier_2" }, "geometry": { "type": "Point", "coordinates": [ -121.459828, 38.5692092 ] } },
{ "type": "Feature", "properties": { "id": 32762329, "name": "Unnamed Facility", "category": "school", "lat": 38.5261968, "lon": -121.3613665, "source": "OSM_Tier_2" }, "geometry": { "type": "Point", "coordinates": [ -121.3613665, 38.5261968 ] } },
{ "type": "Feature", "properties": { "id": 32762440, "name": "The Gun Room", "category": "sports_centre", "lat": 38.376647, "lon": -121.3575295, "source": "OSM_Tier_2" }, "geometry": { "type": "Point", "coordinates": [ -121.3575295, 38.376647 ] } },
{ "type": "Feature", "properties": { "id": 32793647, "name": "Gold Ridge Elementary School", "category": "school", "lat": 38.6502283, "lon": -121.1318774, "source": "OSM_Tier_2" }, "geometry": { "type": "Point", "coordinates": [ -121.1318774, 38.6502283 ] } },
{ "type": "Feature", "properties": { "id": 32793864, "name": "Folsom Recreation Center Sports Complex", "category": "sports_centre", "lat": 38.6546371, "lon": -121.1299631, "source": "OSM_Tier_2" }, "geometry": { "type": "Point", "coordinates": [ -121.1299631, 38.6546371 ] } },
{ "type": "Feature", "properties": { "id": 37091245, "name": "Rio Linda High School", "category": "school", "lat": 38.6819304, "lon": -121.4406966, "source": "OSM_Tier_2" }, "geometry": { "type": "Point", "coordinates": [ -121.4406966, 38.6819304 ] } },
{ "type": "Feature", "properties": { "id": 37091284, "name": "Dry Creek Elementary School", "category": "school", "lat": 38.6790996, "lon": -121.4371775, "source": "OSM_Tier_2" }, "geometry": { "type": "Point", "coordinates": [ -121.4371775, 38.6790996 ] } },
{ "type": "Feature", "properties": { "id": 37291271, "name": "Parkway Elementary School", "category": "school", "lat": 38.4891951, "lon": -121.447334, "source": "OSM_Tier_2" }, "geometry": { "type": "Point", "coordinates": [ -121.447334, 38.4891951 ] } },
{ "type": "Feature", "properties": { "id": 37384955, "name": "Unnamed Facility", "category": "school", "lat": 38.3984306, "lon": -121.4239812, "source": "OSM_Tier_2" }, "geometry": { "type": "Point", "coordinates": [ -121.4239812, 38.3984306 ] } },
{ "type": "Feature", "properties": { "id": 37389073, "name": "Helen Carr Castello Elementary School", "category": "school", "lat": 38.4003122, "lon": -121.4418863, "source": "OSM_Tier_2" }, "geometry": { "type": "Point", "coordinates": [ -121.4418863, 38.4003122 ] } },
{ "type": "Feature", "properties": { "id": 37389251, "name": "Joseph Sims Elementary School", "category": "school", "lat": 38.418446, "lon": -121.4701189, "source": "OSM_Tier_2" }, "geometry": { "type": "Point", "coordinates": [ -121.4701189, 38.418446 ] } },
{ "type": "Feature", "properties": { "id": 37395535, "name": "John Reith Elementary School", "category": "school", "lat": 38.4531564, "lon": -121.4373918, "source": "OSM_Tier_2" }, "geometry": { "type": "Point", "coordinates": [ -121.4373918, 38.4531564 ] } },
{ "type": "Feature", "properties": { "id": 37396045, "name": "Unnamed Facility", "category": "school", "lat": 38.4723853, "lon": -121.4559546, "source": "OSM_Tier_2" }, "geometry": { "type": "Point", "coordinates": [ -121.4559546, 38.4723853 ] } },
{ "type": "Feature", "properties": { "id": 37396077, "name": "Susan B Anthony Elementary School", "category": "school", "lat": 38.4714479, "lon": -121.4679409, "source": "OSM_Tier_2" }, "geometry": { "type": "Point", "coordinates": [ -121.4679409, 38.4714479 ] } },
{ "type": "Feature", "properties": { "id": 37396478, "name": "Unnamed Facility", "category": "school", "lat": 38.532894, "lon": -121.4543824, "source": "OSM_Tier_2" }, "geometry": { "type": "Point", "coordinates": [ -121.4543824, 38.532894 ] } },
{ "type": "Feature", "properties": { "id": 37396504, "name": "Unnamed Facility", "category": "school", "lat": 38.4115999, "lon": -121.4616751, "source": "OSM_Tier_2" }, "geometry": { "type": "Point", "coordinates": [ -121.4616751, 38.4115999 ] } },
{ "type": "Feature", "properties": { "id": 37396628, "name": "Roy Herburger Elementary School", "category": "school", "lat": 38.4421825, "lon": -121.3938163, "source": "OSM_Tier_2" }, "geometry": { "type": "Point", "coordinates": [ -121.3938163, 38.4421825 ] } },
{ "type": "Feature", "properties": { "id": 37396639, "name": "Raymond Case Elementary School", "category": "school", "lat": 38.4432752, "lon": -121.3853586, "source": "OSM_Tier_2" }, "geometry": { "type": "Point", "coordinates": [ -121.3853586, 38.4432752 ] } },
{ "type": "Feature", "properties": { "id": 37397665, "name": "Maeola R Beitzel Elementary School", "category": "school", "lat": 38.4614599, "lon": -121.3650934, "source": "OSM_Tier_2" }, "geometry": { "type": "Point", "coordinates": [ -121.3650934, 38.4614599 ] } },
{ "type": "Feature", "properties": { "id": 37417564, "name": "School of Engineering and Sciences", "category": "school", "lat": 38.4948593, "lon": -121.5362572, "source": "OSM_Tier_2" }, "geometry": { "type": "Point", "coordinates": [ -121.5362572, 38.4948593 ] } },
{ "type": "Feature", "properties": { "id": 37417693, "name": "Caroline Wenzel Elementary School", "category": "school", "lat": 38.5029066, "lon": -121.5235986, "source": "OSM_Tier_2" }, "geometry": { "type": "Point", "coordinates": [ -121.5235986, 38.5029066 ] } },
{ "type": "Feature", "properties": { "id": 37417938, "name": "John F Kennedy High School", "category": "school", "lat": 38.5030512, "lon": -121.5345904, "source": "OSM_Tier_2" }, "geometry": { "type": "Point", "coordinates": [ -121.5345904, 38.5030512 ] } },
{ "type": "Feature", "properties": { "id": 37432660, "name": "Elk Grove Elementary School", "category": "school", "lat": 38.4188593, "lon": -121.3627106, "source": "OSM_Tier_2" }, "geometry": { "type": "Point", "coordinates": [ -121.3627106, 38.4188593 ] } },
{ "type": "Feature", "properties": { "id": 37453231, "name": "Genevive F. Didion TK-8 School", "category": "school", "lat": 38.5087255, "lon": -121.5503679, "source": "OSM_Tier_2" }, "geometry": { "type": "Point", "coordinates": [ -121.5503679, 38.5087255 ] } },
{ "type": "Feature", "properties": { "id": 37482940, "name": "Unnamed Facility", "category": "school", "lat": 38.3914906, "lon": -121.4304697, "source": "OSM_Tier_2" }, "geometry": { "type": "Point", "coordinates": [ -121.4304697, 38.3914906 ] } },
{ "type": "Feature", "properties": { "id": 37486841, "name": "Edna Batey Elementary School", "category": "school", "lat": 38.4155472, "lon": -121.3428536, "source": "OSM_Tier_2" }, "geometry": { "type": "Point", "coordinates": [ -121.3428536, 38.4155472 ] } },
{ "type": "Feature", "properties": { "id": 37502594, "name": "Elitha Donner Elementary School", "category": "school", "lat": 38.4159413, "lon": -121.4119233, "source": "OSM_Tier_2" }, "geometry": { "type": "Point", "coordinates": [ -121.4119233, 38.4159413 ] } },
{ "type": "Feature", "properties": { "id": 37502646, "name": "Joseph Kerr Middle School", "category": "school", "lat": 38.410857, "lon": -121.3729647, "source": "OSM_Tier_2" }, "geometry": { "type": "Point", "coordinates": [ -121.3729647, 38.410857 ] } },
{ "type": "Feature", "properties": { "id": 37552585, "name": "David Reese Elementary School", "category": "school", "lat": 38.4922023, "lon": -121.4175835, "source": "OSM_Tier_2" }, "geometry": { "type": "Point", "coordinates": [ -121.4175835, 38.4922023 ] } },
{ "type": "Feature", "properties": { "id": 37572676, "name": "C K McClatchy High School", "category": "school", "lat": 38.5486604, "lon": -121.4915186, "source": "OSM_Tier_2" }, "geometry": { "type": "Point", "coordinates": [ -121.4915186, 38.5486604 ] } },
{ "type": "Feature", "properties": { "id": 37572699, "name": "California Middle School", "category": "school", "lat": 38.5516587, "lon": -121.4962976, "source": "OSM_Tier_2" }, "geometry": { "type": "Point", "coordinates": [ -121.4962976, 38.5516587 ] } },
{ "type": "Feature", "properties": { "id": 37691120, "name": "César E. Chávez Elementary School", "category": "school", "lat": 38.4869142, "lon": -121.4733347, "source": "OSM_Tier_2" }, "geometry": { "type": "Point", "coordinates": [ -121.4733347, 38.4869142 ] } },
{ "type": "Feature", "properties": { "id": 37691239, "name": "Luther Burbank High School", "category": "school", "lat": 38.494106, "lon": -121.4674146, "source": "OSM_Tier_2" }, "geometry": { "type": "Point", "coordinates": [ -121.4674146, 38.494106 ] } },
{ "type": "Feature", "properties": { "id": 37691241, "name": "Nicholas Elementary School", "category": "school", "lat": 38.5076913, "lon": -121.4438069, "source": "OSM_Tier_2" }, "geometry": { "type": "Point", "coordinates": [ -121.4438069, 38.5076913 ] } },
{ "type": "Feature", "properties": { "id": 37693283, "name": "Arthur C Butler Elementary School", "category": "school", "lat": 38.4476341, "lon": -121.3591246, "source": "OSM_Tier_2" }, "geometry": { "type": "Point", "coordinates": [ -121.3591246, 38.4476341 ] } },
{ "type": "Feature", "properties": { "id": 37722099, "name": "Sacramento New Tech", "category": "school", "lat": 38.518413, "lon": -121.5038803, "source": "OSM_Tier_2" }, "geometry": { "type": "Point", "coordinates": [ -121.5038803, 38.518413 ] } },
{ "type": "Feature", "properties": { "id": 37722146, "name": "John Morse Therapeutic Center", "category": "school", "lat": 38.4971085, "lon": -121.4936304, "source": "OSM_Tier_2" }, "geometry": { "type": "Point", "coordinates": [ -121.4936304, 38.4971085 ] } },
{ "type": "Feature", "properties": { "id": 37735965, "name": "John Bidwell Elementary School", "category": "school", "lat": 38.4918909, "lon": -121.4968785, "source": "OSM_Tier_2" }, "geometry": { "type": "Point", "coordinates": [ -121.4968785, 38.4918909 ] } },
{ "type": "Feature", "properties": { "id": 39997154, "name": "Sutter Middle School", "category": "school", "lat": 38.674894, "lon": -121.1706944, "source": "OSM_Tier_2" }, "geometry": { "type": "Point", "coordinates": [ -121.1706944, 38.674894 ] } },
{ "type": "Feature", "properties": { "id": 39997644, "name": "Folsom High School", "category": "school", "lat": 38.6472863, "lon": -121.1581913, "source": "OSM_Tier_2" }, "geometry": { "type": "Point", "coordinates": [ -121.1581913, 38.6472863 ] } },
{ "type": "Feature", "properties": { "id": 40046856, "name": "Valley High School", "category": "school", "lat": 38.4546785, "lon": -121.4307377, "source": "OSM_Tier_2" }, "geometry": { "type": "Point", "coordinates": [ -121.4307377, 38.4546785 ] } },
{ "type": "Feature", "properties": { "id": 40788151, "name": "Oak Chan Elementary School", "category": "school", "lat": 38.6751501, "lon": -121.1271289, "source": "OSM_Tier_2" }, "geometry": { "type": "Point", "coordinates": [ -121.1271289, 38.6751501 ] } },
{ "type": "Feature", "properties": { "id": 41362932, "name": "Florin High School", "category": "school", "lat": 38.4690495, "lon": -121.3933054, "source": "OSM_Tier_2" }, "geometry": { "type": "Point", "coordinates": [ -121.3933054, 38.4690495 ] } },
{ "type": "Feature", "properties": { "id": 42057880, "name": "Natoma Station Elementary School", "category": "school", "lat": 38.6501859, "lon": -121.1783863, "source": "OSM_Tier_2" }, "geometry": { "type": "Point", "coordinates": [ -121.1783863, 38.6501859 ] } },
{ "type": "Feature", "properties": { "id": 42240720, "name": "Sandra J. Gallardo Elementary School", "category": "school", "lat": 38.652914, "lon": -121.1586558, "source": "OSM_Tier_2" }, "geometry": { "type": "Point", "coordinates": [ -121.1586558, 38.652914 ] } },
{ "type": "Feature", "properties": { "id": 44487191, "name": "Sol Aureus College Preparatory", "category": "school", "lat": 38.5080382, "lon": -121.5270527, "source": "OSM_Tier_2" }, "geometry": { "type": "Point", "coordinates": [ -121.5270527, 38.5080382 ] } },
{ "type": "Feature", "properties": { "id": 58777216, "name": "Foothill Oaks Elementary School", "category": "school", "lat": 38.691271, "lon": -121.3351981, "source": "OSM_Tier_2" }, "geometry": { "type": "Point", "coordinates": [ -121.3351981, 38.691271 ] } },
{ "type": "Feature", "properties": { "id": 60008651, "name": "Cathedral of the Blessed Sacrament", "category": "place_of_worship", "lat": 38.5790047, "lon": -121.4919992, "source": "OSM_Tier_2" }, "geometry": { "type": "Point", "coordinates": [ -121.4919992, 38.5790047 ] } },
{ "type": "Feature", "properties": { "id": 60064995, "name": "Super 8 by Wyndham Sacramento", "category": "motel", "lat": 38.6147567, "lon": -121.5376459, "source": "OSM_Tier_2" }, "geometry": { "type": "Point", "coordinates": [ -121.5376459, 38.6147567 ] } },
{ "type": "Feature", "properties": { "id": 60416124, "name": "Saint Marks United Methodist Church", "category": "place_of_worship", "lat": 38.6076497, "lon": -121.3750152, "source": "OSM_Tier_2" }, "geometry": { "type": "Point", "coordinates": [ -121.3750152, 38.6076497 ] } },
{ "type": "Feature", "properties": { "id": 60516882, "name": "Blanche Sprentz Elementary School", "category": "school", "lat": 38.6790141, "lon": -121.1502666, "source": "OSM_Tier_2" }, "geometry": { "type": "Point", "coordinates": [ -121.1502666, 38.6790141 ] } },
{ "type": "Feature", "properties": { "id": 60516886, "name": "Folsom Middle School", "category": "school", "lat": 38.6747778, "lon": -121.1473491, "source": "OSM_Tier_2" }, "geometry": { "type": "Point", "coordinates": [ -121.1473491, 38.6747778 ] } },
{ "type": "Feature", "properties": { "id": 62147980, "name": "Westminster Presbyterian Church", "category": "place_of_worship", "lat": 38.5743158, "lon": -121.4908745, "source": "OSM_Tier_2" }, "geometry": { "type": "Point", "coordinates": [ -121.4908745, 38.5743158 ] } },
{ "type": "Feature", "properties": { "id": 71505617, "name": "San Juan High School", "category": "school", "lat": 38.6802152, "lon": -121.2868284, "source": "OSM_Tier_2" }, "geometry": { "type": "Point", "coordinates": [ -121.2868284, 38.6802152 ] } },
{ "type": "Feature", "properties": { "id": 85404944, "name": "Unnamed Facility", "category": "school", "lat": 38.5915883, "lon": -121.4083792, "source": "OSM_Tier_2" }, "geometry": { "type": "Point", "coordinates": [ -121.4083792, 38.5915883 ] } },
{ "type": "Feature", "properties": { "id": 107138665, "name": "Phoebe Hearst Elementary School", "category": "school", "lat": 38.557974, "lon": -121.4330001, "source": "OSM_Tier_2" }, "geometry": { "type": "Point", "coordinates": [ -121.4330001, 38.557974 ] } },
{ "type": "Feature", "properties": { "id": 114736301, "name": "Empire Oaks Elementary School", "category": "school", "lat": 38.6784291, "lon": -121.1088757, "source": "OSM_Tier_2" }, "geometry": { "type": "Point", "coordinates": [ -121.1088757, 38.6784291 ] } },
{ "type": "Feature", "properties": { "id": 126314016, "name": "Merryhill Country School", "category": "school", "lat": 38.6682249, "lon": -121.1589511, "source": "OSM_Tier_2" }, "geometry": { "type": "Point", "coordinates": [ -121.1589511, 38.6682249 ] } },
{ "type": "Feature", "properties": { "id": 133624624, "name": "Elks Lodge", "category": "social_facility", "lat": 38.3772641, "lon": -121.3566492, "source": "OSM_Tier_2" }, "geometry": { "type": "Point", "coordinates": [ -121.3566492, 38.3772641 ] } },
{ "type": "Feature", "properties": { "id": 133626647, "name": "Oasis Centro Cristiano", "category": "place_of_worship", "lat": 38.3886445, "lon": -121.3604017, "source": "OSM_Tier_2" }, "geometry": { "type": "Point", "coordinates": [ -121.3604017, 38.3886445 ] } },
{ "type": "Feature", "properties": { "id": 137331890, "name": "Cordova High School", "category": "school", "lat": 38.6013215, "lon": -121.3065183, "source": "OSM_Tier_2" }, "geometry": { "type": "Point", "coordinates": [ -121.3065183, 38.6013215 ] } },
{ "type": "Feature", "properties": { "id": 137331891, "name": "Mills Middle School", "category": "school", "lat": 38.5989585, "lon": -121.3044155, "source": "OSM_Tier_2" }, "geometry": { "type": "Point", "coordinates": [ -121.3044155, 38.5989585 ] } },
{ "type": "Feature", "properties": { "id": 137465259, "name": "Folsom Hills Elementary School", "category": "school", "lat": 38.6864119, "lon": -121.1294705, "source": "OSM_Tier_2" }, "geometry": { "type": "Point", "coordinates": [ -121.1294705, 38.6864119 ] } },
{ "type": "Feature", "properties": { "id": 137465955, "name": "Theodore Judah Elementary School", "category": "school", "lat": 38.6779614, "lon": -121.1634949, "source": "OSM_Tier_2" }, "geometry": { "type": "Point", "coordinates": [ -121.1634949, 38.6779614 ] } },
{ "type": "Feature", "properties": { "id": 137467964, "name": "Peter J Shields Elementary School", "category": "school", "lat": 38.6061603, "lon": -121.3007409, "source": "OSM_Tier_2" }, "geometry": { "type": "Point", "coordinates": [ -121.3007409, 38.6061603 ] } },
{ "type": "Feature", "properties": { "id": 145839284, "name": "Barbara Comstock Morse Elementary School", "category": "school", "lat": 38.4465645, "lon": -121.4219064, "source": "OSM_Tier_2" }, "geometry": { "type": "Point", "coordinates": [ -121.4219064, 38.4465645 ] } },
{ "type": "Feature", "properties": { "id": 145839290, "name": "Foulks Ranch Elementary School", "category": "school", "lat": 38.4190086, "lon": -121.4312667, "source": "OSM_Tier_2" }, "geometry": { "type": "Point", "coordinates": [ -121.4312667, 38.4190086 ] } },
{ "type": "Feature", "properties": { "id": 145839295, "name": "John Ehrhardt Elementary School", "category": "school", "lat": 38.4291567, "lon": -121.4353071, "source": "OSM_Tier_2" }, "geometry": { "type": "Point", "coordinates": [ -121.4353071, 38.4291567 ] } },
{ "type": "Feature", "properties": { "id": 147938772, "name": "Unnamed Facility", "category": "sports_centre", "lat": 38.4407189, "lon": -121.061279, "source": "OSM_Tier_2" }, "geometry": { "type": "Point", "coordinates": [ -121.061279, 38.4407189 ] } },
{ "type": "Feature", "properties": { "id": 147938836, "name": "Franklin Elementary School", "category": "school", "lat": 38.3852622, "lon": -121.4419203, "source": "OSM_Tier_2" }, "geometry": { "type": "Point", "coordinates": [ -121.4419203, 38.3852622 ] } },
{ "type": "Feature", "properties": { "id": 156738721, "name": "Kaiser Permanente Folsom Ambulatory Surgery Center", "category": "clinic", "lat": 38.647443, "lon": -121.1216797, "source": "OSM_Tier_2" }, "geometry": { "type": "Point", "coordinates": [ -121.1216797, 38.647443 ] } },
{ "type": "Feature", "properties": { "id": 156758995, "name": "Vista Del Lago High School", "category": "school", "lat": 38.6553088, "lon": -121.1051363, "source": "OSM_Tier_2" }, "geometry": { "type": "Point", "coordinates": [ -121.1051363, 38.6553088 ] } },
{ "type": "Feature", "properties": { "id": 158265910, "name": "Kaiser Permanente Folsom Medial Offices", "category": "clinic", "lat": 38.6441798, "lon": -121.135165, "source": "OSM_Tier_2" }, "geometry": { "type": "Point", "coordinates": [ -121.135165, 38.6441798 ] } },
{ "type": "Feature", "properties": { "id": 159933220, "name": "In-Shape Fitness", "category": "fitness_centre", "lat": 38.6659545, "lon": -121.137909, "source": "OSM_Tier_2" }, "geometry": { "type": "Point", "coordinates": [ -121.137909, 38.6659545 ] } },
{ "type": "Feature", "properties": { "id": 160401017, "name": "UC Davis Medical Group", "category": "clinic", "lat": 38.6549495, "lon": -121.1705403, "source": "OSM_Tier_2" }, "geometry": { "type": "Point", "coordinates": [ -121.1705403, 38.6549495 ] } },
{ "type": "Feature", "properties": { "id": 161823721, "name": "California Family Fitness", "category": "sports_centre", "lat": 38.6775645, "lon": -121.2367972, "source": "OSM_Tier_2" }, "geometry": { "type": "Point", "coordinates": [ -121.2367972, 38.6775645 ] } },
{ "type": "Feature", "properties": { "id": 162117647, "name": "Tennis Courts", "category": "sports_centre", "lat": 38.654973, "lon": -121.1053972, "source": "OSM_Tier_2" }, "geometry": { "type": "Point", "coordinates": [ -121.1053972, 38.654973 ] } },
{ "type": "Feature", "properties": { "id": 162783718, "name": "Russell Ranch Elementary School", "category": "school", "lat": 38.6514, "lon": -121.0906358, "source": "OSM_Tier_2" }, "geometry": { "type": "Point", "coordinates": [ -121.0906358, 38.6514 ] } },
{ "type": "Feature", "properties": { "id": 162937993, "name": "Folsom Church of Christ", "category": "place_of_worship", "lat": 38.6923301, "lon": -121.1330047, "source": "OSM_Tier_2" }, "geometry": { "type": "Point", "coordinates": [ -121.1330047, 38.6923301 ] } },
{ "type": "Feature", "properties": { "id": 163147605, "name": "South Sacramento Islamic Center", "category": "school", "lat": 38.4939063, "lon": -121.4793824, "source": "OSM_Tier_2" }, "geometry": { "type": "Point", "coordinates": [ -121.4793824, 38.4939063 ] } },
{ "type": "Feature", "properties": { "id": 163147611, "name": "Meadowview Bible Church", "category": "place_of_worship", "lat": 38.4917971, "lon": -121.479935, "source": "OSM_Tier_2" }, "geometry": { "type": "Point", "coordinates": [ -121.479935, 38.4917971 ] } },
{ "type": "Feature", "properties": { "id": 163762320, "name": "Cosumnes Oaks High School", "category": "school", "lat": 38.3979899, "lon": -121.3980442, "source": "OSM_Tier_2" }, "geometry": { "type": "Point", "coordinates": [ -121.3980442, 38.3979899 ] } },
{ "type": "Feature", "properties": { "id": 166129175, "name": "Del Paso Manor Elementary School", "category": "school", "lat": 38.6130426, "lon": -121.369025, "source": "OSM_Tier_2" }, "geometry": { "type": "Point", "coordinates": [ -121.369025, 38.6130426 ] } },
{ "type": "Feature", "properties": { "id": 166129186, "name": "Merryhill School - Eastern", "category": "school", "lat": 38.6153414, "lon": -121.3639882, "source": "OSM_Tier_2" }, "geometry": { "type": "Point", "coordinates": [ -121.3639882, 38.6153414 ] } },
{ "type": "Feature", "properties": { "id": 166131823, "name": "Whitney Avenue Elementary School", "category": "school", "lat": 38.6275215, "lon": -121.3659774, "source": "OSM_Tier_2" }, "geometry": { "type": "Point", "coordinates": [ -121.3659774, 38.6275215 ] } },
{ "type": "Feature", "properties": { "id": 166195905, "name": "Saint Elizabeth Ann Seton Catholic School", "category": "school", "lat": 38.4111494, "lon": -121.4250017, "source": "OSM_Tier_2" }, "geometry": { "type": "Point", "coordinates": [ -121.4250017, 38.4111494 ] } },
{ "type": "Feature", "properties": { "id": 167143572, "name": "California Family Fitness", "category": "sports_centre", "lat": 38.4965216, "lon": -121.5070888, "source": "OSM_Tier_2" }, "geometry": { "type": "Point", "coordinates": [ -121.5070888, 38.4965216 ] } },
{ "type": "Feature", "properties": { "id": 167707042, "name": "Samuel Kennedy Elementary School", "category": "school", "lat": 38.4991262, "lon": -121.4173031, "source": "OSM_Tier_2" }, "geometry": { "type": "Point", "coordinates": [ -121.4173031, 38.4991262 ] } },
{ "type": "Feature", "properties": { "id": 167708755, "name": "Elder Creek Elementary School", "category": "school", "lat": 38.5154034, "lon": -121.4110357, "source": "OSM_Tier_2" }, "geometry": { "type": "Point", "coordinates": [ -121.4110357, 38.5154034 ] } },
{ "type": "Feature", "properties": { "id": 167839475, "name": "Ethel I. Baker Elementary School", "category": "school", "lat": 38.5211963, "lon": -121.4520053, "source": "OSM_Tier_2" }, "geometry": { "type": "Point", "coordinates": [ -121.4520053, 38.5211963 ] } },
{ "type": "Feature", "properties": { "id": 167926070, "name": "Ridgepoint Elementary School", "category": "school", "lat": 38.7003264, "lon": -121.3563283, "source": "OSM_Tier_2" }, "geometry": { "type": "Point", "coordinates": [ -121.3563283, 38.7003264 ] } },
{ "type": "Feature", "properties": { "id": 168086494, "name": "Rio Linda Elementary School", "category": "school", "lat": 38.6902008, "lon": -121.4510941, "source": "OSM_Tier_2" }, "geometry": { "type": "Point", "coordinates": [ -121.4510941, 38.6902008 ] } },
{ "type": "Feature", "properties": { "id": 168086495, "name": "Orchard Elementary School", "category": "school", "lat": 38.6972837, "lon": -121.4407568, "source": "OSM_Tier_2" }, "geometry": { "type": "Point", "coordinates": [ -121.4407568, 38.6972837 ] } },
{ "type": "Feature", "properties": { "id": 168228390, "name": "Howe Avenue Elementary School", "category": "school", "lat": 38.6082121, "lon": -121.4141258, "source": "OSM_Tier_2" }, "geometry": { "type": "Point", "coordinates": [ -121.4141258, 38.6082121 ] } },
{ "type": "Feature", "properties": { "id": 168538121, "name": "Heritage Christian Academy", "category": "school", "lat": 38.6237635, "lon": -121.3300166, "source": "OSM_Tier_2" }, "geometry": { "type": "Point", "coordinates": [ -121.3300166, 38.6237635 ] } },
{ "type": "Feature", "properties": { "id": 168538123, "name": "Mary A Deterding Charter Elementary School", "category": "school", "lat": 38.621418, "lon": -121.3249416, "source": "OSM_Tier_2" }, "geometry": { "type": "Point", "coordinates": [ -121.3249416, 38.621418 ] } },
{ "type": "Feature", "properties": { "id": 168538126, "name": "Sacramento Waldorf School", "category": "school", "lat": 38.6314055, "lon": -121.2867791, "source": "OSM_Tier_2" }, "geometry": { "type": "Point", "coordinates": [ -121.2867791, 38.6314055 ] } },
{ "type": "Feature", "properties": { "id": 168542458, "name": "Twin Lakes Elementary School", "category": "school", "lat": 38.6667927, "lon": -121.2035967, "source": "OSM_Tier_2" }, "geometry": { "type": "Point", "coordinates": [ -121.2035967, 38.6667927 ] } },
{ "type": "Feature", "properties": { "id": 168945003, "name": "Unnamed Facility", "category": "school", "lat": 38.6744599, "lon": -121.1953837, "source": "OSM_Tier_2" }, "geometry": { "type": "Point", "coordinates": [ -121.1953837, 38.6744599 ] } },
{ "type": "Feature", "properties": { "id": 173536553, "name": "Elk Grove High School", "category": "school", "lat": 38.3995006, "lon": -121.3738328, "source": "OSM_Tier_2" }, "geometry": { "type": "Point", "coordinates": [ -121.3738328, 38.3995006 ] } },
{ "type": "Feature", "properties": { "id": 173536554, "name": "Jessie Baker Elementary School", "category": "school", "lat": 38.4065277, "lon": -121.3738915, "source": "OSM_Tier_2" }, "geometry": { "type": "Point", "coordinates": [ -121.3738915, 38.4065277 ] } },
{ "type": "Feature", "properties": { "id": 173538700, "name": "Florence M Markofer Elementary School", "category": "school", "lat": 38.3999243, "lon": -121.3680414, "source": "OSM_Tier_2" }, "geometry": { "type": "Point", "coordinates": [ -121.3680414, 38.3999243 ] } },
{ "type": "Feature", "properties": { "id": 173538701, "name": "James A McKee Elementary School", "category": "school", "lat": 38.4204525, "lon": -121.3775969, "source": "OSM_Tier_2" }, "geometry": { "type": "Point", "coordinates": [ -121.3775969, 38.4204525 ] } },
{ "type": "Feature", "properties": { "id": 182081469, "name": "Unnamed Facility", "category": "sports_centre", "lat": 38.5712524, "lon": -121.3017291, "source": "OSM_Tier_2" }, "geometry": { "type": "Point", "coordinates": [ -121.3017291, 38.5712524 ] } },
{ "type": "Feature", "properties": { "id": 190864103, "name": "Unnamed Facility", "category": "school", "lat": 38.6364916, "lon": -121.5329773, "source": "OSM_Tier_2" }, "geometry": { "type": "Point", "coordinates": [ -121.5329773, 38.6364916 ] } },
{ "type": "Feature", "properties": { "id": 190864104, "name": "Unnamed Facility", "category": "school", "lat": 38.6369688, "lon": -121.5327491, "source": "OSM_Tier_2" }, "geometry": { "type": "Point", "coordinates": [ -121.5327491, 38.6369688 ] } },
{ "type": "Feature", "properties": { "id": 191613636, "name": "Mercy Medical Plaza", "category": "clinic", "lat": 38.4069123, "lon": -121.410135, "source": "OSM_Tier_2" }, "geometry": { "type": "Point", "coordinates": [ -121.410135, 38.4069123 ] } },
{ "type": "Feature", "properties": { "id": 192241157, "name": "Northwood Elementary School", "category": "school", "lat": 38.6136463, "lon": -121.4369653, "source": "OSM_Tier_2" }, "geometry": { "type": "Point", "coordinates": [ -121.4369653, 38.6136463 ] } },
{ "type": "Feature", "properties": { "id": 193170129, "name": "Unnamed Facility", "category": "school", "lat": 38.6373552, "lon": -121.5325669, "source": "OSM_Tier_2" }, "geometry": { "type": "Point", "coordinates": [ -121.5325669, 38.6373552 ] } },
{ "type": "Feature", "properties": { "id": 196174910, "name": "In-Shape Family Fitness", "category": "fitness_centre", "lat": 38.6396019, "lon": -121.508346, "source": "OSM_Tier_2" }, "geometry": { "type": "Point", "coordinates": [ -121.508346, 38.6396019 ] } },
{ "type": "Feature", "properties": { "id": 196626377, "name": "Abundant Life Church of God in Christ", "category": "place_of_worship", "lat": 38.6236192, "lon": -121.4749018, "source": "OSM_Tier_2" }, "geometry": { "type": "Point", "coordinates": [ -121.4749018, 38.6236192 ] } },
{ "type": "Feature", "properties": { "id": 197990955, "name": "Divine Mercy Catholic Church", "category": "place_of_worship", "lat": 38.6711287, "lon": -121.5119373, "source": "OSM_Tier_2" }, "geometry": { "type": "Point", "coordinates": [ -121.5119373, 38.6711287 ] } },
{ "type": "Feature", "properties": { "id": 197992148, "name": "Heredia-Arriaga School", "category": "school", "lat": 38.6694203, "lon": -121.4992955, "source": "OSM_Tier_2" }, "geometry": { "type": "Point", "coordinates": [ -121.4992955, 38.6694203 ] } },
{ "type": "Feature", "properties": { "id": 199460949, "name": "Vagabond Inn Executive Old Town", "category": "motel", "lat": 38.5833108, "lon": -121.5017296, "source": "OSM_Tier_2" }, "geometry": { "type": "Point", "coordinates": [ -121.5017296, 38.5833108 ] } },
{ "type": "Feature", "properties": { "id": 200395961, "name": "Leataata Floyd Elementary School", "category": "school", "lat": 38.5625909, "lon": -121.5126681, "source": "OSM_Tier_2" }, "geometry": { "type": "Point", "coordinates": [ -121.5126681, 38.5625909 ] } },
{ "type": "Feature", "properties": { "id": 200531565, "name": "Sacramento City College", "category": "college", "lat": 38.5423664, "lon": -121.4885864, "source": "OSM_Tier_2" }, "geometry": { "type": "Point", "coordinates": [ -121.4885864, 38.5423664 ] } },
{ "type": "Feature", "properties": { "id": 200531566, "name": "Sacramento High School", "category": "school", "lat": 38.5562662, "lon": -121.4663614, "source": "OSM_Tier_2" }, "geometry": { "type": "Point", "coordinates": [ -121.4663614, 38.5562662 ] } },
{ "type": "Feature", "properties": { "id": 201369805, "name": "Christian Outreach Fellowship Church", "category": "place_of_worship", "lat": 38.6402844, "lon": -121.4170536, "source": "OSM_Tier_2" }, "geometry": { "type": "Point", "coordinates": [ -121.4170536, 38.6402844 ] } },
{ "type": "Feature", "properties": { "id": 201369810, "name": "Our Lady of Lourdes Catholic Church", "category": "place_of_worship", "lat": 38.6407035, "lon": -121.4210193, "source": "OSM_Tier_2" }, "geometry": { "type": "Point", "coordinates": [ -121.4210193, 38.6407035 ] } },
{ "type": "Feature", "properties": { "id": 202063638, "name": "Crocker/Riverside Elementary School", "category": "school", "lat": 38.553028, "lon": -121.5051515, "source": "OSM_Tier_2" }, "geometry": { "type": "Point", "coordinates": [ -121.5051515, 38.553028 ] } },
{ "type": "Feature", "properties": { "id": 202063657, "name": "Grant West High School", "category": "school", "lat": 38.6347595, "lon": -121.4347603, "source": "OSM_Tier_2" }, "geometry": { "type": "Point", "coordinates": [ -121.4347603, 38.6347595 ] } },
{ "type": "Feature", "properties": { "id": 202063813, "name": "Sacramento Lutheran High School", "category": "school", "lat": 38.6063891, "lon": -121.3754984, "source": "OSM_Tier_2" }, "geometry": { "type": "Point", "coordinates": [ -121.3754984, 38.6063891 ] } },
{ "type": "Feature", "properties": { "id": 202373733, "name": "Woodlake Elementary School", "category": "school", "lat": 38.60232, "lon": -121.4511448, "source": "OSM_Tier_2" }, "geometry": { "type": "Point", "coordinates": [ -121.4511448, 38.60232 ] } },
{ "type": "Feature", "properties": { "id": 202443108, "name": "Natomas Charter School Star Academy", "category": "school", "lat": 38.641796, "lon": -121.5130313, "source": "OSM_Tier_2" }, "geometry": { "type": "Point", "coordinates": [ -121.5130313, 38.641796 ] } },
{ "type": "Feature", "properties": { "id": 205288666, "name": "Sacramento Greyhound Terminal", "category": "bus_station", "lat": 38.5966856, "lon": -121.4969165, "source": "OSM_Tier_2" }, "geometry": { "type": "Point", "coordinates": [ -121.4969165, 38.5966856 ] } },
{ "type": "Feature", "properties": { "id": 207859555, "name": "Saint Anne Catholic Church", "category": "place_of_worship", "lat": 38.4765349, "lon": -121.4812912, "source": "OSM_Tier_2" }, "geometry": { "type": "Point", "coordinates": [ -121.4812912, 38.4765349 ] } },
{ "type": "Feature", "properties": { "id": 209370743, "name": "Tennis Courts", "category": "sports_centre", "lat": 38.4939763, "lon": -121.0903415, "source": "OSM_Tier_2" }, "geometry": { "type": "Point", "coordinates": [ -121.0903415, 38.4939763 ] } },
{ "type": "Feature", "properties": { "id": 212737681, "name": "Topgolf", "category": "sports_centre", "lat": 38.5689247, "lon": -121.3376655, "source": "OSM_Tier_2" }, "geometry": { "type": "Point", "coordinates": [ -121.3376655, 38.5689247 ] } },
{ "type": "Feature", "properties": { "id": 218153431, "name": "Unnamed Facility", "category": "sports_centre", "lat": 38.6468764, "lon": -121.1570285, "source": "OSM_Tier_2" }, "geometry": { "type": "Point", "coordinates": [ -121.1570285, 38.6468764 ] } },
{ "type": "Feature", "properties": { "id": 227233046, "name": "Folsom Aquatic Center", "category": "sports_centre", "lat": 38.6697069, "lon": -121.1637449, "source": "OSM_Tier_2" }, "geometry": { "type": "Point", "coordinates": [ -121.1637449, 38.6697069 ] } },
{ "type": "Feature", "properties": { "id": 230907811, "name": "Saint Peter's Lutheran School", "category": "school", "lat": 38.4410908, "lon": -121.3697796, "source": "OSM_Tier_2" }, "geometry": { "type": "Point", "coordinates": [ -121.3697796, 38.4410908 ] } },
{ "type": "Feature", "properties": { "id": 232671617, "name": "Pleasant Grove High School", "category": "school", "lat": 38.4255737, "lon": -121.340738, "source": "OSM_Tier_2" }, "geometry": { "type": "Point", "coordinates": [ -121.340738, 38.4255737 ] } },
{ "type": "Feature", "properties": { "id": 232671662, "name": "Katherine L. Albiani Middle School", "category": "school", "lat": 38.4253851, "lon": -121.336347, "source": "OSM_Tier_2" }, "geometry": { "type": "Point", "coordinates": [ -121.336347, 38.4253851 ] } },
{ "type": "Feature", "properties": { "id": 238699452, "name": "Wilson C. Riles Middle School", "category": "school", "lat": 38.727246, "lon": -121.3673603, "source": "OSM_Tier_2" }, "geometry": { "type": "Point", "coordinates": [ -121.3673603, 38.727246 ] } },
{ "type": "Feature", "properties": { "id": 240093413, "name": "Arden Middle School", "category": "school", "lat": 38.5942438, "lon": -121.381659, "source": "OSM_Tier_2" }, "geometry": { "type": "Point", "coordinates": [ -121.381659, 38.5942438 ] } },
{ "type": "Feature", "properties": { "id": 242448523, "name": "Vibra Hospital", "category": "hospital", "lat": 38.6813731, "lon": -121.158396, "source": "OSM_Tier_2" }, "geometry": { "type": "Point", "coordinates": [ -121.158396, 38.6813731 ] } },
{ "type": "Feature", "properties": { "id": 242758435, "name": "Walnut Grove Elementary School", "category": "school", "lat": 38.240463, "lon": -121.5121388, "source": "OSM_Tier_2" }, "geometry": { "type": "Point", "coordinates": [ -121.5121388, 38.240463 ] } },
{ "type": "Feature", "properties": { "id": 255945632, "name": "Motel 6 Sacramento-Old Sacramento North", "category": "motel", "lat": 38.5956465, "lon": -121.5049135, "source": "OSM_Tier_2" }, "geometry": { "type": "Point", "coordinates": [ -121.5049135, 38.5956465 ] } },
{ "type": "Feature", "properties": { "id": 256922657, "name": "Cowan Fundamental Elementary School", "category": "school", "lat": 38.6256824, "lon": -121.3724902, "source": "OSM_Tier_2" }, "geometry": { "type": "Point", "coordinates": [ -121.3724902, 38.6256824 ] } },
{ "type": "Feature", "properties": { "id": 264056221, "name": "Heron Elementary School", "category": "school", "lat": 38.6677826, "lon": -121.5120259, "source": "OSM_Tier_2" }, "geometry": { "type": "Point", "coordinates": [ -121.5120259, 38.6677826 ] } },
{ "type": "Feature", "properties": { "id": 267070758, "name": "The Church of Jesus Christ of Latter-day Saints", "category": "place_of_worship", "lat": 38.6588412, "lon": -121.1260987, "source": "OSM_Tier_2" }, "geometry": { "type": "Point", "coordinates": [ -121.1260987, 38.6588412 ] } },
{ "type": "Feature", "properties": { "id": 281973368, "name": "Fellowship Baptist Church", "category": "place_of_worship", "lat": 38.6364552, "lon": -121.4414401, "source": "OSM_Tier_2" }, "geometry": { "type": "Point", "coordinates": [ -121.4414401, 38.6364552 ] } },
{ "type": "Feature", "properties": { "id": 282043686, "name": "Kingdom Hall Jehovahs Witnesses", "category": "place_of_worship", "lat": 38.6387724, "lon": -121.4529655, "source": "OSM_Tier_2" }, "geometry": { "type": "Point", "coordinates": [ -121.4529655, 38.6387724 ] } },
{ "type": "Feature", "properties": { "id": 282043687, "name": "North Avenue Elementary School", "category": "school", "lat": 38.6411448, "lon": -121.4372948, "source": "OSM_Tier_2" }, "geometry": { "type": "Point", "coordinates": [ -121.4372948, 38.6411448 ] } },
{ "type": "Feature", "properties": { "id": 287686285, "name": "Saint Vincent de Paul Catholic Church", "category": "place_of_worship", "lat": 38.4906383, "lon": -121.106058, "source": "OSM_Tier_2" }, "geometry": { "type": "Point", "coordinates": [ -121.106058, 38.4906383 ] } },
{ "type": "Feature", "properties": { "id": 297639295, "name": "The Well", "category": "fitness_centre", "lat": 38.5568193, "lon": -121.4236357, "source": "OSM_Tier_2" }, "geometry": { "type": "Point", "coordinates": [ -121.4236357, 38.5568193 ] } },
{ "type": "Feature", "properties": { "id": 303684684, "name": "Choices Charter School", "category": "school", "lat": 38.6054658, "lon": -121.358854, "source": "OSM_Tier_2" }, "geometry": { "type": "Point", "coordinates": [ -121.358854, 38.6054658 ] } },
{ "type": "Feature", "properties": { "id": 313991371, "name": "24 Hour Fitness", "category": "fitness_centre", "lat": 38.5807354, "lon": -121.4983787, "source": "OSM_Tier_2" }, "geometry": { "type": "Point", "coordinates": [ -121.4983787, 38.5807354 ] } },
{ "type": "Feature", "properties": { "id": 325436230, "name": "Buddhist Church of Florin", "category": "place_of_worship", "lat": 38.4956373, "lon": -121.3999162, "source": "OSM_Tier_2" }, "geometry": { "type": "Point", "coordinates": [ -121.3999162, 38.4956373 ] } },
{ "type": "Feature", "properties": { "id": 330369118, "name": "Chuze Fitness", "category": "fitness_centre", "lat": 38.6738725, "lon": -121.2754973, "source": "OSM_Tier_2" }, "geometry": { "type": "Point", "coordinates": [ -121.2754973, 38.6738725 ] } },
{ "type": "Feature", "properties": { "id": 355197634, "name": "Earl LeGette Elementary School", "category": "school", "lat": 38.6503435, "lon": -121.2454975, "source": "OSM_Tier_2" }, "geometry": { "type": "Point", "coordinates": [ -121.2454975, 38.6503435 ] } },
{ "type": "Feature", "properties": { "id": 355197874, "name": "Del Campo High School", "category": "school", "lat": 38.6538235, "lon": -121.3115105, "source": "OSM_Tier_2" }, "geometry": { "type": "Point", "coordinates": [ -121.3115105, 38.6538235 ] } },
{ "type": "Feature", "properties": { "id": 355198346, "name": "Bella Vista High School", "category": "school", "lat": 38.6660441, "lon": -121.2505818, "source": "OSM_Tier_2" }, "geometry": { "type": "Point", "coordinates": [ -121.2505818, 38.6660441 ] } },
{ "type": "Feature", "properties": { "id": 375030024, "name": "Sacramento California Temple", "category": "place_of_worship", "lat": 38.6352304, "lon": -121.1940029, "source": "OSM_Tier_2" }, "geometry": { "type": "Point", "coordinates": [ -121.1940029, 38.6352304 ] } },
{ "type": "Feature", "properties": { "id": 392332872, "name": "SALAM", "category": "place_of_worship", "lat": 38.6473448, "lon": -121.351168, "source": "OSM_Tier_2" }, "geometry": { "type": "Point", "coordinates": [ -121.351168, 38.6473448 ] } },
{ "type": "Feature", "properties": { "id": 396350543, "name": "Thomas Kelly Elementary School", "category": "school", "lat": 38.6522739, "lon": -121.317811, "source": "OSM_Tier_2" }, "geometry": { "type": "Point", "coordinates": [ -121.317811, 38.6522739 ] } },
{ "type": "Feature", "properties": { "id": 396350553, "name": "Will Rogers Middle School", "category": "school", "lat": 38.6533201, "lon": -121.3064666, "source": "OSM_Tier_2" }, "geometry": { "type": "Point", "coordinates": [ -121.3064666, 38.6533201 ] } },
{ "type": "Feature", "properties": { "id": 398337928, "name": "Unnamed Facility", "category": "place_of_worship", "lat": 38.3971216, "lon": -121.4185503, "source": "OSM_Tier_2" }, "geometry": { "type": "Point", "coordinates": [ -121.4185503, 38.3971216 ] } },
{ "type": "Feature", "properties": { "id": 398456453, "name": "Carlton Senior Living", "category": "social_facility", "lat": 38.4097529, "lon": -121.422884, "source": "OSM_Tier_2" }, "geometry": { "type": "Point", "coordinates": [ -121.422884, 38.4097529 ] } },
{ "type": "Feature", "properties": { "id": 404219529, "name": "UC Davis Point West Clinic", "category": "clinic", "lat": 38.6002952, "lon": -121.4360616, "source": "OSM_Tier_2" }, "geometry": { "type": "Point", "coordinates": [ -121.4360616, 38.6002952 ] } },
{ "type": "Feature", "properties": { "id": 405350099, "name": "UC Davis Cancer Center North Building", "category": "clinic", "lat": 38.5542933, "lon": -121.4524653, "source": "OSM_Tier_2" }, "geometry": { "type": "Point", "coordinates": [ -121.4524653, 38.5542933 ] } },
{ "type": "Feature", "properties": { "id": 405350100, "name": "UC Davis Cancer Center South Building", "category": "clinic", "lat": 38.5538675, "lon": -121.4526409, "source": "OSM_Tier_2" }, "geometry": { "type": "Point", "coordinates": [ -121.4526409, 38.5538675 ] } },
{ "type": "Feature", "properties": { "id": 405350101, "name": "University of California, Davis Medical Center", "category": "hospital", "lat": 38.552257, "lon": -121.4520941, "source": "OSM_Tier_2" }, "geometry": { "type": "Point", "coordinates": [ -121.4520941, 38.552257 ] } },
{ "type": "Feature", "properties": { "id": 406521987, "name": "Red Lion Inn & Suites Sacramento", "category": "motel", "lat": 38.5688414, "lon": -121.4677072, "source": "OSM_Tier_2" }, "geometry": { "type": "Point", "coordinates": [ -121.4677072, 38.5688414 ] } },
{ "type": "Feature", "properties": { "id": 435359754, "name": "Glassrock Building", "category": "clinic", "lat": 38.5520528, "lon": -121.4553267, "source": "OSM_Tier_2" }, "geometry": { "type": "Point", "coordinates": [ -121.4553267, 38.5520528 ] } },
{ "type": "Feature", "properties": { "id": 437995340, "name": "Washington Elementary School", "category": "school", "lat": 38.582507, "lon": -121.4811003, "source": "OSM_Tier_2" }, "geometry": { "type": "Point", "coordinates": [ -121.4811003, 38.582507 ] } },
{ "type": "Feature", "properties": { "id": 437996299, "name": "Kaiser Permanente Point West", "category": "clinic", "lat": 38.596652, "lon": -121.4303733, "source": "OSM_Tier_2" }, "geometry": { "type": "Point", "coordinates": [ -121.4303733, 38.596652 ] } },
{ "type": "Feature", "properties": { "id": 440159278, "name": "Barrett Ranch Elementery School", "category": "school", "lat": 38.7086945, "lon": -121.3510199, "source": "OSM_Tier_2" }, "geometry": { "type": "Point", "coordinates": [ -121.3510199, 38.7086945 ] } },
{ "type": "Feature", "properties": { "id": 440159292, "name": "Olive Grove Elementary School", "category": "school", "lat": 38.7134426, "lon": -121.3417188, "source": "OSM_Tier_2" }, "geometry": { "type": "Point", "coordinates": [ -121.3417188, 38.7134426 ] } },
{ "type": "Feature", "properties": { "id": 447948930, "name": "Cosumnes River College", "category": "college", "lat": 38.453927, "lon": -121.4230235, "source": "OSM_Tier_2" }, "geometry": { "type": "Point", "coordinates": [ -121.4230235, 38.453927 ] } },
{ "type": "Feature", "properties": { "id": 462695963, "name": "Antelope Christian Academy", "category": "school", "lat": 38.7058267, "lon": -121.3583067, "source": "OSM_Tier_2" }, "geometry": { "type": "Point", "coordinates": [ -121.3583067, 38.7058267 ] } },
{ "type": "Feature", "properties": { "id": 462701932, "name": "Unnamed Facility", "category": "school", "lat": 38.6863807, "lon": -121.3564466, "source": "OSM_Tier_2" }, "geometry": { "type": "Point", "coordinates": [ -121.3564466, 38.6863807 ] } },
{ "type": "Feature", "properties": { "id": 462701933, "name": "Saint Lawrence Catholic Church", "category": "place_of_worship", "lat": 38.689446, "lon": -121.3632602, "source": "OSM_Tier_2" }, "geometry": { "type": "Point", "coordinates": [ -121.3632602, 38.689446 ] } },
{ "type": "Feature", "properties": { "id": 462701934, "name": "Warren A Allison Elementary School", "category": "school", "lat": 38.6893783, "lon": -121.3651754, "source": "OSM_Tier_2" }, "geometry": { "type": "Point", "coordinates": [ -121.3651754, 38.6893783 ] } },
{ "type": "Feature", "properties": { "id": 463313025, "name": "Romanian Church of God", "category": "place_of_worship", "lat": 38.6762559, "lon": -121.3896813, "source": "OSM_Tier_2" }, "geometry": { "type": "Point", "coordinates": [ -121.3896813, 38.6762559 ] } },
{ "type": "Feature", "properties": { "id": 463359729, "name": "Village Elementary School", "category": "school", "lat": 38.6926412, "lon": -121.3719741, "source": "OSM_Tier_2" }, "geometry": { "type": "Point", "coordinates": [ -121.3719741, 38.6926412 ] } },
{ "type": "Feature", "properties": { "id": 463359732, "name": "Sierra View Elementary School", "category": "school", "lat": 38.6994919, "lon": -121.3786477, "source": "OSM_Tier_2" }, "geometry": { "type": "Point", "coordinates": [ -121.3786477, 38.6994919 ] } },
{ "type": "Feature", "properties": { "id": 463361066, "name": "Oakdale Elementary School", "category": "school", "lat": 38.6534792, "lon": -121.3785459, "source": "OSM_Tier_2" }, "geometry": { "type": "Point", "coordinates": [ -121.3785459, 38.6534792 ] } },
{ "type": "Feature", "properties": { "id": 463361760, "name": "Madison Elementary School", "category": "school", "lat": 38.6621245, "lon": -121.3702361, "source": "OSM_Tier_2" }, "geometry": { "type": "Point", "coordinates": [ -121.3702361, 38.6621245 ] } },
{ "type": "Feature", "properties": { "id": 463363048, "name": "Vista Nueva High School", "category": "school", "lat": 38.6409257, "lon": -121.4187821, "source": "OSM_Tier_2" }, "geometry": { "type": "Point", "coordinates": [ -121.4187821, 38.6409257 ] } },
{ "type": "Feature", "properties": { "id": 463384673, "name": "Arthur A. Benjamin Health Professions High School", "category": "school", "lat": 38.5623692, "lon": -121.5112419, "source": "OSM_Tier_2" }, "geometry": { "type": "Point", "coordinates": [ -121.5112419, 38.5623692 ] } },
{ "type": "Feature", "properties": { "id": 467063514, "name": "Broadstone Raquetclub Gym", "category": "fitness_centre", "lat": 38.648713, "lon": -121.1355254, "source": "OSM_Tier_2" }, "geometry": { "type": "Point", "coordinates": [ -121.1355254, 38.648713 ] } },
{ "type": "Feature", "properties": { "id": 468489743, "name": "Unnamed Facility", "category": "sports_centre", "lat": 38.5546957, "lon": -121.3898608, "source": "OSM_Tier_2" }, "geometry": { "type": "Point", "coordinates": [ -121.3898608, 38.5546957 ] } },
{ "type": "Feature", "properties": { "id": 468573537, "name": "Sunrise Elementary School", "category": "school", "lat": 38.5554074, "lon": -121.2378941, "source": "OSM_Tier_2" }, "geometry": { "type": "Point", "coordinates": [ -121.2378941, 38.5554074 ] } },
{ "type": "Feature", "properties": { "id": 469281079, "name": "Unnamed Facility", "category": "school", "lat": 38.5852539, "lon": -121.3517164, "source": "OSM_Tier_2" }, "geometry": { "type": "Point", "coordinates": [ -121.3517164, 38.5852539 ] } },
{ "type": "Feature", "properties": { "id": 469495723, "name": "McGeorge School of Law", "category": "college", "lat": 38.5485574, "lon": -121.4724833, "source": "OSM_Tier_2" }, "geometry": { "type": "Point", "coordinates": [ -121.4724833, 38.5485574 ] } },
{ "type": "Feature", "properties": { "id": 476339452, "name": "Sacred Heart Catholic Church", "category": "place_of_worship", "lat": 38.5695946, "lon": -121.4550143, "source": "OSM_Tier_2" }, "geometry": { "type": "Point", "coordinates": [ -121.4550143, 38.5695946 ] } },
{ "type": "Feature", "properties": { "id": 476389846, "name": "Sutter Medical Center, Sacramento", "category": "hospital", "lat": 38.5715937, "lon": -121.4687625, "source": "OSM_Tier_2" }, "geometry": { "type": "Point", "coordinates": [ -121.4687625, 38.5715937 ] } },
{ "type": "Feature", "properties": { "id": 482094570, "name": "Leonardo da Vinci TK-8 School", "category": "school", "lat": 38.5311504, "lon": -121.4895403, "source": "OSM_Tier_2" }, "geometry": { "type": "Point", "coordinates": [ -121.4895403, 38.5311504 ] } },
{ "type": "Feature", "properties": { "id": 485031968, "name": "Bill Conlin Youth Sports Complex", "category": "sports_centre", "lat": 38.4719066, "lon": -121.5018225, "source": "OSM_Tier_2" }, "geometry": { "type": "Point", "coordinates": [ -121.5018225, 38.4719066 ] } },
{ "type": "Feature", "properties": { "id": 486693772, "name": "North County Elementary School", "category": "school", "lat": 38.7068897, "lon": -121.3741122, "source": "OSM_Tier_2" }, "geometry": { "type": "Point", "coordinates": [ -121.3741122, 38.7068897 ] } },
{ "type": "Feature", "properties": { "id": 492618168, "name": "Unnamed Facility", "category": "bus_station", "lat": 38.5644054, "lon": -121.4262003, "source": "OSM_Tier_2" }, "geometry": { "type": "Point", "coordinates": [ -121.4262003, 38.5644054 ] } },
{ "type": "Feature", "properties": { "id": 493924886, "name": "Faith United Methodist Church", "category": "place_of_worship", "lat": 38.5705789, "lon": -121.4582674, "source": "OSM_Tier_2" }, "geometry": { "type": "Point", "coordinates": [ -121.4582674, 38.5705789 ] } },
{ "type": "Feature", "properties": { "id": 494476747, "name": "Arnold Adriani Elementary School", "category": "school", "lat": 38.4705032, "lon": -121.3243653, "source": "OSM_Tier_2" }, "geometry": { "type": "Point", "coordinates": [ -121.3243653, 38.4705032 ] } },
{ "type": "Feature", "properties": { "id": 494760178, "name": "Mercy San Juan Medical Center", "category": "hospital", "lat": 38.6694634, "lon": -121.3131281, "source": "OSM_Tier_2" }, "geometry": { "type": "Point", "coordinates": [ -121.3131281, 38.6694634 ] } },
{ "type": "Feature", "properties": { "id": 500326932, "name": "Capitol Free Will Baptist Church", "category": "place_of_worship", "lat": 38.6796476, "lon": -121.3834283, "source": "OSM_Tier_2" }, "geometry": { "type": "Point", "coordinates": [ -121.3834283, 38.6796476 ] } },
{ "type": "Feature", "properties": { "id": 513347479, "name": "Kaiser Permanente", "category": "clinic", "lat": 38.4591884, "lon": -121.4080365, "source": "OSM_Tier_2" }, "geometry": { "type": "Point", "coordinates": [ -121.4080365, 38.4591884 ] } },
{ "type": "Feature", "properties": { "id": 513349193, "name": "Anna Kirchgater Elementary School", "category": "school", "lat": 38.4662424, "lon": -121.4075, "source": "OSM_Tier_2" }, "geometry": { "type": "Point", "coordinates": [ -121.4075, 38.4662424 ] } },
{ "type": "Feature", "properties": { "id": 513349196, "name": "IMPACT Community Church", "category": "place_of_worship", "lat": 38.4595158, "lon": -121.406926, "source": "OSM_Tier_2" }, "geometry": { "type": "Point", "coordinates": [ -121.406926, 38.4595158 ] } },
{ "type": "Feature", "properties": { "id": 515938679, "name": "Orange Grove Adult School", "category": "school", "lat": 38.6482099, "lon": -121.3559227, "source": "OSM_Tier_2" }, "geometry": { "type": "Point", "coordinates": [ -121.3559227, 38.6482099 ] } },
{ "type": "Feature", "properties": { "id": 518452367, "name": "Lifetime Fitness", "category": "fitness_centre", "lat": 38.6446849, "lon": -121.1044826, "source": "OSM_Tier_2" }, "geometry": { "type": "Point", "coordinates": [ -121.1044826, 38.6446849 ] } },
{ "type": "Feature", "properties": { "id": 520401343, "name": "Saint Theresa Catholic Church", "category": "place_of_worship", "lat": 38.1599554, "lon": -121.6126546, "source": "OSM_Tier_2" }, "geometry": { "type": "Point", "coordinates": [ -121.6126546, 38.1599554 ] } },
{ "type": "Feature", "properties": { "id": 529329128, "name": "Fruitridge Community Pool", "category": "sports_centre", "lat": 38.523838, "lon": -121.4604808, "source": "OSM_Tier_2" }, "geometry": { "type": "Point", "coordinates": [ -121.4604808, 38.523838 ] } },
{ "type": "Feature", "properties": { "id": 543964053, "name": "Hanbit Presbyterian Church", "category": "place_of_worship", "lat": 38.5675898, "lon": -121.2977308, "source": "OSM_Tier_2" }, "geometry": { "type": "Point", "coordinates": [ -121.2977308, 38.5675898 ] } },
{ "type": "Feature", "properties": { "id": 543970996, "name": "Lincoln Village Pool", "category": "sports_centre", "lat": 38.5669337, "lon": -121.3191123, "source": "OSM_Tier_2" }, "geometry": { "type": "Point", "coordinates": [ -121.3191123, 38.5669337 ] } },
{ "type": "Feature", "properties": { "id": 545089780, "name": "The Rink", "category": "sports_centre", "lat": 38.5714296, "lon": -121.3372782, "source": "OSM_Tier_2" }, "geometry": { "type": "Point", "coordinates": [ -121.3372782, 38.5714296 ] } },
{ "type": "Feature", "properties": { "id": 547175671, "name": "Saint Katherine Greek Orthodox Church", "category": "place_of_worship", "lat": 38.4243941, "lon": -121.4683142, "source": "OSM_Tier_2" }, "geometry": { "type": "Point", "coordinates": [ -121.4683142, 38.4243941 ] } },
{ "type": "Feature", "properties": { "id": 550802186, "name": "Center High School", "category": "school", "lat": 38.7206466, "lon": -121.3897319, "source": "OSM_Tier_2" }, "geometry": { "type": "Point", "coordinates": [ -121.3897319, 38.7206466 ] } },
{ "type": "Feature", "properties": { "id": 550803688, "name": "Globel Youth Charter High School", "category": "school", "lat": 38.7202329, "lon": -121.3859747, "source": "OSM_Tier_2" }, "geometry": { "type": "Point", "coordinates": [ -121.3859747, 38.7202329 ] } },
{ "type": "Feature", "properties": { "id": 550809809, "name": "Andrew Carnegie Middle School", "category": "school", "lat": 38.6726837, "lon": -121.2330435, "source": "OSM_Tier_2" }, "geometry": { "type": "Point", "coordinates": [ -121.2330435, 38.6726837 ] } },
{ "type": "Feature", "properties": { "id": 551030074, "name": "Unnamed Facility", "category": "place_of_worship", "lat": 38.6950948, "lon": -121.2825728, "source": "OSM_Tier_2" }, "geometry": { "type": "Point", "coordinates": [ -121.2825728, 38.6950948 ] } },
{ "type": "Feature", "properties": { "id": 551181132, "name": "Thomas Hogan Law Offices", "category": "lawyer", "lat": 38.5833442, "lon": -121.4163444, "source": "OSM_Tier_2" }, "geometry": { "type": "Point", "coordinates": [ -121.4163444, 38.5833442 ] } },
{ "type": "Feature", "properties": { "id": 554166436, "name": "Southside Community Church", "category": "place_of_worship", "lat": 38.4812312, "lon": -121.3724566, "source": "OSM_Tier_2" }, "geometry": { "type": "Point", "coordinates": [ -121.3724566, 38.4812312 ] } },
{ "type": "Feature", "properties": { "id": 554166440, "name": "Southside Community Church", "category": "place_of_worship", "lat": 38.4809815, "lon": -121.3723754, "source": "OSM_Tier_2" }, "geometry": { "type": "Point", "coordinates": [ -121.3723754, 38.4809815 ] } },
{ "type": "Feature", "properties": { "id": 554166443, "name": "Southside Community Church", "category": "place_of_worship", "lat": 38.4809776, "lon": -121.3726799, "source": "OSM_Tier_2" }, "geometry": { "type": "Point", "coordinates": [ -121.3726799, 38.4809776 ] } },
{ "type": "Feature", "properties": { "id": 554539618, "name": "Martin Luther King Junior Elementary School", "category": "school", "lat": 38.4896093, "lon": -121.5428481, "source": "OSM_Tier_2" }, "geometry": { "type": "Point", "coordinates": [ -121.5428481, 38.4896093 ] } },
{ "type": "Feature", "properties": { "id": 555669545, "name": "Landmark Baptist Church", "category": "place_of_worship", "lat": 38.667594, "lon": -121.3290976, "source": "OSM_Tier_2" }, "geometry": { "type": "Point", "coordinates": [ -121.3290976, 38.667594 ] } },
{ "type": "Feature", "properties": { "id": 555957373, "name": "Unnamed Facility", "category": "place_of_worship", "lat": 38.6937728, "lon": -121.382498, "source": "OSM_Tier_2" }, "geometry": { "type": "Point", "coordinates": [ -121.382498, 38.6937728 ] } },
{ "type": "Feature", "properties": { "id": 556135815, "name": "Liberty Ranch High School", "category": "school", "lat": 38.2860228, "lon": -121.2793164, "source": "OSM_Tier_2" }, "geometry": { "type": "Point", "coordinates": [ -121.2793164, 38.2860228 ] } },
{ "type": "Feature", "properties": { "id": 556467010, "name": "Yav Pem Suab Academy", "category": "school", "lat": 38.4882644, "lon": -121.5259497, "source": "OSM_Tier_2" }, "geometry": { "type": "Point", "coordinates": [ -121.5259497, 38.4882644 ] } },
{ "type": "Feature", "properties": { "id": 556488541, "name": "McCaffrey Middle School", "category": "school", "lat": 38.2854355, "lon": -121.2865763, "source": "OSM_Tier_2" }, "geometry": { "type": "Point", "coordinates": [ -121.2865763, 38.2854355 ] } },
{ "type": "Feature", "properties": { "id": 556488542, "name": "Estrellita High School", "category": "school", "lat": 38.2863519, "lon": -121.275689, "source": "OSM_Tier_2" }, "geometry": { "type": "Point", "coordinates": [ -121.275689, 38.2863519 ] } },
{ "type": "Feature", "properties": { "id": 557479858, "name": "Unnamed Facility", "category": "place_of_worship", "lat": 38.5420848, "lon": -121.475166, "source": "OSM_Tier_2" }, "geometry": { "type": "Point", "coordinates": [ -121.475166, 38.5420848 ] } },
{ "type": "Feature", "properties": { "id": 557969171, "name": "White Rock Elementary School", "category": "school", "lat": 38.5867255, "lon": -121.2997043, "source": "OSM_Tier_2" }, "geometry": { "type": "Point", "coordinates": [ -121.2997043, 38.5867255 ] } },
{ "type": "Feature", "properties": { "id": 558313025, "name": "Mercy Hospital of Folsom", "category": "hospital", "lat": 38.6701261, "lon": -121.1459977, "source": "OSM_Tier_2" }, "geometry": { "type": "Point", "coordinates": [ -121.1459977, 38.6701261 ] } },
{ "type": "Feature", "properties": { "id": 558317506, "name": "Prairie City Landing", "category": "social_facility", "lat": 38.6512137, "lon": -121.1636137, "source": "OSM_Tier_2" }, "geometry": { "type": "Point", "coordinates": [ -121.1636137, 38.6512137 ] } },
{ "type": "Feature", "properties": { "id": 559658638, "name": "Hoos Swimming Pool", "category": "sports_centre", "lat": 38.540849, "lon": -121.4886708, "source": "OSM_Tier_2" }, "geometry": { "type": "Point", "coordinates": [ -121.4886708, 38.540849 ] } },
{ "type": "Feature", "properties": { "id": 562366388, "name": "Unnamed Facility", "category": "place_of_worship", "lat": 38.6894582, "lon": -121.2015528, "source": "OSM_Tier_2" }, "geometry": { "type": "Point", "coordinates": [ -121.2015528, 38.6894582 ] } },
{ "type": "Feature", "properties": { "id": 566247309, "name": "Kingdom Hall of Jehovahs Witnesses", "category": "place_of_worship", "lat": 38.5878998, "lon": -121.3972382, "source": "OSM_Tier_2" }, "geometry": { "type": "Point", "coordinates": [ -121.3972382, 38.5878998 ] } },
{ "type": "Feature", "properties": { "id": 571488339, "name": "Divine Savior Catholic Church", "category": "place_of_worship", "lat": 38.6798344, "lon": -121.217244, "source": "OSM_Tier_2" }, "geometry": { "type": "Point", "coordinates": [ -121.217244, 38.6798344 ] } },
{ "type": "Feature", "properties": { "id": 571978813, "name": "Church of God of Prophecy", "category": "place_of_worship", "lat": 38.6433129, "lon": -121.4109952, "source": "OSM_Tier_2" }, "geometry": { "type": "Point", "coordinates": [ -121.4109952, 38.6433129 ] } },
{ "type": "Feature", "properties": { "id": 575377288, "name": "Rodeway Inn Sacramento-University Area", "category": "motel", "lat": 38.5514293, "lon": -121.4099861, "source": "OSM_Tier_2" }, "geometry": { "type": "Point", "coordinates": [ -121.4099861, 38.5514293 ] } },
{ "type": "Feature", "properties": { "id": 575377294, "name": "Unnamed Facility", "category": "sports_centre", "lat": 38.5561831, "lon": -121.4084668, "source": "OSM_Tier_2" }, "geometry": { "type": "Point", "coordinates": [ -121.4084668, 38.5561831 ] } },
{ "type": "Feature", "properties": { "id": 576511382, "name": "New Life Christian Fellowship", "category": "place_of_worship", "lat": 38.4333869, "lon": -121.3340879, "source": "OSM_Tier_2" }, "geometry": { "type": "Point", "coordinates": [ -121.3340879, 38.4333869 ] } },
{ "type": "Feature", "properties": { "id": 577879059, "name": "Sacramento VA Medical Center", "category": "hospital", "lat": 38.5726584, "lon": -121.2949177, "source": "OSM_Tier_2" }, "geometry": { "type": "Point", "coordinates": [ -121.2949177, 38.5726584 ] } },
{ "type": "Feature", "properties": { "id": 577879060, "name": "Kaiser Permanente Rancho Cordova Medical Offices", "category": "clinic", "lat": 38.5770199, "lon": -121.2920022, "source": "OSM_Tier_2" }, "geometry": { "type": "Point", "coordinates": [ -121.2920022, 38.5770199 ] } },
{ "type": "Feature", "properties": { "id": 577882685, "name": "American River College", "category": "college", "lat": 38.6490469, "lon": -121.3463252, "source": "OSM_Tier_2" }, "geometry": { "type": "Point", "coordinates": [ -121.3463252, 38.6490469 ] } },
{ "type": "Feature", "properties": { "id": 577887505, "name": "Heritage Oaks Hospital", "category": "hospital", "lat": 38.6432338, "lon": -121.3650348, "source": "OSM_Tier_2" }, "geometry": { "type": "Point", "coordinates": [ -121.3650348, 38.6432338 ] } },
{ "type": "Feature", "properties": { "id": 577890444, "name": "Kaiser Permanente Sacramento Medical Center", "category": "hospital", "lat": 38.601612, "lon": -121.3946397, "source": "OSM_Tier_2" }, "geometry": { "type": "Point", "coordinates": [ -121.3946397, 38.601612 ] } },
{ "type": "Feature", "properties": { "id": 577895513, "name": "Mercy General Hospital", "category": "hospital", "lat": 38.5706169, "lon": -121.452869, "source": "OSM_Tier_2" }, "geometry": { "type": "Point", "coordinates": [ -121.452869, 38.5706169 ] } },
{ "type": "Feature", "properties": { "id": 578100530, "name": "Kaiser Permanente South Sacramento Medical Center", "category": "hospital", "lat": 38.4694707, "lon": -121.4225856, "source": "OSM_Tier_2" }, "geometry": { "type": "Point", "coordinates": [ -121.4225856, 38.4694707 ] } },
{ "type": "Feature", "properties": { "id": 578107842, "name": "Methodist Hospital of Sacramento", "category": "hospital", "lat": 38.4628879, "lon": -121.4163698, "source": "OSM_Tier_2" }, "geometry": { "type": "Point", "coordinates": [ -121.4163698, 38.4628879 ] } },
{ "type": "Feature", "properties": { "id": 581495624, "name": "Garfield Elementary School", "category": "school", "lat": 38.6327099, "lon": -121.3379943, "source": "OSM_Tier_2" }, "geometry": { "type": "Point", "coordinates": [ -121.3379943, 38.6327099 ] } },
{ "type": "Feature", "properties": { "id": 581865838, "name": "Sylvan Middle School", "category": "school", "lat": 38.6954324, "lon": -121.2932423, "source": "OSM_Tier_2" }, "geometry": { "type": "Point", "coordinates": [ -121.2932423, 38.6954324 ] } },
{ "type": "Feature", "properties": { "id": 582097283, "name": "California Family Fitness", "category": "fitness_centre", "lat": 38.6736356, "lon": -121.3882838, "source": "OSM_Tier_2" }, "geometry": { "type": "Point", "coordinates": [ -121.3882838, 38.6736356 ] } },
{ "type": "Feature", "properties": { "id": 582103903, "name": "Creative Connections Arts Academy High School", "category": "school", "lat": 38.6858022, "lon": -121.3622497, "source": "OSM_Tier_2" }, "geometry": { "type": "Point", "coordinates": [ -121.3622497, 38.6858022 ] } },
{ "type": "Feature", "properties": { "id": 582431039, "name": "Antelope Crossing Middle School", "category": "school", "lat": 38.7183739, "lon": -121.3409795, "source": "OSM_Tier_2" }, "geometry": { "type": "Point", "coordinates": [ -121.3409795, 38.7183739 ] } },
{ "type": "Feature", "properties": { "id": 584641768, "name": "Applequist Atheletic Field", "category": "sports_centre", "lat": 38.5397391, "lon": -121.4885091, "source": "OSM_Tier_2" }, "geometry": { "type": "Point", "coordinates": [ -121.4885091, 38.5397391 ] } },
{ "type": "Feature", "properties": { "id": 585541635, "name": "Miwok Middle School", "category": "school", "lat": 38.5732565, "lon": -121.4637298, "source": "OSM_Tier_2" }, "geometry": { "type": "Point", "coordinates": [ -121.4637298, 38.5732565 ] } },
{ "type": "Feature", "properties": { "id": 591288233, "name": "Unnamed Facility", "category": "fitness_centre", "lat": 38.6666026, "lon": -121.1385102, "source": "OSM_Tier_2" }, "geometry": { "type": "Point", "coordinates": [ -121.1385102, 38.6666026 ] } },
{ "type": "Feature", "properties": { "id": 593757355, "name": "Jefferson Elementary School", "category": "school", "lat": 38.6217485, "lon": -121.5072624, "source": "OSM_Tier_2" }, "geometry": { "type": "Point", "coordinates": [ -121.5072624, 38.6217485 ] } },
{ "type": "Feature", "properties": { "id": 594931786, "name": "Rollingwood YMCA", "category": "sports_centre", "lat": 38.6598167, "lon": -121.2057272, "source": "OSM_Tier_2" }, "geometry": { "type": "Point", "coordinates": [ -121.2057272, 38.6598167 ] } },
{ "type": "Feature", "properties": { "id": 600500576, "name": "Yee Law Group, Inc.", "category": "lawyer", "lat": 38.5375296, "lon": -121.5043557, "source": "OSM_Tier_2" }, "geometry": { "type": "Point", "coordinates": [ -121.5043557, 38.5375296 ] } },
{ "type": "Feature", "properties": { "id": 601453775, "name": "All Star Karting", "category": "sports_centre", "lat": 38.5906895, "lon": -121.1596795, "source": "OSM_Tier_2" }, "geometry": { "type": "Point", "coordinates": [ -121.1596795, 38.5906895 ] } },
{ "type": "Feature", "properties": { "id": 602728312, "name": "Unnamed Facility", "category": "sports_centre", "lat": 38.6490295, "lon": -121.1589284, "source": "OSM_Tier_2" }, "geometry": { "type": "Point", "coordinates": [ -121.1589284, 38.6490295 ] } },
{ "type": "Feature", "properties": { "id": 603961955, "name": "River Oak Center for Children", "category": "school", "lat": 38.585944, "lon": -121.3637797, "source": "OSM_Tier_2" }, "geometry": { "type": "Point", "coordinates": [ -121.3637797, 38.585944 ] } },
{ "type": "Feature", "properties": { "id": 606323025, "name": "Cottage Elementary School", "category": "school", "lat": 38.6046559, "lon": -121.3934318, "source": "OSM_Tier_2" }, "geometry": { "type": "Point", "coordinates": [ -121.3934318, 38.6046559 ] } },
{ "type": "Feature", "properties": { "id": 606323035, "name": "Unnamed Facility", "category": "sports_centre", "lat": 38.6038482, "lon": -121.3928972, "source": "OSM_Tier_2" }, "geometry": { "type": "Point", "coordinates": [ -121.3928972, 38.6038482 ] } },
{ "type": "Feature", "properties": { "id": 607474741, "name": "Holy Spirit Catholic Church", "category": "place_of_worship", "lat": 38.5501363, "lon": -121.49844, "source": "OSM_Tier_2" }, "geometry": { "type": "Point", "coordinates": [ -121.49844, 38.5501363 ] } },
{ "type": "Feature", "properties": { "id": 610385709, "name": "Zehnder Ranch Elementary School", "category": "school", "lat": 38.3995674, "lon": -121.4064803, "source": "OSM_Tier_2" }, "geometry": { "type": "Point", "coordinates": [ -121.4064803, 38.3995674 ] } },
{ "type": "Feature", "properties": { "id": 611147502, "name": "Harvest Church", "category": "place_of_worship", "lat": 38.3818326, "lon": -121.3659463, "source": "OSM_Tier_2" }, "geometry": { "type": "Point", "coordinates": [ -121.3659463, 38.3818326 ] } },
{ "type": "Feature", "properties": { "id": 611931761, "name": "Our Lady of Guadalupe Catholic Church", "category": "place_of_worship", "lat": 38.5705157, "lon": -121.5014503, "source": "OSM_Tier_2" }, "geometry": { "type": "Point", "coordinates": [ -121.5014503, 38.5705157 ] } },
{ "type": "Feature", "properties": { "id": 615609849, "name": "South Sacramento Christian Center", "category": "school", "lat": 38.47712, "lon": -121.4211494, "source": "OSM_Tier_2" }, "geometry": { "type": "Point", "coordinates": [ -121.4211494, 38.47712 ] } },
{ "type": "Feature", "properties": { "id": 615611999, "name": "Motel 6 Sacramento", "category": "motel", "lat": 38.4758654, "lon": -121.4172857, "source": "OSM_Tier_2" }, "geometry": { "type": "Point", "coordinates": [ -121.4172857, 38.4758654 ] } },
{ "type": "Feature", "properties": { "id": 617013653, "name": "Saint Peter and All Hallows Catholic Church", "category": "place_of_worship", "lat": 38.5399257, "lon": -121.4414363, "source": "OSM_Tier_2" }, "geometry": { "type": "Point", "coordinates": [ -121.4414363, 38.5399257 ] } },
{ "type": "Feature", "properties": { "id": 617677485, "name": "Unnamed Facility", "category": "place_of_worship", "lat": 38.5392456, "lon": -121.4315476, "source": "OSM_Tier_2" }, "geometry": { "type": "Point", "coordinates": [ -121.4315476, 38.5392456 ] } },
{ "type": "Feature", "properties": { "id": 619099251, "name": "UC Davis Midtown Clinic", "category": "clinic", "lat": 38.5683092, "lon": -121.4656806, "source": "OSM_Tier_2" }, "geometry": { "type": "Point", "coordinates": [ -121.4656806, 38.5683092 ] } },
{ "type": "Feature", "properties": { "id": 619593564, "name": "Unnamed Facility", "category": "school", "lat": 38.5442225, "lon": -121.4533768, "source": "OSM_Tier_2" }, "geometry": { "type": "Point", "coordinates": [ -121.4533768, 38.5442225 ] } },
{ "type": "Feature", "properties": { "id": 619594575, "name": "De Ville Motel", "category": "motel", "lat": 38.5500385, "lon": -121.4557512, "source": "OSM_Tier_2" }, "geometry": { "type": "Point", "coordinates": [ -121.4557512, 38.5500385 ] } },
{ "type": "Feature", "properties": { "id": 619606292, "name": "Charles A Jones Career and Education Center", "category": "school", "lat": 38.5167822, "lon": -121.4412246, "source": "OSM_Tier_2" }, "geometry": { "type": "Point", "coordinates": [ -121.4412246, 38.5167822 ] } },
{ "type": "Feature", "properties": { "id": 624210561, "name": "Carriage Drive Elementary School", "category": "school", "lat": 38.7025664, "lon": -121.2958521, "source": "OSM_Tier_2" }, "geometry": { "type": "Point", "coordinates": [ -121.2958521, 38.7025664 ] } },
{ "type": "Feature", "properties": { "id": 624212784, "name": "Mesa Verde High School", "category": "school", "lat": 38.7018184, "lon": -121.2980644, "source": "OSM_Tier_2" }, "geometry": { "type": "Point", "coordinates": [ -121.2980644, 38.7018184 ] } },
{ "type": "Feature", "properties": { "id": 625801939, "name": "Capital Elementary School", "category": "school", "lat": 38.5399514, "lon": -121.4400333, "source": "OSM_Tier_2" }, "geometry": { "type": "Point", "coordinates": [ -121.4400333, 38.5399514 ] } },
{ "type": "Feature", "properties": { "id": 627847160, "name": "Unnamed Facility", "category": "school", "lat": 38.1609485, "lon": -121.6082429, "source": "OSM_Tier_2" }, "geometry": { "type": "Point", "coordinates": [ -121.6082429, 38.1609485 ] } },
{ "type": "Feature", "properties": { "id": 640643558, "name": "Saint Mary Catholic Church", "category": "place_of_worship", "lat": 38.5597343, "lon": -121.4343285, "source": "OSM_Tier_2" }, "geometry": { "type": "Point", "coordinates": [ -121.4343285, 38.5597343 ] } },
{ "type": "Feature", "properties": { "id": 651855302, "name": "Masjid As-Sabur", "category": "place_of_worship", "lat": 38.5383705, "lon": -121.4480767, "source": "OSM_Tier_2" }, "geometry": { "type": "Point", "coordinates": [ -121.4480767, 38.5383705 ] } },
{ "type": "Feature", "properties": { "id": 651872565, "name": "Unnamed Facility", "category": "sports_centre", "lat": 38.5613855, "lon": -121.4279198, "source": "OSM_Tier_2" }, "geometry": { "type": "Point", "coordinates": [ -121.4279198, 38.5613855 ] } },
{ "type": "Feature", "properties": { "id": 653100242, "name": "Silva Field", "category": "sports_centre", "lat": 38.4860625, "lon": -121.4794407, "source": "OSM_Tier_2" }, "geometry": { "type": "Point", "coordinates": [ -121.4794407, 38.4860625 ] } },
{ "type": "Feature", "properties": { "id": 653102827, "name": "Maple Community Park", "category": "sports_centre", "lat": 38.5190378, "lon": -121.471831, "source": "OSM_Tier_2" }, "geometry": { "type": "Point", "coordinates": [ -121.471831, 38.5190378 ] } },
{ "type": "Feature", "properties": { "id": 669437193, "name": "Foundation Christian Church Connection Center", "category": "place_of_worship", "lat": 38.707967, "lon": -121.2691226, "source": "OSM_Tier_2" }, "geometry": { "type": "Point", "coordinates": [ -121.2691226, 38.707967 ] } },
{ "type": "Feature", "properties": { "id": 669437194, "name": "Foundation Christian Church Pringle Building", "category": "place_of_worship", "lat": 38.7080782, "lon": -121.26878, "source": "OSM_Tier_2" }, "geometry": { "type": "Point", "coordinates": [ -121.26878, 38.7080782 ] } },
{ "type": "Feature", "properties": { "id": 669437195, "name": "Foundation Christian Church", "category": "place_of_worship", "lat": 38.7078468, "lon": -121.2686973, "source": "OSM_Tier_2" }, "geometry": { "type": "Point", "coordinates": [ -121.2686973, 38.7078468 ] } },
{ "type": "Feature", "properties": { "id": 676683664, "name": "Chesapeake Commons Wellness Center aka gym", "category": "fitness_centre", "lat": 38.5774414, "lon": -121.2966776, "source": "OSM_Tier_2" }, "geometry": { "type": "Point", "coordinates": [ -121.2966776, 38.5774414 ] } },
{ "type": "Feature", "properties": { "id": 678911619, "name": "The Church of Jesus Christ of Latter-day Saints", "category": "place_of_worship", "lat": 38.6388534, "lon": -121.2925501, "source": "OSM_Tier_2" }, "geometry": { "type": "Point", "coordinates": [ -121.2925501, 38.6388534 ] } },
{ "type": "Feature", "properties": { "id": 685623463, "name": "Saint Johns Lutheran Church", "category": "place_of_worship", "lat": 38.5758011, "lon": -121.484373, "source": "OSM_Tier_2" }, "geometry": { "type": "Point", "coordinates": [ -121.484373, 38.5758011 ] } },
{ "type": "Feature", "properties": { "id": 686454249, "name": "Monterrey Trail High School", "category": "school", "lat": 38.4499042, "lon": -121.3950245, "source": "OSM_Tier_2" }, "geometry": { "type": "Point", "coordinates": [ -121.3950245, 38.4499042 ] } },
{ "type": "Feature", "properties": { "id": 686465623, "name": "Endoscopy Center of South Sacramento", "category": "clinic", "lat": 38.4620319, "lon": -121.4144697, "source": "OSM_Tier_2" }, "geometry": { "type": "Point", "coordinates": [ -121.4144697, 38.4620319 ] } },
{ "type": "Feature", "properties": { "id": 686465625, "name": "South Sacramento Cancer Center", "category": "clinic", "lat": 38.460779, "lon": -121.4178062, "source": "OSM_Tier_2" }, "geometry": { "type": "Point", "coordinates": [ -121.4178062, 38.460779 ] } },
{ "type": "Feature", "properties": { "id": 686465636, "name": "Kaiser Wyndham Clinic", "category": "clinic", "lat": 38.4678732, "lon": -121.4188125, "source": "OSM_Tier_2" }, "geometry": { "type": "Point", "coordinates": [ -121.4188125, 38.4678732 ] } },
{ "type": "Feature", "properties": { "id": 686465638, "name": "Value Place", "category": "motel", "lat": 38.4758266, "lon": -121.4261676, "source": "OSM_Tier_2" }, "geometry": { "type": "Point", "coordinates": [ -121.4261676, 38.4758266 ] } },
{ "type": "Feature", "properties": { "id": 686477555, "name": "First Baptist Church of Elk Grove", "category": "place_of_worship", "lat": 38.4319297, "lon": -121.3972241, "source": "OSM_Tier_2" }, "geometry": { "type": "Point", "coordinates": [ -121.3972241, 38.4319297 ] } },
{ "type": "Feature", "properties": { "id": 686494059, "name": "Full Gospel Community Church", "category": "place_of_worship", "lat": 38.4201987, "lon": -121.3929717, "source": "OSM_Tier_2" }, "geometry": { "type": "Point", "coordinates": [ -121.3929717, 38.4201987 ] } },
{ "type": "Feature", "properties": { "id": 686494102, "name": "Wackford Aquatic Center", "category": "sports_centre", "lat": 38.4294614, "lon": -121.4187789, "source": "OSM_Tier_2" }, "geometry": { "type": "Point", "coordinates": [ -121.4187789, 38.4294614 ] } },
{ "type": "Feature", "properties": { "id": 686495666, "name": "The Landing at Elk Grove", "category": "social_facility", "lat": 38.4351788, "lon": -121.3981135, "source": "OSM_Tier_2" }, "geometry": { "type": "Point", "coordinates": [ -121.3981135, 38.4351788 ] } },
{ "type": "Feature", "properties": { "id": 687168340, "name": "Unnamed Facility", "category": "social_facility", "lat": 38.4373664, "lon": -121.3910704, "source": "OSM_Tier_2" }, "geometry": { "type": "Point", "coordinates": [ -121.3910704, 38.4373664 ] } },
{ "type": "Feature", "properties": { "id": 694425220, "name": "Unnamed Facility", "category": "school", "lat": 38.6149219, "lon": -121.4768435, "source": "OSM_Tier_2" }, "geometry": { "type": "Point", "coordinates": [ -121.4768435, 38.6149219 ] } },
{ "type": "Feature", "properties": { "id": 695884275, "name": "Westlake Charter School", "category": "school", "lat": 38.6753191, "lon": -121.5261285, "source": "OSM_Tier_2" }, "geometry": { "type": "Point", "coordinates": [ -121.5261285, 38.6753191 ] } },
{ "type": "Feature", "properties": { "id": 697268444, "name": "Unnamed Facility", "category": "school", "lat": 38.6462986, "lon": -121.5301311, "source": "OSM_Tier_2" }, "geometry": { "type": "Point", "coordinates": [ -121.5301311, 38.6462986 ] } },
{ "type": "Feature", "properties": { "id": 700908344, "name": "BAPS Shri Swaminarayan Mandir", "category": "place_of_worship", "lat": 38.567581, "lon": -121.2958357, "source": "OSM_Tier_2" }, "geometry": { "type": "Point", "coordinates": [ -121.2958357, 38.567581 ] } },
{ "type": "Feature", "properties": { "id": 720787410, "name": "24 Hour Fitness", "category": "fitness_centre", "lat": 38.7124956, "lon": -121.3663246, "source": "OSM_Tier_2" }, "geometry": { "type": "Point", "coordinates": [ -121.3663246, 38.7124956 ] } },
{ "type": "Feature", "properties": { "id": 721774111, "name": "Unnamed Facility", "category": "school", "lat": 38.5912911, "lon": -121.4829928, "source": "OSM_Tier_2" }, "geometry": { "type": "Point", "coordinates": [ -121.4829928, 38.5912911 ] } },
{ "type": "Feature", "properties": { "id": 721835904, "name": "Planned Parenthood Mar Monte", "category": "clinic", "lat": 38.5819203, "lon": -121.4637113, "source": "OSM_Tier_2" }, "geometry": { "type": "Point", "coordinates": [ -121.4637113, 38.5819203 ] } },
{ "type": "Feature", "properties": { "id": 734320731, "name": "Midtown Collective", "category": "place_of_worship", "lat": 38.572944, "lon": -121.4761175, "source": "OSM_Tier_2" }, "geometry": { "type": "Point", "coordinates": [ -121.4761175, 38.572944 ] } },
{ "type": "Feature", "properties": { "id": 741410778, "name": "Unnamed Facility", "category": "school", "lat": 38.3772063, "lon": -121.4573008, "source": "OSM_Tier_2" }, "geometry": { "type": "Point", "coordinates": [ -121.4573008, 38.3772063 ] } },
{ "type": "Feature", "properties": { "id": 741410787, "name": "Unnamed Facility", "category": "school", "lat": 38.3825258, "lon": -121.4303068, "source": "OSM_Tier_2" }, "geometry": { "type": "Point", "coordinates": [ -121.4303068, 38.3825258 ] } },
{ "type": "Feature", "properties": { "id": 742352601, "name": "Elk Grove United Methodist Church", "category": "place_of_worship", "lat": 38.4087496, "lon": -121.3675876, "source": "OSM_Tier_2" }, "geometry": { "type": "Point", "coordinates": [ -121.3675876, 38.4087496 ] } },
{ "type": "Feature", "properties": { "id": 742354399, "name": "Elk Grove United Methodist Church", "category": "place_of_worship", "lat": 38.4086946, "lon": -121.367318, "source": "OSM_Tier_2" }, "geometry": { "type": "Point", "coordinates": [ -121.367318, 38.4086946 ] } },
{ "type": "Feature", "properties": { "id": 744211342, "name": "Congregation B'nai Israel", "category": "place_of_worship", "lat": 38.5466247, "lon": -121.508463, "source": "OSM_Tier_2" }, "geometry": { "type": "Point", "coordinates": [ -121.508463, 38.5466247 ] } },
{ "type": "Feature", "properties": { "id": 744214219, "name": "John Cabrillo Elementary School", "category": "school", "lat": 38.5259042, "lon": -121.5177306, "source": "OSM_Tier_2" }, "geometry": { "type": "Point", "coordinates": [ -121.5177306, 38.5259042 ] } },
{ "type": "Feature", "properties": { "id": 744214220, "name": "Unnamed Facility", "category": "school", "lat": 38.5274417, "lon": -121.5164079, "source": "OSM_Tier_2" }, "geometry": { "type": "Point", "coordinates": [ -121.5164079, 38.5274417 ] } },
{ "type": "Feature", "properties": { "id": 747482105, "name": "Unnamed Facility", "category": "school", "lat": 38.5214026, "lon": -121.4962685, "source": "OSM_Tier_2" }, "geometry": { "type": "Point", "coordinates": [ -121.4962685, 38.5214026 ] } },
{ "type": "Feature", "properties": { "id": 748895091, "name": "Unnamed Facility", "category": "school", "lat": 38.5534066, "lon": -121.4829604, "source": "OSM_Tier_2" }, "geometry": { "type": "Point", "coordinates": [ -121.4829604, 38.5534066 ] } },
{ "type": "Feature", "properties": { "id": 749026388, "name": "Unnamed Facility", "category": "motel", "lat": 38.5355518, "lon": -121.4467027, "source": "OSM_Tier_2" }, "geometry": { "type": "Point", "coordinates": [ -121.4467027, 38.5355518 ] } },
{ "type": "Feature", "properties": { "id": 749226657, "name": "H. W. Harkness Elementary School", "category": "school", "lat": 38.5033211, "lon": -121.4886619, "source": "OSM_Tier_2" }, "geometry": { "type": "Point", "coordinates": [ -121.4886619, 38.5033211 ] } },
{ "type": "Feature", "properties": { "id": 749236479, "name": "Woodbine Elementary School", "category": "school", "lat": 38.5037887, "lon": -121.479822, "source": "OSM_Tier_2" }, "geometry": { "type": "Point", "coordinates": [ -121.479822, 38.5037887 ] } },
{ "type": "Feature", "properties": { "id": 749236481, "name": "Kingdom Hall of Jehovahs Witnesses", "category": "place_of_worship", "lat": 38.5059405, "lon": -121.4817917, "source": "OSM_Tier_2" }, "geometry": { "type": "Point", "coordinates": [ -121.4817917, 38.5059405 ] } },
{ "type": "Feature", "properties": { "id": 749255452, "name": "Pony Express Elementary School", "category": "school", "lat": 38.5002075, "lon": -121.5115064, "source": "OSM_Tier_2" }, "geometry": { "type": "Point", "coordinates": [ -121.5115064, 38.5002075 ] } },
{ "type": "Feature", "properties": { "id": 757689915, "name": "California Montessori Project", "category": "school", "lat": 38.5540405, "lon": -121.3990801, "source": "OSM_Tier_2" }, "geometry": { "type": "Point", "coordinates": [ -121.3990801, 38.5540405 ] } },
{ "type": "Feature", "properties": { "id": 762119779, "name": "Econo Lodge Sacramento Convention Center", "category": "motel", "lat": 38.5810569, "lon": -121.4836809, "source": "OSM_Tier_2" }, "geometry": { "type": "Point", "coordinates": [ -121.4836809, 38.5810569 ] } },
{ "type": "Feature", "properties": { "id": 763995265, "name": "Unnamed Facility", "category": "school", "lat": 38.6661208, "lon": -121.5325825, "source": "OSM_Tier_2" }, "geometry": { "type": "Point", "coordinates": [ -121.5325825, 38.6661208 ] } },
{ "type": "Feature", "properties": { "id": 765034089, "name": "Thánh Đường Các Thánh Tử Đạo Việt Nam;Vietnamese Martyrs Church", "category": "place_of_worship", "lat": 38.4970188, "lon": -121.4052765, "source": "OSM_Tier_2" }, "geometry": { "type": "Point", "coordinates": [ -121.4052765, 38.4970188 ] } },
{ "type": "Feature", "properties": { "id": 765034091, "name": "Church of Christ", "category": "place_of_worship", "lat": 38.4964113, "lon": -121.4042327, "source": "OSM_Tier_2" }, "geometry": { "type": "Point", "coordinates": [ -121.4042327, 38.4964113 ] } },
{ "type": "Feature", "properties": { "id": 771578907, "name": "James Rutter Middle School", "category": "school", "lat": 38.4904463, "lon": -121.4173816, "source": "OSM_Tier_2" }, "geometry": { "type": "Point", "coordinates": [ -121.4173816, 38.4904463 ] } },
{ "type": "Feature", "properties": { "id": 772049292, "name": "Theodore Judah Elementary School", "category": "school", "lat": 38.5777014, "lon": -121.4514837, "source": "OSM_Tier_2" }, "geometry": { "type": "Point", "coordinates": [ -121.4514837, 38.5777014 ] } },
{ "type": "Feature", "properties": { "id": 785826574, "name": "Mather Sports Complex", "category": "sports_centre", "lat": 38.5712638, "lon": -121.3011311, "source": "OSM_Tier_2" }, "geometry": { "type": "Point", "coordinates": [ -121.3011311, 38.5712638 ] } },
{ "type": "Feature", "properties": { "id": 785826581, "name": "Cordova Lane Elementary School", "category": "school", "lat": 38.604187, "lon": -121.2870683, "source": "OSM_Tier_2" }, "geometry": { "type": "Point", "coordinates": [ -121.2870683, 38.604187 ] } },
{ "type": "Feature", "properties": { "id": 785826583, "name": "W E Mitchell Middle School", "category": "school", "lat": 38.6115136, "lon": -121.2777531, "source": "OSM_Tier_2" }, "geometry": { "type": "Point", "coordinates": [ -121.2777531, 38.6115136 ] } },
{ "type": "Feature", "properties": { "id": 785826584, "name": "Williamson Elementary School", "category": "school", "lat": 38.6130364, "lon": -121.2831642, "source": "OSM_Tier_2" }, "geometry": { "type": "Point", "coordinates": [ -121.2831642, 38.6130364 ] } },
{ "type": "Feature", "properties": { "id": 785842232, "name": "Twain School Park", "category": "sports_centre", "lat": 38.5306114, "lon": -121.4410924, "source": "OSM_Tier_2" }, "geometry": { "type": "Point", "coordinates": [ -121.4410924, 38.5306114 ] } },
{ "type": "Feature", "properties": { "id": 785842238, "name": "American River Campus - California Montessori Project", "category": "school", "lat": 38.6690002, "lon": -121.3032216, "source": "OSM_Tier_2" }, "geometry": { "type": "Point", "coordinates": [ -121.3032216, 38.6690002 ] } },
{ "type": "Feature", "properties": { "id": 785845328, "name": "Cherry Island Soccer Complex", "category": "sports_centre", "lat": 38.7066637, "lon": -121.4050614, "source": "OSM_Tier_2" }, "geometry": { "type": "Point", "coordinates": [ -121.4050614, 38.7066637 ] } },
{ "type": "Feature", "properties": { "id": 785881144, "name": "Natomas High School", "category": "school", "lat": 38.6302122, "lon": -121.4962321, "source": "OSM_Tier_2" }, "geometry": { "type": "Point", "coordinates": [ -121.4962321, 38.6302122 ] } },
{ "type": "Feature", "properties": { "id": 785908252, "name": "William Daylor High School", "category": "school", "lat": 38.4898474, "lon": -121.4329384, "source": "OSM_Tier_2" }, "geometry": { "type": "Point", "coordinates": [ -121.4329384, 38.4898474 ] } },
{ "type": "Feature", "properties": { "id": 786296345, "name": "Unnamed Facility", "category": "school", "lat": 38.6777654, "lon": -121.3778581, "source": "OSM_Tier_2" }, "geometry": { "type": "Point", "coordinates": [ -121.3778581, 38.6777654 ] } },
{ "type": "Feature", "properties": { "id": 786296346, "name": "Highland Community Sports Complex", "category": "sports_centre", "lat": 38.6777408, "lon": -121.380606, "source": "OSM_Tier_2" }, "geometry": { "type": "Point", "coordinates": [ -121.380606, 38.6777408 ] } },
{ "type": "Feature", "properties": { "id": 786296347, "name": "Unnamed Facility", "category": "school", "lat": 38.6761125, "lon": -121.3810515, "source": "OSM_Tier_2" }, "geometry": { "type": "Point", "coordinates": [ -121.3810515, 38.6761125 ] } },
{ "type": "Feature", "properties": { "id": 791547263, "name": "Sacramento Metro Church of Christ", "category": "place_of_worship", "lat": 38.6495336, "lon": -121.3190838, "source": "OSM_Tier_2" }, "geometry": { "type": "Point", "coordinates": [ -121.3190838, 38.6495336 ] } },
{ "type": "Feature", "properties": { "id": 791937016, "name": "UC Davis Health Fitness Center", "category": "fitness_centre", "lat": 38.5523429, "lon": -121.4556073, "source": "OSM_Tier_2" }, "geometry": { "type": "Point", "coordinates": [ -121.4556073, 38.5523429 ] } },
{ "type": "Feature", "properties": { "id": 804077591, "name": "Galt High School", "category": "school", "lat": 38.2566855, "lon": -121.2980923, "source": "OSM_Tier_2" }, "geometry": { "type": "Point", "coordinates": [ -121.2980923, 38.2566855 ] } },
{ "type": "Feature", "properties": { "id": 804077592, "name": "Unnamed Facility", "category": "school", "lat": 38.2523973, "lon": -121.3106736, "source": "OSM_Tier_2" }, "geometry": { "type": "Point", "coordinates": [ -121.3106736, 38.2523973 ] } },
{ "type": "Feature", "properties": { "id": 807636822, "name": "Saint Charles Borromeo Parish", "category": "place_of_worship", "lat": 38.4831836, "lon": -121.4441398, "source": "OSM_Tier_2" }, "geometry": { "type": "Point", "coordinates": [ -121.4441398, 38.4831836 ] } },
{ "type": "Feature", "properties": { "id": 823294936, "name": "Saint Elizabeth Catholic Church", "category": "place_of_worship", "lat": 38.5698394, "lon": -121.4947403, "source": "OSM_Tier_2" }, "geometry": { "type": "Point", "coordinates": [ -121.4947403, 38.5698394 ] } },
{ "type": "Feature", "properties": { "id": 823298863, "name": "Saint Anthony Catholic Church", "category": "place_of_worship", "lat": 38.498634, "lon": -121.535748, "source": "OSM_Tier_2" }, "geometry": { "type": "Point", "coordinates": [ -121.535748, 38.498634 ] } },
{ "type": "Feature", "properties": { "id": 823299354, "name": "Saint Paul Catholic Church", "category": "place_of_worship", "lat": 38.495651, "lon": -121.3796026, "source": "OSM_Tier_2" }, "geometry": { "type": "Point", "coordinates": [ -121.3796026, 38.495651 ] } },
{ "type": "Feature", "properties": { "id": 823648491, "name": "Immaculate Conception Catholic Church", "category": "place_of_worship", "lat": 38.5550006, "lon": -121.4709541, "source": "OSM_Tier_2" }, "geometry": { "type": "Point", "coordinates": [ -121.4709541, 38.5550006 ] } },
{ "type": "Feature", "properties": { "id": 823648937, "name": "Saint Jeong-Hae Elizabeth Catholic Church", "category": "place_of_worship", "lat": 38.5465618, "lon": -121.3517935, "source": "OSM_Tier_2" }, "geometry": { "type": "Point", "coordinates": [ -121.3517935, 38.5465618 ] } },
{ "type": "Feature", "properties": { "id": 825252002, "name": "Saint John the Evangelist Catholic Church", "category": "place_of_worship", "lat": 38.6429657, "lon": -121.3305375, "source": "OSM_Tier_2" }, "geometry": { "type": "Point", "coordinates": [ -121.3305375, 38.6429657 ] } },
{ "type": "Feature", "properties": { "id": 825253599, "name": "Saint Joseph Catholic Church", "category": "place_of_worship", "lat": 38.3957796, "lon": -121.3709188, "source": "OSM_Tier_2" }, "geometry": { "type": "Point", "coordinates": [ -121.3709188, 38.3957796 ] } },
{ "type": "Feature", "properties": { "id": 825259142, "name": "Saint John the Baptist Parish", "category": "place_of_worship", "lat": 38.6815288, "lon": -121.1541615, "source": "OSM_Tier_2" }, "geometry": { "type": "Point", "coordinates": [ -121.1541615, 38.6815288 ] } },
{ "type": "Feature", "properties": { "id": 826322136, "name": "Saint Rose Catholic Church", "category": "place_of_worship", "lat": 38.5188251, "lon": -121.4696038, "source": "OSM_Tier_2" }, "geometry": { "type": "Point", "coordinates": [ -121.4696038, 38.5188251 ] } },
{ "type": "Feature", "properties": { "id": 826590701, "name": "Kaiser Permanente Medical Offices", "category": "hospital", "lat": 38.3845506, "lon": -121.3713364, "source": "OSM_Tier_2" }, "geometry": { "type": "Point", "coordinates": [ -121.3713364, 38.3845506 ] } },
{ "type": "Feature", "properties": { "id": 827132377, "name": "Rock Solid Fitness", "category": "fitness_centre", "lat": 38.3824917, "lon": -121.3628073, "source": "OSM_Tier_2" }, "geometry": { "type": "Point", "coordinates": [ -121.3628073, 38.3824917 ] } },
{ "type": "Feature", "properties": { "id": 827132400, "name": "Lifepointe Christian Church", "category": "place_of_worship", "lat": 38.3848857, "lon": -121.3686517, "source": "OSM_Tier_2" }, "geometry": { "type": "Point", "coordinates": [ -121.3686517, 38.3848857 ] } },
{ "type": "Feature", "properties": { "id": 842882398, "name": "Unnamed Facility", "category": "sports_centre", "lat": 38.507151, "lon": -121.5491715, "source": "OSM_Tier_2" }, "geometry": { "type": "Point", "coordinates": [ -121.5491715, 38.507151 ] } },
{ "type": "Feature", "properties": { "id": 842882530, "name": "Unnamed Facility", "category": "sports_centre", "lat": 38.5930291, "lon": -121.3688155, "source": "OSM_Tier_2" }, "geometry": { "type": "Point", "coordinates": [ -121.3688155, 38.5930291 ] } },
{ "type": "Feature", "properties": { "id": 842882580, "name": "Unnamed Facility", "category": "sports_centre", "lat": 38.5866561, "lon": -121.3866246, "source": "OSM_Tier_2" }, "geometry": { "type": "Point", "coordinates": [ -121.3866246, 38.5866561 ] } },
{ "type": "Feature", "properties": { "id": 857688144, "name": "Fitness 19", "category": "fitness_centre", "lat": 38.644315, "lon": -121.2737435, "source": "OSM_Tier_2" }, "geometry": { "type": "Point", "coordinates": [ -121.2737435, 38.644315 ] } },
{ "type": "Feature", "properties": { "id": 857697531, "name": "United Methodist Church", "category": "place_of_worship", "lat": 38.640112, "lon": -121.2739987, "source": "OSM_Tier_2" }, "geometry": { "type": "Point", "coordinates": [ -121.2739987, 38.640112 ] } },
{ "type": "Feature", "properties": { "id": 858381553, "name": "Unnamed Facility", "category": "school", "lat": 38.3966164, "lon": -121.4738081, "source": "OSM_Tier_2" }, "geometry": { "type": "Point", "coordinates": [ -121.4738081, 38.3966164 ] } },
{ "type": "Feature", "properties": { "id": 864491859, "name": "Edward Kelley School", "category": "school", "lat": 38.5621899, "lon": -121.3366372, "source": "OSM_Tier_2" }, "geometry": { "type": "Point", "coordinates": [ -121.3366372, 38.5621899 ] } },
{ "type": "Feature", "properties": { "id": 884548094, "name": "Mega Inn", "category": "motel", "lat": 38.6481021, "lon": -121.3825133, "source": "OSM_Tier_2" }, "geometry": { "type": "Point", "coordinates": [ -121.3825133, 38.6481021 ] } },
{ "type": "Feature", "properties": { "id": 885990108, "name": "Unnamed Facility", "category": "school", "lat": 38.6810924, "lon": -121.1678895, "source": "OSM_Tier_2" }, "geometry": { "type": "Point", "coordinates": [ -121.1678895, 38.6810924 ] } },
{ "type": "Feature", "properties": { "id": 889911768, "name": "Unnamed Facility", "category": "place_of_worship", "lat": 38.692259, "lon": -121.2907445, "source": "OSM_Tier_2" }, "geometry": { "type": "Point", "coordinates": [ -121.2907445, 38.692259 ] } },
{ "type": "Feature", "properties": { "id": 890210603, "name": "Holy Family Catholic Church", "category": "place_of_worship", "lat": 38.7024469, "lon": -121.2753373, "source": "OSM_Tier_2" }, "geometry": { "type": "Point", "coordinates": [ -121.2753373, 38.7024469 ] } },
{ "type": "Feature", "properties": { "id": 893396093, "name": "Grand Oaks Elementary School", "category": "school", "lat": 38.7108137, "lon": -121.3017754, "source": "OSM_Tier_2" }, "geometry": { "type": "Point", "coordinates": [ -121.3017754, 38.7108137 ] } },
{ "type": "Feature", "properties": { "id": 894294236, "name": "Slavic Trinity Church", "category": "place_of_worship", "lat": 38.6674375, "lon": -121.340687, "source": "OSM_Tier_2" }, "geometry": { "type": "Point", "coordinates": [ -121.340687, 38.6674375 ] } },
{ "type": "Feature", "properties": { "id": 895257782, "name": "Pioneer Elementary School", "category": "school", "lat": 38.6728476, "lon": -121.3420043, "source": "OSM_Tier_2" }, "geometry": { "type": "Point", "coordinates": [ -121.3420043, 38.6728476 ] } },
{ "type": "Feature", "properties": { "id": 909134361, "name": "Unnamed Facility", "category": "social_facility", "lat": 38.5871362, "lon": -121.4878401, "source": "OSM_Tier_2" }, "geometry": { "type": "Point", "coordinates": [ -121.4878401, 38.5871362 ] } },
{ "type": "Feature", "properties": { "id": 912118333, "name": "Elk Grove Aquatics Center", "category": "sports_centre", "lat": 38.4049877, "lon": -121.4020564, "source": "OSM_Tier_2" }, "geometry": { "type": "Point", "coordinates": [ -121.4020564, 38.4049877 ] } },
{ "type": "Feature", "properties": { "id": 921514453, "name": "Unnamed Facility", "category": "school", "lat": 38.427757, "lon": -121.4487486, "source": "OSM_Tier_2" }, "geometry": { "type": "Point", "coordinates": [ -121.4487486, 38.427757 ] } },
{ "type": "Feature", "properties": { "id": 924760395, "name": "Sloughhouse Inn", "category": "motel", "lat": 38.4963972, "lon": -121.1967169, "source": "OSM_Tier_2" }, "geometry": { "type": "Point", "coordinates": [ -121.1967169, 38.4963972 ] } },
{ "type": "Feature", "properties": { "id": 925070114, "name": "Americas Best Value Inn Downtown Convention Center", "category": "motel", "lat": 38.5839816, "lon": -121.4829833, "source": "OSM_Tier_2" }, "geometry": { "type": "Point", "coordinates": [ -121.4829833, 38.5839816 ] } },
{ "type": "Feature", "properties": { "id": 925073158, "name": "Super 8 by Wyndham Sacramento North", "category": "motel", "lat": 38.6620548, "lon": -121.3625286, "source": "OSM_Tier_2" }, "geometry": { "type": "Point", "coordinates": [ -121.3625286, 38.6620548 ] } },
{ "type": "Feature", "properties": { "id": 925073782, "name": "Motel 6 Sacramento North", "category": "motel", "lat": 38.6595765, "lon": -121.3626978, "source": "OSM_Tier_2" }, "geometry": { "type": "Point", "coordinates": [ -121.3626978, 38.6595765 ] } },
{ "type": "Feature", "properties": { "id": 925078765, "name": "Surf Motel 2", "category": "motel", "lat": 38.6340434, "lon": -121.389603, "source": "OSM_Tier_2" }, "geometry": { "type": "Point", "coordinates": [ -121.389603, 38.6340434 ] } },
{ "type": "Feature", "properties": { "id": 925078766, "name": "Surf Motel", "category": "motel", "lat": 38.6340044, "lon": -121.3898826, "source": "OSM_Tier_2" }, "geometry": { "type": "Point", "coordinates": [ -121.3898826, 38.6340044 ] } },
{ "type": "Feature", "properties": { "id": 925084904, "name": "Sky Riders Motel", "category": "motel", "lat": 38.5156049, "lon": -121.5008538, "source": "OSM_Tier_2" }, "geometry": { "type": "Point", "coordinates": [ -121.5008538, 38.5156049 ] } },
{ "type": "Feature", "properties": { "id": 925085387, "name": "Super 8 by Wyndham Sacramento/Florin Rd", "category": "motel", "lat": 38.4955719, "lon": -121.443275, "source": "OSM_Tier_2" }, "geometry": { "type": "Point", "coordinates": [ -121.443275, 38.4955719 ] } },
{ "type": "Feature", "properties": { "id": 925086432, "name": "Rodeway Inn", "category": "motel", "lat": 38.506232, "lon": -121.4346195, "source": "OSM_Tier_2" }, "geometry": { "type": "Point", "coordinates": [ -121.4346195, 38.506232 ] } },
{ "type": "Feature", "properties": { "id": 925091735, "name": "Best Six Motel", "category": "motel", "lat": 38.5178715, "lon": -121.4385357, "source": "OSM_Tier_2" }, "geometry": { "type": "Point", "coordinates": [ -121.4385357, 38.5178715 ] } },
{ "type": "Feature", "properties": { "id": 925165987, "name": "Vince's Motel 1", "category": "motel", "lat": 38.5706426, "lon": -121.342615, "source": "OSM_Tier_2" }, "geometry": { "type": "Point", "coordinates": [ -121.342615, 38.5706426 ] } },
{ "type": "Feature", "properties": { "id": 925165988, "name": "Vince's Motel 2", "category": "motel", "lat": 38.5704475, "lon": -121.3429493, "source": "OSM_Tier_2" }, "geometry": { "type": "Point", "coordinates": [ -121.3429493, 38.5704475 ] } },
{ "type": "Feature", "properties": { "id": 928741763, "name": "East Portal Bocce Club", "category": "sports_centre", "lat": 38.5640738, "lon": -121.441019, "source": "OSM_Tier_2" }, "geometry": { "type": "Point", "coordinates": [ -121.441019, 38.5640738 ] } },
{ "type": "Feature", "properties": { "id": 929561464, "name": "Unnamed Facility", "category": "motel", "lat": 38.6375732, "lon": -121.4763564, "source": "OSM_Tier_2" }, "geometry": { "type": "Point", "coordinates": [ -121.4763564, 38.6375732 ] } },
{ "type": "Feature", "properties": { "id": 931241904, "name": "Sierra Vista Hospital", "category": "hospital", "lat": 38.4671577, "lon": -121.4170711, "source": "OSM_Tier_2" }, "geometry": { "type": "Point", "coordinates": [ -121.4170711, 38.4671577 ] } },
{ "type": "Feature", "properties": { "id": 938588767, "name": "Unnamed Facility", "category": "place_of_worship", "lat": 38.7059701, "lon": -121.3638069, "source": "OSM_Tier_2" }, "geometry": { "type": "Point", "coordinates": [ -121.3638069, 38.7059701 ] } },
{ "type": "Feature", "properties": { "id": 942275166, "name": "Sunrise Unity Church", "category": "place_of_worship", "lat": 38.674316, "lon": -121.2919065, "source": "OSM_Tier_2" }, "geometry": { "type": "Point", "coordinates": [ -121.2919065, 38.674316 ] } },
{ "type": "Feature", "properties": { "id": 942296621, "name": "St. Marks Lutheran Church", "category": "place_of_worship", "lat": 38.6706785, "lon": -121.273119, "source": "OSM_Tier_2" }, "geometry": { "type": "Point", "coordinates": [ -121.273119, 38.6706785 ] } },
{ "type": "Feature", "properties": { "id": 961328549, "name": "Unnamed Facility", "category": "fitness_centre", "lat": 38.5519181, "lon": -121.4077396, "source": "OSM_Tier_2" }, "geometry": { "type": "Point", "coordinates": [ -121.4077396, 38.5519181 ] } },
{ "type": "Feature", "properties": { "id": 961328553, "name": "Unnamed Facility", "category": "fitness_centre", "lat": 38.5542676, "lon": -121.4046168, "source": "OSM_Tier_2" }, "geometry": { "type": "Point", "coordinates": [ -121.4046168, 38.5542676 ] } },
{ "type": "Feature", "properties": { "id": 963784951, "name": "The Church of Jesus Christ of Latter-day Saints", "category": "place_of_worship", "lat": 38.4094541, "lon": -121.3813072, "source": "OSM_Tier_2" }, "geometry": { "type": "Point", "coordinates": [ -121.3813072, 38.4094541 ] } },
{ "type": "Feature", "properties": { "id": 963903766, "name": "Unnamed Facility", "category": "sports_centre", "lat": 38.5660264, "lon": -121.455063, "source": "OSM_Tier_2" }, "geometry": { "type": "Point", "coordinates": [ -121.455063, 38.5660264 ] } },
{ "type": "Feature", "properties": { "id": 972014538, "name": "Journey Church", "category": "place_of_worship", "lat": 38.4073797, "lon": -121.3711433, "source": "OSM_Tier_2" }, "geometry": { "type": "Point", "coordinates": [ -121.3711433, 38.4073797 ] } },
{ "type": "Feature", "properties": { "id": 972014548, "name": "GB Legal", "category": "lawyer", "lat": 38.4087082, "lon": -121.3731766, "source": "OSM_Tier_2" }, "geometry": { "type": "Point", "coordinates": [ -121.3731766, 38.4087082 ] } },
{ "type": "Feature", "properties": { "id": 972482443, "name": "Harriet G Eddy Middle School", "category": "school", "lat": 38.4198945, "lon": -121.4157693, "source": "OSM_Tier_2" }, "geometry": { "type": "Point", "coordinates": [ -121.4157693, 38.4198945 ] } },
{ "type": "Feature", "properties": { "id": 976181943, "name": "California Family Fitness", "category": "fitness_centre", "lat": 38.563871, "lon": -121.467662, "source": "OSM_Tier_2" }, "geometry": { "type": "Point", "coordinates": [ -121.467662, 38.563871 ] } },
{ "type": "Feature", "properties": { "id": 983771117, "name": "City Church of Sacramento", "category": "place_of_worship", "lat": 38.5487445, "lon": -121.4630211, "source": "OSM_Tier_2" }, "geometry": { "type": "Point", "coordinates": [ -121.4630211, 38.5487445 ] } },
{ "type": "Feature", "properties": { "id": 985248985, "name": "Gold River Discovery Center", "category": "school", "lat": 38.6268498, "lon": -121.248965, "source": "OSM_Tier_2" }, "geometry": { "type": "Point", "coordinates": [ -121.248965, 38.6268498 ] } },
{ "type": "Feature", "properties": { "id": 992616992, "name": "Paso Verde School", "category": "school", "lat": 38.6618117, "lon": -121.5536338, "source": "OSM_Tier_2" }, "geometry": { "type": "Point", "coordinates": [ -121.5536338, 38.6618117 ] } },
{ "type": "Feature", "properties": { "id": 993658564, "name": "Sands Motel", "category": "motel", "lat": 38.6237195, "lon": -121.4158022, "source": "OSM_Tier_2" }, "geometry": { "type": "Point", "coordinates": [ -121.4158022, 38.6237195 ] } },
{ "type": "Feature", "properties": { "id": 1005434640, "name": "Rancho Cordova Elementary School", "category": "school", "lat": 38.5992588, "lon": -121.2957897, "source": "OSM_Tier_2" }, "geometry": { "type": "Point", "coordinates": [ -121.2957897, 38.5992588 ] } },
{ "type": "Feature", "properties": { "id": 1007740720, "name": "Riverview STEM Academy", "category": "school", "lat": 38.616353, "lon": -121.2927205, "source": "OSM_Tier_2" }, "geometry": { "type": "Point", "coordinates": [ -121.2927205, 38.616353 ] } },
{ "type": "Feature", "properties": { "id": 1031359805, "name": "Unnamed Facility", "category": "sports_centre", "lat": 38.5579458, "lon": -121.4256532, "source": "OSM_Tier_2" }, "geometry": { "type": "Point", "coordinates": [ -121.4256532, 38.5579458 ] } },
{ "type": "Feature", "properties": { "id": 1031396578, "name": "Unnamed Facility", "category": "sports_centre", "lat": 38.5601467, "lon": -121.4319795, "source": "OSM_Tier_2" }, "geometry": { "type": "Point", "coordinates": [ -121.4319795, 38.5601467 ] } },
{ "type": "Feature", "properties": { "id": 1033483918, "name": "Cypress Missionary Baptist Church", "category": "place_of_worship", "lat": 38.4693948, "lon": -121.3344482, "source": "OSM_Tier_2" }, "geometry": { "type": "Point", "coordinates": [ -121.3344482, 38.4693948 ] } },
{ "type": "Feature", "properties": { "id": 1033483928, "name": "Zanabazar Dharma Center", "category": "place_of_worship", "lat": 38.4719547, "lon": -121.3352739, "source": "OSM_Tier_2" }, "geometry": { "type": "Point", "coordinates": [ -121.3352739, 38.4719547 ] } },
{ "type": "Feature", "properties": { "id": 1035034285, "name": "Spring of Life Ukrainian Baptist Church", "category": "place_of_worship", "lat": 38.6745204, "lon": -121.2203468, "source": "OSM_Tier_2" }, "geometry": { "type": "Point", "coordinates": [ -121.2203468, 38.6745204 ] } },
{ "type": "Feature", "properties": { "id": 1037210287, "name": "Dyer-Kelly Elementary School", "category": "school", "lat": 38.6220026, "lon": -121.4117019, "source": "OSM_Tier_2" }, "geometry": { "type": "Point", "coordinates": [ -121.4117019, 38.6220026 ] } },
{ "type": "Feature", "properties": { "id": 1041062753, "name": "Unnamed Facility", "category": "school", "lat": 38.6431746, "lon": -121.3146553, "source": "OSM_Tier_2" }, "geometry": { "type": "Point", "coordinates": [ -121.3146553, 38.6431746 ] } },
{ "type": "Feature", "properties": { "id": 1046116943, "name": "Charles Peck Elementary School", "category": "school", "lat": 38.6596859, "lon": -121.3178101, "source": "OSM_Tier_2" }, "geometry": { "type": "Point", "coordinates": [ -121.3178101, 38.6596859 ] } },
{ "type": "Feature", "properties": { "id": 1046712038, "name": "Grace Baptist Church", "category": "place_of_worship", "lat": 38.6607944, "lon": -121.3072107, "source": "OSM_Tier_2" }, "geometry": { "type": "Point", "coordinates": [ -121.3072107, 38.6607944 ] } },
{ "type": "Feature", "properties": { "id": 1046712755, "name": "Sacramento Korean Baptist Church", "category": "place_of_worship", "lat": 38.6632377, "lon": -121.3041776, "source": "OSM_Tier_2" }, "geometry": { "type": "Point", "coordinates": [ -121.3041776, 38.6632377 ] } },
{ "type": "Feature", "properties": { "id": 1047535442, "name": "Harry Dewey Fundamental Elementary School", "category": "school", "lat": 38.6537402, "lon": -121.3010113, "source": "OSM_Tier_2" }, "geometry": { "type": "Point", "coordinates": [ -121.3010113, 38.6537402 ] } },
{ "type": "Feature", "properties": { "id": 1047536108, "name": "Albert Schweitzer Elementary School", "category": "school", "lat": 38.6446873, "lon": -121.2996397, "source": "OSM_Tier_2" }, "geometry": { "type": "Point", "coordinates": [ -121.2996397, 38.6446873 ] } },
{ "type": "Feature", "properties": { "id": 1047786447, "name": "Kaiser Permanente Fair Oaks Medical Offices;Kaiser Permanente Fair Oaks Boulevard Medical Offices", "category": "clinic", "lat": 38.5755927, "lon": -121.4075869, "source": "OSM_Tier_2" }, "geometry": { "type": "Point", "coordinates": [ -121.4075869, 38.5755927 ] } },
{ "type": "Feature", "properties": { "id": 1049212862, "name": "William Land Elementary School", "category": "school", "lat": 38.5671208, "lon": -121.4969733, "source": "OSM_Tier_2" }, "geometry": { "type": "Point", "coordinates": [ -121.4969733, 38.5671208 ] } },
{ "type": "Feature", "properties": { "id": 1056147830, "name": "Unnamed Facility", "category": "sports_centre", "lat": 38.6487781, "lon": -121.1668262, "source": "OSM_Tier_2" }, "geometry": { "type": "Point", "coordinates": [ -121.1668262, 38.6487781 ] } },
{ "type": "Feature", "properties": { "id": 1057420111, "name": "Oakwood Homeowners Association", "category": "association", "lat": 38.6627388, "lon": -121.3297561, "source": "OSM_Tier_2" }, "geometry": { "type": "Point", "coordinates": [ -121.3297561, 38.6627388 ] } },
{ "type": "Feature", "properties": { "id": 1064469894, "name": "Motel 6", "category": "motel", "lat": 38.5546015, "lon": -121.4105825, "source": "OSM_Tier_2" }, "geometry": { "type": "Point", "coordinates": [ -121.4105825, 38.5546015 ] } },
{ "type": "Feature", "properties": { "id": 1073610019, "name": "Our Lady of the Assumption Catholic Church", "category": "place_of_worship", "lat": 38.6032744, "lon": -121.3470042, "source": "OSM_Tier_2" }, "geometry": { "type": "Point", "coordinates": [ -121.3470042, 38.6032744 ] } },
{ "type": "Feature", "properties": { "id": 1074309303, "name": "Saint Philomene School", "category": "school", "lat": 38.6101711, "lon": -121.4093362, "source": "OSM_Tier_2" }, "geometry": { "type": "Point", "coordinates": [ -121.4093362, 38.6101711 ] } },
{ "type": "Feature", "properties": { "id": 1075233833, "name": "Unnamed Facility", "category": "place_of_worship", "lat": 38.6990625, "lon": -121.4692334, "source": "OSM_Tier_2" }, "geometry": { "type": "Point", "coordinates": [ -121.4692334, 38.6990625 ] } },
{ "type": "Feature", "properties": { "id": 1078850712, "name": "A.M. Winn Public Waldorf TK-8 School", "category": "school", "lat": 38.5663455, "lon": -121.3236674, "source": "OSM_Tier_2" }, "geometry": { "type": "Point", "coordinates": [ -121.3236674, 38.5663455 ] } },
{ "type": "Feature", "properties": { "id": 1078922556, "name": "Abraham Lincoln Elementary School", "category": "school", "lat": 38.5714234, "lon": -121.3139024, "source": "OSM_Tier_2" }, "geometry": { "type": "Point", "coordinates": [ -121.3139024, 38.5714234 ] } },
{ "type": "Feature", "properties": { "id": 1078923179, "name": "George Washington Carver High School", "category": "school", "lat": 38.5649225, "lon": -121.3161636, "source": "OSM_Tier_2" }, "geometry": { "type": "Point", "coordinates": [ -121.3161636, 38.5649225 ] } },
{ "type": "Feature", "properties": { "id": 1083680425, "name": "Cambridge Heights Elementary School", "category": "school", "lat": 38.6663566, "lon": -121.2951673, "source": "OSM_Tier_2" }, "geometry": { "type": "Point", "coordinates": [ -121.2951673, 38.6663566 ] } },
{ "type": "Feature", "properties": { "id": 1085499666, "name": "Saint Anthony Catholic Church", "category": "place_of_worship", "lat": 38.2472978, "lon": -121.5158597, "source": "OSM_Tier_2" }, "geometry": { "type": "Point", "coordinates": [ -121.5158597, 38.2472978 ] } },
{ "type": "Feature", "properties": { "id": 1090022171, "name": "Good Shepherd Catholic Church", "category": "place_of_worship", "lat": 38.4113421, "lon": -121.4262288, "source": "OSM_Tier_2" }, "geometry": { "type": "Point", "coordinates": [ -121.4262288, 38.4113421 ] } },
{ "type": "Feature", "properties": { "id": 1090055404, "name": "Saint Maria Goretti Catholic Church", "category": "place_of_worship", "lat": 38.4413984, "lon": -121.336659, "source": "OSM_Tier_2" }, "geometry": { "type": "Point", "coordinates": [ -121.336659, 38.4413984 ] } },
{ "type": "Feature", "properties": { "id": 1090104353, "name": "Saint Stephen The First Martyr Catholic Church", "category": "place_of_worship", "lat": 38.5264204, "lon": -121.4554276, "source": "OSM_Tier_2" }, "geometry": { "type": "Point", "coordinates": [ -121.4554276, 38.5264204 ] } },
{ "type": "Feature", "properties": { "id": 1097428144, "name": "Inderkum Softball Complex", "category": "school", "lat": 38.6580337, "lon": -121.5196802, "source": "OSM_Tier_2" }, "geometry": { "type": "Point", "coordinates": [ -121.5196802, 38.6580337 ] } },
{ "type": "Feature", "properties": { "id": 1123450443, "name": "Sacramento Valley Station", "category": "station", "lat": 38.5851732, "lon": -121.4999874, "source": "OSM_Tier_2" }, "geometry": { "type": "Point", "coordinates": [ -121.4999874, 38.5851732 ] } },
{ "type": "Feature", "properties": { "id": 1125049172, "name": "Irene B West Elementary School", "category": "school", "lat": 38.44437, "lon": -121.4104594, "source": "OSM_Tier_2" }, "geometry": { "type": "Point", "coordinates": [ -121.4104594, 38.44437 ] } },
{ "type": "Feature", "properties": { "id": 1135559232, "name": "Unnamed Facility", "category": "school", "lat": 38.6504107, "lon": -121.4452419, "source": "OSM_Tier_2" }, "geometry": { "type": "Point", "coordinates": [ -121.4452419, 38.6504107 ] } },
{ "type": "Feature", "properties": { "id": 1137437738, "name": "Saint Mel Catholic Church", "category": "place_of_worship", "lat": 38.6524656, "lon": -121.2743503, "source": "OSM_Tier_2" }, "geometry": { "type": "Point", "coordinates": [ -121.2743503, 38.6524656 ] } },
{ "type": "Feature", "properties": { "id": 1149329127, "name": "A-1 Elderly Care", "category": "social_facility", "lat": 38.6207665, "lon": -121.3435923, "source": "OSM_Tier_2" }, "geometry": { "type": "Point", "coordinates": [ -121.3435923, 38.6207665 ] } },
{ "type": "Feature", "properties": { "id": 1149331019, "name": "Unnamed Facility", "category": "place_of_worship", "lat": 38.4110222, "lon": -121.429609, "source": "OSM_Tier_2" }, "geometry": { "type": "Point", "coordinates": [ -121.429609, 38.4110222 ] } },
{ "type": "Feature", "properties": { "id": 1149403482, "name": "Kingdom Hall of Jehovahs Witnesses", "category": "place_of_worship", "lat": 38.516417, "lon": -121.4181354, "source": "OSM_Tier_2" }, "geometry": { "type": "Point", "coordinates": [ -121.4181354, 38.516417 ] } },
{ "type": "Feature", "properties": { "id": 1150049134, "name": "Unnamed Facility", "category": "place_of_worship", "lat": 38.245819, "lon": -121.2981062, "source": "OSM_Tier_2" }, "geometry": { "type": "Point", "coordinates": [ -121.2981062, 38.245819 ] } },
{ "type": "Feature", "properties": { "id": 1150148434, "name": "Unnamed Facility", "category": "place_of_worship", "lat": 38.4579878, "lon": -121.4387015, "source": "OSM_Tier_2" }, "geometry": { "type": "Point", "coordinates": [ -121.4387015, 38.4579878 ] } },
{ "type": "Feature", "properties": { "id": 1150159573, "name": "Unnamed Facility", "category": "place_of_worship", "lat": 38.4736125, "lon": -121.4135611, "source": "OSM_Tier_2" }, "geometry": { "type": "Point", "coordinates": [ -121.4135611, 38.4736125 ] } },
{ "type": "Feature", "properties": { "id": 1150308144, "name": "Kingdom Hall of Jehovahs Witnesses", "category": "place_of_worship", "lat": 38.5414296, "lon": -121.4615697, "source": "OSM_Tier_2" }, "geometry": { "type": "Point", "coordinates": [ -121.4615697, 38.5414296 ] } },
{ "type": "Feature", "properties": { "id": 1150318222, "name": "Unnamed Facility", "category": "place_of_worship", "lat": 38.5035472, "lon": -121.4683863, "source": "OSM_Tier_2" }, "geometry": { "type": "Point", "coordinates": [ -121.4683863, 38.5035472 ] } },
{ "type": "Feature", "properties": { "id": 1150523802, "name": "Unnamed Facility", "category": "place_of_worship", "lat": 38.6274875, "lon": -121.4212723, "source": "OSM_Tier_2" }, "geometry": { "type": "Point", "coordinates": [ -121.4212723, 38.6274875 ] } },
{ "type": "Feature", "properties": { "id": 1150542336, "name": "Unnamed Facility", "category": "place_of_worship", "lat": 38.4518817, "lon": -121.3468652, "source": "OSM_Tier_2" }, "geometry": { "type": "Point", "coordinates": [ -121.3468652, 38.4518817 ] } },
{ "type": "Feature", "properties": { "id": 1150542397, "name": "Kingdom Hall of Jehovahs Witnesses", "category": "place_of_worship", "lat": 38.5467744, "lon": -121.3709386, "source": "OSM_Tier_2" }, "geometry": { "type": "Point", "coordinates": [ -121.3709386, 38.5467744 ] } },
{ "type": "Feature", "properties": { "id": 1150549385, "name": "Unnamed Facility", "category": "place_of_worship", "lat": 38.439053, "lon": -121.2922118, "source": "OSM_Tier_2" }, "geometry": { "type": "Point", "coordinates": [ -121.2922118, 38.439053 ] } },
{ "type": "Feature", "properties": { "id": 1150591295, "name": "Kingdom Hall of Jehovah's Witnesses", "category": "place_of_worship", "lat": 38.6207482, "lon": -121.3520407, "source": "OSM_Tier_2" }, "geometry": { "type": "Point", "coordinates": [ -121.3520407, 38.6207482 ] } },
{ "type": "Feature", "properties": { "id": 1150591621, "name": "Unnamed Facility", "category": "place_of_worship", "lat": 38.609023, "lon": -121.478948, "source": "OSM_Tier_2" }, "geometry": { "type": "Point", "coordinates": [ -121.478948, 38.609023 ] } },
{ "type": "Feature", "properties": { "id": 1150599070, "name": "Unnamed Facility", "category": "place_of_worship", "lat": 38.6090903, "lon": -121.2749736, "source": "OSM_Tier_2" }, "geometry": { "type": "Point", "coordinates": [ -121.2749736, 38.6090903 ] } },
{ "type": "Feature", "properties": { "id": 1150717998, "name": "Kingdom Hall", "category": "place_of_worship", "lat": 38.6406606, "lon": -121.3371528, "source": "OSM_Tier_2" }, "geometry": { "type": "Point", "coordinates": [ -121.3371528, 38.6406606 ] } },
{ "type": "Feature", "properties": { "id": 1150824838, "name": "Unnamed Facility", "category": "motel", "lat": 38.5825235, "lon": -121.4913425, "source": "OSM_Tier_2" }, "geometry": { "type": "Point", "coordinates": [ -121.4913425, 38.5825235 ] } },
{ "type": "Feature", "properties": { "id": 1157806073, "name": "Sacramento Montessori School", "category": "school", "lat": 38.5866808, "lon": -121.4885604, "source": "OSM_Tier_2" }, "geometry": { "type": "Point", "coordinates": [ -121.4885604, 38.5866808 ] } },
{ "type": "Feature", "properties": { "id": 1158500810, "name": "Carrington College Sacaremento", "category": "college", "lat": 38.5560399, "lon": -121.371232, "source": "OSM_Tier_2" }, "geometry": { "type": "Point", "coordinates": [ -121.371232, 38.5560399 ] } },
{ "type": "Feature", "properties": { "id": 1160457457, "name": "Our Lady of the Assumption School", "category": "school", "lat": 38.6040132, "lon": -121.347136, "source": "OSM_Tier_2" }, "geometry": { "type": "Point", "coordinates": [ -121.347136, 38.6040132 ] } },
{ "type": "Feature", "properties": { "id": 1163952939, "name": "Kinney High School", "category": "school", "lat": 38.6011465, "lon": -121.2760381, "source": "OSM_Tier_2" }, "geometry": { "type": "Point", "coordinates": [ -121.2760381, 38.6011465 ] } },
{ "type": "Feature", "properties": { "id": 1168181166, "name": "Cristo Rey Sacramento", "category": "school", "lat": 38.5458152, "lon": -121.3931752, "source": "OSM_Tier_2" }, "geometry": { "type": "Point", "coordinates": [ -121.3931752, 38.5458152 ] } },
{ "type": "Feature", "properties": { "id": 1174616300, "name": "Unnamed Facility", "category": "school", "lat": 38.6270142, "lon": -121.3506364, "source": "OSM_Tier_2" }, "geometry": { "type": "Point", "coordinates": [ -121.3506364, 38.6270142 ] } },
{ "type": "Feature", "properties": { "id": 1174668430, "name": "Unnamed Facility", "category": "school", "lat": 38.6268013, "lon": -121.4609598, "source": "OSM_Tier_2" }, "geometry": { "type": "Point", "coordinates": [ -121.4609598, 38.6268013 ] } },
{ "type": "Feature", "properties": { "id": 1174965002, "name": "Hubert H. Bancroft Elementary School", "category": "school", "lat": 38.5534462, "lon": -121.3860482, "source": "OSM_Tier_2" }, "geometry": { "type": "Point", "coordinates": [ -121.3860482, 38.5534462 ] } },
{ "type": "Feature", "properties": { "id": 1182680802, "name": "Unnamed Facility", "category": "sports_centre", "lat": 38.6633351, "lon": -121.3842049, "source": "OSM_Tier_2" }, "geometry": { "type": "Point", "coordinates": [ -121.3842049, 38.6633351 ] } },
{ "type": "Feature", "properties": { "id": 1192494754, "name": "Unnamed Facility", "category": "school", "lat": 38.3784384, "lon": -121.4002708, "source": "OSM_Tier_2" }, "geometry": { "type": "Point", "coordinates": [ -121.4002708, 38.3784384 ] } },
{ "type": "Feature", "properties": { "id": 1196861849, "name": "McClellan High School", "category": "school", "lat": 38.7278781, "lon": -121.3934594, "source": "OSM_Tier_2" }, "geometry": { "type": "Point", "coordinates": [ -121.3934594, 38.7278781 ] } },
{ "type": "Feature", "properties": { "id": 1200030940, "name": "Windsor Elk Grove Care and Rehabilitation Center", "category": "social_facility", "lat": 38.4132402, "lon": -121.3599268, "source": "OSM_Tier_2" }, "geometry": { "type": "Point", "coordinates": [ -121.3599268, 38.4132402 ] } },
{ "type": "Feature", "properties": { "id": 1200031239, "name": "Albert Einstein Middle School", "category": "school", "lat": 38.5489966, "lon": -121.3520015, "source": "OSM_Tier_2" }, "geometry": { "type": "Point", "coordinates": [ -121.3520015, 38.5489966 ] } },
{ "type": "Feature", "properties": { "id": 1206689154, "name": "Elk Grove Charter School", "category": "school", "lat": 38.3913813, "lon": -121.4368103, "source": "OSM_Tier_2" }, "geometry": { "type": "Point", "coordinates": [ -121.4368103, 38.3913813 ] } },
{ "type": "Feature", "properties": { "id": 1211320965, "name": "Unnamed Facility", "category": "sports_centre", "lat": 38.549993, "lon": -121.4942496, "source": "OSM_Tier_2" }, "geometry": { "type": "Point", "coordinates": [ -121.4942496, 38.549993 ] } },
{ "type": "Feature", "properties": { "id": 1231762852, "name": "Unnamed Facility", "category": "sports_centre", "lat": 38.4326624, "lon": -121.0609092, "source": "OSM_Tier_2" }, "geometry": { "type": "Point", "coordinates": [ -121.0609092, 38.4326624 ] } },
{ "type": "Feature", "properties": { "id": 1256318071, "name": "UC Davis Same Day Surgery Center", "category": "clinic", "lat": 38.5510621, "lon": -121.448582, "source": "OSM_Tier_2" }, "geometry": { "type": "Point", "coordinates": [ -121.448582, 38.5510621 ] } },
{ "type": "Feature", "properties": { "id": 1256321575, "name": "UC Davis Comprehensive Cancer Center", "category": "clinic", "lat": 38.5540829, "lon": -121.4525857, "source": "OSM_Tier_2" }, "geometry": { "type": "Point", "coordinates": [ -121.4525857, 38.5540829 ] } },
{ "type": "Feature", "properties": { "id": 1256331849, "name": "Ernest E. Tschannen Eye Institute", "category": "clinic", "lat": 38.5525015, "lon": -121.4492308, "source": "OSM_Tier_2" }, "geometry": { "type": "Point", "coordinates": [ -121.4492308, 38.5525015 ] } },
{ "type": "Feature", "properties": { "id": 1256340923, "name": "Kiwanis Family House", "category": "social_facility", "lat": 38.5486344, "lon": -121.4458002, "source": "OSM_Tier_2" }, "geometry": { "type": "Point", "coordinates": [ -121.4458002, 38.5486344 ] } },
{ "type": "Feature", "properties": { "id": 1256341458, "name": "Ronald McDonald House Charities", "category": "social_facility", "lat": 38.5515465, "lon": -121.4469258, "source": "OSM_Tier_2" }, "geometry": { "type": "Point", "coordinates": [ -121.4469258, 38.5515465 ] } },
{ "type": "Feature", "properties": { "id": 1258391554, "name": "UC Davis CAARE Center", "category": "clinic", "lat": 38.5413693, "lon": -121.4189143, "source": "OSM_Tier_2" }, "geometry": { "type": "Point", "coordinates": [ -121.4189143, 38.5413693 ] } },
{ "type": "Feature", "properties": { "id": 1258392219, "name": "Hiram W. Johnson High School", "category": "school", "lat": 38.5414665, "lon": -121.425436, "source": "OSM_Tier_2" }, "geometry": { "type": "Point", "coordinates": [ -121.425436, 38.5414665 ] } },
{ "type": "Feature", "properties": { "id": 1274247428, "name": "Hollywood Park Elementary School", "category": "school", "lat": 38.5299919, "lon": -121.4893069, "source": "OSM_Tier_2" }, "geometry": { "type": "Point", "coordinates": [ -121.4893069, 38.5299919 ] } },
{ "type": "Feature", "properties": { "id": 1274461824, "name": "Mangini Ranch Elementary School", "category": "school", "lat": 38.627312, "lon": -121.1028912, "source": "OSM_Tier_2" }, "geometry": { "type": "Point", "coordinates": [ -121.1028912, 38.627312 ] } },
{ "type": "Feature", "properties": { "id": 1274493940, "name": "Saint Robert Elementary School", "category": "school", "lat": 38.5302244, "lon": -121.4872994, "source": "OSM_Tier_2" }, "geometry": { "type": "Point", "coordinates": [ -121.4872994, 38.5302244 ] } },
{ "type": "Feature", "properties": { "id": 1274493945, "name": "Saint Robert Catholic Church", "category": "place_of_worship", "lat": 38.5287146, "lon": -121.4871007, "source": "OSM_Tier_2" }, "geometry": { "type": "Point", "coordinates": [ -121.4871007, 38.5287146 ] } },
{ "type": "Feature", "properties": { "id": 1275438955, "name": "Unnamed Facility", "category": "school", "lat": 38.5606498, "lon": -121.4771949, "source": "OSM_Tier_2" }, "geometry": { "type": "Point", "coordinates": [ -121.4771949, 38.5606498 ] } },
{ "type": "Feature", "properties": { "id": 1280234539, "name": "Saint Francis Catholic High School", "category": "school", "lat": 38.5609008, "lon": -121.4310282, "source": "OSM_Tier_2" }, "geometry": { "type": "Point", "coordinates": [ -121.4310282, 38.5609008 ] } },
{ "type": "Feature", "properties": { "id": 1280732802, "name": "Al-Mumtaz Institute", "category": "place_of_worship", "lat": 38.6586027, "lon": -121.271873, "source": "OSM_Tier_2" }, "geometry": { "type": "Point", "coordinates": [ -121.271873, 38.6586027 ] } },
{ "type": "Feature", "properties": { "id": 1291179554, "name": "Earl Warren Elementary School", "category": "school", "lat": 38.5260845, "lon": -121.4180477, "source": "OSM_Tier_2" }, "geometry": { "type": "Point", "coordinates": [ -121.4180477, 38.5260845 ] } },
{ "type": "Feature", "properties": { "id": 1291179717, "name": "Success Academy", "category": "school", "lat": 38.4870083, "lon": -121.4859917, "source": "OSM_Tier_2" }, "geometry": { "type": "Point", "coordinates": [ -121.4859917, 38.4870083 ] } },
{ "type": "Feature", "properties": { "id": 1291179718, "name": "Rosa Parks K-8 School", "category": "school", "lat": 38.4889119, "lon": -121.4859679, "source": "OSM_Tier_2" }, "geometry": { "type": "Point", "coordinates": [ -121.4859679, 38.4889119 ] } },
{ "type": "Feature", "properties": { "id": 1291207069, "name": "Unnamed Facility", "category": "school", "lat": 38.678022, "lon": -121.349042, "source": "OSM_Tier_2" }, "geometry": { "type": "Point", "coordinates": [ -121.349042, 38.678022 ] } },
{ "type": "Feature", "properties": { "id": 1291208194, "name": "Unnamed Facility", "category": "school", "lat": 38.64654, "lon": -121.288477, "source": "OSM_Tier_2" }, "geometry": { "type": "Point", "coordinates": [ -121.288477, 38.64654 ] } },
{ "type": "Feature", "properties": { "id": 1291208701, "name": "Suy:u Elementary School", "category": "school", "lat": 38.5208371, "lon": -121.435236, "source": "OSM_Tier_2" }, "geometry": { "type": "Point", "coordinates": [ -121.435236, 38.5208371 ] } },
{ "type": "Feature", "properties": { "id": 1291534169, "name": "Unnamed Facility", "category": "school", "lat": 38.6437898, "lon": -121.3308564, "source": "OSM_Tier_2" }, "geometry": { "type": "Point", "coordinates": [ -121.3308564, 38.6437898 ] } },
{ "type": "Feature", "properties": { "id": 1291534170, "name": "Unnamed Facility", "category": "school", "lat": 38.6435204, "lon": -121.333343, "source": "OSM_Tier_2" }, "geometry": { "type": "Point", "coordinates": [ -121.333343, 38.6435204 ] } },
{ "type": "Feature", "properties": { "id": 1291538529, "name": "Unnamed Facility", "category": "school", "lat": 38.6341329, "lon": -121.3404175, "source": "OSM_Tier_2" }, "geometry": { "type": "Point", "coordinates": [ -121.3404175, 38.6341329 ] } },
{ "type": "Feature", "properties": { "id": 1291539861, "name": "Unnamed Facility", "category": "school", "lat": 38.6373208, "lon": -121.3630332, "source": "OSM_Tier_2" }, "geometry": { "type": "Point", "coordinates": [ -121.3630332, 38.6373208 ] } },
{ "type": "Feature", "properties": { "id": 1291539864, "name": "Our Lady of the Presentation Catholic School", "category": "school", "lat": 38.6228457, "lon": -121.3683189, "source": "OSM_Tier_2" }, "geometry": { "type": "Point", "coordinates": [ -121.3683189, 38.6228457 ] } },
{ "type": "Feature", "properties": { "id": 1291543804, "name": "New Joseph Bonnheim Community Charter", "category": "school", "lat": 38.5331953, "lon": -121.4178953, "source": "OSM_Tier_2" }, "geometry": { "type": "Point", "coordinates": [ -121.4178953, 38.5331953 ] } },
{ "type": "Feature", "properties": { "id": 1291548754, "name": "Unnamed Facility", "category": "school", "lat": 38.5147825, "lon": -121.4476234, "source": "OSM_Tier_2" }, "geometry": { "type": "Point", "coordinates": [ -121.4476234, 38.5147825 ] } },
{ "type": "Feature", "properties": { "id": 1291548756, "name": "Pacific Elementary School", "category": "school", "lat": 38.5129149, "lon": -121.4451549, "source": "OSM_Tier_2" }, "geometry": { "type": "Point", "coordinates": [ -121.4451549, 38.5129149 ] } },
{ "type": "Feature", "properties": { "id": 1291588851, "name": "Unnamed Facility", "category": "school", "lat": 38.4804133, "lon": -121.4933334, "source": "OSM_Tier_2" }, "geometry": { "type": "Point", "coordinates": [ -121.4933334, 38.4804133 ] } },
{ "type": "Feature", "properties": { "id": 1291588854, "name": "John Still TK-8 School", "category": "school", "lat": 38.4757997, "lon": -121.4839695, "source": "OSM_Tier_2" }, "geometry": { "type": "Point", "coordinates": [ -121.4839695, 38.4757997 ] } },
{ "type": "Feature", "properties": { "id": 1291588858, "name": "John D. Sloat Elementary School", "category": "school", "lat": 38.4847559, "lon": -121.4996552, "source": "OSM_Tier_2" }, "geometry": { "type": "Point", "coordinates": [ -121.4996552, 38.4847559 ] } },
{ "type": "Feature", "properties": { "id": 1291598928, "name": "Unnamed Facility", "category": "school", "lat": 38.5129252, "lon": -121.4590917, "source": "OSM_Tier_2" }, "geometry": { "type": "Point", "coordinates": [ -121.4590917, 38.5129252 ] } },
{ "type": "Feature", "properties": { "id": 1291611499, "name": "Unnamed Facility", "category": "school", "lat": 38.5169231, "lon": -121.4299285, "source": "OSM_Tier_2" }, "geometry": { "type": "Point", "coordinates": [ -121.4299285, 38.5169231 ] } },
{ "type": "Feature", "properties": { "id": 1291619054, "name": "Unnamed Facility", "category": "school", "lat": 38.5664505, "lon": -121.4392263, "source": "OSM_Tier_2" }, "geometry": { "type": "Point", "coordinates": [ -121.4392263, 38.5664505 ] } },
{ "type": "Feature", "properties": { "id": 1291642453, "name": "Unnamed Facility", "category": "school", "lat": 38.5352029, "lon": -121.4623795, "source": "OSM_Tier_2" }, "geometry": { "type": "Point", "coordinates": [ -121.4623795, 38.5352029 ] } },
{ "type": "Feature", "properties": { "id": 1291642455, "name": "Unnamed Facility", "category": "school", "lat": 38.5277212, "lon": -121.4664981, "source": "OSM_Tier_2" }, "geometry": { "type": "Point", "coordinates": [ -121.4664981, 38.5277212 ] } },
{ "type": "Feature", "properties": { "id": 1299501064, "name": "Unnamed Facility", "category": "school", "lat": 38.6524373, "lon": -121.4586432, "source": "OSM_Tier_2" }, "geometry": { "type": "Point", "coordinates": [ -121.4586432, 38.6524373 ] } },
{ "type": "Feature", "properties": { "id": 1305086005, "name": "Saint Christopher Catholic Church", "category": "place_of_worship", "lat": 38.244561, "lon": -121.2981375, "source": "OSM_Tier_2" }, "geometry": { "type": "Point", "coordinates": [ -121.2981375, 38.244561 ] } },
{ "type": "Feature", "properties": { "id": 1306973443, "name": "Folsom Care Center", "category": "social_facility", "lat": 38.6793099, "lon": -121.1683104, "source": "OSM_Tier_2" }, "geometry": { "type": "Point", "coordinates": [ -121.1683104, 38.6793099 ] } },
{ "type": "Feature", "properties": { "id": 1307680977, "name": "First Church of the Nazarene", "category": "place_of_worship", "lat": 38.5642653, "lon": -121.4736745, "source": "OSM_Tier_2" }, "geometry": { "type": "Point", "coordinates": [ -121.4736745, 38.5642653 ] } },
{ "type": "Feature", "properties": { "id": 1312523785, "name": "Unnamed Facility", "category": "school", "lat": 38.6664829, "lon": -121.2957496, "source": "OSM_Tier_2" }, "geometry": { "type": "Point", "coordinates": [ -121.2957496, 38.6664829 ] } },
{ "type": "Feature", "properties": { "id": 1314506501, "name": "Royo Eye & Laser Center", "category": "clinic", "lat": 38.6618132, "lon": -121.3387869, "source": "OSM_Tier_2" }, "geometry": { "type": "Point", "coordinates": [ -121.3387869, 38.6618132 ] } },
{ "type": "Feature", "properties": { "id": 1318846549, "name": "Unnamed Facility", "category": "place_of_worship", "lat": 38.5108886, "lon": -121.5527953, "source": "OSM_Tier_2" }, "geometry": { "type": "Point", "coordinates": [ -121.5527953, 38.5108886 ] } },
{ "type": "Feature", "properties": { "id": 1318846550, "name": "River edge Church", "category": "place_of_worship", "lat": 38.5086575, "lon": -121.5439796, "source": "OSM_Tier_2" }, "geometry": { "type": "Point", "coordinates": [ -121.5439796, 38.5086575 ] } },
{ "type": "Feature", "properties": { "id": 1327984414, "name": "Unnamed Facility", "category": "school", "lat": 38.6864121, "lon": -121.3152607, "source": "OSM_Tier_2" }, "geometry": { "type": "Point", "coordinates": [ -121.3152607, 38.6864121 ] } },
{ "type": "Feature", "properties": { "id": 1330256108, "name": "Cayuga Boxing Club", "category": "sports_centre", "lat": 38.6757435, "lon": -121.291456, "source": "OSM_Tier_2" }, "geometry": { "type": "Point", "coordinates": [ -121.291456, 38.6757435 ] } },
{ "type": "Feature", "properties": { "id": 1332681752, "name": "Unnamed Facility", "category": "school", "lat": 38.5890828, "lon": -121.3385782, "source": "OSM_Tier_2" }, "geometry": { "type": "Point", "coordinates": [ -121.3385782, 38.5890828 ] } },
{ "type": "Feature", "properties": { "id": 1337794842, "name": "Bergamo Montessori School", "category": "school", "lat": 38.4798203, "lon": -121.5169564, "source": "OSM_Tier_2" }, "geometry": { "type": "Point", "coordinates": [ -121.5169564, 38.4798203 ] } },
{ "type": "Feature", "properties": { "id": 1340650920, "name": "First Christian Church", "category": "place_of_worship", "lat": 38.5652337, "lon": -121.4561809, "source": "OSM_Tier_2" }, "geometry": { "type": "Point", "coordinates": [ -121.4561809, 38.5652337 ] } },
{ "type": "Feature", "properties": { "id": 1343222598, "name": "Unnamed Facility", "category": "school", "lat": 38.6351132, "lon": -121.106609, "source": "OSM_Tier_2" }, "geometry": { "type": "Point", "coordinates": [ -121.106609, 38.6351132 ] } },
{ "type": "Feature", "properties": { "id": 1352968480, "name": "Green Oaks Fundamental Elementary School", "category": "school", "lat": 38.696544, "lon": -121.2164914, "source": "OSM_Tier_2" }, "geometry": { "type": "Point", "coordinates": [ -121.2164914, 38.696544 ] } },
{ "type": "Feature", "properties": { "id": 1354968440, "name": "Southpointe Christian School", "category": "school", "lat": 38.4842744, "lon": -121.4242162, "source": "OSM_Tier_2" }, "geometry": { "type": "Point", "coordinates": [ -121.4242162, 38.4842744 ] } },
{ "type": "Feature", "properties": { "id": 1379424667, "name": "B. Teri Burns Health Clinic", "category": "clinic", "lat": 38.6278626, "lon": -121.4934376, "source": "OSM_Tier_2" }, "geometry": { "type": "Point", "coordinates": [ -121.4934376, 38.6278626 ] } },
{ "type": "Feature", "properties": { "id": 1379427691, "name": "Unnamed Facility", "category": "school", "lat": 38.2498525, "lon": -121.2993594, "source": "OSM_Tier_2" }, "geometry": { "type": "Point", "coordinates": [ -121.2993594, 38.2498525 ] } },
{ "type": "Feature", "properties": { "id": 1382187756, "name": "Folsom Montessori School", "category": "school", "lat": 38.675788, "lon": -121.1749408, "source": "OSM_Tier_2" }, "geometry": { "type": "Point", "coordinates": [ -121.1749408, 38.675788 ] } },
{ "type": "Feature", "properties": { "id": 1385169323, "name": "Carl Sundahl Elementary School", "category": "school", "lat": 38.7001416, "lon": -121.1749458, "source": "OSM_Tier_2" }, "geometry": { "type": "Point", "coordinates": [ -121.1749458, 38.7001416 ] } },
{ "type": "Feature", "properties": { "id": 1386881201, "name": "Evangelical Voice Church", "category": "place_of_worship", "lat": 38.4952666, "lon": -121.4372764, "source": "OSM_Tier_2" }, "geometry": { "type": "Point", "coordinates": [ -121.4372764, 38.4952666 ] } },
{ "type": "Feature", "properties": { "id": 1388143838, "name": "Unnamed Facility", "category": "social_facility", "lat": 38.6157831, "lon": -121.4471181, "source": "OSM_Tier_2" }, "geometry": { "type": "Point", "coordinates": [ -121.4471181, 38.6157831 ] } },
{ "type": "Feature", "properties": { "id": 1388286306, "name": "Unnamed Facility", "category": "place_of_worship", "lat": 38.6167875, "lon": -121.4475927, "source": "OSM_Tier_2" }, "geometry": { "type": "Point", "coordinates": [ -121.4475927, 38.6167875 ] } },
{ "type": "Feature", "properties": { "id": 1388381398, "name": "Unnamed Facility", "category": "school", "lat": 38.6227423, "lon": -121.4531031, "source": "OSM_Tier_2" }, "geometry": { "type": "Point", "coordinates": [ -121.4531031, 38.6227423 ] } },
{ "type": "Feature", "properties": { "id": 1389160850, "name": "Unnamed Facility", "category": "school", "lat": 38.6198537, "lon": -121.4557652, "source": "OSM_Tier_2" }, "geometry": { "type": "Point", "coordinates": [ -121.4557652, 38.6198537 ] } },
{ "type": "Feature", "properties": { "id": 1389160851, "name": "Unnamed Facility", "category": "school", "lat": 38.6199283, "lon": -121.4533325, "source": "OSM_Tier_2" }, "geometry": { "type": "Point", "coordinates": [ -121.4533325, 38.6199283 ] } },
{ "type": "Feature", "properties": { "id": 1391499373, "name": "Saint Joseph Catholic Church", "category": "place_of_worship", "lat": 38.608535, "lon": -121.4574926, "source": "OSM_Tier_2" }, "geometry": { "type": "Point", "coordinates": [ -121.4574926, 38.608535 ] } },
{ "type": "Feature", "properties": { "id": 1393736725, "name": "Unnamed Facility", "category": "school", "lat": 38.6221126, "lon": -121.4340739, "source": "OSM_Tier_2" }, "geometry": { "type": "Point", "coordinates": [ -121.4340739, 38.6221126 ] } },
{ "type": "Feature", "properties": { "id": 1396076894, "name": "Unnamed Facility", "category": "school", "lat": 38.6337031, "lon": -121.4244367, "source": "OSM_Tier_2" }, "geometry": { "type": "Point", "coordinates": [ -121.4244367, 38.6337031 ] } },
{ "type": "Feature", "properties": { "id": 1409870430, "name": "Greenhaven Place", "category": "social_facility", "lat": 38.5117954, "lon": -121.5407731, "source": "OSM_Tier_2" }, "geometry": { "type": "Point", "coordinates": [ -121.5407731, 38.5117954 ] } },
{ "type": "Feature", "properties": { "id": 1411046448, "name": "Highlands Community Charter and Technical Schools", "category": "school", "lat": 38.6376157, "lon": -121.4350729, "source": "OSM_Tier_2" }, "geometry": { "type": "Point", "coordinates": [ -121.4350729, 38.6376157 ] } },
{ "type": "Feature", "properties": { "id": 1416381505, "name": "Unnamed Facility", "category": "place_of_worship", "lat": 38.5962809, "lon": -121.4481302, "source": "OSM_Tier_2" }, "geometry": { "type": "Point", "coordinates": [ -121.4481302, 38.5962809 ] } },
{ "type": "Feature", "properties": { "id": 1419477057, "name": "JB Wellness Clinic", "category": "clinic", "lat": 38.6849353, "lon": -121.1774681, "source": "OSM_Tier_2" }, "geometry": { "type": "Point", "coordinates": [ -121.1774681, 38.6849353 ] } },
{ "type": "Feature", "properties": { "id": 1419477058, "name": "Excel Hospice Care", "category": "clinic", "lat": 38.684932, "lon": -121.1773405, "source": "OSM_Tier_2" }, "geometry": { "type": "Point", "coordinates": [ -121.1773405, 38.684932 ] } },
{ "type": "Feature", "properties": { "id": 1422520313, "name": "Folsom Lake College", "category": "college", "lat": 38.5858599, "lon": -121.3103791, "source": "OSM_Tier_2" }, "geometry": { "type": "Point", "coordinates": [ -121.3103791, 38.5858599 ] } },
{ "type": "Feature", "properties": { "id": 1423364341, "name": "Unnamed Facility", "category": "school", "lat": 38.6526018, "lon": -121.1773424, "source": "OSM_Tier_2" }, "geometry": { "type": "Point", "coordinates": [ -121.1773424, 38.6526018 ] } },
{ "type": "Feature", "properties": { "id": 1434796481, "name": "Saint Francis of Assisi Catholic Church", "category": "place_of_worship", "lat": 38.5733551, "lon": -121.4729033, "source": "OSM_Tier_2" }, "geometry": { "type": "Point", "coordinates": [ -121.4729033, 38.5733551 ] } },
{ "type": "Feature", "properties": { "id": 1436018045, "name": "UC Davis Health Folsom Medical Care Clinic", "category": "clinic", "lat": 38.6411567, "lon": -121.1201645, "source": "OSM_Tier_2" }, "geometry": { "type": "Point", "coordinates": [ -121.1201645, 38.6411567 ] } },
{ "type": "Feature", "properties": { "id": 1436018052, "name": "Folsom Center for Health", "category": "clinic", "lat": 38.6411851, "lon": -121.1183502, "source": "OSM_Tier_2" }, "geometry": { "type": "Point", "coordinates": [ -121.1183502, 38.6411851 ] } },
{ "type": "Feature", "properties": { "id": 1442906168, "name": "Unnamed Facility", "category": "hospital", "lat": 38.6702952, "lon": -121.1451401, "source": "OSM_Tier_2" }, "geometry": { "type": "Point", "coordinates": [ -121.1451401, 38.6702952 ] } },
{ "type": "Feature", "properties": { "id": 1444323402, "name": "Bell Avenue Elementary School", "category": "school", "lat": 38.6462829, "lon": -121.4211478, "source": "OSM_Tier_2" }, "geometry": { "type": "Point", "coordinates": [ -121.4211478, 38.6462829 ] } },
{ "type": "Feature", "properties": { "id": 1453031522, "name": "Elevation of the Holy Cross Orthodox Church", "category": "place_of_worship", "lat": 38.5362624, "lon": -121.3670183, "source": "OSM_Tier_2" }, "geometry": { "type": "Point", "coordinates": [ -121.3670183, 38.5362624 ] } },
{ "type": "Feature", "properties": { "id": 1453244040, "name": "Isador Cohen Elementary School", "category": "school", "lat": 38.5615282, "lon": -121.3692537, "source": "OSM_Tier_2" }, "geometry": { "type": "Point", "coordinates": [ -121.3692537, 38.5615282 ] } },
{ "type": "Feature", "properties": { "id": 1453244041, "name": "Capital City School", "category": "school", "lat": 38.4938699, "lon": -121.4815126, "source": "OSM_Tier_2" }, "geometry": { "type": "Point", "coordinates": [ -121.4815126, 38.4938699 ] } },
{ "type": "Feature", "properties": { "id": 1455720122, "name": "Kaiser Permanente Point West Medical Offices", "category": "clinic", "lat": 38.5962621, "lon": -121.429994, "source": "OSM_Tier_2" }, "geometry": { "type": "Point", "coordinates": [ -121.429994, 38.5962621 ] } },
{ "type": "Feature", "properties": { "id": 1456637662, "name": "Unnamed Facility", "category": "school", "lat": 38.5422366, "lon": -121.3395168, "source": "OSM_Tier_2" }, "geometry": { "type": "Point", "coordinates": [ -121.3395168, 38.5422366 ] } },
{ "type": "Feature", "properties": { "id": 1457916323, "name": "Rancho Murieta Training Center", "category": "school", "lat": 38.4894662, "lon": -121.1024427, "source": "OSM_Tier_2" }, "geometry": { "type": "Point", "coordinates": [ -121.1024427, 38.4894662 ] } },
{ "type": "Feature", "properties": { "id": 1458400999, "name": "Scandia Fun Center Water Park", "category": "sports_centre", "lat": 38.6594852, "lon": -121.3634416, "source": "OSM_Tier_2" }, "geometry": { "type": "Point", "coordinates": [ -121.3634416, 38.6594852 ] } },
{ "type": "Feature", "properties": { "id": 1460975358, "name": "Unnamed Facility", "category": "school", "lat": 38.544129, "lon": -121.2778081, "source": "OSM_Tier_2" }, "geometry": { "type": "Point", "coordinates": [ -121.2778081, 38.544129 ] } },
{ "type": "Feature", "properties": { "id": 1462267479, "name": "Unnamed Facility", "category": "school", "lat": 38.5443624, "lon": -121.2890005, "source": "OSM_Tier_2" }, "geometry": { "type": "Point", "coordinates": [ -121.2890005, 38.5443624 ] } },
{ "type": "Feature", "properties": { "id": 1467354981, "name": "Unnamed Facility", "category": "place_of_worship", "lat": 38.5520307, "lon": -121.4715693, "source": "OSM_Tier_2" }, "geometry": { "type": "Point", "coordinates": [ -121.4715693, 38.5520307 ] } },
{ "type": "Feature", "properties": { "id": 1475620958, "name": "Unnamed Facility", "category": "school", "lat": 38.6700017, "lon": -121.2771426, "source": "OSM_Tier_2" }, "geometry": { "type": "Point", "coordinates": [ -121.2771426, 38.6700017 ] } },
{ "type": "Feature", "properties": { "id": 1478712485, "name": "Pannell Meadowview Pool", "category": "sports_centre", "lat": 38.4804822, "lon": -121.4786414, "source": "OSM_Tier_2" }, "geometry": { "type": "Point", "coordinates": [ -121.4786414, 38.4804822 ] } },
{ "type": "Feature", "properties": { "id": 1484391982, "name": "Rio Tierra Junior High School", "category": "school", "lat": 38.6259975, "lon": -121.4820414, "source": "OSM_Tier_2" }, "geometry": { "type": "Point", "coordinates": [ -121.4820414, 38.6259975 ] } },
{ "type": "Feature", "properties": { "id": 1484391983, "name": "Hazel Strauch Elementary School", "category": "school", "lat": 38.6236759, "lon": -121.4821855, "source": "OSM_Tier_2" }, "geometry": { "type": "Point", "coordinates": [ -121.4821855, 38.6236759 ] } },
{ "type": "Feature", "properties": { "id": 1486386282, "name": "Unnamed Facility", "category": "sports_centre", "lat": 38.577148, "lon": -121.4601732, "source": "OSM_Tier_2" }, "geometry": { "type": "Point", "coordinates": [ -121.4601732, 38.577148 ] } },
{ "type": "Feature", "properties": { "id": 1486444138, "name": "Saint Ignatius of Loyola Catholic Church", "category": "place_of_worship", "lat": 38.5962932, "lon": -121.3890819, "source": "OSM_Tier_2" }, "geometry": { "type": "Point", "coordinates": [ -121.3890819, 38.5962932 ] } },
{ "type": "Feature", "properties": { "id": 1497380410, "name": "Mary Tsukamoto Elementary School", "category": "school", "lat": 38.4631015, "lon": -121.3801028, "source": "OSM_Tier_2" }, "geometry": { "type": "Point", "coordinates": [ -121.3801028, 38.4631015 ] } },
{ "type": "Feature", "properties": { "id": 1497438701, "name": "Merryhill School - Calvine", "category": "school", "lat": 38.4516959, "lon": -121.3654522, "source": "OSM_Tier_2" }, "geometry": { "type": "Point", "coordinates": [ -121.3654522, 38.4516959 ] } },
{ "type": "Feature", "properties": { "id": 1497464841, "name": "Calvine Alternative High School", "category": "school", "lat": 38.4533211, "lon": -121.3789463, "source": "OSM_Tier_2" }, "geometry": { "type": "Point", "coordinates": [ -121.3789463, 38.4533211 ] } },
{ "type": "Feature", "properties": { "id": 1514081439, "name": "Casa Roble Fundamental High School", "category": "school", "lat": 38.7019541, "lon": -121.2134944, "source": "OSM_Tier_2" }, "geometry": { "type": "Point", "coordinates": [ -121.2134944, 38.7019541 ] } },
{ "type": "Feature", "properties": { "id": 1540842703, "name": "Holy Family Elementary School", "category": "school", "lat": 38.703786, "lon": -121.2750336, "source": "OSM_Tier_2" }, "geometry": { "type": "Point", "coordinates": [ -121.2750336, 38.703786 ] } },
{ "type": "Feature", "properties": { "id": 1543112242, "name": "Our Lady of the Presentation Catholic Church", "category": "place_of_worship", "lat": 38.6216226, "lon": -121.3686649, "source": "OSM_Tier_2" }, "geometry": { "type": "Point", "coordinates": [ -121.3686649, 38.6216226 ] } },
{ "type": "Feature", "properties": { "id": 1544595934, "name": "Saint Francis of Assisi Elementary School", "category": "school", "lat": 38.5734052, "lon": -121.4734796, "source": "OSM_Tier_2" }, "geometry": { "type": "Point", "coordinates": [ -121.4734796, 38.5734052 ] } },
{ "type": "Feature", "properties": { "id": 1544600305, "name": "Saint Ignatius Elementary School", "category": "school", "lat": 38.5970413, "lon": -121.3884235, "source": "OSM_Tier_2" }, "geometry": { "type": "Point", "coordinates": [ -121.3884235, 38.5970413 ] } },
{ "type": "Feature", "properties": { "id": 1544674192, "name": "Saint John Catholic School", "category": "school", "lat": 38.6819764, "lon": -121.1547225, "source": "OSM_Tier_2" }, "geometry": { "type": "Point", "coordinates": [ -121.1547225, 38.6819764 ] } },
{ "type": "Feature", "properties": { "id": 1544676128, "name": "Saint John Vianney School", "category": "school", "lat": 38.6030661, "lon": -121.3015579, "source": "OSM_Tier_2" }, "geometry": { "type": "Point", "coordinates": [ -121.3015579, 38.6030661 ] } },
{ "type": "Feature", "properties": { "id": 1544676131, "name": "Saint John Vianney Catholic Church", "category": "place_of_worship", "lat": 38.6026229, "lon": -121.3002924, "source": "OSM_Tier_2" }, "geometry": { "type": "Point", "coordinates": [ -121.3002924, 38.6026229 ] } },
{ "type": "Feature", "properties": { "id": 1544689518, "name": "Saint Lawrence School", "category": "school", "lat": 38.6894852, "lon": -121.3610063, "source": "OSM_Tier_2" }, "geometry": { "type": "Point", "coordinates": [ -121.3610063, 38.6894852 ] } },
{ "type": "Feature", "properties": { "id": 1544868168, "name": "Saint Mary School", "category": "school", "lat": 38.5592282, "lon": -121.4338073, "source": "OSM_Tier_2" }, "geometry": { "type": "Point", "coordinates": [ -121.4338073, 38.5592282 ] } },
{ "type": "Feature", "properties": { "id": 1544883858, "name": "Saint Mel's Catholic School", "category": "school", "lat": 38.651625, "lon": -121.2745411, "source": "OSM_Tier_2" }, "geometry": { "type": "Point", "coordinates": [ -121.2745411, 38.651625 ] } },
{ "type": "Feature", "properties": { "id": 1544949459, "name": "Saint Philomene Catholic Church", "category": "place_of_worship", "lat": 38.6101652, "lon": -121.4102953, "source": "OSM_Tier_2" }, "geometry": { "type": "Point", "coordinates": [ -121.4102953, 38.6101652 ] } },
{ "type": "Feature", "properties": { "id": 1544955548, "name": "Saint Patrick School", "category": "school", "lat": 38.518491, "lon": -121.4695318, "source": "OSM_Tier_2" }, "geometry": { "type": "Point", "coordinates": [ -121.4695318, 38.518491 ] } },
{ "type": "Feature", "properties": { "id": 5650730, "name": "Rio Americano High School", "category": "school", "lat": 38.5784803, "lon": -121.3549639, "source": "OSM_Tier_2" }, "geometry": { "type": "Point", "coordinates": [ -121.3549639, 38.5784803 ] } },
{ "type": "Feature", "properties": { "id": 6106623, "name": "Motel 6 Sacramento Downtown", "category": "motel", "lat": 38.5681352, "lon": -121.4680297, "source": "OSM_Tier_2" }, "geometry": { "type": "Point", "coordinates": [ -121.4680297, 38.5681352 ] } },
{ "type": "Feature", "properties": { "id": 8193422, "name": "Dan Moore Building", "category": "clinic", "lat": 38.4699353, "lon": -121.4251487, "source": "OSM_Tier_2" }, "geometry": { "type": "Point", "coordinates": [ -121.4251487, 38.4699353 ] } },
{ "type": "Feature", "properties": { "id": 9142043, "name": "Arden/Del Paso", "category": "station", "lat": 38.6062287, "lon": -121.456836, "source": "OSM_Tier_2" }, "geometry": { "type": "Point", "coordinates": [ -121.456836, 38.6062287 ] } },
{ "type": "Feature", "properties": { "id": 10313777, "name": "Camellia Basic Elementary School", "category": "school", "lat": 38.5076799, "lon": -121.4200216, "source": "OSM_Tier_2" }, "geometry": { "type": "Point", "coordinates": [ -121.4200216, 38.5076799 ] } },
{ "type": "Feature", "properties": { "id": 10329747, "name": "Bethany Presbyterian Church", "category": "place_of_worship", "lat": 38.5238664, "lon": -121.4824122, "source": "OSM_Tier_2" }, "geometry": { "type": "Point", "coordinates": [ -121.4824122, 38.5238664 ] } },
{ "type": "Feature", "properties": { "id": 12687325, "name": "Lakeside Church", "category": "place_of_worship", "lat": 38.6653414, "lon": -121.1330808, "source": "OSM_Tier_2" }, "geometry": { "type": "Point", "coordinates": [ -121.1330808, 38.6653414 ] } },
{ "type": "Feature", "properties": { "id": 13829717, "name": "Sacramento Sikh Society Gurudwara", "category": "place_of_worship", "lat": 38.4794233, "lon": -121.3364229, "source": "OSM_Tier_2" }, "geometry": { "type": "Point", "coordinates": [ -121.3364229, 38.4794233 ] } },
{ "type": "Feature", "properties": { "id": 14005748, "name": "Fair Oaks Estates Assisted Living", "category": "social_facility", "lat": 38.637426, "lon": -121.2961795, "source": "OSM_Tier_2" }, "geometry": { "type": "Point", "coordinates": [ -121.2961795, 38.637426 ] } },
{ "type": "Feature", "properties": { "id": 18514693, "name": "Oasis Inn", "category": "motel", "lat": 38.475189, "lon": -121.421643, "source": "OSM_Tier_2" }, "geometry": { "type": "Point", "coordinates": [ -121.421643, 38.475189 ] } },
{ "type": "Feature", "properties": { "id": 18638365, "name": "Antelope High School", "category": "school", "lat": 38.7117498, "lon": -121.3550938, "source": "OSM_Tier_2" }, "geometry": { "type": "Point", "coordinates": [ -121.3550938, 38.7117498 ] } },
{ "type": "Feature", "properties": { "id": 19919898, "name": "Holy Spirit Parish School", "category": "school", "lat": 38.5404209, "lon": -121.5058033, "source": "OSM_Tier_2" }, "geometry": { "type": "Point", "coordinates": [ -121.5058033, 38.5404209 ] } }
]
}
